age,income,employment_years,credit_score,debt_to_income,loan_amount,loan_term_months,existing_loans,late_payments,credit_history_years,log_income,log_loan_amount,loan_to_income_ratio,loan_credit_score_ratio,payment_burden_indicator,credit_history_age_ratio,late_payment_rate,high_loan_burden,high_dti,low_credit_score,has_late_payments,multiple_existing_loans,risk_indicator_count,home_ownership,loan_purpose,actual_default,predicted_default,default_probability
50,37989.35,23,637,0.309,10791.69,60,0,2,5.6,10.54508745909001,9.286624332092831,0.284071456868833,16.941428571428574,1.420357284344165,0.11199999999999999,2.0,0,0,0,1,0,1,Mortgage,Debt Consolidation,0,0,0.3743705241021349
41,76038.65,18,845,0.398,70027.94,12,1,2,0.6,11.239010193751161,11.15666386416488,0.9209519106401811,82.87330177514794,0.9209519106401811,0.014634146341463414,1.0,1,0,0,1,0,2,Rent,Home Improvement,0,0,0.3005076004265908
26,16520.2,0,580,0.276,17334.97,48,2,0,2.5,9.71239968366205,9.760538812711697,1.049319620827835,29.88787931034483,4.19727848331134,0.09615384615384616,0.0,1,0,1,0,0,2,Own,Education,0,0,0.4322985867345097
40,21668.03,1,682,0.2,38229.64,24,2,1,10.8,9.983639331184285,10.551392567329826,1.7643339057588532,56.05519061583578,3.5286678115177064,0.27,0.3333333333333333,1,0,0,1,0,2,Own,Debt Consolidation,0,0,0.42067922100355537
61,16264.89,12,621,0.25,22191.75,36,4,2,4.1,9.696825556131618,10.007520937946051,1.3643959473442488,35.73550724637681,4.093187842032746,0.06721311475409836,0.4,1,0,0,1,1,3,Mortgage,Vehicle,1,0,0.47870782618721885
29,45253.8,33,679,0.376,54140.75,84,2,1,12.3,10.720064020850334,10.899360886251364,1.1963801934865137,79.7360088365243,8.374661354405596,0.4241379310344828,0.3333333333333333,1,0,0,1,0,2,Rent,Other,0,0,0.34201015975837556
68,24560.93,29,697,0.237,70328.32,48,3,1,2.3,10.108952962235481,11.160944060550644,2.863422516981238,100.90146341463415,11.453690067924953,0.033823529411764704,0.25,1,0,0,1,1,3,Mortgage,Vehicle,0,0,0.45594436220694246
48,23397.81,24,773,0.371,30203.56,60,1,1,14.1,10.060440445351794,10.315748185342091,1.2908712396587543,39.073169469598966,6.454356198293771,0.29375,0.5,1,0,0,1,0,2,Own,Vehicle,0,0,0.2268396810287034
54,26923.12,24,784,0.136,88743.63,36,2,3,4.8,10.200777818110717,11.393518198464784,3.2961866975298557,113.1934056122449,9.888560092589568,0.08888888888888889,1.0,1,0,0,1,0,2,Mortgage,Vehicle,0,0,0.2474191678606001
48,22746.38,1,665,0.748,72792.63,84,1,0,10.0,10.032205252911952,11.19538373035643,3.2001852602480043,109.4626015037594,22.40129682173603,0.20833333333333334,0.0,1,1,0,0,0,2,Rent,Debt Consolidation,1,1,0.6032913113511708
68,33601.17,30,755,0.095,64650.4,60,2,1,6.1,10.422345927199215,11.076765039031274,1.9240520493780426,85.62966887417218,9.620260246890213,0.08970588235294118,0.3333333333333333,1,0,0,1,0,2,Mortgage,Home Improvement,0,0,0.275535872802795
57,35853.51,31,727,0.184,54254.83,72,2,1,4.2,10.487224640067945,10.901465731066498,1.5132362215024415,74.62837689133426,9.07941732901465,0.0736842105263158,0.3333333333333333,1,0,0,1,0,2,Own,Home Improvement,0,0,0.2988598935568706
52,32270.34,31,627,0.426,65422.22,36,2,1,2.2,10.381934808819768,11.08863252030298,2.0273173446576638,104.341658692185,6.081952033972991,0.04230769230769231,0.3333333333333333,1,1,0,1,0,3,Mortgage,Debt Consolidation,0,1,0.5284207685279526
62,44267.94,18,574,0.424,34729.91,72,1,2,3.2,10.698038581459404,10.455385347525572,0.7845386525779153,60.505069686411154,4.707231915467492,0.05161290322580645,1.0,1,1,1,1,0,4,Rent,Vehicle,0,1,0.5548884770223819
62,23089.54,34,798,0.436,20735.98,36,0,1,19.3,10.047178288822584,9.939673858837715,0.8980681295513032,25.984937343358396,2.6942043886539095,0.31129032258064515,1.0,1,1,0,1,0,3,Mortgage,Debt Consolidation,0,0,0.3429674893262729
29,68181.47,10,707,0.182,81509.01,12,0,1,13.9,11.129942772668427,11.308481113772828,1.1954715848748934,115.28855728429986,1.1954715848748934,0.4793103448275862,1.0,1,0,0,1,0,2,Mortgage,Other,0,0,0.27242193736325
58,16021.33,18,686,0.434,37047.93,48,1,2,0.7,9.681738653242519,10.519994750415163,2.3124128895665965,54.00572886297376,9.249651558266386,0.01206896551724138,1.0,1,1,0,1,0,3,Own,Education,1,1,0.540194909868971
59,27903.55,23,683,0.477,53398.72,36,3,0,18.3,10.236545036950238,10.885560781488847,1.9136891184096647,78.18260614934114,5.741067355228994,0.3101694915254237,0.0,1,1,0,0,1,3,Mortgage,Vehicle,0,1,0.5352926584533202
46,77711.79,32,688,0.563,21545.2,12,0,3,14.1,11.260775130274023,9.97795474587648,0.27724493284738394,31.315697674418605,0.27724493284738394,0.3065217391304348,3.0,0,1,0,1,0,2,Rent,Debt Consolidation,1,0,0.3276355720369432
67,38588.19,31,681,0.146,21854.37,60,2,0,7.5,10.560727464417619,9.992201936918464,0.566348667817796,32.0915859030837,2.8317433390889803,0.11194029850746269,0.0,0,0,0,0,0,0,Mortgage,Vehicle,0,0,0.22055196285241882
29,23931.66,5,598,0.197,43434.45,48,4,3,12.8,10.082999332267711,10.67903120694886,1.8149367824881348,72.63285953177257,7.259747129952539,0.44137931034482764,0.6,1,0,1,1,1,4,Mortgage,Home Improvement,1,1,0.5678441285550854
36,52668.29,3,703,0.434,18454.48,60,1,1,7.0,10.871787832227094,9.82311662433746,0.3503907189696115,26.25103840682788,1.7519535948480573,0.19444444444444445,0.5,0,1,0,1,0,2,Rent,Home Improvement,0,1,0.5285296202224137
48,17120.72,1,553,0.265,64503.81,24,0,0,3.6,9.748103111938953,11.0744950736468,3.7675874612749927,116.64341772151899,7.535174922549985,0.075,0.0,1,0,1,0,0,2,Rent,Medical,0,0,0.4322233323087295
41,32989.22,30,647,0.086,24433.84,60,1,1,5.0,10.403966432887872,10.103765261698369,0.7406613433115423,37.76482225656878,3.7033067165577114,0.12195121951219512,0.5,0,0,0,1,0,1,Mortgage,Home Improvement,0,0,0.29212592055744524
32,24628.51,12,707,0.112,23394.08,72,0,0,7.5,10.11170059647901,10.060281022828558,0.9498780072363291,33.08922206506365,5.699268043417975,0.234375,0.0,1,0,0,0,0,1,Own,Education,0,0,0.19183398603257415
37,77510.17,2,648,0.348,30125.41,84,0,2,12.0,11.258177333988105,10.31315747467689,0.38866396499968975,46.48983024691358,2.7206477549978283,0.32432432432432434,2.0,0,0,0,1,0,1,Mortgage,Education,0,0,0.3829861361177652
61,26293.37,25,792,0.347,34907.66,36,1,0,8.1,10.177110126808872,10.46049021494531,1.3276221344011818,44.07532828282829,3.9828664032035457,0.13278688524590163,0.0,1,0,0,0,0,1,Mortgage,Home Improvement,0,0,0.20111712326002104
47,31928.76,17,630,0.156,27691.1,36,2,0,7.7,10.371293769238362,10.22890245294263,0.8672776518724811,43.95412698412698,2.6018329556174433,0.16382978723404257,0.0,1,0,0,0,0,1,Rent,Debt Consolidation,0,0,0.3811509725835185
37,51209.06,30,764,0.291,35034.72,60,1,1,5.4,10.843691276102073,10.464123391471162,0.6841508123757789,45.85696335078534,3.4207540618788945,0.14594594594594595,0.5,0,0,0,1,0,1,Rent,Vehicle,0,0,0.19674417383019885
49,26101.04,2,648,0.466,34907.92,24,1,1,11.7,10.16976875117592,10.460497662926175,1.337414907605214,53.870246913580246,2.674829815210428,0.2387755102040816,0.5,1,1,0,1,0,3,Mortgage,Debt Consolidation,0,1,0.6445245631768687
59,34015.79,34,683,0.564,10752.81,24,1,2,13.9,10.434609505236997,9.283015389369023,0.3161123113706899,15.743499267935578,0.6322246227413798,0.23559322033898306,1.0,0,1,0,1,0,2,Mortgage,Home Improvement,1,0,0.4253974074171694
55,18248.6,28,693,0.506,39186.1,60,6,3,11.6,9.811898440962219,10.576102889986657,2.147348289731815,56.545598845598846,10.736741448659075,0.2109090909090909,0.42857142857142855,1,1,0,1,1,4,Own,Education,1,1,0.5980764056840319
49,54031.86,26,786,0.464,21489.49,72,0,1,9.3,10.897347658992613,9.975365790679541,0.3977188643885293,27.340318066157764,2.3863131863311757,0.18979591836734697,1.0,0,1,0,1,0,2,Own,Debt Consolidation,0,0,0.3141442587300404
36,24246.32,0,705,0.356,24370.39,72,2,3,6.9,10.096061374794427,10.101165182333677,1.0051170651876244,34.56792907801418,6.030702391125747,0.19166666666666668,1.0,1,0,0,1,0,2,Own,Debt Consolidation,0,0,0.4639281403180818
68,43051.24,19,771,0.194,17222.37,60,1,0,8.6,10.670169541022558,9.754022461505764,0.40004352952435285,22.33770428015564,2.0002176476217643,0.1264705882352941,0.0,0,0,0,0,0,0,Rent,Debt Consolidation,0,0,0.12987040921580578
34,53072.0,1,721,0.362,58198.52,36,0,0,8.1,10.879423603336724,10.971632386262838,1.0965955682845945,80.71916782246879,3.2897867048537837,0.23823529411764705,0.0,1,0,0,0,0,1,Mortgage,Home Improvement,0,0,0.30463898740339146
24,16230.51,27,710,0.259,22555.83,48,3,2,11.5,9.69470969376563,10.023793181554556,1.3897178831718782,31.768774647887327,5.558871532687513,0.4791666666666667,0.5,1,0,0,1,1,3,Own,Vehicle,0,0,0.3903169548315284
58,82383.77,8,644,0.431,60577.13,48,1,0,3.5,11.319155868717289,11.011689215831435,0.7353041745965254,94.06386645962732,2.9412166983861017,0.0603448275862069,0.0,0,1,0,0,0,1,Own,Medical,1,0,0.4850782794542542
59,21505.98,19,723,0.335,36506.88,60,1,2,2.7,9.976132812590759,10.50528340668056,1.6975222705498656,50.49360995850622,8.487611352749328,0.04576271186440678,1.0,1,0,0,1,0,2,Mortgage,Education,0,0,0.26940606729219546
68,18072.24,23,589,0.612,24051.12,36,1,0,10.5,9.802187670225141,10.087978421337102,1.3308322598637468,40.83382003395585,3.9924967795912405,0.15441176470588236,0.0,1,1,1,0,0,3,Mortgage,Other,0,0,0.48659389781495926
29,15000.0,20,730,0.125,104734.46,60,1,1,11.7,9.61587214452889,11.559193021467268,6.982297333333333,143.47186301369865,34.91148666666667,0.40344827586206894,0.5,1,0,0,1,0,2,Mortgage,Debt Consolidation,0,0,0.34284684635554974
31,23389.88,20,680,0.431,47785.99,24,3,0,6.0,10.060101481786276,10.774508705700793,2.043019887233282,70.27351470588235,4.086039774466564,0.1935483870967742,0.0,1,1,0,0,1,3,Mortgage,Home Improvement,1,1,0.538883590304581
28,64314.23,12,703,0.264,112190.5,36,3,0,4.3,11.071551740655066,11.627962511625226,1.7444117732576445,159.5881934566145,5.233235319772934,0.15357142857142855,0.0,1,0,0,0,1,2,Own,Vehicle,0,0,0.35104174550284006
26,66337.83,30,610,0.307,49886.0,60,3,2,8.7,11.102530675927069,10.817515726756024,0.7519992740190627,81.78032786885245,3.7599963700953136,0.3346153846153846,0.5,1,0,0,1,1,3,Own,Education,1,0,0.4630370567016509
29,21243.49,34,739,0.255,87210.88,36,1,0,9.3,9.963852846612385,11.376095839149555,4.105299082212951,118.01201623815969,12.315897246638851,0.3206896551724138,0.0,1,0,0,0,0,1,Mortgage,Home Improvement,0,0,0.2308773624999299
57,94681.57,26,706,0.466,31663.79,60,1,2,4.6,11.458285207323744,10.362960617000542,0.33442400669950867,44.849560906515585,1.6721200334975435,0.0807017543859649,1.0,0,1,0,1,0,2,Mortgage,Vehicle,0,0,0.36037635744391566
43,26539.42,21,732,0.41,20020.32,36,0,0,9.2,10.186424132930537,9.90455298476159,0.754361625084497,27.35016393442623,2.263084875253491,0.21395348837209302,0.0,1,1,0,0,0,2,Mortgage,Education,0,0,0.3580527045814894
53,32914.23,9,645,0.229,89408.26,60,0,0,6.6,10.401690747573143,11.400979535215972,2.716401386269707,138.61745736434108,13.582006931348536,0.12452830188679245,0.0,1,0,0,0,0,1,Rent,Debt Consolidation,0,0,0.39988620081954807
65,73518.61,26,710,0.233,43061.95,36,3,1,4.1,11.2053074523365,10.670418277628846,0.5857285658692404,60.6506338028169,1.7571856976077211,0.06307692307692307,0.25,0,0,0,1,1,2,Mortgage,Vehicle,0,0,0.2610946324429387
53,34944.82,32,641,0.582,55866.22,60,4,1,11.7,10.46155414108162,10.930733082847567,1.5986981761531467,87.15478939157566,7.993490880765734,0.22075471698113205,0.2,1,1,0,1,1,4,Rent,Home Improvement,0,1,0.6162347032539879
38,44997.32,25,676,0.56,26713.22,48,0,2,7.9,10.714380434722218,10.192951286885338,0.5936624670091464,39.516597633136094,2.3746498680365855,0.20789473684210527,2.0,0,1,0,1,0,2,Rent,Medical,0,0,0.42373908353087175
31,20008.78,22,697,0.31,102035.09,12,1,1,13.4,9.90397643301459,11.533081853215036,5.099515812558287,146.39180774748922,5.099515812558287,0.432258064516129,0.5,1,0,0,1,0,2,Mortgage,Vehicle,0,0,0.39104217220226056
31,40126.22,4,671,0.235,70629.6,60,4,1,16.8,10.599810186004634,11.165218757340693,1.7601857339166262,105.2602086438152,8.800928669583131,0.5419354838709678,0.2,1,0,0,1,1,3,Rent,Debt Consolidation,0,0,0.4725767592842355
43,33453.58,21,732,0.362,30574.63,36,2,2,12.9,10.41794397696086,10.327958565412592,0.9139419458246322,41.76862021857924,2.7418258374738964,0.3,0.6666666666666666,1,0,0,1,0,2,Mortgage,Other,0,0,0.3665759336404371
54,18563.73,16,678,0.269,26915.61,36,0,1,8.1,9.829018823009598,10.200498847151419,1.449903117530798,39.69853982300885,4.349709352592393,0.15,1.0,1,0,0,1,0,2,Mortgage,Home Improvement,0,0,0.3942601456400744
62,69532.66,9,640,0.261,73193.88,84,1,1,8.5,11.14956623085624,11.20088075214792,1.0526546805486803,114.36543750000001,7.368582763840762,0.13709677419354838,0.5,1,0,0,1,0,2,Own,Home Improvement,0,0,0.38836091159218267
39,22965.39,17,715,0.498,14846.28,48,4,2,2.2,10.04178712181696,9.605571962470927,0.6464632213953257,20.76402797202797,2.585852885581303,0.05641025641025642,0.4,0,1,0,1,1,3,Mortgage,Debt Consolidation,0,1,0.5339272946643256
69,66650.61,4,679,0.19,144382.56,60,0,3,12.6,11.107234481354112,11.8802286485439,2.1662601437556237,212.64,10.831300718778119,0.1826086956521739,3.0,1,0,0,1,0,2,Rent,Education,0,0,0.3827086368320351
23,41943.55,30,467,0.313,34974.36,60,2,0,2.0,10.644103786888122,10.462399092547185,0.833843582624742,74.89156316916488,4.16921791312371,0.08695652173913043,0.0,1,0,1,0,0,2,Rent,Debt Consolidation,1,0,0.44071413275310645
53,57120.19,2,630,0.212,73000.09,60,3,0,3.3,10.952930430129788,11.198229651525903,1.2780085290332541,115.87315873015872,6.390042645166271,0.062264150943396226,0.0,1,0,0,0,1,2,Rent,Vehicle,1,0,0.4279596108695279
38,37178.03,24,679,0.174,29823.51,60,1,2,8.5,10.523500171639784,10.303085817660998,0.8021810192740174,43.92269513991163,4.010905096370087,0.2236842105263158,1.0,1,0,0,1,0,2,Own,Debt Consolidation,0,0,0.24338442704768526
69,59732.94,19,783,0.083,23127.06,36,2,1,0.5,10.997655647053284,10.04880187795086,0.3871743128665691,29.53647509578544,1.1615229385997075,0.007246376811594203,0.3333333333333333,0,0,0,1,0,1,Rent,Debt Consolidation,0,0,0.2729947369535846
46,22402.13,34,601,0.583,66363.84,48,3,1,12.7,10.016955960224362,11.102922677148031,2.9623897370473253,110.42236272878536,11.849558948189301,0.2760869565217391,0.25,1,1,0,1,1,4,Own,Education,1,1,0.5369152071522391
25,35952.46,15,660,0.382,42800.03,48,2,2,3.0,10.489980603302383,10.664317446700881,1.1904617931568522,64.8485303030303,4.761847172627409,0.12,0.6666666666666666,1,0,0,1,0,2,Own,Education,0,0,0.4478450419778175
54,64397.57,12,655,0.229,153280.53,36,0,0,11.8,11.072846706876966,11.940031574887646,2.3802222661507257,234.01607633587787,7.140666798452177,0.21851851851851853,0.0,1,0,0,0,0,1,Rent,Vehicle,0,0,0.37157301863697934
36,30620.47,31,742,0.19,19103.62,48,2,0,6.1,10.32945667589735,9.857685469602059,0.6238839573657752,25.746118598382747,2.4955358294631007,0.16944444444444443,0.0,0,0,0,0,0,0,Rent,Medical,0,0,0.17377444534009467
48,27372.03,11,719,0.376,78849.77,72,3,0,14.5,10.217313501058987,11.275312357720802,2.8806694278794818,109.66588317107093,17.28401656727689,0.3020833333333333,0.0,1,0,0,0,1,2,Own,Home Improvement,1,0,0.4105971846143939
65,22953.6,33,647,0.432,127406.89,60,0,2,14.3,10.041273631133981,11.755148951128776,5.550627788233654,196.91945904173107,27.75313894116827,0.22,2.0,1,1,0,1,0,3,Mortgage,Debt Consolidation,0,0,0.4232511800722006
60,27293.3,12,730,0.288,26399.22,36,1,1,0.5,10.21443316816434,10.181127622433019,0.9672417772860007,36.163315068493155,2.9017253318580023,0.008333333333333333,0.5,1,0,0,1,0,2,Mortgage,Education,0,0,0.34084004443008015
37,16748.16,30,600,0.016,25778.78,36,3,1,0.5,9.726103386741965,10.157345742709674,1.5392007241392487,42.96463333333333,4.617602172417746,0.013513513513513514,0.25,1,0,0,1,1,3,Rent,Debt Consolidation,0,0,0.32863846421479964
39,16136.57,1,685,0.251,86076.67,60,2,0,2.9,9.688905372868186,11.363005307185404,5.334260626638747,125.65937226277372,26.67130313319373,0.07435897435897436,0.0,1,0,0,0,0,1,Rent,Debt Consolidation,1,0,0.3113986982500976
52,45739.12,18,752,0.36,18512.09,24,2,3,1.5,10.730731091097597,9.826233328426072,0.40473209803774096,24.617140957446807,0.8094641960754819,0.028846153846153848,1.0,0,0,0,1,0,1,Own,Medical,0,0,0.36593366229133245
53,41670.64,0,735,0.174,22647.83,36,1,3,2.9,10.63757608049349,10.027863473947843,0.5434960922126466,30.813374149659868,1.6304882766379398,0.05471698113207547,1.5,0,0,0,1,0,1,Rent,Debt Consolidation,0,0,0.3594540413531749
46,15000.0,18,656,0.229,56299.42,60,1,0,13.8,9.61587214452889,10.93845727413548,3.7532946666666667,85.82228658536584,18.766473333333334,0.3,0.0,1,0,0,0,0,1,Rent,Other,0,0,0.34052667407810605
44,33854.73,13,547,0.252,173497.55,36,3,2,8.4,10.42986354023343,12.063924520985426,5.1247654315955256,317.1801645338208,15.374296294786577,0.19090909090909092,0.5,1,0,1,1,1,4,Rent,Debt Consolidation,1,1,0.5433121884557751
54,73828.65,11,620,0.176,14634.67,84,1,0,0.5,11.20951569142163,9.591216978740878,0.19822480839078055,23.604306451612903,1.387573658735464,0.009259259259259259,0.0,0,0,0,0,0,0,Rent,Debt Consolidation,0,0,0.3429348065257862
38,37566.49,26,714,0.206,55253.7,60,0,1,10.8,10.533894327712318,10.919708683635236,1.4708241307612182,77.38613445378151,7.354120653806091,0.28421052631578947,1.0,1,0,0,1,0,2,Rent,Home Improvement,0,0,0.31724631137668613
29,43078.61,12,621,0.076,16596.12,60,1,0,0.5,10.670805078304555,9.71698446531691,0.3852519846856711,26.724830917874396,1.9262599234283555,0.017241379310344827,0.0,0,0,0,0,0,0,Mortgage,Other,0,0,0.1751545706346625
23,40248.89,29,768,0.41,38506.24,72,0,1,7.3,10.60286254992372,10.558601554544376,0.95670315380126,50.13833333333333,5.740218922807561,0.3173913043478261,1.0,1,1,0,1,0,3,Rent,Home Improvement,0,0,0.32652275995614694
63,48823.44,7,703,0.097,147509.01,48,1,3,5.7,10.795986286145054,11.901651316866106,3.021274412454346,209.82789473684213,12.085097649817383,0.09047619047619047,1.5,1,0,0,1,0,2,Mortgage,Home Improvement,0,0,0.38861052625205994
39,63923.01,7,657,0.135,64810.25,60,2,2,8.5,11.065450313140754,11.079234478382812,1.0138798219921121,98.64573820395738,5.06939910996056,0.21794871794871795,0.6666666666666666,1,0,0,1,0,2,Rent,Other,0,0,0.38381931298739197
50,86275.48,5,756,0.248,35557.61,60,1,0,1.5,11.365312302267053,10.47893759999996,0.41214039029397465,47.03387566137566,2.0607019514698734,0.03,0.0,0,0,0,0,0,0,Rent,Debt Consolidation,0,0,0.30267830021775227
51,38494.91,6,690,0.541,40922.84,36,2,0,6.2,10.558307280866435,10.61946805730494,1.0630714554209892,59.308463768115935,3.1892143662629677,0.12156862745098039,0.0,1,1,0,0,0,2,Mortgage,Vehicle,0,1,0.6166590850629509
35,44008.71,29,798,0.058,7652.61,60,1,1,1.8,10.69216557037193,8.942932710937788,0.17388853252003977,9.589736842105262,0.8694426626001989,0.05142857142857143,0.5,0,0,0,1,0,1,Own,Education,0,0,0.16531937474555092
41,15009.06,0,607,0.213,30233.39,12,1,2,13.6,9.616475921954628,10.316735297210256,2.0143426703604357,49.80789126853377,2.0143426703604357,0.33170731707317075,1.0,1,0,0,1,0,2,Own,Medical,0,0,0.4214775936576221
41,47787.34,22,623,0.213,31678.47,48,1,1,9.8,10.774536955668648,10.363424115990437,0.6629050706735299,50.848266452648474,2.6516202826941195,0.23902439024390246,0.5,0,0,0,1,0,1,Mortgage,Vehicle,0,0,0.32385097903973376
64,15000.0,16,687,0.465,57724.52,24,2,0,6.8,9.61587214452889,10.963454642410793,3.848301333333333,84.02404657933042,7.696602666666666,0.10625,0.0,1,1,0,0,0,2,Mortgage,Vehicle,0,1,0.5197430258623905
64,23210.46,13,715,0.494,76826.51,60,2,0,17.8,10.052401401210838,11.24931805812134,3.309995148738974,107.44966433566432,16.54997574369487,0.278125,0.0,1,1,0,0,0,2,Own,Home Improvement,0,0,0.4804460505296683
35,17350.21,20,694,0.243,30155.04,12,3,0,7.6,9.761417523577245,10.31414051376658,1.7380216147239718,43.45106628242075,1.7380216147239718,0.21714285714285714,0.0,1,0,0,0,1,2,Mortgage,Debt Consolidation,0,0,0.3358959175961384
59,46077.54,20,578,0.436,44586.82,84,0,1,0.6,10.738102610840045,10.705216006540748,0.9676475784080487,77.13982698961938,6.773533048856341,0.010169491525423728,1.0,1,1,1,1,0,4,Rent,Vehicle,0,1,0.5452890247361714
59,62667.7,4,747,0.544,15284.86,60,0,0,0.7,11.045617399426101,9.634683497053574,0.24390331861549094,20.46165997322624,1.2195165930774547,0.011864406779661016,0.0,0,1,0,0,0,1,Own,Debt Consolidation,1,0,0.35919533912764157
28,30860.95,16,701,0.193,33768.61,36,0,0,10.5,10.337279312514486,10.427316564601051,1.0942180976282325,48.1720542082739,3.282654292884698,0.375,0.0,1,0,0,0,0,1,Mortgage,Vehicle,0,0,0.22343165143654825
38,40178.31,11,672,0.394,43782.45,24,4,1,13.0,10.601107465498725,10.687011171078494,1.089703623671578,65.15245535714286,2.179407247343156,0.34210526315789475,0.2,1,0,0,1,1,3,Mortgage,Education,1,1,0.5162855604888714
28,21141.45,1,743,0.381,35536.37,60,3,4,15.9,9.95903814674877,10.478340097844931,1.6808861265428814,47.82822341857335,8.404430632714407,0.5678571428571428,1.0,1,0,0,1,1,3,Mortgage,Education,1,0,0.4272256084361435
24,39726.42,9,677,0.366,42802.86,36,3,3,10.6,10.589796908366306,10.66438356441918,1.0774406553623508,63.224313146233385,3.2323219660870524,0.44166666666666665,0.75,1,0,0,1,1,3,Mortgage,Debt Consolidation,1,1,0.5166396711015366
57,30540.94,28,683,0.233,153661.98,36,1,2,5.2,10.326856100003306,11.94251704169967,5.031344156401212,224.98093704245974,15.094032469203636,0.0912280701754386,1.0,1,0,0,1,0,2,Own,Vehicle,0,0,0.4597137566817329
41,32516.84,12,589,0.306,114872.75,48,1,3,0.5,10.38954414079159,11.651588978205966,3.532715663637672,195.03013582342953,14.130862654550688,0.012195121951219513,1.5,1,0,1,1,0,3,Rent,Education,0,0,0.457220047008025
27,38151.46,2,625,0.149,32001.42,12,4,1,7.8,10.549345516940393,10.373566803922438,0.8387993539434664,51.202272,0.8387993539434664,0.28888888888888886,0.2,1,0,0,1,1,3,Rent,Debt Consolidation,0,0,0.41273409293763486
40,50993.84,8,731,0.503,23896.55,60,3,1,0.5,10.83947973011719,10.081531222204795,0.46861640543249933,32.69021887824897,2.3430820271624966,0.0125,0.25,0,1,0,1,1,3,Own,Vehicle,0,0,0.4219671356387369
32,21266.19,22,558,0.312,36284.43,24,0,5,7.6,9.964920788512465,10.499171562269,1.7062026625361666,65.02586021505377,3.412405325072333,0.2375,5.0,1,0,1,1,0,3,Rent,Home Improvement,1,1,0.5044360488570082
30,37546.47,32,705,0.062,99536.49,72,1,1,5.6,10.533361278091467,11.508289636101047,2.6510212544614715,141.18651063829788,15.90612752676883,0.18666666666666665,0.5,1,0,0,1,0,2,Rent,Vehicle,0,0,0.2894868360746486
30,75602.64,4,750,0.446,49855.7,84,2,1,7.7,11.233259709156687,10.816908169568311,0.6594439030171433,66.47426666666667,4.616107321120003,0.25666666666666665,0.3333333333333333,0,1,0,1,0,2,Own,Debt Consolidation,0,0,0.42645473347963264
38,22366.13,22,621,0.545,69319.46,24,2,1,0.5,10.015347749427328,11.146495379699042,3.099305065292923,111.62553945249599,6.198610130585846,0.013157894736842105,0.3333333333333333,1,1,0,1,0,3,Own,Debt Consolidation,0,1,0.5272977976099608
59,15000.0,15,752,0.222,28459.25,60,0,1,11.1,9.61587214452889,10.25626365586387,1.8972833333333334,37.844747340425535,9.486416666666667,0.188135593220339,1.0,1,0,0,1,0,2,Own,Debt Consolidation,0,0,0.27618923830661096
29,48846.0,4,755,0.11,40159.93,60,0,0,10.6,10.796448243097899,10.600649911468,0.822174384801212,53.191960264900665,4.11087192400606,0.36551724137931035,0.0,1,0,0,0,0,1,Mortgage,Other,1,0,0.176050491933929
43,32192.67,18,677,0.418,40821.67,48,2,3,8.2,10.37952512835643,10.616992843337933,1.268042383561227,60.29788774002954,5.072169534244908,0.19069767441860463,1.0,1,1,0,1,0,3,Rent,Other,0,1,0.5765995460764048
30,56207.07,9,616,0.348,59533.96,72,0,0,16.8,10.936815619879157,10.994318982011363,1.0591898848312142,96.64603896103895,6.355139308987285,0.56,0.0,1,0,0,0,0,1,Own,Debt Consolidation,0,0,0.36482841939433464
33,50452.86,33,634,0.069,10663.78,36,3,0,14.3,10.82881453425233,9.274702002469526,0.21136125880673565,16.819842271293375,0.634083776420207,0.43333333333333335,0.0,0,0,0,0,1,1,Mortgage,Medical,0,0,0.2514913649689507
51,49284.7,10,652,0.128,110472.38,36,1,1,0.5,10.80538925710307,11.612529865940305,2.241514709433151,169.43616564417178,6.724544128299453,0.00980392156862745,0.5,1,0,0,1,0,2,Mortgage,Home Improvement,0,0,0.31399619797991846
26,23441.78,12,743,0.242,28533.05,36,3,0,10.3,10.062317837341038,10.258853389968731,1.2171878586011813,38.40248990578735,3.651563575803544,0.3961538461538462,0.0,1,0,0,0,1,2,Mortgage,Debt Consolidation,1,0,0.3063878349728972
34,50216.1,34,581,0.426,26064.83,60,0,1,3.7,10.824110885126256,10.168380540163467,0.5190532518455236,44.86201376936317,2.595266259227618,0.10882352941176471,1.0,0,1,1,1,0,3,Rent,Home Improvement,0,1,0.5393782335102552
26,21341.28,33,751,0.606,25401.34,72,2,1,9.2,9.968445360760581,10.142596574747541,1.1902444464436999,33.82335552596538,7.1414666786622,0.3538461538461538,0.3333333333333333,1,1,0,1,0,3,Own,Home Improvement,0,0,0.4874065696955959
56,49797.66,2,605,0.325,53696.49,60,1,3,7.7,10.815743355020205,10.891121538249992,1.0782934378844307,88.75452892561984,5.391467189422153,0.1375,1.5,1,0,0,1,0,2,Mortgage,Vehicle,0,1,0.6182081997868684
26,23547.43,25,717,0.29,18223.29,36,1,2,11.2,10.066814430555576,9.810510598642002,0.7738971938763594,25.41602510460251,2.321691581629078,0.43076923076923074,1.0,1,0,0,1,0,2,Mortgage,Home Improvement,0,0,0.2912277825184568
64,65363.89,31,540,0.651,44275.65,36,1,2,0.5,11.087740543136746,10.69821272903738,0.6773717108941956,81.99194444444444,2.032115132682587,0.0078125,1.0,0,1,1,1,0,3,Rent,Vehicle,0,0,0.47693828199393595
26,34938.82,11,647,0.404,22785.63,36,1,0,5.4,10.461382431986168,10.033929239431977,0.6521579721352925,35.2173570324575,1.9564739164058773,0.2076923076923077,0.0,0,1,0,0,0,1,Rent,Vehicle,0,0,0.4042088807732202
69,47500.15,13,727,0.237,54085.87,60,0,2,6.4,10.768509200255979,10.898346736672377,1.1386462990116875,74.395969738652,5.693231495058438,0.0927536231884058,2.0,1,0,0,1,0,2,Rent,Education,0,0,0.3769000378213755
41,28758.51,14,723,0.301,95304.55,72,1,1,10.3,10.266723774137686,11.464843325092431,3.31395993742374,131.81818810511757,19.883759624542442,0.25121951219512195,0.5,1,0,0,1,0,2,Own,Home Improvement,0,0,0.35605467457622986
38,27132.81,14,668,0.289,58750.6,36,0,0,9.7,10.208535830735782,10.98107366567812,2.1652972913605333,87.95,6.4958918740816,0.2552631578947368,0.0,1,0,0,0,0,1,Mortgage,Other,0,0,0.30859034138903674
62,33284.06,17,590,0.227,59337.71,60,1,2,5.7,10.412863926646969,10.99101715447808,1.782766585566785,100.57238983050847,8.913832927833925,0.09193548387096774,1.0,1,0,1,1,0,3,Own,Debt Consolidation,0,1,0.5054841987429052
40,45259.1,8,707,0.309,200000.0,72,1,2,10.3,10.720181128641562,12.206077645517674,4.419000819724652,282.88543140028287,26.514004918347915,0.2575,1.0,1,0,0,1,0,2,Rent,Debt Consolidation,0,0,0.4559758484929685
68,45419.75,3,714,0.428,26513.46,12,1,2,0.5,10.723724328072757,10.185445523533183,0.583742975247552,37.13369747899159,0.583742975247552,0.007352941176470588,1.0,0,1,0,1,0,2,Mortgage,Education,0,0,0.4287125723129688
68,42938.94,11,705,0.125,39921.6,48,1,3,5.6,10.66755767413324,10.594697858565038,0.9297295182414842,56.6263829787234,3.718918072965937,0.08235294117647059,1.5,1,0,0,1,0,2,Rent,Medical,0,0,0.3683357923626974
25,49881.36,29,581,0.285,16166.5,48,1,1,9.6,10.817422712227248,9.690758333320748,0.3240990221597807,27.825301204819276,1.2963960886391228,0.384,0.5,0,0,1,1,0,2,Rent,Home Improvement,0,0,0.4343618664327848
31,30954.69,3,626,0.177,42147.05,12,0,3,4.7,10.340312106126484,10.648943699014625,1.3615723497796297,67.32755591054314,1.3615723497796297,0.15161290322580645,3.0,1,0,0,1,0,2,Rent,Home Improvement,0,0,0.49767667118939546
37,49466.35,24,788,0.338,23219.29,60,4,2,4.2,10.809068134968067,10.052781744407312,0.4693956598778766,29.466104060913707,2.346978299389383,0.11351351351351352,0.4,0,0,0,1,1,2,Rent,Debt Consolidation,0,0,0.2780553609452862
39,55551.83,31,607,0.258,22199.89,60,1,0,2.1,10.925089738864628,10.007887657146874,0.3996248188403514,36.57313014827018,1.9981240942017569,0.05384615384615385,0.0,0,0,0,0,0,0,Mortgage,Medical,0,0,0.3005491235603221
43,34594.45,30,624,0.111,50051.23,60,2,0,15.0,10.45147744950838,10.820822339195358,1.4467994143569274,80.2103044871795,7.233997071784637,0.3488372093023256,0.0,1,0,0,0,0,1,Mortgage,Vehicle,0,0,0.25454472274864404
37,19010.59,29,651,0.565,12827.71,60,2,0,18.0,9.852804072174203,9.459440906958376,0.6747665380190725,19.704623655913977,3.3738326900953624,0.4864864864864865,0.0,0,1,0,0,0,1,Mortgage,Education,0,0,0.4988205077322083
47,23376.6,18,672,0.271,22842.59,12,1,0,11.0,10.05953357791782,10.036425831803694,0.977156216045105,33.991949404761904,0.977156216045105,0.23404255319148937,0.0,1,0,0,0,0,1,Rent,Vehicle,0,0,0.32778481189007797
55,57819.6,31,608,0.471,14509.03,36,1,1,2.6,10.965100392548665,9.582595413415724,0.25093618772872867,23.863536184210528,0.752808563186186,0.04727272727272727,0.5,0,1,0,1,0,2,Mortgage,Medical,0,0,0.448612634293613
69,32933.56,34,663,0.659,38695.89,36,1,2,13.2,10.402277841337762,10.563514514031588,1.1749683301774847,58.364841628959276,3.524904990532454,0.19130434782608693,1.0,1,1,0,1,0,3,Rent,Home Improvement,0,0,0.4441591389135376
51,51172.26,17,791,0.384,14182.65,36,0,0,7.9,10.842972408974404,9.559845171758674,0.2771550445495274,17.930025284450064,0.8314651336485821,0.15490196078431373,0.0,0,0,0,0,0,0,Rent,Home Improvement,0,0,0.1673759013286866
51,67361.59,7,726,0.389,22176.26,72,1,2,14.5,11.117845098295787,10.006822718557356,0.32921224098184143,30.545812672176307,1.9752734458910486,0.28431372549019607,1.0,0,0,0,1,0,1,Rent,Debt Consolidation,0,0,0.29857558049287036
42,15892.7,25,558,0.182,16082.98,72,1,0,13.0,9.673678083274801,9.685579024544618,1.011972792539971,28.822544802867384,6.0718367552398265,0.30952380952380953,0.0,1,0,1,0,0,2,Own,Medical,0,0,0.2870279723395474
33,27660.25,1,653,0.201,22675.45,60,1,3,6.7,10.227787795810075,10.02908222001709,0.81978470910422,34.72503828483921,4.0989235455210995,0.20303030303030303,1.5,1,0,0,1,0,2,Own,Vehicle,0,0,0.4539505005388957
27,32718.76,30,654,0.381,37746.4,60,1,0,11.0,10.395734455726457,10.538671878133052,1.1536623026056,57.71620795107034,5.768311513028,0.4074074074074074,0.0,1,0,0,0,0,1,Mortgage,Vehicle,0,0,0.24588205472892943
34,41834.18,0,614,0.229,41561.11,48,3,1,16.6,10.641492891337869,10.634944213895539,0.9934725623879803,67.68910423452769,3.9738902495519213,0.4882352941176471,0.25,1,0,0,1,1,3,Rent,Other,0,1,0.6011181768188208
51,42109.35,29,828,0.192,20325.72,36,4,0,12.6,10.648048832686381,9.91969155568178,0.4826889989990347,24.547971014492756,1.4480669969971043,0.24705882352941175,0.0,0,0,0,0,1,1,Own,Education,0,0,0.13790080437717955
50,38388.76,2,680,0.296,79000.33,36,0,1,9.4,10.555546036347273,11.277219966750483,2.0579026256643873,116.17695588235294,6.173707876993162,0.188,1.0,1,0,0,1,0,2,Rent,Medical,0,1,0.5134097922136621
61,51523.16,25,671,0.495,40133.6,24,2,0,7.2,10.849806102860121,10.59999408415249,0.7789429064521662,59.811624441132636,1.5578858129043325,0.1180327868852459,0.0,1,1,0,0,0,2,Rent,Other,0,0,0.4474166363517863
39,74845.22,23,714,0.145,31117.81,48,2,1,8.0,11.223190887570551,10.345567738486645,0.4157621555524855,43.58236694677871,1.663048622209942,0.20512820512820512,0.3333333333333333,0,0,0,1,0,1,Own,Education,0,0,0.21728033515351128
58,17710.09,7,472,0.167,12114.67,72,2,1,0.5,9.781946276031436,9.402254935064416,0.6840546829519217,25.66667372881356,4.10432809771153,0.008620689655172414,0.3333333333333333,0,0,1,1,0,2,Mortgage,Home Improvement,1,0,0.4917195740385127
52,15000.0,30,577,0.297,47669.75,36,1,0,9.8,9.61587214452889,10.772073281240619,3.177983333333333,82.61655112651647,9.533949999999999,0.18846153846153849,0.0,1,0,1,0,0,2,Mortgage,Debt Consolidation,0,0,0.4018135523429708
54,21043.82,12,848,0.15,22438.61,72,3,2,2.4,9.954409728067594,10.01858297980646,1.0662802666055877,26.460625,6.397681599633526,0.044444444444444446,0.5,1,0,0,1,1,3,Rent,Other,1,0,0.20897838134857055
64,33288.96,28,616,0.413,19444.88,48,3,1,6.7,10.413011129006318,9.875390501415666,0.5841239858499635,31.566363636363636,2.336495943399854,0.1046875,0.25,0,1,0,1,1,3,Mortgage,Debt Consolidation,0,0,0.4868418520759265
53,88413.82,7,754,0.359,38411.89,60,1,0,8.8,11.38979488163336,10.556148359332203,0.434455721967448,50.94415119363395,2.17227860983724,0.16603773584905662,0.0,0,0,0,0,0,0,Mortgage,Medical,0,0,0.2871123779614341
26,30045.74,33,678,0.225,37207.68,84,1,0,3.7,10.310509448221433,10.524297346376583,1.2383679017391482,54.878584070796464,8.668575312174038,0.1423076923076923,0.0,1,0,0,0,0,1,Mortgage,Home Improvement,0,0,0.2297883876833778
52,21614.58,34,771,0.113,13477.72,60,1,0,7.0,9.981169629959401,9.508867424468125,0.6235476238724046,17.48083009079118,3.117738119362023,0.1346153846153846,0.0,0,0,0,0,0,0,Rent,Home Improvement,0,0,0.12412781065575113
44,21065.04,13,760,0.385,82038.31,60,4,2,6.2,9.95541754418895,11.3149538016195,3.8945242923820698,107.9451447368421,19.47262146191035,0.1409090909090909,0.4,1,0,0,1,1,3,Rent,Education,0,0,0.37715155100760034
24,41842.21,3,749,0.281,35463.84,36,3,2,9.2,10.64168481663721,10.476297062135808,0.8475613501294506,47.34825100133511,2.5426840503883517,0.3833333333333333,0.5,1,0,0,1,1,3,Own,Other,0,0,0.39361955552624484
45,60406.83,0,493,0.2,23872.46,36,3,3,12.5,11.008874011282506,10.080522660650747,0.3951947155644486,48.42283975659229,1.1855841466933457,0.2777777777777778,0.75,0,0,1,1,1,3,Mortgage,Debt Consolidation,1,1,0.7064739133664961
43,57154.25,1,782,0.243,89183.58,72,2,1,14.5,10.953526528520822,11.39846343366921,1.5604015449419772,114.04549872122763,9.362409269651863,0.3372093023255814,0.3333333333333333,1,0,0,1,0,2,Rent,Vehicle,0,0,0.3684179333065348
25,50072.9,27,520,0.296,47744.27,72,1,1,4.6,10.821255193243314,10.773635283410727,0.9534952039925787,91.81590384615384,5.720971223955472,0.184,0.5,1,0,1,1,0,3,Rent,Vehicle,1,0,0.48030711887913036
48,28198.12,24,727,0.23,13097.54,72,2,1,11.4,10.247046050765539,9.48025605259651,0.46448273856554984,18.015873452544707,2.786896431393299,0.23750000000000002,0.3333333333333333,0,0,0,1,0,1,Mortgage,Vehicle,0,0,0.30598278748933616
46,34212.27,22,755,0.199,39918.65,36,1,5,3.2,10.440368859489531,10.594623962851895,1.1667933755930258,52.872384105960265,3.5003801267790773,0.06956521739130435,2.5,1,0,0,1,0,2,Mortgage,Debt Consolidation,0,0,0.243645498573464
39,35330.78,18,552,0.211,55451.02,36,1,1,11.5,10.472538121195575,10.923273421330494,1.569481907843529,100.45474637681158,4.708445723530587,0.2948717948717949,0.5,1,0,1,1,0,3,Rent,Medical,0,0,0.4922436660254483
31,17360.56,16,586,0.21,8629.49,60,0,3,8.7,9.762013845928168,9.063056561144652,0.4970744031298529,14.726092150170649,2.4853720156492645,0.2806451612903226,3.0,0,0,1,1,0,2,Mortgage,Other,0,0,0.40412064677080234
46,82677.09,0,811,0.313,84750.14,60,4,1,4.2,11.322709912416146,11.347474476479663,1.0250740561865446,104.50078914919852,5.125370280932723,0.09130434782608696,0.2,1,0,0,1,1,3,Mortgage,Vehicle,0,0,0.35812408140230195
31,60707.76,18,575,0.176,79046.4,36,1,2,5.9,11.013843282944713,11.277802951521126,1.3020806565750407,137.47199999999998,3.906241969725122,0.1903225806451613,1.0,1,0,1,1,0,3,Rent,Debt Consolidation,0,0,0.39319042472498505
56,15000.0,7,598,0.296,95374.43,36,2,2,4.3,9.61587214452889,11.465576277095598,6.3582953333333325,159.4890133779264,19.074886,0.07678571428571428,0.6666666666666666,1,0,1,1,0,3,Mortgage,Other,0,1,0.5592366656975439
54,34505.05,18,686,0.553,34210.52,36,2,1,23.2,10.448889949964117,10.440317708437394,0.9914641480015243,49.86956268221574,2.9743924440045726,0.42962962962962964,0.3333333333333333,1,1,0,1,0,3,Mortgage,Education,0,1,0.559452478134997
64,58686.94,5,717,0.102,38344.33,72,2,1,11.9,10.979989533260108,10.554388026238339,0.6533707499487961,53.47884239888424,3.920224499692776,0.1859375,0.3333333333333333,0,0,0,1,0,1,Mortgage,Vehicle,0,0,0.28432437663300203
60,28751.01,11,682,0.344,41997.07,36,0,1,10.7,10.266462956825173,10.64537894382871,1.4607163365739153,61.579281524926685,4.382149009721746,0.17833333333333332,1.0,1,0,0,1,0,2,Mortgage,Home Improvement,1,0,0.46548530312202513
45,40568.7,33,530,0.243,77952.4,48,0,2,1.6,10.610776761546582,11.263866491238355,1.9214911988799246,147.07999999999998,7.685964795519698,0.035555555555555556,2.0,1,0,1,1,0,3,Mortgage,Medical,0,0,0.42931741487437913
61,34601.0,27,665,0.185,33656.25,60,1,1,10.8,10.451666762843468,10.423983765060818,0.9726958758417387,50.6109022556391,4.863479379208694,0.17704918032786887,0.5,1,0,0,1,0,2,Mortgage,Education,0,0,0.30468773924729226
69,22431.26,14,692,0.102,15195.75,24,1,1,2.2,10.018255380352025,9.62883686818304,0.6774363098640024,21.959176300578033,1.3548726197280048,0.0318840579710145,0.5,0,0,0,1,0,1,Mortgage,Vehicle,0,0,0.3031364507414199
66,15000.0,12,712,0.217,14689.72,36,0,1,0.7,9.61587214452889,9.594971280900797,0.9793146666666667,20.631629213483144,2.937944,0.010606060606060605,1.0,1,0,0,1,0,2,Own,Debt Consolidation,0,0,0.346636150362131
22,24957.86,16,734,0.497,43926.61,12,2,3,10.0,10.124984148363394,10.690298330755029,1.7600311084363804,59.84551771117166,1.7600311084363804,0.45454545454545453,1.0,1,1,0,1,0,3,Mortgage,Other,0,0,0.4605967923249154
24,68238.05,21,709,0.476,27374.12,60,2,2,8.1,11.130772260614963,10.217389850670838,0.40115624640504816,38.60947813822285,2.0057812320252406,0.33749999999999997,0.6666666666666666,0,1,0,1,0,2,Mortgage,Vehicle,0,0,0.4222714894488393
44,26957.64,9,629,0.307,30939.8,60,0,0,11.5,10.202059118649988,10.339830980289229,1.14771916235991,49.18887122416534,5.7385958117995495,0.26136363636363635,0.0,1,0,0,0,0,1,Rent,Debt Consolidation,1,0,0.33886581776840474
41,30048.68,18,726,0.678,11018.42,60,0,1,6.6,10.310607290988184,9.307414449742868,0.36668565807216824,15.176887052341598,1.8334282903608412,0.16097560975609757,1.0,0,1,0,1,0,2,Mortgage,Debt Consolidation,0,1,0.5214280345471507
48,36394.87,26,612,0.44,34221.06,36,1,3,10.8,10.502210585649124,10.440625744348516,0.9402715272784322,55.91676470588235,2.8208145818352968,0.225,1.5,1,1,0,1,0,3,Rent,Vehicle,0,0,0.49029470517410034
50,31469.99,7,635,0.422,52949.38,60,1,0,7.4,10.356821448095578,10.877110527585481,1.6825356474533355,83.38485039370079,8.412678237266677,0.14800000000000002,0.0,1,1,0,0,0,2,Own,Home Improvement,0,1,0.5626738293360817
60,25266.17,13,533,0.241,33988.22,36,1,0,9.4,10.137261203608263,10.433798694500993,1.34520665379834,63.76776735459663,4.03561996139502,0.15666666666666668,0.0,1,0,1,0,0,2,Rent,Other,0,1,0.5254544550949274
67,32581.78,12,559,0.068,64429.08,36,0,1,12.2,10.391539206938118,11.07333588378953,1.9774573396542485,115.25774597495528,5.932372018962745,0.18208955223880596,1.0,1,0,1,1,0,3,Rent,Vehicle,0,0,0.36423932465077064
56,63409.68,23,659,0.574,37723.41,72,2,0,4.2,11.057387580497167,10.538062644017396,0.5949156343321714,57.243414264036424,3.5694938059930283,0.075,0.0,0,1,0,0,0,1,Rent,Debt Consolidation,0,0,0.4660448642201492
42,17733.76,15,694,0.042,69619.0,48,2,1,12.2,9.783281834553428,11.15080716136543,3.925789003572847,100.31556195965418,15.703156014291388,0.29047619047619044,0.3333333333333333,1,0,0,1,0,2,Rent,Vehicle,1,0,0.32640887586389844
47,24263.27,31,640,0.224,68132.12,72,2,0,11.8,10.096760176902945,11.129218717523214,2.808035355498249,106.45643749999999,16.848212132989495,0.25106382978723407,0.0,1,0,0,0,0,1,Rent,Home Improvement,0,0,0.31015605572185245
38,34953.62,34,543,0.243,24082.97,24,1,0,6.6,10.461805927766983,10.089301752943303,0.6889978777591562,44.35169429097606,1.3779957555183124,0.17368421052631577,0.0,0,0,1,0,0,1,Mortgage,Home Improvement,0,0,0.4394686083296829
61,35281.19,2,656,0.337,73034.34,60,0,1,11.3,10.471133583024097,11.198698712576327,2.070064530136313,111.33283536585365,10.350322650681566,0.18524590163934426,1.0,1,0,0,1,0,2,Mortgage,Education,0,1,0.5586307656349353
64,57932.46,34,608,0.421,89249.8,36,0,2,0.5,10.967050389564102,11.399205663187146,1.5405836382573777,146.79243421052632,4.621750914772133,0.0078125,2.0,1,1,0,1,0,3,Own,Debt Consolidation,0,0,0.4515325524828643
23,23168.25,4,850,0.425,29179.59,84,3,3,14.7,10.050581247459274,10.281259041200675,1.259464568968308,34.328929411764705,8.816251982778155,0.6391304347826087,0.75,1,1,0,1,1,4,Mortgage,Vehicle,0,1,0.5228431317936112
43,23918.09,1,596,0.402,81195.4,24,1,3,6.8,10.082432163862636,11.304626190191575,3.394727589034074,136.23389261744964,6.789455178068148,0.15813953488372093,1.5,1,1,1,1,0,4,Own,Debt Consolidation,1,1,0.655115942897534
36,58088.3,24,631,0.168,31917.78,48,2,0,7.2,10.969736760647146,10.370949830281942,0.5494700309700921,50.582852614896986,2.1978801238803682,0.2,0.0,0,0,0,0,0,0,Rent,Vehicle,0,0,0.3147195464311469
65,32105.51,20,804,0.313,17671.75,36,4,1,13.7,10.376814092294527,9.779779184217508,0.5504273254030227,21.97978855721393,1.6512819762090682,0.21076923076923076,0.2,0,0,0,1,1,2,Own,Home Improvement,1,0,0.23821447016231242
42,19810.93,12,757,0.301,45114.06,24,0,3,4.6,9.894039560489691,10.716971394362329,2.2772308013808535,59.59585204755614,4.554461602761707,0.10952380952380951,3.0,1,0,0,1,0,2,Rent,Vehicle,0,0,0.2790983934034611
62,58465.74,10,663,0.416,172961.75,36,1,1,5.9,10.976213324527263,12.060831532376609,2.958343638513769,260.87745098039215,8.875030915541307,0.09516129032258065,0.5,1,1,0,1,0,3,Own,Home Improvement,0,1,0.5746462644395994
64,19782.05,1,561,0.036,8477.35,36,6,4,10.1,9.892580789447432,9.045271134381988,0.4285374872674976,15.11114081996435,1.2856124618024927,0.1578125,0.5714285714285714,0,0,1,1,1,3,Mortgage,Debt Consolidation,0,1,0.5155057487489844
25,18845.58,31,549,0.365,7563.96,72,1,0,14.3,9.844086744054572,8.931282338700216,0.4013652007526433,13.777704918032788,2.4081912045158598,0.5720000000000001,0.0,0,0,1,0,0,1,Own,Home Improvement,0,0,0.3726004498550383
59,38245.45,4,581,0.307,25215.94,48,1,0,6.4,10.55180602449001,10.135271269881583,0.6593186901971346,43.40092943201377,2.6372747607885385,0.10847457627118645,0.0,0,0,1,0,0,1,Mortgage,Vehicle,0,1,0.5318040306988573
41,71082.06,12,693,0.165,31670.85,60,1,1,21.0,11.171604331426371,10.363183552730296,0.44555335059225915,45.70108225108225,2.227766752961296,0.5121951219512195,0.5,0,0,0,1,0,1,Rent,Vehicle,0,0,0.23693854742126016
37,25572.78,2,817,0.308,37861.04,60,3,0,19.2,10.14932288684721,10.541704306037524,1.4805210853102402,46.34154222766218,7.402605426551201,0.518918918918919,0.0,1,0,0,0,1,2,Mortgage,Debt Consolidation,0,0,0.33823963306863286
50,88847.79,33,719,0.401,16160.62,24,4,2,4.5,11.39469121503199,9.690394574575391,0.1818910746119853,22.47652294853964,0.3637821492239706,0.09,0.4,0,1,0,1,1,3,Mortgage,Vehicle,0,0,0.4189523993401911
35,20845.98,19,547,0.318,92717.64,36,1,1,4.4,9.944964372611324,11.437324810088976,4.447746759806927,169.502084095064,13.343240279420781,0.12571428571428572,0.5,1,0,1,1,0,3,Mortgage,Vehicle,1,1,0.5365242182343379
53,21328.79,24,592,0.348,42353.81,60,1,1,3.4,9.967859966128605,10.653837270962542,1.9857577480954145,71.54359797297298,9.928788740477072,0.06415094339622641,0.5,1,0,1,1,0,3,Own,Home Improvement,0,0,0.47558487069370586
60,58601.27,21,745,0.242,24735.86,24,1,2,7.5,10.978528712016203,10.116049717923795,0.42210450387849957,33.2024966442953,0.8442090077569991,0.125,1.0,0,0,0,1,0,1,Rent,Home Improvement,0,0,0.2532091517015058
44,41770.15,12,682,0.387,51446.12,72,1,1,5.4,10.639961188833562,10.848309763019058,1.231647959128708,75.4341935483871,7.389887754772248,0.12272727272727274,0.5,1,0,0,1,0,2,Mortgage,Home Improvement,0,0,0.4721953842926057
39,53902.33,21,506,0.242,15317.74,24,3,2,0.5,10.894947536064784,9.636832194481432,0.284175841749327,30.27221343873518,0.568351683498654,0.01282051282051282,0.5,0,0,1,1,1,3,Own,Home Improvement,1,1,0.5813240003179199
65,29924.63,14,760,0.199,20197.16,48,0,0,5.9,10.30647058283615,9.91334679013152,0.674934326673379,26.57521052631579,2.699737306693516,0.09076923076923077,0.0,0,0,0,0,0,0,Rent,Medical,0,0,0.13624460130384927
26,24400.07,10,701,0.121,17869.09,36,0,1,3.9,10.102382262778818,9.790883644514603,0.7323376531296837,25.49085592011412,2.197012959389051,0.15,1.0,0,0,0,1,0,1,Own,Debt Consolidation,0,0,0.2815641013139672
39,41719.01,10,619,0.395,34486.14,48,0,0,19.4,10.638736148807872,10.448341779906363,0.8266289156909523,55.712665589660745,3.3065156627638093,0.4974358974358974,0.0,1,0,0,0,0,1,Own,Debt Consolidation,0,0,0.4279538791554946
22,46936.58,13,581,0.116,72666.84,60,1,4,13.5,10.75657391289918,11.193654199761749,1.5481920497829198,125.07201376936317,7.7409602489145986,0.6136363636363636,2.0,1,0,1,1,0,3,Rent,Home Improvement,0,0,0.4342208096232711
55,67838.92,2,584,0.35,28071.09,36,2,2,5.8,11.124906091219806,10.24253112329952,0.4137903433604191,48.06693493150685,1.2413710300812573,0.10545454545454545,0.6666666666666666,0,0,1,1,0,2,Rent,Home Improvement,1,1,0.6472539848257136
47,122112.23,15,637,0.205,40441.33,36,0,0,4.6,11.7127040080373,10.60763228769622,0.33118165150206497,63.48717425431711,0.993544954506195,0.0978723404255319,0.0,0,0,0,0,0,0,Own,Home Improvement,0,0,0.19900978121718177
68,50633.61,4,728,0.116,48064.06,48,2,0,4.9,10.832390613554438,10.780310788808718,0.94925208769432,66.02206043956043,3.79700835077728,0.07205882352941177,0.0,1,0,0,0,0,1,Rent,Vehicle,0,0,0.23004996633793642
34,30415.64,29,590,0.446,49219.41,36,2,3,6.9,10.322745106063914,10.80406365385753,1.6182270042649112,83.42272881355933,4.8546810127947335,0.20294117647058824,1.0,1,1,1,1,0,4,Own,Other,1,1,0.6039822261680939
69,37021.47,32,690,0.249,50303.55,12,2,2,7.7,10.51928030459328,10.82585080925328,1.3587669533381577,72.90369565217392,1.3587669533381577,0.11159420289855072,0.6666666666666666,1,0,0,1,0,2,Own,Debt Consolidation,0,0,0.39344233663372336
38,25475.86,20,642,0.092,104436.93,36,0,3,1.0,10.14552586818323,11.556348202624307,4.099446691887928,162.6743457943925,12.298340075663784,0.02631578947368421,3.0,1,0,0,1,0,2,Own,Medical,0,0,0.3905304004447445
31,42184.71,13,580,0.225,15890.97,24,2,1,6.5,10.649836817085093,9.673569229190447,0.3766997568550311,27.398224137931035,0.7533995137100622,0.20967741935483872,0.3333333333333333,0,0,1,1,0,2,Mortgage,Vehicle,0,1,0.5086661874490978
28,31421.98,24,687,0.093,8109.71,36,1,0,17.8,10.355294751360576,9.000940689516721,0.25809035585917883,11.8045269286754,0.7742710675775365,0.6357142857142858,0.0,0,0,0,0,0,0,Rent,Medical,0,0,0.1413976310320466
26,55748.96,19,750,0.071,58802.4,48,1,2,10.6,10.928631971833319,10.981954955344277,1.0547712459568752,78.4032,4.219084983827501,0.4076923076923077,1.0,1,0,0,1,0,2,Own,Vehicle,0,0,0.2510512286798894
32,35324.88,7,757,0.356,17199.92,84,0,1,12.3,10.472371118778181,9.752718149743185,0.4869066788054198,22.721162483487447,3.408346751637939,0.384375,1.0,0,0,0,1,0,1,Mortgage,Other,0,0,0.23312083651848237
25,35814.23,20,758,0.407,47692.15,36,0,2,18.3,10.4861285009182,10.772543060694101,1.3316536471676201,62.9184036939314,3.9949609415028604,0.732,2.0,1,1,0,1,0,3,Mortgage,Home Improvement,0,0,0.4015275016244305
60,35860.02,25,646,0.376,106526.05,84,1,1,5.0,10.487406190703291,11.576154222491791,2.970607657218262,164.90100619195047,20.79425360052783,0.08333333333333333,0.5,1,0,0,1,0,2,Own,Home Improvement,0,1,0.5153353854032888
69,56492.94,16,683,0.17,96963.33,60,2,1,14.5,10.94188865474496,11.48209845789678,1.7163796042478936,141.96680819912152,8.581898021239468,0.21014492753623187,0.3333333333333333,1,0,0,1,0,2,Rent,Medical,0,0,0.3054494485492559
46,56200.5,5,616,0.562,57625.71,60,2,1,2.0,10.93669872591706,10.961741454479057,1.0253593829236394,93.54823051948051,5.126796914618197,0.043478260869565216,0.3333333333333333,1,1,0,1,0,3,Rent,Other,1,1,0.6810041896682819
67,86163.09,20,701,0.286,71704.37,24,4,0,0.7,11.364008780527199,11.180320919180682,0.8321935761588866,102.28868758915834,1.6643871523177731,0.01044776119402985,0.0,1,0,0,0,1,2,Rent,Debt Consolidation,0,0,0.31616775981473
63,32519.69,32,654,0.117,53487.13,60,0,1,10.2,10.389631781148832,10.887215039108616,1.6447613738015339,81.78460244648318,8.223806869007669,0.16190476190476188,1.0,1,0,0,1,0,2,Own,Other,0,0,0.43407623769714093
62,38330.92,0,780,0.206,58260.49,36,2,0,4.1,10.554038248432361,10.972696605194972,1.5199345593583458,74.6929358974359,4.5598036780750375,0.0661290322580645,0.0,1,0,0,0,0,1,Mortgage,Vehicle,0,0,0.18135576012511698
40,15434.78,16,736,0.314,44590.83,60,0,3,9.9,9.644443470158949,10.705305937371442,2.888983840391635,60.58536684782609,14.444919201958175,0.2475,3.0,1,0,0,1,0,2,Rent,Debt Consolidation,0,0,0.4033966503238348
51,30704.91,18,607,0.136,72812.11,60,1,1,5.4,10.332210423191295,11.195651300389468,2.3713507057991703,119.95405271828666,11.856753528995851,0.10588235294117648,0.5,1,0,0,1,0,2,Rent,Debt Consolidation,0,0,0.4142146300468348
35,48933.82,28,628,0.634,73515.66,36,2,0,11.0,10.798244487504325,11.205267326182588,1.5023486823632408,117.06315286624205,4.507046047089722,0.3142857142857143,0.0,1,1,0,0,0,2,Mortgage,Vehicle,1,1,0.6122213885080783
38,44987.52,22,694,0.094,25383.44,72,0,1,0.8,10.714162625094971,10.14189166686635,0.5642329250423228,36.57556195965417,3.385397550253937,0.021052631578947368,1.0,0,0,0,1,0,1,Rent,Education,0,0,0.18504971382876065
54,19945.41,30,715,0.068,42685.15,72,2,0,16.1,9.900804456250402,10.661629790630043,2.1400988999474064,59.699510489510494,12.840593399684439,0.29814814814814816,0.0,1,0,0,0,0,1,Rent,Home Improvement,0,0,0.2575120381728396
47,24253.53,2,653,0.77,23016.83,72,0,3,13.4,10.096358683043622,10.04402441197679,0.9490094843925814,35.247825421133236,5.694056906355488,0.2851063829787234,3.0,1,1,0,1,0,3,Mortgage,Medical,1,1,0.6611612021103915
40,29649.12,0,532,0.273,50391.79,36,1,0,13.9,10.29722145163522,10.827603388270482,1.6996049123886308,94.7214097744361,5.098814737165892,0.34750000000000003,0.0,1,0,1,0,0,2,Own,Home Improvement,1,0,0.49453211494242255
25,43716.74,24,561,0.4,14132.9,36,0,3,16.0,10.685509248365163,9.556331446087805,0.3232834836266382,25.192335115864527,0.9698504508799146,0.64,3.0,0,0,1,1,0,2,Own,Debt Consolidation,0,0,0.3786490214097497
65,49697.01,25,729,0.368,18871.16,24,2,0,11.8,10.81372017104164,9.845443099220287,0.3797242530285021,25.88636488340192,0.7594485060570042,0.18153846153846154,0.0,0,0,0,0,0,0,Mortgage,Debt Consolidation,0,0,0.3068215570687609
69,146517.28,0,667,0.294,30763.54,72,3,1,13.7,11.89490547781211,10.3341180070069,0.20996526826050826,46.12224887556222,1.2597916095630497,0.19855072463768114,0.25,0,0,0,1,1,2,Mortgage,Debt Consolidation,0,0,0.4163471096945132
47,47646.4,21,694,0.259,13033.67,60,4,2,6.2,10.771583343060597,9.475368009591438,0.2735499429127909,18.78050432276657,1.3677497145639546,0.13191489361702127,0.4,0,0,0,1,1,2,Own,Home Improvement,0,0,0.34376269742621457
58,39904.56,5,691,0.505,62595.54,36,2,3,7.6,10.594270941540799,11.044465283995166,1.5686312541724556,90.58688856729378,4.705893762517367,0.13103448275862067,1.0,1,1,0,1,0,3,Rent,Debt Consolidation,1,1,0.6153003962003104
38,29763.92,4,778,0.299,68282.31,48,1,2,0.8,10.3010857978634,11.1314206525934,2.294130275850762,87.76646529562981,9.176521103403047,0.021052631578947368,1.0,1,0,0,1,0,2,Mortgage,Other,0,0,0.33858683879797424
56,37349.54,14,735,0.568,41374.54,36,3,0,7.6,10.528102648287776,10.630445163953713,1.1077657181320038,56.29189115646258,3.3232971543960113,0.1357142857142857,0.0,1,1,0,0,1,3,Mortgage,Debt Consolidation,0,1,0.5096954486068456
52,16660.14,23,750,0.384,20882.03,24,3,2,9.8,9.720834340750736,9.94669214641095,1.2534126363884097,27.842706666666665,2.5068252727768194,0.18846153846153849,0.5,1,0,0,1,1,3,Mortgage,Home Improvement,0,0,0.39896245003401065
41,15000.0,20,664,0.03,19356.04,36,1,2,4.5,9.61587214452889,9.870811456579325,1.2904026666666668,29.15066265060241,3.871208,0.10975609756097561,1.0,1,0,0,1,0,2,Mortgage,Education,0,0,0.28095748283256644
45,39771.79,7,638,0.535,76016.52,60,0,2,0.5,10.590938289123049,11.23871911901715,1.911317544420304,119.14815047021945,9.55658772210152,0.011111111111111112,2.0,1,1,0,1,0,3,Mortgage,Education,0,1,0.6476204967479906
68,34952.43,15,652,0.279,35346.26,36,1,3,15.3,10.461771883046808,10.472976157712413,1.0112675999923324,54.21205521472393,3.033802799976997,0.225,1.5,1,0,0,1,0,2,Mortgage,Home Improvement,1,0,0.4281006089146508
64,30601.74,21,773,0.211,12962.19,24,2,4,7.2,10.328844826415443,9.469869081593608,0.42357689464716713,16.76868046571798,0.8471537892943343,0.1125,1.3333333333333333,0,0,0,1,0,1,Rent,Education,1,0,0.23598544953280917
60,16123.05,13,686,0.037,67648.01,36,3,1,13.6,9.68806722519975,11.122087999345512,4.195732817301937,98.61225947521865,12.58719845190581,0.22666666666666666,0.25,1,0,0,1,1,3,Mortgage,Education,0,0,0.41614821547564734
40,41343.2,15,544,0.172,61755.21,36,1,3,8.0,10.629687424591873,11.030949816235342,1.4937210956094353,113.52060661764706,4.481163286828306,0.2,1.5,1,0,1,1,0,3,Rent,Vehicle,0,0,0.4558768950837908
21,37596.58,1,695,0.418,129223.35,72,1,0,8.1,10.534694965604555,11.769305320065133,3.437103853595194,185.93287769784175,20.622623121571166,0.3857142857142857,0.0,1,1,0,0,0,2,Rent,Debt Consolidation,0,1,0.546683473424757
66,35832.31,9,652,0.185,30767.78,36,2,3,1.9,10.486633186718741,10.33425581852127,0.8586602426692558,47.18984662576687,2.5759807280077673,0.028787878787878786,1.0,1,0,0,1,0,2,Mortgage,Medical,0,0,0.44644765792826463
51,38570.12,9,713,0.646,23441.92,36,2,1,20.1,10.560259088893199,10.06232380931117,0.6077741007806041,32.87786816269284,1.8233223023418124,0.3941176470588236,0.3333333333333333,0,1,0,1,0,2,Mortgage,Education,0,1,0.6240098356200378
62,26239.3,22,543,0.602,28536.92,36,3,1,16.4,10.1750516759195,10.258989008206754,1.0875640737367231,52.55418047882136,3.2626922212101697,0.264516129032258,0.25,1,1,1,1,1,5,Rent,Vehicle,1,1,0.7077046904279906
54,29932.26,7,653,0.501,38040.08,36,2,1,1.9,10.30672551573054,10.546421907423497,1.2708722963117387,58.25433384379786,3.8126168889352163,0.03518518518518518,0.3333333333333333,1,1,0,1,0,3,Mortgage,Debt Consolidation,1,1,0.616190607100609
28,27382.98,21,666,0.196,12802.07,48,2,3,9.5,10.217713449856264,9.457440264899795,0.4675192400534931,19.222327327327328,1.8700769602139724,0.3392857142857143,1.0,0,0,0,1,0,1,Own,Debt Consolidation,0,0,0.3380534373857077
30,35326.58,25,691,0.388,25814.34,60,3,0,11.9,10.472419240979141,10.158724167864245,0.7307341950452039,37.35794500723589,3.6536709752260195,0.39666666666666667,0.0,0,0,0,0,1,1,Own,Debt Consolidation,0,0,0.2681104153293429
42,47245.22,18,726,0.426,24518.35,36,0,0,6.5,10.763127929721717,10.10721788072651,0.5189593783244103,33.77183195592286,1.556878134973231,0.15476190476190477,0.0,0,1,0,0,0,1,Rent,Education,0,0,0.3489924073250736
64,15878.72,31,755,0.174,18081.79,60,2,1,14.8,9.672798102403863,9.802715936200254,1.1387435511174706,23.94939072847682,5.693717755587353,0.23125,0.3333333333333333,1,0,0,1,0,2,Own,Other,1,0,0.2725535353161291
59,23587.52,3,716,0.296,37775.76,72,2,1,10.7,10.068515431985087,10.539449377716734,1.6015146992986122,52.759441340782125,9.609088195791674,0.18135593220338983,0.3333333333333333,1,0,0,1,0,2,Mortgage,Vehicle,0,0,0.4436194419120114
45,31026.46,32,647,0.24,15351.43,36,2,1,9.1,10.342627897823892,9.639029046675166,0.4947850963339034,23.7270942812983,1.4843552890017102,0.20222222222222222,0.3333333333333333,0,0,0,1,0,1,Own,Home Improvement,0,0,0.39125750752227634
58,78196.69,15,647,0.257,21901.93,72,1,0,13.7,11.266995386455156,9.994375696809852,0.28008768657599187,33.85151468315301,1.6805261194559513,0.23620689655172414,0.0,0,0,0,0,0,0,Rent,Debt Consolidation,1,0,0.3236856239182846
34,21536.71,34,629,0.278,25204.68,60,1,0,11.7,9.977560631223938,10.134824644926864,1.1703124571951797,40.07103338632751,5.8515622859758984,0.34411764705882353,0.0,1,0,0,0,0,1,Mortgage,Debt Consolidation,1,0,0.2275407845288246
39,29220.26,3,731,0.34,55901.08,36,2,0,3.6,10.282651805524898,10.931356867753268,1.9130931757622966,76.4720656634747,5.7392795272868895,0.09230769230769231,0.0,1,0,0,0,0,1,Own,Other,0,0,0.3262866327317793
60,30534.86,24,611,0.539,62475.39,24,0,0,11.8,10.326657009662132,11.042544004355209,2.0460349253279695,102.25104746317513,4.092069850655939,0.19666666666666668,0.0,1,1,0,0,0,2,Own,Home Improvement,0,0,0.4874702852351632
36,39180.3,32,703,0.591,10853.56,36,1,0,0.5,10.575954871142057,9.292340547174872,0.277015745157643,15.438918918918919,0.831047235472929,0.013888888888888888,0.0,0,1,0,0,0,1,Own,Education,0,0,0.44815110917803264
31,21401.98,17,556,0.38,17606.8,60,2,2,15.5,9.971285443651684,9.776097264668369,0.8226715472119869,31.66690647482014,4.1133577360599345,0.5,0.6666666666666666,1,0,1,1,0,3,Rent,Education,1,1,0.5754570992414648
29,15000.0,18,736,0.374,23177.61,36,0,0,4.8,9.61587214452889,10.050985149608252,1.545174,31.49131793478261,4.635522,0.16551724137931034,0.0,1,0,0,0,0,1,Own,Debt Consolidation,0,0,0.281368513526454
28,40266.49,9,686,0.321,10995.63,36,1,0,11.0,10.603299722625572,9.305344141205218,0.27307147953546484,16.028615160349855,0.8192144386063945,0.39285714285714285,0.0,0,0,0,0,0,0,Rent,Home Improvement,0,0,0.2815048764381379
66,28698.13,20,644,0.418,20662.06,60,2,0,10.7,10.264622087699395,9.936102844000375,0.7199793157254497,32.08394409937888,3.5998965786272485,0.1621212121212121,0.0,0,1,0,0,0,1,Own,Home Improvement,0,0,0.4475370120198403
52,17992.34,22,633,0.438,44698.07,60,3,3,1.4,9.797756968411413,10.707707975016097,2.4842833116759686,70.61306477093207,12.421416558379843,0.02692307692307692,0.75,1,1,0,1,1,4,Rent,Vehicle,0,1,0.5474329354505315
25,37026.17,10,724,0.098,31504.61,48,0,2,4.9,10.519407246466496,10.357920904194746,0.8508741249770095,43.514654696132595,3.403496499908038,0.196,2.0,1,0,0,1,0,2,Mortgage,Home Improvement,0,0,0.2242083871792587
52,21211.45,3,750,0.148,24687.36,36,4,5,8.3,9.962343552438938,10.114087156479776,1.163869513871046,32.91648,3.4916085416131377,0.15961538461538463,1.0,1,0,0,1,1,3,Mortgage,Education,0,0,0.3278798758176109
24,42702.53,20,721,0.197,24695.57,72,2,3,0.8,10.662036865588984,10.114419646576476,0.5783163198995469,34.251830790568654,3.4698979193972814,0.03333333333333333,1.0,0,0,0,1,0,1,Mortgage,Home Improvement,0,0,0.2917937873895316
57,33111.08,18,783,0.516,60936.79,36,3,0,6.0,10.407653449468173,11.017608786703239,1.8403745815600094,77.82476372924648,5.521123744680028,0.10526315789473684,0.0,1,1,0,0,1,3,Mortgage,Vehicle,0,0,0.4371047878880957
42,15000.0,26,589,0.212,26093.25,36,2,2,2.6,9.61587214452889,10.16947026252633,1.73955,44.3009337860781,5.21865,0.06190476190476191,0.6666666666666666,1,0,1,1,0,3,Own,Vehicle,0,0,0.43197548764093124
27,25648.88,20,757,0.226,32721.64,36,1,1,0.8,10.1522941722254,10.395822472058434,1.2757531712885708,43.22541611624835,3.8272595138657124,0.02962962962962963,0.5,1,0,0,1,0,2,Own,Debt Consolidation,0,0,0.2009790886807177
46,17086.02,0,610,0.181,56131.22,60,7,2,10.4,9.74607438992807,10.935465258196347,3.285213291334085,92.01839344262295,16.426066456670426,0.22608695652173913,0.25,1,0,0,1,1,3,Mortgage,Home Improvement,1,1,0.5456200065247905
40,42679.94,23,742,0.063,95953.51,60,1,3,6.0,10.661507729540542,11.471629503978942,2.2482109862384996,129.31739892183288,11.241054931192497,0.15,1.5,1,0,0,1,0,2,Rent,Vehicle,0,0,0.3235316382250811
31,66501.89,6,685,0.284,40126.86,60,0,1,9.2,11.105000684346262,10.599826135150781,0.6033942794708541,58.57935766423358,3.0169713973542707,0.2967741935483871,1.0,0,0,0,1,0,1,Own,Debt Consolidation,1,0,0.3547025998166759
68,34856.44,5,755,0.23,142479.02,36,1,1,15.9,10.459021879773855,11.866957058334112,4.087595290855864,188.71393377483443,12.262785872567592,0.2338235294117647,0.5,1,0,0,1,0,2,Mortgage,Home Improvement,0,0,0.4132341544141769
53,44470.87,18,679,0.453,86071.58,60,1,1,4.5,10.70261213344141,11.362946172795516,1.935459774004871,126.76226804123712,9.677298870024355,0.08490566037735849,0.5,1,1,0,1,0,3,Rent,Other,1,1,0.6246598226908081
52,15000.0,26,586,0.194,75439.68,36,1,1,0.5,9.61587214452889,11.231101931052505,5.029311999999999,128.7366552901024,15.087935999999997,0.009615384615384616,0.5,1,0,1,1,0,3,Mortgage,Vehicle,1,0,0.3630438108142189
51,39350.24,20,744,0.211,8997.62,36,1,0,17.9,10.580282765420211,9.104826511228266,0.22865476805224064,12.093575268817206,0.6859643041567219,0.3509803921568627,0.0,0,0,0,0,0,0,Mortgage,Home Improvement,0,0,0.1738474889681528
36,40309.65,26,608,0.095,22084.48,12,0,0,9.5,10.604370981012215,10.00267565800318,0.5478707952066069,36.323157894736845,0.5478707952066069,0.2638888888888889,0.0,0,0,0,0,0,0,Mortgage,Other,0,0,0.21458608595575487
46,34945.79,18,768,0.169,49650.66,24,2,0,5.7,10.461581897950339,10.812787102952681,1.4207908878294067,64.649296875,2.8415817756588133,0.12391304347826088,0.0,1,0,0,0,0,1,Mortgage,Debt Consolidation,0,0,0.17281681165834725
43,31723.23,29,574,0.408,24572.85,60,1,3,14.1,10.36483602120845,10.109438148396515,0.7746011361390375,42.80984320557491,3.8730056806951874,0.32790697674418606,1.5,1,1,1,1,0,4,Rent,Debt Consolidation,1,0,0.47426855856513245
44,40170.78,14,726,0.357,14284.7,36,0,2,14.2,10.600920038046974,9.567014315914415,0.35559926892134036,19.675895316804407,1.0667978067640211,0.3227272727272727,2.0,0,0,0,1,0,1,Rent,Vehicle,0,0,0.33062220833219463
35,15000.0,13,767,0.207,30286.69,48,1,1,10.1,9.61587214452889,10.318496638320127,2.0191126666666666,39.48720990873533,8.076450666666666,0.28857142857142853,0.5,1,0,0,1,0,2,Mortgage,Vehicle,0,0,0.23940297352150078
31,29720.3,8,620,0.248,46135.16,36,1,3,12.2,10.299619239463215,10.739352303296865,1.5523113831287034,74.41154838709679,4.65693414938611,0.39354838709677414,1.5,1,0,0,1,0,2,Own,Vehicle,0,1,0.5506241139692143
63,16455.89,3,729,0.506,78774.26,60,1,1,0.5,9.708499513487245,11.27435426715954,4.786994808545755,108.05796982167352,23.934974042728776,0.007936507936507936,0.5,1,1,0,1,0,3,Mortgage,Debt Consolidation,0,0,0.4663210194869319
29,96476.9,4,664,0.058,13000.24,36,1,1,3.0,11.477069245554972,9.472800016510234,0.1347497691157158,19.57867469879518,0.40424930734714737,0.10344827586206896,0.5,0,0,0,1,0,1,Rent,Other,0,0,0.17804402822931367
24,26363.02,23,631,0.251,57095.94,12,2,0,9.7,10.179755480782548,10.952505804015452,2.1657587029103644,90.48484944532488,2.1657587029103644,0.4041666666666666,0.0,1,0,0,0,0,1,Mortgage,Debt Consolidation,1,0,0.31707348909285177
44,19387.14,3,552,0.192,29621.1,60,2,2,13.2,9.872416817900614,10.296275983350506,1.5278736316960624,53.661413043478255,7.639368158480312,0.3,0.6666666666666666,1,0,1,1,0,3,Rent,Other,0,0,0.48930217480515686
33,30763.29,5,716,0.146,33512.42,60,1,0,7.7,10.334109880735037,10.419701234610521,1.0893639789502356,46.80505586592179,5.446819894751178,0.23333333333333334,0.0,1,0,0,0,0,1,Own,Vehicle,0,0,0.2117747136805502
54,69939.11,9,680,0.516,37526.16,36,0,2,0.5,11.155394583392797,10.53282021647064,0.5365547259609109,55.18552941176471,1.6096641778827327,0.009259259259259259,2.0,0,1,0,1,0,2,Rent,Debt Consolidation,0,0,0.47037433643998877
64,27344.24,9,665,0.359,55838.41,36,2,0,8.9,10.216297752483992,10.930235171477856,2.0420538292525228,83.96753383458648,6.126161487757568,0.1390625,0.0,1,0,0,0,0,1,Rent,Home Improvement,0,0,0.3891262928909164
54,39839.62,34,694,0.333,36481.48,60,3,1,6.6,10.59264227382644,10.504587424333705,0.9157085333645251,52.56697406340058,4.578542666822625,0.12222222222222222,0.25,1,0,0,1,1,3,Mortgage,Education,0,0,0.38674737240746726
57,40165.13,11,590,0.216,44140.8,60,0,0,7.8,10.600779382159628,10.695162458317741,1.0989831229227942,74.81491525423729,5.494915614613971,0.1368421052631579,0.0,1,0,1,0,0,2,Own,Home Improvement,1,1,0.5154696870203014
48,24205.0,25,750,0.32,17307.95,60,4,2,3.8,10.094355815298549,9.758978987751593,0.7150568064449494,23.077266666666667,3.575284032224747,0.07916666666666666,0.4,0,0,0,1,1,2,Rent,Debt Consolidation,0,0,0.2720417645287575
56,28707.31,9,635,0.287,95257.86,60,1,1,11.4,10.264941906875386,11.46435330703571,3.3182440291340427,150.0123779527559,16.591220145670214,0.20357142857142857,0.5,1,0,0,1,0,2,Mortgage,Vehicle,0,1,0.506100806204278
66,22936.71,0,727,0.372,27715.62,24,3,2,11.1,10.040537560068367,10.229787512247398,1.2083520260752305,38.12327372764786,2.416704052150461,0.16818181818181818,0.5,1,0,0,1,1,3,Mortgage,Vehicle,0,0,0.47145277098285343
55,57851.69,8,679,0.419,93169.79,60,3,1,17.2,10.965655231108599,11.442189539532704,1.6104938334558592,137.2161855670103,8.052469167279297,0.3127272727272727,0.25,1,1,0,1,1,4,Mortgage,Medical,0,1,0.5553361338559913
65,27152.56,27,745,0.102,68000.06,72,0,0,13.6,10.209263440154743,11.127278572272042,2.504370122006912,91.27524832214765,15.026220732041471,0.20923076923076922,0.0,1,0,0,0,0,1,Rent,Debt Consolidation,0,0,0.23428690306141145
49,27904.34,4,670,0.359,27664.24,60,0,1,6.2,10.236573347344688,10.22793203051598,0.9913956036946224,41.289910447761194,4.956978018473112,0.12653061224489795,1.0,1,0,0,1,0,2,Rent,Vehicle,1,0,0.46296732342709673
23,61163.28,3,836,0.281,67577.65,60,2,2,8.7,11.021318637973819,11.121047383744395,1.1048728910548944,80.83450956937799,5.524364455274472,0.3782608695652174,0.6666666666666666,1,0,0,1,0,2,Mortgage,Medical,0,0,0.3321690018870843
44,26291.53,12,676,0.332,49432.36,24,1,1,1.4,10.177040147403327,10.808380778904835,1.8801629269958806,73.12479289940829,3.7603258539917612,0.031818181818181815,0.5,1,0,0,1,0,2,Mortgage,Education,0,0,0.4355675365659466
22,56843.41,16,652,0.198,75551.49,36,1,2,14.8,10.94807316540828,11.23258292546353,1.3291160751967555,115.87651840490798,3.9873482255902664,0.6727272727272727,1.0,1,0,0,1,0,2,Mortgage,Vehicle,0,0,0.40288178022937415
45,32436.35,11,544,0.408,24135.15,24,1,0,3.5,10.387065815620096,10.091465995602482,0.7440772466692461,44.36608455882353,1.4881544933384923,0.07777777777777778,0.0,0,1,1,0,0,2,Rent,Vehicle,0,1,0.5592586533549238
65,81542.09,32,605,0.484,64605.73,60,2,3,4.3,11.308886871166633,11.076073863910942,0.7922991672153609,106.7863305785124,3.9614958360768044,0.06615384615384615,1.0,1,1,0,1,0,3,Rent,Other,1,0,0.49311161482792815
30,16199.86,23,648,0.099,21032.02,36,0,0,17.6,9.692819606231195,9.953848862761328,1.2982840592449565,32.456820987654325,3.8948521777348697,0.5866666666666667,0.0,1,0,0,0,0,1,Rent,Home Improvement,0,0,0.3502528199169645
31,58892.15,14,665,0.508,12043.39,24,1,0,16.6,10.983480064064901,9.396354270346045,0.20449907160801564,18.11036090225564,0.4089981432160313,0.535483870967742,0.0,0,1,0,0,0,1,Mortgage,Medical,0,0,0.3558859138018318
37,75241.36,24,756,0.278,32621.29,36,3,0,12.2,11.22846964921758,10.392751076040796,0.43355529458797665,43.1498544973545,1.30066588376393,0.3297297297297297,0.0,0,0,0,0,1,1,Mortgage,Education,0,0,0.22085876334565394
58,48470.98,11,661,0.171,45565.66,60,3,0,8.5,10.788741178015398,10.726931587738141,0.9400606300924801,68.93443267776097,4.700303150462401,0.14655172413793102,0.0,1,0,0,0,1,2,Rent,Debt Consolidation,0,0,0.45888627909221535
65,55658.85,18,570,0.041,7088.26,12,0,2,9.9,10.927014340142726,8.86633624172357,0.1273518946223287,12.435543859649123,0.1273518946223287,0.1523076923076923,2.0,0,0,1,1,0,2,Own,Vehicle,0,0,0.35496864390606003
37,65393.23,6,658,0.157,112258.79,36,2,2,3.0,11.088189307253428,11.628571017837038,1.7166729644643641,170.60606382978722,5.150018893393092,0.08108108108108109,0.6666666666666666,1,0,0,1,0,2,Rent,Debt Consolidation,0,0,0.34702244145003436
66,72107.32,15,562,0.287,53754.57,36,1,2,5.7,11.185924711899844,10.892202568527885,0.7454800705393017,95.64870106761566,2.236440211617905,0.08636363636363636,1.0,0,0,1,1,0,2,Mortgage,Vehicle,1,0,0.41777538335638237
66,21075.05,28,529,0.162,43573.02,36,2,1,7.2,9.955892603693036,10.682216380175479,2.067516803044358,82.36865784499054,6.2025504091330745,0.1090909090909091,0.3333333333333333,1,0,1,1,0,3,Rent,Home Improvement,0,0,0.4329334825262843
60,51391.33,15,643,0.268,57853.98,36,2,2,13.3,10.847244218518695,10.965694813618562,1.1257537020349542,89.97508553654744,3.3772611061048625,0.22166666666666668,0.6666666666666666,1,0,0,1,0,2,Rent,Home Improvement,0,0,0.4789585610589124
65,22851.28,7,693,0.421,112374.05,24,1,1,2.1,10.036806172526159,11.629597216712643,4.917626058584027,162.15591630591632,9.835252117168054,0.03230769230769231,0.5,1,1,0,1,0,3,Own,Medical,0,1,0.513206461212002
54,21153.34,3,733,0.498,52740.34,12,3,2,2.7,9.959600364369216,10.873154867244729,2.493239365509182,71.95135061391541,2.493239365509182,0.05,0.5,1,1,0,1,1,4,Mortgage,Vehicle,0,1,0.5271122666566183
55,47920.92,14,683,0.169,14954.45,60,0,2,6.3,10.777328298764642,9.612831060882158,0.31206516903264797,21.895241581259153,1.5603258451632398,0.11454545454545455,2.0,0,0,0,1,0,1,Rent,Debt Consolidation,0,0,0.2860604959181867
25,16943.46,12,581,0.661,36217.43,60,2,1,16.6,9.73769621572575,10.49732338428037,2.1375462862957155,62.336368330464715,10.687731431478579,0.664,0.3333333333333333,1,1,1,1,0,4,Rent,Debt Consolidation,1,1,0.6818173941795482
65,55733.56,20,743,0.184,35482.44,60,2,2,4.3,10.9283557002918,10.47682138775515,0.6366440614954437,47.75563930013459,3.1832203074772187,0.06615384615384615,0.6666666666666666,0,0,0,1,0,1,Mortgage,Debt Consolidation,0,0,0.2720790735773581
55,49784.74,19,727,0.187,54321.56,48,2,1,0.5,10.815483876626551,10.902694889251684,1.0911287273971904,74.72016506189821,4.364514909588761,0.00909090909090909,0.3333333333333333,1,0,0,1,0,2,Own,Home Improvement,0,0,0.26903068035968447
62,19461.87,1,731,0.337,72212.46,60,2,2,8.5,9.876263826879981,11.187381734098437,3.710458450292804,98.78585499316006,18.55229225146402,0.13709677419354838,0.6666666666666666,1,0,0,1,0,2,Mortgage,Debt Consolidation,0,0,0.4917611100490316
63,57632.08,20,619,0.689,19567.84,36,3,4,7.7,10.961851987389215,9.881693784233734,0.33953034490512923,31.612019386106624,1.0185910347153877,0.12222222222222222,1.0,0,1,0,1,1,3,Own,Vehicle,0,1,0.6020777463464844
28,51499.49,14,682,0.363,18491.58,24,3,1,11.2,10.849346601169671,9.825124849530805,0.3590633615983382,27.113753665689153,0.7181267231966764,0.39999999999999997,0.25,0,0,0,1,1,2,Mortgage,Medical,1,0,0.4784544818519575
47,24916.37,13,743,0.292,43301.35,60,2,2,8.9,10.123320429611185,10.675962185035202,1.7378675144092017,58.27907133243607,8.689337572046009,0.18936170212765957,0.6666666666666666,1,0,0,1,0,2,Mortgage,Medical,0,0,0.35548100778974917
60,74738.93,24,553,0.325,69344.26,36,6,4,17.7,11.221769766458891,11.146853074452503,0.9278198122451045,125.3964918625678,2.7834594367353134,0.295,0.5714285714285714,1,0,1,1,1,4,Mortgage,Home Improvement,1,1,0.5898793421138926
26,76984.96,18,654,0.351,58323.95,48,1,1,7.3,11.25137834654795,10.97378523962394,0.7576018744440471,89.18035168195718,3.0304074977761886,0.28076923076923077,0.5,1,0,0,1,0,2,Rent,Home Improvement,1,0,0.3293207525868975
69,24365.05,1,587,0.047,11832.41,12,3,0,9.2,10.100946048951975,9.37868216564765,0.4856304419650278,20.157427597955706,0.4856304419650278,0.13333333333333333,0.0,0,0,1,0,1,2,Own,Medical,1,0,0.4337945058989071
24,30868.98,3,647,0.268,43252.18,60,1,0,10.5,10.337539469617797,10.674826035668682,1.4011535204596977,66.85035548686244,7.005767602298488,0.4375,0.0,1,0,0,0,0,1,Mortgage,Home Improvement,0,0,0.3187481187672136
48,19857.61,24,572,0.084,12435.46,24,1,0,3.3,9.896392945220247,9.42838775988021,0.6262314548427529,21.740314685314683,1.2524629096855058,0.06874999999999999,0.0,0,0,1,0,0,1,Rent,Vehicle,0,0,0.36542281382000963
54,36706.73,14,759,0.19,25195.82,60,2,2,4.1,10.510742638566969,10.134473075060637,0.6864087321316826,33.19607378129117,3.432043660658413,0.07592592592592592,0.6666666666666666,0,0,0,1,0,1,Mortgage,Medical,0,0,0.22697320036088817
35,18856.82,20,736,0.267,69212.8,60,0,1,18.2,9.844682960959387,11.144955543689163,3.6704385999336053,94.0391304347826,18.352192999668027,0.52,1.0,1,0,0,1,0,2,Own,Vehicle,0,0,0.4225309186247075
69,31395.95,7,688,0.134,21635.61,60,1,2,21.0,10.354466033420595,9.982142066345038,0.6891210490525052,31.447107558139535,3.445605245262526,0.30434782608695654,1.0,0,0,0,1,0,1,Rent,Home Improvement,0,0,0.37919061932658715
35,49043.57,27,591,0.131,15477.81,24,2,0,6.0,10.800484755501525,9.647227270803794,0.31559305327895176,26.189187817258883,0.6311861065579035,0.17142857142857143,0.0,0,0,1,0,0,1,Rent,Debt Consolidation,0,0,0.31647605522998246
65,44484.75,30,537,0.385,26772.98,24,3,2,0.5,10.702924192152347,10.195185799352211,0.6018462506814133,49.85657355679702,1.2036925013628266,0.007692307692307693,0.5,0,0,1,1,1,3,Rent,Home Improvement,1,0,0.48972383684223775
42,37377.23,6,592,0.412,24793.19,60,3,2,8.1,10.528843728363556,10.118364630513039,0.6633233655891567,41.88038851351351,3.3166168279457837,0.19285714285714284,0.5,0,1,1,1,1,4,Mortgage,Home Improvement,1,1,0.6287611681570142
65,15000.0,33,682,0.418,25627.69,24,4,0,5.6,9.61587214452889,10.151467706073705,1.7085126666666666,37.57725806451613,3.417025333333333,0.08615384615384615,0.0,1,1,0,0,1,3,Rent,Debt Consolidation,1,0,0.3703032273930898
60,33190.59,2,796,0.184,69011.93,60,2,2,2.6,10.410051809562347,11.142049157328186,2.0792619233342946,86.69840452261306,10.396309616671473,0.043333333333333335,0.6666666666666666,1,0,0,1,0,2,Own,Education,0,0,0.3646660347226663
65,48767.36,7,677,0.262,43241.96,84,8,2,7.1,10.794837020908837,10.674589724544333,0.886698808383312,63.87290989660266,6.206891658683184,0.10923076923076923,0.2222222222222222,1,0,0,1,1,3,Own,Debt Consolidation,0,0,0.46804806486848216
52,47193.62,26,850,0.525,32909.47,60,0,0,4.8,10.762035182026239,10.40154612320885,0.697328791476475,38.71702352941177,3.486643957382375,0.0923076923076923,0.0,0,1,0,0,0,1,Rent,Debt Consolidation,0,0,0.2809007491377285
24,70683.81,12,743,0.449,50853.41,48,0,1,4.1,11.165985977315628,10.83672212337997,0.7194491921134416,68.44335127860028,2.8777967684537664,0.1708333333333333,1.0,0,1,0,1,0,2,Mortgage,Vehicle,0,0,0.44033072519378114
63,100486.18,17,601,0.189,87757.51,36,0,1,10.7,11.517785436155465,11.38234411668283,0.8733291483465686,146.01915141430948,2.6199874450397056,0.16984126984126982,1.0,1,0,0,1,0,2,Own,Education,0,0,0.2710827137588954
66,45865.05,4,680,0.265,47993.58,84,2,0,0.5,10.733480470955447,10.778843366847795,1.046408539835888,70.57879411764706,7.324859778851216,0.007575757575757576,0.0,1,0,0,0,0,1,Own,Education,0,0,0.37199716381465925
38,33767.56,10,631,0.327,15292.81,36,0,1,14.9,10.427285471072754,9.635203450354517,0.4528846620839646,24.235832012678287,1.3586539862518938,0.39210526315789473,1.0,0,0,0,1,0,1,Rent,Other,0,0,0.4255212625132586
41,47742.62,18,809,0.162,29173.54,72,2,1,7.1,10.773600724416477,10.281051690106722,0.6110586306323365,36.061236093943144,3.6663517837940187,0.17317073170731706,0.3333333333333333,0,0,0,1,0,1,Mortgage,Vehicle,0,0,0.12251643308869864
51,103722.44,20,617,0.287,89244.68,48,2,0,11.3,11.549483405319352,11.399148295109061,0.8604182470061444,144.6429173419773,3.4416729880245778,0.2215686274509804,0.0,1,0,0,0,0,1,Mortgage,Vehicle,0,0,0.2701665674133371
35,18101.71,28,683,0.354,19688.38,60,1,1,6.0,9.80381692980334,9.887834683072404,1.0876530449333242,28.826325036603222,5.438265224666621,0.17142857142857143,0.5,1,0,0,1,0,2,Own,Debt Consolidation,0,0,0.300997811423815
21,44747.24,8,824,0.267,41417.16,60,1,0,11.3,10.708807393320633,10.631474710978779,0.9255802145562498,50.26354368932039,4.627901072781249,0.5380952380952382,0.0,1,0,0,0,0,1,Mortgage,Medical,0,0,0.1812399034973272
36,39438.28,30,638,0.532,19198.86,72,1,0,9.7,10.582517552971844,9.862658266322622,0.4868077411083851,30.092257053291537,2.9208464466503106,0.26944444444444443,0.0,0,1,0,0,0,1,Mortgage,Debt Consolidation,0,0,0.49273464623411345
41,37628.04,19,619,0.199,7149.29,60,2,3,4.7,10.535531371702133,8.874908194306101,0.18999900074518897,11.549741518578353,0.9499950037259448,0.11463414634146342,1.0,0,0,0,1,0,1,Mortgage,Medical,0,0,0.39777177937940794
43,47132.78,4,712,0.141,54082.75,84,2,2,1.3,10.760745220393549,10.898289050028797,1.147455125710811,75.95891853932584,8.032185879975676,0.030232558139534883,0.6666666666666666,1,0,0,1,0,2,Own,Home Improvement,0,0,0.35556301917283106
27,50527.46,24,587,0.22,57370.01,48,2,2,8.2,10.830292020877133,10.957294402460995,1.1354224019968548,97.73425894378194,4.541689607987419,0.3037037037037037,0.6666666666666666,1,0,1,1,0,3,Rent,Vehicle,0,0,0.45189046182569437
24,29514.63,34,674,0.226,34197.37,36,2,1,4.0,10.29267523252576,10.43993326109617,1.158658265409392,50.73793768545995,3.4759747962281757,0.16666666666666666,0.3333333333333333,1,0,0,1,0,2,Mortgage,Vehicle,0,0,0.3047296165284652
38,69268.19,25,706,0.02,47265.08,84,1,2,6.4,11.145755497574529,10.763548192487354,0.6823489974258026,66.94770538243627,4.776442981980618,0.16842105263157894,1.0,0,0,0,1,0,1,Mortgage,Vehicle,0,0,0.23281876548908562
50,18611.07,20,629,0.262,19427.85,60,3,0,0.5,9.831565573971865,9.874514353795378,1.0438867835111039,30.886883942766293,5.219433917555519,0.01,0.0,1,0,0,0,1,2,Rent,Other,1,0,0.38019383886716823
65,33397.72,1,814,0.181,56639.49,48,1,1,4.5,10.416272854877139,10.944479379460123,1.6959088824027506,69.58168304668304,6.7836355296110025,0.06923076923076923,0.5,1,0,0,1,0,2,Mortgage,Vehicle,0,0,0.29588604990913225
48,42762.9,22,636,0.29,11517.5,36,1,1,5.9,10.663449567715167,9.351709717438707,0.26933393198309746,18.10927672955975,0.8080017959492924,0.12291666666666667,0.5,0,0,0,1,0,1,Mortgage,Home Improvement,0,0,0.38334209752081333
42,39848.07,3,606,0.187,30284.03,48,0,2,11.9,10.592854346430354,10.318408810003957,0.7599873720358351,49.973646864686465,3.0399494881433404,0.2833333333333333,2.0,1,0,0,1,0,2,Own,Vehicle,0,0,0.4450527153975914
34,41554.9,33,717,0.515,8803.18,12,3,1,19.7,10.634794787796151,9.08298188768951,0.21184457187960987,12.277796373779637,0.21184457187960987,0.5794117647058823,0.25,0,1,0,1,1,3,Mortgage,Home Improvement,0,0,0.4677664012670095
40,57210.29,21,598,0.38,32831.69,36,1,1,5.9,10.954506535513866,10.399179944391477,0.5738773566783179,54.90249163879599,1.7216320700349534,0.14750000000000002,0.5,0,0,1,1,0,2,Rent,Vehicle,0,1,0.5053970689454246
36,23170.48,28,636,0.284,106595.59,60,2,1,24.1,10.050677491087795,11.576806801459266,4.600491228494187,167.6031289308176,23.002456142470933,0.6694444444444445,0.3333333333333333,1,0,0,1,0,2,Own,Vehicle,0,0,0.46981440386959983
49,19382.0,11,635,0.564,7920.36,48,2,0,1.2,9.872151672226275,8.977318187238483,0.4086451346610257,12.473007874015748,1.6345805386441028,0.024489795918367346,0.0,0,1,0,0,0,1,Mortgage,Vehicle,0,1,0.584054148857658
44,53964.5,8,746,0.576,20592.19,60,3,0,9.1,10.896100232481048,9.932715717598953,0.38158771043927026,27.60347184986595,1.9079385521963512,0.20681818181818182,0.0,0,1,0,0,1,2,Own,Debt Consolidation,0,1,0.506357666538347
46,33585.75,10,747,0.27,31830.67,36,1,0,4.0,10.42188692293867,10.368216985126665,0.9477433137565783,42.611338688085674,2.843229941269735,0.08695652173913043,0.0,1,0,0,0,0,1,Rent,Debt Consolidation,0,0,0.2456628767811308
47,15648.85,4,714,0.192,12174.92,60,0,0,5.7,9.65821661125783,9.407215509777648,0.7780073296120801,17.05170868347339,3.8900366480604003,0.12127659574468086,0.0,1,0,0,0,0,1,Rent,Vehicle,0,0,0.3674800035235824
52,30581.12,26,662,0.045,41033.05,36,1,0,9.5,10.328170803437189,10.622157488827138,1.3417772141765902,61.983459214501515,4.025331642529771,0.18269230769230768,0.0,1,0,0,0,0,1,Mortgage,Education,0,0,0.22727894856112404
41,75645.95,28,647,0.338,49688.35,36,2,1,8.5,11.233832401153244,10.81354590340797,0.6568540681953231,76.79806800618238,1.9705622045859692,0.2073170731707317,0.3333333333333333,0,0,0,1,0,1,Own,Vehicle,0,0,0.2990429268398645
45,17944.87,15,683,0.114,31909.88,36,1,1,1.6,9.795115283877681,10.370702296453928,1.778217395835133,46.7201756954612,5.334652187505399,0.035555555555555556,0.5,1,0,0,1,0,2,Mortgage,Debt Consolidation,0,0,0.27581700798536785
51,36804.23,32,597,0.652,26790.81,48,2,4,13.2,10.51339523362421,10.195851522779739,0.7279274692066645,44.875728643216085,2.911709876826658,0.2588235294117647,1.3333333333333333,0,1,1,1,0,3,Own,Other,0,1,0.5605391583092473
31,25729.15,0,601,0.559,32142.79,12,3,0,13.4,10.155418735029492,10.37797455393233,1.2492752383969155,53.48217970049917,1.2492752383969155,0.432258064516129,0.0,1,1,0,0,1,3,Rent,Vehicle,1,1,0.6306509079308465
56,58084.65,14,764,0.45,22797.81,36,3,2,13.2,10.969673924381649,10.034463620597975,0.3924928531031865,29.84006544502618,1.1774785593095594,0.2357142857142857,0.5,0,1,0,1,1,3,Rent,Other,1,0,0.4449968645527981
49,69755.25,29,784,0.443,41568.45,84,0,3,4.4,11.152762301404024,10.635120801463943,0.5959185867730385,53.020982142857136,4.17143010741127,0.08979591836734695,3.0,0,1,0,1,0,2,Mortgage,Education,0,0,0.27327909961928876
68,25801.03,28,695,0.244,34264.52,60,0,2,15.2,10.158208449984972,10.441894879740172,1.3280291523245389,49.30146762589928,6.640145761622694,0.22352941176470587,2.0,1,0,0,1,0,2,Mortgage,Debt Consolidation,0,0,0.31931598227102226
69,47813.04,26,659,0.124,104072.17,60,3,1,5.6,10.775074599200515,11.552849488435129,2.176648253279858,157.92438543247343,10.88324126639929,0.08115942028985507,0.25,1,0,0,1,1,3,Rent,Debt Consolidation,0,0,0.3720287799953385
57,25846.11,6,799,0.279,97234.42,48,2,2,4.2,10.15995407484716,11.484890327361956,3.76205239395793,121.69514392991239,15.04820957583172,0.0736842105263158,0.6666666666666666,1,0,0,1,0,2,Rent,Vehicle,0,0,0.30071752586945927
47,45249.75,10,609,0.492,62246.29,36,0,0,10.1,10.71997452357635,11.03887027924277,1.3756162188741374,102.21065681444992,4.126848656622412,0.2148936170212766,0.0,1,1,0,0,0,2,Own,Vehicle,1,1,0.5962652025600241
62,43986.35,27,686,0.345,43436.27,36,1,0,2.1,10.69165737156435,10.679073107329101,0.9874943022096627,63.318177842565596,2.9624829066289884,0.03387096774193549,0.0,1,0,0,0,0,1,Rent,Home Improvement,0,0,0.2510382586818294
27,21862.23,20,781,0.367,8387.98,36,1,0,5.8,9.99256150927827,9.03467421876907,0.3836744924923029,10.740051216389244,1.1510234774769086,0.21481481481481482,0.0,0,0,0,0,0,0,Rent,Education,1,0,0.1748923924660838
49,55497.96,23,727,0.157,52269.81,60,1,0,9.5,10.924119560820214,10.864193368047584,0.9418329971047584,71.89795048143053,4.709164985523792,0.19387755102040816,0.0,1,0,0,0,0,1,Mortgage,Home Improvement,1,0,0.16658892047951868
57,61751.7,5,691,0.187,39597.65,60,0,0,4.1,11.030892978230684,10.586550305752374,0.6412398363121987,57.3048480463097,3.2061991815609936,0.0719298245614035,0.0,0,0,0,0,0,0,Rent,Medical,1,0,0.3702314355923723
53,24318.08,8,618,0.366,8379.47,48,2,1,9.8,10.099016506417202,9.033659277822228,0.3445777791667763,13.559012944983818,1.3783111166671052,0.1849056603773585,0.3333333333333333,0,0,0,1,0,1,Rent,Home Improvement,1,0,0.47980896202030265
50,31641.65,17,701,0.247,21134.94,36,3,2,8.4,10.362261173115192,9.958730187999562,0.6679468358950938,30.149700427960056,2.0038405076852817,0.168,0.5,0,0,0,1,1,2,Mortgage,Education,0,0,0.41959167735495945
59,96688.45,23,711,0.711,19180.64,24,2,2,6.1,11.479259575179276,9.861708850517163,0.19837571085274405,26.97699015471167,0.3967514217054881,0.10338983050847457,0.6666666666666666,0,1,0,1,0,2,Rent,Medical,1,0,0.41617375479770596
25,71228.15,28,584,0.235,48465.34,24,0,1,7.5,11.173657423726974,10.788624815363223,0.6804239615938361,82.98859589041095,1.3608479231876722,0.3,1.0,0,0,1,1,0,2,Own,Vehicle,0,0,0.39808513829513514
40,15000.0,26,643,0.163,101872.64,36,1,2,12.7,9.61587214452889,11.531488500760805,6.791509333333333,158.43334370139968,20.374527999999998,0.3175,1.0,1,0,0,1,0,2,Rent,Education,0,0,0.39261610068966196
43,15000.0,25,637,0.01,67647.49,60,2,5,2.9,9.61587214452889,11.12208031258116,4.509832666666667,106.19700156985873,22.549163333333336,0.06744186046511627,1.6666666666666667,1,0,0,1,0,2,Rent,Debt Consolidation,0,0,0.408626120498656
64,33375.68,4,648,0.594,20078.6,84,4,2,14.4,10.415612731514335,9.907459653288528,0.6015937353186511,30.985493827160493,4.211156147230557,0.225,0.4,0,1,0,1,1,3,Own,Debt Consolidation,0,1,0.6223200432248912
21,89422.43,33,610,0.303,18007.67,36,0,0,8.6,11.401138007361414,9.798608587580816,0.20137755147114655,29.520770491803276,0.6041326544134397,0.4095238095238095,0.0,0,0,0,0,0,0,Mortgage,Education,0,0,0.29903341824383955
67,35570.14,15,595,0.25,11963.32,36,0,1,9.2,10.479289913908826,9.389684166299535,0.33633041646729533,20.106420168067228,1.008991249401886,0.1373134328358209,1.0,0,0,1,1,0,2,Rent,Home Improvement,0,1,0.5146008058441754
37,47724.47,14,674,0.014,153587.71,36,0,3,3.4,10.77322049663346,11.942033594390093,3.2182171954974037,227.874940652819,9.65465158649221,0.09189189189189188,3.0,1,0,0,1,0,2,Rent,Debt Consolidation,0,0,0.32451696459817875
43,32767.25,3,596,0.14,39597.51,36,3,2,7.9,10.397215337764607,10.58654677027206,1.2084477641547582,66.43877516778524,3.6253432924642746,0.18372093023255814,0.5,1,0,1,1,1,4,Mortgage,Debt Consolidation,1,0,0.41052008044856236
28,102098.27,7,704,0.411,86411.66,36,2,1,4.9,11.53370085427411,11.366889471835778,0.8463577296657426,122.74383522727273,2.539073188997228,0.17500000000000002,0.3333333333333333,1,1,0,1,0,3,Mortgage,Debt Consolidation,1,0,0.4838151679521752
31,42826.0,4,646,0.21,22981.15,48,1,1,8.7,10.664924023794766,10.042473106643378,0.5366167748563957,35.57453560371517,2.146467099425583,0.2806451612903226,0.5,0,0,0,1,0,1,Rent,Debt Consolidation,1,0,0.3890990682184775
37,59800.3,22,716,0.228,43063.92,60,1,2,2.4,10.998782678832866,10.670464023564518,0.7201288287851398,60.14513966480447,3.6006441439256993,0.06486486486486487,1.0,0,0,0,1,0,1,Rent,Home Improvement,0,0,0.25596861713941427
46,70729.75,29,604,0.162,34202.23,60,0,1,14.4,11.166635693678044,10.440075363035545,0.483562150297435,56.62620860927153,2.417810751487175,0.3130434782608696,1.0,0,0,0,1,0,1,Mortgage,Education,0,0,0.230766207706798
60,33562.64,24,613,0.217,10408.74,36,1,0,11.4,10.42119861715482,9.25049718531248,0.3101287622189434,16.98,0.9303862866568302,0.19,0.0,0,0,0,0,0,0,Mortgage,Vehicle,0,0,0.3078307966789478
44,33534.74,18,636,0.245,61673.58,60,2,0,9.5,10.420367014788065,11.029627131483815,1.8390952188685525,96.97103773584907,9.195476094342762,0.2159090909090909,0.0,1,0,0,0,0,1,Own,Medical,0,0,0.34074224548327564
32,81470.56,11,694,0.219,42904.83,24,2,3,0.7,11.308009281274058,10.666762993118786,0.5266298648247907,61.822521613832855,1.0532597296495814,0.021875,1.0,0,0,0,1,0,1,Own,Medical,0,0,0.3114694616175957
55,82717.2,21,772,0.179,30643.93,72,2,0,9.7,11.32319492935076,10.330222511694675,0.370466239186046,39.69420984455959,2.222797435116276,0.17636363636363636,0.0,0,0,0,0,0,0,Rent,Debt Consolidation,0,0,0.14651668269538307
62,45754.16,18,587,0.687,58245.6,36,1,1,17.4,10.73105985122895,10.972441000625693,1.273012115182532,99.22589437819421,3.819036345547596,0.2806451612903226,0.5,1,1,1,1,0,4,Rent,Debt Consolidation,1,1,0.6599845541240643
27,26690.41,32,713,0.278,128600.28,36,0,1,4.5,10.192097069778,11.764472044079824,4.818220476942842,180.36504908835906,14.454661430828526,0.16666666666666666,1.0,1,0,0,1,0,2,Rent,Debt Consolidation,0,0,0.4385907928717098
50,90131.09,9,778,0.404,84257.57,60,1,1,15.0,11.409031540008995,11.341645564109621,0.9348335851702227,108.30021850899743,4.674167925851114,0.3,0.5,1,1,0,1,0,3,Rent,Vehicle,0,0,0.35034021421836103
60,35937.88,10,614,0.37,73541.26,24,1,1,0.7,10.489574996802444,11.205615485957711,2.0463438577901645,119.77403908794787,4.092687715580329,0.011666666666666665,0.5,1,0,0,1,0,2,Own,Other,1,0,0.4764271233075933
30,59792.01,33,548,0.133,36730.04,84,3,1,10.2,10.99864404347449,10.511377453141963,0.6142967931668462,67.0256204379562,4.300077552167923,0.33999999999999997,0.25,0,0,1,1,1,3,Mortgage,Home Improvement,0,0,0.2994891296732366
59,67155.1,31,706,0.439,79946.16,24,3,1,13.1,11.114775039225405,11.289121195429797,1.1904704184790134,113.23818696883853,2.3809408369580267,0.22203389830508474,0.25,1,1,0,1,1,4,Rent,Education,0,0,0.4631563329170616
46,30518.12,25,717,0.319,49510.17,72,1,1,5.3,10.326108651430928,10.809953579665825,1.6223204443786183,69.0518410041841,9.73392266627171,0.11521739130434783,0.5,1,0,0,1,0,2,Own,Home Improvement,0,0,0.32558075126728836
34,15000.0,32,769,0.32,19466.81,48,2,1,9.5,9.61587214452889,9.876517611300214,1.2977873333333334,25.314447334200263,5.191149333333334,0.27941176470588236,0.3333333333333333,1,0,0,1,0,2,Rent,Vehicle,0,0,0.24108910598023986
46,81332.58,5,700,0.256,68676.49,60,1,0,15.8,11.306314248389516,11.13717676804189,0.8443908947681237,98.10927142857143,4.2219544738406185,0.34347826086956523,0.0,1,0,0,0,0,1,Rent,Debt Consolidation,0,0,0.2838101009974199
45,48846.26,1,675,0.27,34268.11,60,1,1,13.6,10.796453565826175,10.441999644295064,0.7015503336386449,50.76757037037037,3.5077516681932246,0.3022222222222222,0.5,0,0,0,1,0,1,Rent,Medical,1,0,0.40844928456926055
56,33158.51,10,660,0.403,14270.22,72,1,0,1.1,10.409084832300486,9.566000200859923,0.4303637286476382,21.621545454545455,2.582182371885829,0.019642857142857146,0.0,0,1,0,0,0,1,Mortgage,Debt Consolidation,0,0,0.457455031159238
32,52701.19,9,631,0.204,60432.7,84,0,2,10.4,10.872412289643258,11.009302175348209,1.1467046569536663,95.7729001584786,8.026932598675664,0.325,2.0,1,0,0,1,0,2,Mortgage,Debt Consolidation,1,0,0.4273233970806825
58,31238.82,30,619,0.294,34875.7,60,1,1,4.9,10.349448842093233,10.459574263455355,1.1164218110671273,56.34200323101776,5.5821090553356365,0.08448275862068966,0.5,1,0,0,1,0,2,Own,Home Improvement,0,0,0.37189616702008976
66,59200.65,28,661,0.365,17611.78,36,2,4,6.5,10.988704692105312,9.776380053880425,0.2974930173908563,26.64414523449319,0.892479052172569,0.09848484848484848,1.3333333333333333,0,0,0,1,0,1,Mortgage,Debt Consolidation,0,0,0.46160776606116066
68,65750.33,1,639,0.316,24081.53,60,1,1,9.6,11.093635177972308,10.089241960348847,0.3662571731579142,37.686275430359935,1.831285865789571,0.1411764705882353,0.5,0,0,0,1,0,1,Mortgage,Other,0,0,0.48660361143575037
24,50159.19,17,679,0.36,51977.08,84,3,4,6.4,10.822976963178416,10.858577370229712,1.036242411410551,76.54945508100147,7.253696879873857,0.26666666666666666,1.0,1,0,0,1,1,3,Rent,Debt Consolidation,0,0,0.46939901499680114
22,69531.22,31,593,0.232,44505.19,60,1,0,14.5,11.14954552124724,10.703383559604262,0.6400749188637852,75.05091062394604,3.200374594318926,0.6590909090909091,0.0,0,0,1,0,0,1,Mortgage,Debt Consolidation,0,0,0.32525440721714516
52,34879.05,25,608,0.131,16221.42,36,2,2,10.8,10.459670311508127,9.694149515060756,0.46507631371840685,26.67996710526316,1.3952289411552206,0.2076923076923077,0.6666666666666666,0,0,0,1,0,1,Rent,Debt Consolidation,0,0,0.39327703267531516
48,72278.81,30,647,0.067,51474.39,60,1,1,16.1,11.188300116036412,10.848859108360733,0.7121643258930246,79.55856259659969,3.560821629465123,0.3354166666666667,0.5,0,0,0,1,0,1,Mortgage,Home Improvement,0,0,0.2503305020559681
39,15000.0,15,712,0.235,35392.58,60,2,4,9.5,9.61587214452889,10.474285726742687,2.3595053333333333,49.7086797752809,11.797526666666666,0.24358974358974358,1.3333333333333333,1,0,0,1,0,2,Mortgage,Debt Consolidation,1,0,0.3404992661582482
44,64848.35,20,668,0.272,76536.12,36,0,1,7.7,11.079822166564057,11.245531130887391,1.1802323420719263,114.57502994011975,3.5406970262157786,0.17500000000000002,1.0,1,0,0,1,0,2,Mortgage,Other,0,0,0.3054299711653214
32,22212.73,20,621,0.359,80326.24,60,0,0,15.0,10.008465845156035,11.293864070305473,3.616225470709814,129.34982286634462,18.081127353549068,0.46875,0.0,1,0,0,0,0,1,Own,Home Improvement,0,0,0.30890921059369403
32,43965.52,13,707,0.178,29389.79,12,0,3,0.9,10.691183714171231,10.288436638942825,0.6684736129585185,41.569717114568604,0.6684736129585185,0.028125,3.0,0,0,0,1,0,1,Mortgage,Education,0,0,0.23503897284237216
62,25048.36,27,652,0.255,43280.84,12,4,1,3.5,10.128603557284437,10.675488426479891,1.7278911673259245,66.38165644171778,1.7278911673259245,0.056451612903225805,0.2,1,0,0,1,1,3,Rent,Debt Consolidation,0,0,0.47348049135882536
64,47341.25,8,663,0.389,96630.66,12,2,1,13.1,10.76515841045564,11.478661709775738,2.041151427138067,145.74760180995474,2.041151427138067,0.2046875,0.3333333333333333,1,0,0,1,0,2,Mortgage,Debt Consolidation,0,0,0.4481105399194299
66,51719.4,5,587,0.168,28119.86,60,3,2,10.4,10.853607566807936,10.244266928671738,0.5437004296260204,47.90436115843271,2.718502148130102,0.1575757575757576,0.5,0,0,1,1,1,3,Rent,Medical,1,1,0.5771918152663037
67,30671.68,22,679,0.291,99374.27,60,1,1,10.4,10.331127635097054,11.506658568934075,3.2399356670387798,146.3538586156112,16.199678335193898,0.15522388059701492,0.5,1,0,0,1,0,2,Mortgage,Other,0,0,0.45488501673890397
26,72897.84,27,673,0.219,116932.63,60,3,2,15.7,11.196828005661644,11.66936178786699,1.6040616566965498,173.74833580980683,8.020308283482748,0.6038461538461538,0.5,1,0,0,1,1,3,Rent,Education,0,0,0.34967402275392717
39,65396.76,5,586,0.284,58993.71,36,1,2,0.6,11.088243286094194,10.985203057851118,0.9020891860697685,100.67186006825938,2.7062675582093054,0.015384615384615384,1.0,1,0,1,1,0,3,Mortgage,Education,1,1,0.5088293863270555
23,34682.38,11,800,0.177,62106.38,60,0,1,10.7,10.454015888659733,11.036620101440297,1.7907185147040083,77.632975,8.95359257352004,0.4652173913043478,1.0,1,0,0,1,0,2,Mortgage,Education,0,0,0.26342981741484334
57,52326.29,10,765,0.135,34902.78,72,1,0,9.9,10.865273311287265,10.46035041178106,0.6670218737082257,45.62454901960784,4.002131242249354,0.1736842105263158,0.0,0,0,0,0,0,0,Own,Debt Consolidation,0,0,0.19934231787037665
51,33668.33,20,619,0.241,120470.66,84,4,2,8.0,10.424342612937233,11.699169817530121,3.5781596533002973,194.62142164781906,25.04711757310208,0.1568627450980392,0.4,1,0,0,1,1,3,Mortgage,Medical,0,1,0.5664189977907921
22,23755.01,27,811,0.526,20162.65,36,0,1,4.2,10.07559083008195,9.911636757384747,0.8487746374343771,24.861467324291002,2.5463239123031314,0.19090909090909092,1.0,1,1,0,1,0,3,Mortgage,Vehicle,0,0,0.3695281612292949
22,30724.56,12,650,0.129,20729.22,60,2,2,8.1,10.332850160468302,9.9393478180122,0.6746791491887923,31.891107692307695,3.3733957459439616,0.36818181818181817,0.6666666666666666,0,0,0,1,0,1,Mortgage,Education,1,0,0.3513559010576512
60,55082.58,3,733,0.558,130964.7,72,4,0,17.6,10.916606947099337,11.782690735838221,2.377606495556308,178.6694406548431,14.265638973337849,0.29333333333333333,0.0,1,1,0,0,1,3,Mortgage,Vehicle,1,1,0.5445137483681157
37,46711.25,10,826,0.141,37255.68,24,2,1,10.5,10.751761721892878,10.525586536589268,0.7975740319516177,45.10372881355932,1.5951480639032354,0.28378378378378377,0.3333333333333333,1,0,0,1,0,2,Rent,Education,0,0,0.2789202550620896
41,26544.78,5,617,0.089,68519.05,60,4,0,4.6,10.186626068650865,11.134881682151741,2.581262681401014,111.05194489465154,12.90631340700507,0.1121951219512195,0.0,1,0,0,0,1,2,Mortgage,Education,0,0,0.27150444676494434
62,62038.89,25,709,0.231,15583.47,60,4,1,13.4,11.035532844239258,9.654030184565116,0.2511887301658685,21.979506346967558,1.2559436508293427,0.2161290322580645,0.2,0,0,0,1,1,2,Own,Debt Consolidation,0,0,0.2839853257381365
33,34835.48,5,658,0.374,50466.55,48,0,2,9.2,10.458420392567168,10.829085834466705,1.4487111990418964,76.69688449848024,5.7948447961675855,0.27878787878787875,2.0,1,0,0,1,0,2,Mortgage,Medical,0,1,0.5579584925442218
43,28453.48,29,765,0.343,67502.01,60,3,2,4.1,10.256060896401785,11.119927468458993,2.3723639428287857,88.23792156862744,11.861819714143929,0.09534883720930232,0.5,1,0,0,1,1,3,Rent,Vehicle,0,0,0.3525351672103879
46,27908.85,21,679,0.329,48576.12,72,3,2,1.5,10.236734952098153,10.790907917142993,1.7405274670937716,71.54067746686304,10.44316480256263,0.03260869565217391,0.5,1,0,0,1,1,3,Rent,Home Improvement,0,1,0.5132741140044378
34,41652.91,26,667,0.117,83568.39,24,3,1,10.0,10.637150520739787,11.33343258369877,2.0063037612498142,125.289940029985,4.0126075224996285,0.29411764705882354,0.25,1,0,0,1,1,3,Own,Medical,0,0,0.36199452355250117
45,40814.94,13,565,0.146,17910.51,60,2,2,7.2,10.616827970368751,9.793198801941926,0.438822401796989,31.70001769911504,2.194112008984945,0.16,0.6666666666666666,0,0,1,1,0,2,Rent,Education,1,0,0.48162861946063884
50,34829.25,24,673,0.266,112867.25,48,0,1,15.5,10.458241541054644,11.633976488266704,3.2405880115133114,167.70765230312037,12.962352046053246,0.31,1.0,1,0,0,1,0,2,Rent,Debt Consolidation,0,0,0.4318326080789827
61,51835.58,1,800,0.104,43456.79,72,0,1,5.2,10.85585135662767,10.679545401159876,0.8383583245330717,54.3209875,5.03014994719843,0.08524590163934427,1.0,1,0,0,1,0,2,Rent,Home Improvement,1,0,0.2610416343852328
57,37779.87,15,689,0.151,87832.43,60,1,1,11.3,10.539558168847533,11.383197458864098,2.324847332719779,127.47812772133526,11.624236663598895,0.19824561403508772,0.5,1,0,0,1,0,2,Rent,Education,0,0,0.29972360923464725
24,40210.92,26,641,0.067,34859.1,24,0,2,7.9,10.601918748067447,10.459098187687223,0.8669063030639438,54.382371294851794,1.7338126061278876,0.32916666666666666,2.0,1,0,0,1,0,2,Mortgage,Vehicle,0,0,0.25013143933250703
47,34637.65,16,719,0.438,38520.84,84,1,2,10.3,10.452725389630558,10.558980632164799,1.1121089334871157,53.57557719054242,7.7847625344098095,0.21914893617021278,1.0,1,1,0,1,0,3,Mortgage,Home Improvement,1,0,0.49025697145818936
49,15000.0,11,797,0.224,20592.18,72,2,2,8.6,9.61587214452889,9.932715232001412,1.372812,25.837114178168132,8.236872,0.17551020408163265,0.6666666666666666,1,0,0,1,0,2,Own,Other,0,0,0.27846176254328353
36,37280.59,19,782,0.22,30682.23,48,2,2,0.5,10.526254918104625,10.331471530252516,0.8230081659115374,39.23558823529412,3.2920326636461494,0.013888888888888888,0.6666666666666666,1,0,0,1,0,2,Mortgage,Medical,0,0,0.2118074524467674
44,22871.74,18,639,0.651,45623.1,24,0,2,9.4,10.037701087448688,10.728191364662834,1.994736736251811,71.39765258215962,3.989473472503622,0.21363636363636365,2.0,1,1,0,1,0,3,Own,Vehicle,0,1,0.687095692355363
66,31892.99,33,574,0.8,20481.21,60,3,0,1.7,10.370172869769272,9.927311983487812,0.6421853203478256,35.68155052264808,3.210926601739128,0.025757575757575757,0.0,0,1,1,0,1,3,Mortgage,Home Improvement,0,1,0.5271406976288452
34,50631.18,0,797,0.466,28178.1,60,1,3,13.9,10.832342621512813,10.2463358473983,0.5565365057658146,35.35520702634881,2.782682528829073,0.4088235294117647,1.5,0,1,0,1,0,2,Own,Vehicle,0,0,0.3713951570191064
53,30463.59,30,742,0.206,40728.81,60,1,2,11.5,10.3243203045254,10.614715535765386,1.3369668512476698,54.89057951482479,6.684834256238349,0.2169811320754717,1.0,1,0,0,1,0,2,Mortgage,Debt Consolidation,0,0,0.2833697363891041
30,25550.85,30,720,0.526,192194.53,24,1,1,2.1,10.148465000055596,12.166268518223948,7.52204055833759,266.93684722222224,15.04408111667518,0.07,0.5,1,1,0,1,0,3,Mortgage,Debt Consolidation,1,0,0.41515570504569244
25,43093.79,29,718,0.285,29810.77,60,0,0,6.3,10.671157387114528,10.302658560957735,0.6917648691377575,41.519178272980504,3.4588243456887873,0.252,0.0,0,0,0,0,0,0,Own,Debt Consolidation,0,0,0.17863200898065396
42,86691.03,2,696,0.107,9875.27,36,0,4,13.8,11.370117232360926,9.19789018909501,0.11391340026759401,14.188606321839082,0.34174020080278206,0.32857142857142857,4.0,0,0,0,1,0,1,Rent,Vehicle,0,0,0.21137813840177005
62,35720.66,5,644,0.227,19097.5,48,0,1,6.9,10.483512506475009,9.857365076919349,0.5346345784204435,29.654503105590063,2.138538313681774,0.11129032258064517,1.0,0,0,0,1,0,1,Rent,Vehicle,0,0,0.4149678898725572
66,50007.63,24,814,0.218,44447.87,60,1,2,7.9,10.819950869516617,10.702094818796638,0.8888217657985392,54.6042628992629,4.444108828992696,0.1196969696969697,1.0,1,0,0,1,0,2,Rent,Other,0,0,0.18489659080910886
48,66824.96,9,645,0.265,39023.17,36,2,1,3.5,11.109846906784965,10.571936476739776,0.5839609930181776,60.50103875968992,1.7518829790545327,0.07291666666666667,0.3333333333333333,0,0,0,1,0,1,Own,Home Improvement,0,0,0.4582129177160579
51,83032.2,10,719,0.407,22847.55,48,1,0,2.7,11.326995806800062,10.036642936978433,0.27516493601277575,31.77684283727399,1.100659744051103,0.05294117647058824,0.0,0,1,0,0,0,1,Mortgage,Debt Consolidation,0,0,0.31750150172217384
23,32576.82,26,586,0.114,28184.87,36,0,1,4.0,10.39138696770123,10.246576067521987,0.8651817457934814,48.09704778156996,2.595545237380444,0.17391304347826086,1.0,1,0,1,1,0,3,Rent,Other,1,0,0.32358447111817273
35,26160.78,10,561,0.062,18549.59,12,1,2,2.3,10.172054846069784,9.828256873459702,0.7090610448159421,33.065222816399285,0.7090610448159421,0.06571428571428571,1.0,0,0,1,1,0,2,Rent,Vehicle,0,0,0.42059144609626825
67,31742.76,13,697,0.211,15410.15,24,0,3,9.2,10.365451449572149,9.642846552395387,0.4854697575132093,22.10925394548063,0.9709395150264186,0.1373134328358209,3.0,0,0,0,1,0,1,Mortgage,Vehicle,1,0,0.3122951981589373
56,54859.15,24,700,0.224,139362.96,60,2,0,5.9,10.912542498720448,11.84484420729685,2.540377676285542,199.08994285714286,12.701888381427711,0.10535714285714286,0.0,1,0,0,0,0,1,Rent,Other,0,0,0.32221702392398704
64,46968.24,1,655,0.172,24823.65,48,0,0,5.9,10.757248198349364,10.11959239012315,0.5285199104756747,37.898702290076336,2.114079641902699,0.0921875,0.0,0,0,0,0,0,0,Mortgage,Other,0,0,0.29428456685972953
41,35879.3,22,487,0.123,169588.72,36,1,1,5.3,10.487943677341791,12.041137387295338,4.726645168662711,348.2314579055442,14.179935505988134,0.12926829268292683,0.5,1,0,1,1,0,3,Rent,Home Improvement,0,0,0.42522482505134734
50,81806.02,17,664,0.394,47344.55,48,2,2,4.4,11.312118337979497,10.765228113205126,0.5787416378403447,71.30203313253013,2.314966551361379,0.08800000000000001,0.6666666666666666,0,0,0,1,0,1,Rent,Vehicle,0,0,0.37123915769640436
22,41210.42,6,588,0.315,30854.52,60,1,0,11.4,10.626470681395121,10.337070943635357,0.7487067591157771,52.473673469387755,3.7435337955788857,0.5181818181818182,0.0,0,0,1,0,0,1,Rent,Home Improvement,0,0,0.42719923736577137
49,69645.43,16,746,0.431,17504.49,60,1,1,10.4,11.151186721612897,9.770269824999282,0.2513372377771234,23.46446380697051,1.2566861888856171,0.2122448979591837,0.5,0,1,0,1,0,2,Own,Home Improvement,0,0,0.36097566929099484
23,15000.0,27,727,0.35,60593.8,48,3,2,10.2,9.61587214452889,11.011964359794781,4.039586666666667,83.34773039889959,16.158346666666667,0.4434782608695652,0.5,1,0,0,1,1,3,Mortgage,Other,0,0,0.4285581592523736
31,19687.45,0,663,0.306,30601.16,12,1,2,12.6,9.887787448372057,10.328825873684535,1.5543485824725904,46.155595776772245,1.5543485824725904,0.4064516129032258,1.0,1,0,0,1,0,2,Own,Home Improvement,1,0,0.41939116889635586
37,60114.79,25,578,0.268,11637.72,36,2,1,6.0,11.004027814801493,9.362092749603026,0.19359162695236895,20.134463667820068,0.5807748808571068,0.16216216216216217,0.3333333333333333,0,0,1,1,0,2,Rent,Other,0,0,0.4546654128103263
36,45880.95,23,660,0.22,89157.53,24,2,0,15.5,10.733827072519714,11.398171300149892,1.9432363540859552,135.08716666666666,3.8864727081719104,0.4305555555555556,0.0,1,0,0,0,0,1,Rent,Vehicle,0,0,0.2685653521342547
53,28294.67,27,671,0.184,94965.65,84,1,1,7.1,10.250464068391524,11.461281056317699,3.356308803036049,141.52853949329358,23.494161621252342,0.1339622641509434,0.5,1,0,0,1,0,2,Mortgage,Vehicle,1,0,0.36045404223445304
54,17596.71,1,707,0.339,20796.38,60,2,1,8.1,9.775524058924367,9.942582296217127,1.1818334222704132,29.414964639321077,5.909167111352066,0.15,0.3333333333333333,1,0,0,1,0,2,Mortgage,Debt Consolidation,0,0,0.4427734594965752
45,53226.88,9,526,0.224,35206.13,48,1,1,10.7,10.882337598208547,10.469003897892508,0.6614351620835187,66.93180608365019,2.645740648334075,0.23777777777777775,0.5,0,0,1,1,0,2,Own,Other,1,1,0.5956193786196032
43,26100.8,28,676,0.326,125964.85,48,1,2,11.8,10.169759556450014,11.743766117451841,4.826091537424141,186.3385355029586,19.304366149696563,0.2744186046511628,1.0,1,0,0,1,0,2,Own,Debt Consolidation,1,0,0.41770096660856726
63,19008.6,11,716,0.454,58546.09,48,0,1,11.6,9.852699393704023,10.97758666668056,3.07997906210873,81.76828212290502,12.31991624843492,0.1841269841269841,1.0,1,1,0,1,0,3,Mortgage,Vehicle,0,1,0.5570396573724311
25,35050.36,9,687,0.216,65277.51,48,0,2,7.3,10.46456969342181,11.086418164622598,1.8623919982562234,95.0182096069869,7.4495679930248935,0.292,2.0,1,0,0,1,0,2,Own,Other,0,0,0.35398965754246714
54,19924.26,27,701,0.059,19685.82,60,0,2,9.7,9.899743552506779,9.88770465528894,0.9880326797582445,28.082482168330955,4.940163398791222,0.1796296296296296,2.0,1,0,0,1,0,2,Mortgage,Home Improvement,0,0,0.25161549587219234
60,48774.97,34,598,0.342,15975.75,60,0,0,7.2,10.794993052530877,9.678889819411877,0.32753992467858,26.715301003344482,1.6376996233929,0.12000000000000001,0.0,0,0,1,0,0,1,Mortgage,Debt Consolidation,0,0,0.42177482148005185
49,48975.57,2,555,0.481,192872.93,12,2,1,0.5,10.799097299470947,12.169792042015596,3.938145691821453,347.5187927927928,3.938145691821453,0.01020408163265306,0.3333333333333333,1,1,1,1,0,4,Mortgage,Debt Consolidation,1,1,0.5836430870316038
56,41044.81,16,716,0.568,38706.19,60,1,0,0.7,10.622444039025456,10.563780649875094,0.9430227597593948,54.05892458100559,4.715113798796974,0.012499999999999999,0.0,1,1,0,0,0,2,Own,Home Improvement,0,1,0.5325421453182917
25,34142.24,30,677,0.237,40657.69,36,2,2,12.9,10.438319895184586,10.612967868266855,1.1908325288557517,60.05567208271788,3.5724975865672555,0.516,0.6666666666666666,1,0,0,1,0,2,Rent,Home Improvement,0,0,0.3366040289633885
22,36909.9,0,648,0.249,54754.21,24,5,1,11.4,10.51626217936264,10.91062780296869,1.4834559291680551,84.49723765432098,2.9669118583361103,0.5181818181818182,0.16666666666666666,1,0,0,1,1,3,Mortgage,Debt Consolidation,1,0,0.48957868596099247
26,24339.86,7,606,0.385,42396.3,36,4,1,6.4,10.099911698702869,10.654839959947157,1.7418465019930272,69.96089108910891,5.225539505979081,0.24615384615384617,0.2,1,0,0,1,1,3,Rent,Debt Consolidation,0,1,0.6034876005668969
36,38342.41,12,684,0.271,29756.4,60,0,2,12.1,10.554337953698344,10.300833119539035,0.7760701531280897,43.50350877192982,3.8803507656404483,0.3361111111111111,2.0,1,0,0,1,0,2,Mortgage,Education,0,0,0.3806109550529068
31,55731.31,14,753,0.304,30000.92,24,2,1,10.8,10.92831532955204,10.309016658596379,0.5383135619815863,39.841859229747676,1.0766271239631726,0.34838709677419355,0.3333333333333333,0,0,0,1,0,1,Mortgage,Debt Consolidation,0,0,0.2617895650746946
43,39964.47,10,593,0.302,41524.44,72,2,3,2.3,10.595771110281222,10.634061530451849,1.0390339218811109,70.02435075885329,6.234203531286665,0.053488372093023255,1.0,1,0,1,1,0,3,Mortgage,Home Improvement,1,1,0.6147954229384092
22,21827.82,10,750,0.356,56505.62,72,1,1,5.1,9.990986394028962,10.942113078412474,2.58869735960806,75.34082666666667,15.53218415764836,0.2318181818181818,0.5,1,0,0,1,0,2,Own,Debt Consolidation,1,0,0.3431467766577551
56,41114.02,28,680,0.224,9102.35,60,2,1,12.6,10.62412878384535,9.116397756629162,0.2213928484735864,13.385808823529413,1.106964242367932,0.225,0.3333333333333333,0,0,0,1,0,1,Rent,Other,0,0,0.27559270341857
33,41958.19,2,678,0.453,37185.24,48,2,1,11.6,10.644452758224764,10.523694079361025,0.8862450930318967,54.84548672566371,3.5449803721275868,0.3515151515151515,0.3333333333333333,1,1,0,1,0,3,Rent,Debt Consolidation,1,1,0.5986327083946696
30,21016.61,2,586,0.398,13945.98,84,4,1,10.9,9.95311593672955,9.543018276357524,0.6635694338906226,23.798600682593857,4.644986037234358,0.36333333333333334,0.2,0,0,1,1,1,3,Own,Home Improvement,0,1,0.5670752745213452
50,38263.24,30,707,0.13,11327.18,24,4,0,5.9,10.552271057554554,9.335048705637767,0.2960329548673871,16.02147100424328,0.5920659097347742,0.11800000000000001,0.0,0,0,0,0,1,1,Own,Home Improvement,0,0,0.25257382166448106
28,46671.88,14,752,0.204,65848.79,60,2,1,1.2,10.75091854691775,11.095131518100283,1.4108878836678531,87.56488031914893,7.054439418339266,0.04285714285714286,0.3333333333333333,1,0,0,1,0,2,Own,Debt Consolidation,0,0,0.32596161124330886
23,51589.74,26,748,0.333,26268.21,24,1,1,13.7,10.851097478000913,10.176152809901557,0.5091750801612879,35.11792780748663,1.0183501603225757,0.5956521739130435,0.5,0,0,0,1,0,1,Own,Education,0,0,0.21071376968189934
67,40052.55,10,753,0.286,40566.01,60,0,1,10.8,10.597972587769283,10.61071045370637,1.0128196581740738,53.87252324037185,5.064098290870369,0.16119402985074627,1.0,1,0,0,1,0,2,Rent,Debt Consolidation,0,0,0.3636374492815738
69,15000.0,10,807,0.374,12412.09,84,1,0,12.6,9.61587214452889,9.426506839952888,0.8274726666666666,15.380532837670385,5.792308666666666,0.1826086956521739,0.0,1,0,0,0,0,1,Mortgage,Education,0,0,0.31910998279529484
69,41062.68,20,829,0.235,46002.9,84,2,1,2.1,10.622879311495963,10.736481454486086,1.120309244306509,55.49203860072377,7.842164710145563,0.030434782608695653,0.3333333333333333,1,0,0,1,0,2,Rent,Medical,0,0,0.22729289204309672
30,33770.07,8,709,0.186,23577.42,60,3,4,14.9,10.427359797805106,10.068087165909128,0.698175040797961,33.254471086036666,3.490875203989805,0.4966666666666667,1.0,0,0,0,1,1,2,Mortgage,Vehicle,0,0,0.3614293010490993
47,22203.93,21,632,0.089,30353.44,48,2,2,15.7,10.00806961527809,10.320698079033301,1.3670300708027812,48.02759493670886,5.468120283211125,0.33404255319148934,0.6666666666666666,1,0,0,1,0,2,Rent,Debt Consolidation,0,0,0.3204702393118884
43,84388.11,25,782,0.149,25231.88,60,0,0,5.2,11.343193643823145,10.13590318494215,0.2989980460517483,32.26583120204604,1.4949902302587414,0.12093023255813953,0.0,0,0,0,0,0,0,Rent,Home Improvement,0,0,0.10698848538168583
59,51900.95,3,705,0.41,13727.23,36,2,0,11.5,10.857111640702495,9.52720957566665,0.2644889929760438,19.471248226950355,0.7934669789281313,0.19491525423728814,0.0,0,1,0,0,0,1,Own,Medical,0,0,0.3477843164739068
68,27517.07,12,714,0.354,45479.79,36,1,3,8.8,10.222598158774046,10.725045317986257,1.65278461696685,63.69718487394958,4.958353850900551,0.12941176470588237,1.5,1,0,0,1,0,2,Mortgage,Debt Consolidation,0,0,0.462909312389156
23,17061.18,14,557,0.578,35142.17,12,4,3,2.8,9.744619597172692,10.467185568258584,2.0597737085008188,63.0918671454219,2.0597737085008188,0.1217391304347826,0.6,1,1,1,1,1,5,Mortgage,Other,0,1,0.6322635692605023
44,23627.36,28,560,0.251,19053.52,60,1,2,10.3,10.070202964471545,9.855059622751899,0.8064176446289386,34.024142857142856,4.032088223144693,0.2340909090909091,1.0,1,0,1,1,0,3,Mortgage,Debt Consolidation,0,0,0.4102306273776769
60,44880.6,34,679,0.306,68077.29,60,3,0,13.0,10.711783190184995,11.128413645422993,1.5168533843130438,100.26110456553755,7.584266921565219,0.21666666666666667,0.0,1,0,0,0,1,2,Mortgage,Other,0,0,0.3715615867852392
60,24360.66,30,662,0.163,100136.42,60,0,1,0.5,10.100765864001282,11.514298721621543,4.110579105820614,151.2634743202417,20.55289552910307,0.008333333333333333,1.0,1,0,0,1,0,2,Mortgage,Debt Consolidation,0,0,0.3836100943498098
45,52296.06,6,745,0.537,75572.19,60,1,4,21.0,10.8646954343238,11.232856869642037,1.4450838170217795,101.4391812080537,7.225419085108897,0.4666666666666667,2.0,1,1,0,1,0,3,Own,Other,0,0,0.4761318534388792
50,31143.84,13,627,0.283,78089.11,60,0,1,14.8,10.346403860413853,11.265618695286795,2.507369354581837,124.5440350877193,12.536846772909184,0.29600000000000004,1.0,1,0,0,1,0,2,Rent,Vehicle,1,0,0.4304843088999902
51,28902.91,20,608,0.214,18714.91,36,1,0,3.9,10.271732159066747,9.837129243254733,0.6475095414267975,30.781101973684212,1.9425286242803925,0.07647058823529411,0.0,0,0,0,0,0,0,Mortgage,Education,0,0,0.2746257774128663
41,40797.37,14,588,0.56,48402.97,84,0,2,1.8,10.6163974086138,10.787337114134262,1.1864237817290673,82.31797619047619,8.304966472103471,0.04390243902439025,2.0,1,1,1,1,0,4,Mortgage,Debt Consolidation,0,1,0.6176735555706381
33,31060.95,27,657,0.248,35605.2,72,0,0,16.8,10.343738876444803,10.48027505897987,1.1463010629101813,54.19360730593607,6.877806377461088,0.5090909090909091,0.0,1,0,0,0,0,1,Mortgage,Home Improvement,0,0,0.21234935391645432
69,45776.6,21,776,0.22,31295.97,60,1,1,11.2,10.731550167492758,10.351276566730506,0.6836674195986596,40.329858247422685,3.418337097993298,0.16231884057971013,0.5,0,0,0,1,0,1,Rent,Debt Consolidation,1,0,0.1889691334442953
48,37265.13,19,850,0.175,21687.28,48,0,1,8.4,10.525840150215771,9.984527301460343,0.5819724766826253,25.514447058823528,2.3278899067305012,0.17500000000000002,1.0,0,0,0,1,0,1,Rent,Vehicle,0,0,0.13722821940898167
46,35086.42,5,696,0.161,37531.84,24,2,0,12.6,10.46559794065329,10.532971562061123,1.069697050881794,53.92505747126436,2.139394101763588,0.27391304347826084,0.0,1,0,0,0,0,1,Mortgage,Home Improvement,0,0,0.30415737821819877
46,56878.25,8,672,0.188,115151.46,72,2,1,5.5,10.948685878736182,11.65401226845963,2.0245253677811816,171.35633928571428,12.147152206687089,0.11956521739130435,0.3333333333333333,1,0,0,1,0,2,Mortgage,Home Improvement,1,0,0.3287473279963295
67,38719.92,8,558,0.698,6239.65,60,0,1,7.7,10.564135301438819,8.73883962260517,0.16114831848826133,11.182168458781362,0.8057415924413067,0.11492537313432837,1.0,0,1,1,1,0,3,Mortgage,Debt Consolidation,1,1,0.5225583353510754
21,48141.55,25,643,0.359,19178.78,24,0,2,12.7,10.781921680436875,9.861611878090102,0.39838310149964007,29.827029548989113,0.7967662029992801,0.6047619047619047,2.0,0,0,0,1,0,1,Rent,Debt Consolidation,0,0,0.26837783509328894
36,30456.4,30,716,0.533,46645.45,72,1,1,4.6,10.324084264959609,10.7503521047732,1.5315483773525431,65.14727653631284,9.18929026411526,0.12777777777777777,0.5,1,1,0,1,0,3,Mortgage,Debt Consolidation,0,1,0.5472145875725689
50,32714.89,31,716,0.191,6468.47,60,1,0,10.2,10.395616171579986,8.774849467601737,0.19772250495110943,9.034175977653632,0.9886125247555472,0.204,0.0,0,0,0,0,0,0,Own,Vehicle,0,0,0.1471984862824844
37,25060.45,25,653,0.394,149112.07,60,0,3,11.2,10.12908608790945,11.912460156200046,5.950095469155582,228.3492649310873,29.75047734577791,0.30270270270270266,3.0,1,0,0,1,0,2,Rent,Debt Consolidation,1,0,0.4903561600692627
37,34393.48,7,696,0.117,57960.86,60,2,2,9.4,10.445651365369306,10.967540487017018,1.6852281304479801,83.27709770114943,8.426140652239901,0.25405405405405407,0.6666666666666666,1,0,0,1,0,2,Rent,Debt Consolidation,0,0,0.3787593736164621
40,32861.69,5,623,0.301,12910.02,60,0,0,9.9,10.400093250687455,9.465836489240207,0.39285928386519375,20.722343499197432,1.9642964193259687,0.2475,0.0,0,0,0,0,0,0,Mortgage,Vehicle,0,0,0.37665572369930883
56,80006.77,26,750,0.3,11556.84,60,2,0,8.5,11.289879033939691,9.355119273556433,0.14444827606463803,15.40912,0.7222413803231902,0.15178571428571427,0.0,0,0,0,0,0,0,Mortgage,Vehicle,0,0,0.28658043832259383
43,34526.57,8,589,0.073,40658.29,36,0,1,3.3,10.449513414319517,10.612982625150881,1.1775942411887426,69.02935483870968,3.5327827235662275,0.07674418604651162,1.0,1,0,1,1,0,3,Rent,Medical,1,0,0.3571566987734748
55,67054.41,8,655,0.308,10503.64,60,1,2,7.5,11.113274571510063,9.259572343296366,0.15664353768827433,16.036091603053436,0.7832176884413716,0.13636363636363635,1.0,0,0,0,1,0,1,Mortgage,Medical,0,0,0.35375006105649814
54,52245.26,24,715,0.304,53381.13,60,1,0,10.7,10.863723588317795,10.885231324747666,1.0217411110596444,74.65892307692307,5.108705555298222,0.19814814814814813,0.0,1,0,0,0,0,1,Mortgage,Education,0,0,0.21185577931140118
45,61038.11,22,672,0.379,34147.86,60,1,3,0.5,11.019270085249158,10.438484482304112,0.5594514640115823,50.81526785714286,2.7972573200579114,0.011111111111111112,1.5,0,0,0,1,0,1,Own,Education,0,0,0.31486762192006634
43,48845.44,13,687,0.205,68616.3,84,3,2,10.3,10.79643677866385,11.136299968509205,1.40476367906605,99.87816593886463,9.83334575346235,0.23953488372093024,0.5,1,0,0,1,1,3,Rent,Vehicle,0,0,0.34355040651779506
58,48491.75,9,743,0.171,27146.35,60,1,2,0.5,10.789169581215566,10.20903471470513,0.5598137827568607,36.536137281292056,2.7990689137843034,0.008620689655172414,1.0,0,0,0,1,0,1,Mortgage,Other,1,0,0.19171215110662473
56,28926.12,4,581,0.274,33751.56,36,2,3,7.7,10.272534842375212,10.426811545275921,1.166819469738769,58.09218588640275,3.500458409216307,0.1375,1.0,1,0,1,1,0,3,Own,Debt Consolidation,0,1,0.6329983156699787
23,15000.0,7,741,0.306,132797.48,24,3,2,11.7,9.61587214452889,11.796588070175835,8.853165333333335,179.21387314439949,17.70633066666667,0.508695652173913,0.5,1,0,0,1,1,3,Own,Education,1,1,0.5083576932604432
24,20607.11,4,760,0.078,49969.8,48,2,3,3.0,9.933439966622753,10.819194113815861,2.4248815093431344,65.74973684210526,9.699526037372538,0.125,1.0,1,0,0,1,0,2,Own,Other,0,0,0.3099607287717125
23,21683.44,26,712,0.497,12902.76,60,1,4,5.4,9.9843502316335,9.465274020748016,0.595051338717473,18.12185393258427,2.9752566935873648,0.23478260869565218,2.0,0,1,0,1,0,2,Rent,Medical,1,1,0.5130772827212075
43,26821.11,25,732,0.31,19276.56,24,2,0,4.6,10.196981826373504,9.86669700413905,0.7187085098267746,26.33409836065574,1.4374170196535492,0.10697674418604651,0.0,0,0,0,0,0,0,Own,Vehicle,0,0,0.2849308840869513
25,21780.07,19,645,0.258,24214.62,24,2,1,5.2,9.988796522920266,10.094753158474038,1.1117787959359176,37.5420465116279,2.223557591871835,0.20800000000000002,0.3333333333333333,1,0,0,1,0,2,Mortgage,Debt Consolidation,0,0,0.3733428653648258
24,33751.49,24,628,0.399,8865.81,48,4,2,2.0,10.426809471357007,9.090070371384556,0.26267906987217454,14.117531847133757,1.0507162794886982,0.08333333333333333,0.4,0,0,0,1,1,2,Mortgage,Vehicle,0,0,0.4584412898679549
45,29830.56,27,761,0.074,39976.67,72,1,2,15.6,10.303322172487348,10.596076327216526,1.3401246909209883,52.531760840998686,8.04074814552593,0.3466666666666667,1.0,1,0,0,1,0,2,Own,Other,0,0,0.23330951829151958
45,21447.15,7,591,0.345,30785.82,60,0,2,7.0,9.973393673550422,10.334841955298963,1.4354270847175499,52.09106598984771,7.17713542358775,0.15555555555555556,2.0,1,0,1,1,0,3,Rent,Debt Consolidation,0,1,0.5306916585482301
62,56868.86,20,690,0.21,61505.91,36,2,1,8.0,10.948520778542935,11.02690480520653,1.0815393521164307,89.13900000000001,3.2446180563492923,0.12903225806451613,0.3333333333333333,1,0,0,1,0,2,Rent,Home Improvement,0,0,0.34541233800504095
37,38885.43,18,769,0.546,74805.76,36,2,1,9.0,10.568400625558938,11.222663534210605,1.9237477893390917,97.27667100130039,5.771243368017275,0.24324324324324326,0.3333333333333333,1,1,0,1,0,3,Rent,Education,0,0,0.4963403633962277
67,50746.44,17,676,0.352,8490.97,60,1,1,21.3,10.834616452281972,9.046876290080213,0.16732149092626003,12.560606508875738,0.8366074546313002,0.31791044776119404,0.5,0,0,0,1,0,1,Rent,Debt Consolidation,1,0,0.2571312791316208
36,77583.18,16,717,0.201,78593.17,36,2,1,12.8,11.259118819408435,11.272052802638353,1.0130181567705785,109.61390516039052,3.0390544703117355,0.35555555555555557,0.3333333333333333,1,0,0,1,0,2,Own,Debt Consolidation,0,0,0.23104290839075062
29,15000.0,5,622,0.317,29565.65,48,3,1,8.9,9.61587214452889,10.294402315931544,1.9710433333333335,47.53319935691319,7.884173333333334,0.30689655172413793,0.25,1,0,0,1,1,3,Mortgage,Vehicle,0,0,0.4482286889693299
66,47040.68,20,621,0.212,62141.31,84,1,1,10.2,10.758789296220483,11.037182356379047,1.3210121537358728,100.06652173913044,9.247085076151109,0.15454545454545454,0.5,1,0,0,1,0,2,Rent,Education,0,0,0.43473014966430507
26,63388.97,25,773,0.249,19986.21,48,3,0,6.6,11.057060926017334,9.902847847968784,0.31529475869382323,25.855381630012936,1.261179034775293,0.25384615384615383,0.0,0,0,0,0,1,1,Rent,Vehicle,0,0,0.21680641852380242
60,38097.29,19,614,0.304,39076.9,36,1,3,16.6,10.547924678217806,10.573312368786587,1.0257133775132037,63.643159609120524,3.0771401325396113,0.27666666666666667,1.5,1,0,0,1,0,2,Rent,Debt Consolidation,0,1,0.504120579453354
23,22554.55,5,791,0.16,22594.94,60,2,1,17.9,10.023736434382256,10.025525523104399,1.00179076948997,28.565031605562577,5.00895384744985,0.7782608695652173,0.3333333333333333,1,0,0,1,0,2,Rent,Debt Consolidation,0,0,0.30066997705178106
50,24018.21,32,674,0.232,83521.1,12,1,0,11.1,10.08660920583416,11.33286654647853,3.4774073505061374,123.9185459940653,3.4774073505061374,0.222,0.0,1,0,0,0,0,1,Own,Education,0,0,0.2896873953271222
69,59524.92,21,637,0.67,61977.25,72,0,1,9.0,10.994167126926511,11.034538796028638,1.0411983754031084,97.29552590266876,6.247190252418651,0.13043478260869565,1.0,1,1,0,1,0,3,Mortgage,Debt Consolidation,1,1,0.5909042037694031
53,32316.55,7,648,0.355,58595.93,36,2,0,8.4,10.383365705306284,10.97843758511425,1.813186432338848,90.42581790123457,5.439559297016544,0.15849056603773587,0.0,1,0,0,0,0,1,Own,Vehicle,0,0,0.3933307420461948
39,21503.52,16,633,0.24,16786.17,60,1,1,11.4,9.976018424578125,9.728370183155036,0.7806242884885822,26.518436018957342,3.9031214424429113,0.2923076923076923,0.5,1,0,0,1,0,2,Mortgage,Debt Consolidation,0,0,0.3870257396446762
32,37369.41,12,672,0.274,45128.45,72,1,0,5.7,10.528634493786752,10.717290305731495,1.207630786785234,67.15543154761905,7.245784720711404,0.178125,0.0,1,0,0,0,0,1,Mortgage,Vehicle,0,0,0.2493499010524349
22,35245.75,32,670,0.086,52627.82,60,1,4,5.3,10.470128605408304,10.871019157423857,1.4931678287453096,78.54898507462687,7.465839143726548,0.2409090909090909,2.0,1,0,0,1,0,2,Mortgage,Other,0,0,0.32398186903483456
26,34149.01,0,591,0.037,46848.75,60,2,1,11.1,10.438518157824662,10.754700951473035,1.3718918937913573,79.27030456852792,6.8594594689567865,0.4269230769230769,0.3333333333333333,1,0,1,1,0,3,Rent,Education,0,0,0.3456529594114671
59,18371.19,7,687,0.123,29433.49,36,0,3,4.6,9.818593387216723,10.289922395000046,1.6021547869245272,42.84350800582242,4.806464360773582,0.07796610169491525,3.0,1,0,0,1,0,2,Mortgage,Vehicle,0,0,0.2977733301265724
25,39538.53,32,689,0.182,41553.73,60,0,1,6.0,10.585056209956944,10.634766632552951,1.0509680051332209,60.31020319303339,5.2548400256661045,0.24,1.0,1,0,0,1,0,2,Rent,Debt Consolidation,0,0,0.30320688523101036
32,21222.4,6,672,0.455,82557.46,24,1,0,17.4,9.962859625534824,11.321261927440643,3.8901095069360676,122.85336309523811,7.780219013872135,0.54375,0.0,1,1,0,0,0,2,Own,Medical,1,1,0.5258733322694074
40,83677.08,17,848,0.407,34538.12,36,0,1,17.7,11.334732334484851,10.449847873669102,0.41275484278371094,40.72891509433963,1.2382645283511329,0.4425,1.0,0,1,0,1,0,2,Own,Other,0,0,0.36279888550679185
56,80888.89,33,737,0.288,23815.69,60,2,2,13.1,11.300844126139644,10.078141874395511,0.2944247349666932,32.31436906377205,1.4721236748334658,0.23392857142857143,0.6666666666666666,0,0,0,1,0,1,Mortgage,Home Improvement,0,0,0.31426176978483233
64,20892.54,2,704,0.746,12097.05,36,1,4,3.7,9.94719529926537,9.40079956157285,0.5790128916828685,17.18330965909091,1.7370386750486055,0.0578125,2.0,0,1,0,1,0,2,Own,Medical,1,1,0.5543855511883464
25,50703.07,22,714,0.229,114933.82,36,4,2,5.2,10.83376146249144,11.652120464054711,2.266801990490911,160.97173669467787,6.800405971472733,0.20800000000000002,0.4,1,0,0,1,1,3,Rent,Debt Consolidation,1,0,0.3900292159611726
38,21067.82,26,677,0.282,45189.65,72,1,1,12.6,9.955549501433095,10.718645486015092,2.1449608929637716,66.74985228951256,12.86976535778263,0.33157894736842103,0.5,1,0,0,1,0,2,Mortgage,Debt Consolidation,0,0,0.3028524082496248
52,46843.29,25,708,0.169,36423.19,24,0,3,0.8,10.754584401903688,10.502988393341887,0.7775540530991739,51.44518361581921,1.5551081061983478,0.015384615384615385,3.0,1,0,0,1,0,2,Mortgage,Debt Consolidation,0,0,0.2657237675649503
58,18456.24,11,667,0.376,18858.06,60,1,2,5.7,9.82321198441937,9.844748714012155,1.0217714984200466,28.27295352323838,5.108857492100233,0.09827586206896552,1.0,1,0,0,1,0,2,Rent,Home Improvement,0,0,0.4292210383708824
53,19108.56,33,629,0.135,100847.73,36,4,2,7.4,9.857944012374796,11.521376950343225,5.277620605634333,160.33025437201908,15.832861816902998,0.13962264150943396,0.4,1,0,0,1,1,3,Mortgage,Home Improvement,1,0,0.38322579702494397
24,50674.16,16,698,0.609,45278.53,60,0,3,4.3,10.833191128690649,10.720610332964537,0.8935230500120771,64.86895415472779,4.467615250060385,0.17916666666666667,3.0,1,1,0,1,0,3,Own,Debt Consolidation,0,1,0.5497407310236896
25,47246.5,19,621,0.609,24475.27,60,4,1,12.3,10.763155021469192,10.105459355735839,0.5180335051273639,39.4126731078905,2.5901675256368195,0.49200000000000005,0.2,0,1,0,1,1,3,Mortgage,Debt Consolidation,1,1,0.6540997206394621
26,95430.93,26,708,0.258,32072.75,12,2,1,8.4,11.466168497454932,10.375793217563102,0.33608338512471797,45.300494350282484,0.33608338512471797,0.3230769230769231,0.3333333333333333,0,0,0,1,0,1,Rent,Other,0,0,0.2533465748238861
31,23604.75,15,649,0.333,73403.49,12,1,0,9.3,10.069245605405102,11.203740384393823,3.1096914815873924,113.1024499229584,3.1096914815873924,0.30000000000000004,0.0,1,0,0,0,0,1,Mortgage,Debt Consolidation,0,0,0.37853049216686324
58,72498.39,8,537,0.304,46847.11,60,0,4,10.5,11.191333427014266,10.754665945337353,0.6461813841659104,87.23856610800745,3.230906920829552,0.1810344827586207,4.0,0,0,1,1,0,2,Own,Education,0,0,0.47857802527519
45,29620.12,12,686,0.012,94019.57,60,1,2,9.0,10.296242899395917,11.45126886709963,3.1741792403271836,137.05476676384842,15.870896201635919,0.2,1.0,1,0,0,1,0,2,Rent,Home Improvement,1,0,0.3698856068481167
28,28062.22,18,701,0.453,84821.79,36,1,1,17.1,10.242215101171064,11.348319535673182,3.0226329207026383,121.00112696148359,9.067898762107916,0.6107142857142858,0.5,1,1,0,1,0,3,Rent,Vehicle,0,1,0.5890158627983932
29,24515.1,28,601,0.171,27598.6,24,1,0,4.4,10.10708532356614,10.225556558846597,1.1257796215393778,45.92113144758735,2.2515592430787557,0.1517241379310345,0.0,1,0,0,0,0,1,Mortgage,Other,0,0,0.261100207079469
39,30278.89,4,772,0.316,84669.42,60,1,1,4.5,10.318239074783888,11.346521587058648,2.7963184911996444,109.67541450777202,13.981592455998221,0.11538461538461539,0.5,1,0,0,1,0,2,Rent,Home Improvement,0,0,0.3893876630613793
37,21798.28,13,704,0.268,28782.99,60,2,2,2.5,9.989632220708824,10.267574608775023,1.3204248225089321,40.88492897727273,6.602124112544661,0.06756756756756757,0.6666666666666666,1,0,0,1,0,2,Rent,Debt Consolidation,0,0,0.3723710286173731
57,43176.11,28,800,0.162,44256.5,60,1,1,3.6,10.673065772695086,10.697780127599433,1.0250228656541778,55.320625,5.125114328270889,0.06315789473684211,0.5,1,0,0,1,0,2,Rent,Home Improvement,0,0,0.15342109938171083
33,59679.52,19,578,0.676,50582.42,36,3,1,6.3,10.996760947976412,10.831379133596483,0.8475674737330328,87.51283737024221,2.542702421199098,0.19090909090909092,0.25,1,1,1,1,1,5,Own,Debt Consolidation,1,1,0.656007547040226
28,61204.34,17,746,0.341,134958.6,36,0,4,12.3,11.02198971959589,11.81273075337432,2.2050495111947948,180.90965147453085,6.615148533584384,0.43928571428571433,4.0,1,0,0,1,0,2,Rent,Debt Consolidation,1,0,0.3845603565643265
45,37524.03,11,695,0.146,24669.73,60,4,0,10.9,10.532763455968364,10.113372799681475,0.6574381802807427,35.49601438848921,3.2871909014037137,0.24222222222222223,0.0,0,0,0,0,1,1,Rent,Education,1,0,0.35187052734294116
46,50816.15,5,645,0.165,152716.17,60,3,2,6.8,10.835989175018245,11.936342927583619,3.005268403844054,236.76925581395352,15.02634201922027,0.14782608695652175,0.5,1,0,0,1,1,3,Own,Vehicle,0,0,0.4237147719615422
58,54082.74,3,793,0.251,24075.54,60,1,1,8.8,10.898288865130358,10.088993201391048,0.4451612473776292,30.360075662042878,2.225806236888146,0.1517241379310345,0.5,0,0,0,1,0,1,Mortgage,Medical,0,0,0.26505714924178403
61,40653.21,2,679,0.658,23800.39,48,3,1,9.5,10.612857676648932,10.0774992613155,0.5854492179092377,35.05212076583211,2.3417968716369506,0.1557377049180328,0.25,0,1,0,1,1,3,Own,Home Improvement,0,1,0.6237586843844012
52,34001.91,23,690,0.041,15878.8,36,3,3,11.5,10.434201388171129,9.672803140263378,0.46699729515194877,23.012753623188406,1.4009918854558463,0.22115384615384615,0.75,0,0,0,1,1,2,Mortgage,Vehicle,0,0,0.3110421212302943
34,26607.23,12,664,0.177,37676.01,60,2,1,19.3,10.188975845412187,10.536805373100114,1.4160064764351645,56.74097891566265,7.080032382175823,0.5676470588235294,0.3333333333333333,1,0,0,1,0,2,Mortgage,Home Improvement,0,0,0.39734383093110265
29,15024.82,24,666,0.304,36928.07,36,2,4,7.1,9.617525333621364,10.516754324751288,2.457804486176873,55.44755255255255,7.373413458530619,0.24482758620689654,1.3333333333333333,1,0,0,1,0,2,Mortgage,Vehicle,0,0,0.3314471108521309
21,19412.78,31,707,0.296,20542.07,36,0,3,14.9,9.87373840217953,9.93027893677344,1.0581725028563658,29.055261669024045,3.1745175085690973,0.7095238095238096,3.0,1,0,0,1,0,2,Rent,Debt Consolidation,1,0,0.33268556943831146
60,24594.51,3,719,0.181,44567.86,12,4,1,12.1,10.110319184936388,10.70479068787061,1.8121060350460327,61.985897079276775,1.8121060350460327,0.20166666666666666,0.2,1,0,0,1,1,3,Rent,Vehicle,0,0,0.414422397345847
58,22839.17,22,743,0.343,123862.34,36,2,1,6.6,10.036276106824559,11.726934140057752,5.4232417377689295,166.70570659488558,16.26972521330679,0.11379310344827585,0.3333333333333333,1,0,0,1,0,2,Rent,Debt Consolidation,0,0,0.3310460091740538
55,41597.7,2,674,0.187,41019.34,60,1,2,17.1,10.635824195761064,10.621823320231709,0.9860963466730132,60.85955489614243,4.930481733365066,0.3109090909090909,1.0,1,0,0,1,0,2,Rent,Medical,1,1,0.5089912229548456
31,15765.85,25,664,0.348,45128.82,60,1,2,3.2,9.665664913651288,10.717298504335362,2.8624412892422546,67.96509036144579,14.312206446211274,0.1032258064516129,1.0,1,0,0,1,0,2,Mortgage,Other,0,0,0.35862662947718554
49,22616.14,25,673,0.185,118070.24,12,1,2,0.5,10.0264633048947,11.679043450090438,5.220618549407636,175.4386924219911,5.220618549407636,0.01020408163265306,1.0,1,0,0,1,0,2,Mortgage,Home Improvement,0,0,0.33627301223590306
63,27409.43,0,732,0.323,25849.39,72,2,1,3.0,10.218678876878998,10.160080966863386,0.9430838218817392,35.31337431693989,5.658502931290435,0.047619047619047616,0.3333333333333333,1,0,0,1,0,2,Mortgage,Debt Consolidation,0,0,0.4048050337968851
32,69849.12,5,587,0.263,22769.78,72,5,1,7.4,11.154107082650704,10.03323341407055,0.3259852092624789,38.790085178875636,1.9559112555748737,0.23125,0.16666666666666666,0,0,1,1,1,3,Rent,Home Improvement,1,1,0.5097752848924682
63,35059.05,6,721,0.11,21464.32,48,1,2,4.2,10.46481758460085,9.97419388853729,0.6122333605730902,29.7702080443828,2.4489334422923608,0.06666666666666667,1.0,0,0,0,1,0,1,Rent,Vehicle,0,0,0.30082671631753655
38,26194.48,16,643,0.333,13908.27,72,2,2,4.9,10.17334215578209,9.540310803310303,0.5309618667749847,21.630279937791602,3.185771200649908,0.12894736842105264,0.6666666666666666,0,0,0,1,0,1,Rent,Debt Consolidation,1,0,0.481786074244627
56,28478.4,25,657,0.057,18867.74,48,2,0,11.9,10.256936297888261,9.845261863478195,0.6625280914658127,28.718021308980216,2.650112365863251,0.2125,0.0,0,0,0,0,0,0,Mortgage,Debt Consolidation,1,0,0.21284563379043367
32,32479.87,27,525,0.606,39871.83,24,0,0,13.2,10.38840657963117,10.593450418543625,1.2275858862735596,75.94634285714287,2.455171772547119,0.4125,0.0,1,1,1,0,0,3,Rent,Debt Consolidation,0,1,0.613255296960794
58,47165.07,18,705,0.235,30849.83,36,7,2,0.5,10.761430057140627,10.336918933347631,0.6540821417205572,43.75862411347518,1.9622464251616716,0.008620689655172414,0.25,0,0,0,1,1,2,Own,Education,0,0,0.40536497654780485
41,27917.13,10,672,0.238,40862.12,72,3,1,0.5,10.23703157755588,10.61798322375309,1.4636934384014404,60.8067261904762,8.782160630408642,0.012195121951219513,0.25,1,0,0,1,1,3,Rent,Debt Consolidation,1,0,0.48053230007676234
45,31179.31,15,655,0.417,28714.8,72,2,3,2.5,10.34754208483303,10.265202772913797,0.9209568781348914,43.8393893129771,5.525741268809348,0.05555555555555555,1.0,1,1,0,1,0,3,Own,Vehicle,1,0,0.4977734249109262
24,26766.57,14,796,0.052,42807.59,24,1,0,8.3,10.194946359140616,10.66449406236673,1.5992930734120956,53.77837939698492,3.198586146824191,0.3458333333333334,0.0,1,0,0,0,0,1,Rent,Debt Consolidation,0,0,0.17190710656446556
27,60284.48,14,663,0.214,23152.44,48,3,2,8.8,11.00684655769936,10.049898644587383,0.3840530763473451,34.92072398190045,1.5362123053893804,0.32592592592592595,0.5,0,0,0,1,1,2,Mortgage,Education,0,0,0.45370206401334134
28,33833.24,30,627,0.1,12365.59,48,0,3,7.3,10.429228586466365,9.422753760447284,0.36548642695763106,19.7218341307815,1.4619457078305242,0.26071428571428573,3.0,0,0,0,1,0,1,Mortgage,Education,1,0,0.2739652628463132
21,71686.64,21,703,0.172,17805.1,48,3,2,9.8,11.180073626790483,9.787296374202311,0.24837403454813894,25.327311522048362,0.9934961381925558,0.4666666666666667,0.5,0,0,0,1,1,2,Mortgage,Home Improvement,1,0,0.2294067747603772
32,34806.66,27,792,0.266,29716.44,48,1,2,6.3,10.457592756483354,10.299489357840375,0.8537572981722462,37.52075757575757,3.415029192688985,0.196875,1.0,1,0,0,1,0,2,Rent,Vehicle,0,0,0.1438935065225667
52,52524.54,23,681,0.04,11588.27,36,6,2,10.4,10.869054806479012,9.357834949017954,0.2206258255664876,17.01654919236417,0.6618774766994628,0.2,0.2857142857142857,0,0,0,1,1,2,Own,Debt Consolidation,0,0,0.27224732001190227
68,35512.49,8,748,0.056,50908.75,84,1,1,15.3,10.477667903281793,10.837809736257729,1.4335449302484844,68.05982620320856,10.034814511739391,0.225,0.5,1,0,0,1,0,2,Rent,Education,0,0,0.3796237925763371
45,53815.75,12,743,0.333,12223.91,36,2,0,8.7,10.89334003598413,9.411230952352783,0.22714372651129083,16.452099596231495,0.6814311795338726,0.19333333333333333,0.0,0,0,0,0,0,0,Rent,Education,0,0,0.2566240296138204
53,38566.15,2,731,0.345,58233.81,60,1,3,13.2,10.560156156846537,10.97223856488869,1.509972086920784,79.6632147742818,7.54986043460392,0.2490566037735849,1.5,1,0,0,1,0,2,Rent,Debt Consolidation,0,1,0.5236064951955871
39,59288.74,8,723,0.299,18889.8,60,2,0,9.7,10.990191551466634,9.846430310048774,0.31860687206373417,26.126970954356846,1.5930343603186707,0.2487179487179487,0.0,0,0,0,0,0,0,Own,Education,0,0,0.3152169597532323
64,31273.41,6,645,0.379,8975.82,60,0,3,6.7,10.350555470249093,9.102400978313597,0.2870112341442778,13.916,1.4350561707213891,0.1046875,3.0,0,0,0,1,0,1,Mortgage,Home Improvement,1,0,0.38499615383019653
33,37248.95,29,717,0.628,14797.89,36,1,2,2.8,10.525405881524925,9.602307456939565,0.3972699901607965,20.638619246861925,1.1918099704823895,0.08484848484848484,1.0,0,1,0,1,0,2,Mortgage,Home Improvement,0,0,0.42143998876133326
69,20321.68,24,679,0.366,21079.29,36,4,2,13.3,9.919492782759507,9.95609375967642,1.0372808744158948,31.04460972017673,3.1118426232476843,0.1927536231884058,0.4,1,0,0,1,1,3,Own,Medical,0,0,0.4753198353375472
56,15000.0,1,689,0.21,11172.43,36,1,0,2.3,9.61587214452889,9.321293917441798,0.7448286666666667,16.215428156748914,2.234486,0.04107142857142857,0.0,0,0,0,0,0,0,Rent,Debt Consolidation,0,0,0.4142302548204571
50,43775.23,32,560,0.227,100589.29,24,0,1,6.3,10.686846254988888,11.518811011114584,2.297858629183673,179.62373214285714,4.595717258367346,0.126,1.0,1,0,1,1,0,3,Rent,Debt Consolidation,1,1,0.5084769701479201
65,43058.34,12,623,0.392,63523.69,60,0,1,10.0,10.670334443350818,11.059183928207942,1.4752935203725923,101.96418940609952,7.376467601862961,0.15384615384615385,1.0,1,0,0,1,0,2,Mortgage,Vehicle,0,1,0.5614017276618529
63,46693.46,27,697,0.108,20710.86,12,1,3,10.6,10.751380807069626,9.938461762041978,0.4435494820902114,29.71428981348637,0.4435494820902114,0.16825396825396824,1.5,0,0,0,1,0,1,Mortgage,Debt Consolidation,0,0,0.2719327032937783
25,21702.66,20,677,0.253,68984.21,36,2,0,2.3,9.985236188900917,11.14164741277753,3.178606216933777,101.89691285081241,9.535818650801332,0.092,0.0,1,0,0,0,0,1,Mortgage,Home Improvement,0,0,0.3306943514427483
42,16728.84,5,576,0.189,21530.89,60,0,0,12.5,9.724949230277039,9.977290370992339,1.2870521805456923,37.38001736111111,6.435260902728461,0.2976190476190476,0.0,1,0,1,0,0,2,Mortgage,Debt Consolidation,0,0,0.3214373921238801
51,57677.81,16,619,0.733,12449.74,48,4,3,0.5,10.962645140678045,9.429535337877505,0.2158497349327237,20.112665589660743,0.8633989397308948,0.00980392156862745,0.6,0,1,0,1,1,3,Mortgage,Home Improvement,1,1,0.5012311635471767
54,30031.37,23,666,0.197,39711.6,36,3,2,4.2,10.310031078942192,10.589423796673437,1.3223372759884082,59.627027027027026,3.9670118279652247,0.07777777777777778,0.5,1,0,0,1,1,3,Own,Vehicle,0,0,0.4360781098966365
47,42969.19,4,768,0.215,62024.54,36,3,2,8.5,10.668261898448817,11.035301514688971,1.4434654225504366,80.76111979166667,4.3303962676513095,0.18085106382978725,0.5,1,0,0,1,1,3,Mortgage,Education,0,0,0.3715511458772991
62,46769.39,26,681,0.114,18191.39,24,2,0,18.2,10.753005589363806,9.80875865375525,0.38895931719442994,26.712760646108663,0.7779186343888599,0.29354838709677417,0.0,0,0,0,0,0,0,Mortgage,Debt Consolidation,0,0,0.2104454969838738
61,38419.2,3,655,0.342,35200.51,36,0,2,2.8,10.55633864193107,10.46884425839338,0.9162218369981677,53.74123664122138,2.748665510994503,0.04590163934426229,2.0,1,0,0,1,0,2,Rent,Vehicle,0,1,0.5063793410840467
50,22437.02,28,850,0.32,19237.42,36,2,2,2.6,10.018512120449552,9.864664600265497,0.857396392212513,22.63225882352941,2.572189176637539,0.052000000000000005,0.6666666666666666,1,0,0,1,0,2,Rent,Debt Consolidation,0,0,0.1902644954012345
25,41524.96,17,774,0.225,107330.54,12,3,0,10.4,10.634074052817516,11.58367782764432,2.584723501238773,138.66994832041343,2.584723501238773,0.41600000000000004,0.0,1,0,0,0,1,2,Rent,Debt Consolidation,0,0,0.23914601682053133
57,41729.29,19,627,0.075,7249.59,60,2,1,10.3,10.638982522998306,8.888838123847949,0.17372905218372994,11.562344497607656,0.8686452609186497,0.18070175438596492,0.3333333333333333,0,0,0,1,0,1,Mortgage,Debt Consolidation,0,0,0.27470722967980765
69,60772.02,7,645,0.068,95934.74,36,2,1,11.0,11.01490121946809,11.471433871318503,1.578600480945014,148.73603100775193,4.735801442835042,0.15942028985507245,0.3333333333333333,1,0,0,1,0,2,Mortgage,Home Improvement,0,0,0.35868847027833844
32,20492.66,10,722,0.281,70470.27,24,2,1,11.4,9.927870849000517,11.162960388011948,3.4388054064235685,97.60425207756234,6.877610812847137,0.35625,0.3333333333333333,1,0,0,1,0,2,Mortgage,Vehicle,0,0,0.4797618965829277
67,19702.42,31,673,0.272,16142.45,48,1,1,7.2,9.888547503719552,9.68926967362851,0.8193130590049346,23.985809806835068,3.2772522360197383,0.10746268656716418,0.5,1,0,0,1,0,2,Rent,Debt Consolidation,0,0,0.3649000118564176
55,45344.38,32,753,0.144,36462.76,60,2,1,0.5,10.722063576042828,10.504074169629668,0.8041296407625378,48.423320053120854,4.020648203812689,0.00909090909090909,0.3333333333333333,1,0,0,1,0,2,Rent,Other,0,0,0.2381430407757513
32,49070.76,1,656,0.378,32166.92,84,3,3,12.0,10.80103899556933,10.378724961630471,0.6555211290797207,49.03493902439024,4.588647903558045,0.375,0.75,0,0,0,1,1,2,Own,Home Improvement,1,1,0.5540053059435793
47,26614.26,27,697,0.018,93342.68,60,0,2,6.0,10.189240014486439,11.444043444481935,3.507243109520986,133.920631276901,17.53621554760493,0.1276595744680851,2.0,1,0,0,1,0,2,Mortgage,Debt Consolidation,0,0,0.40301757720183917
47,27098.85,0,750,0.622,85888.74,24,1,2,8.8,10.207283471797123,11.360819659627968,3.1694606966716306,114.51832,6.338921393343261,0.1872340425531915,1.0,1,1,0,1,0,3,Mortgage,Debt Consolidation,0,1,0.5962233660490129
33,29062.34,27,576,0.567,19006.57,36,1,1,16.5,10.277232865137828,9.852592599852617,0.6539931058545182,32.99751736111111,1.9619793175635545,0.5,0.5,0,1,1,1,0,3,Own,Home Improvement,0,1,0.5645960890791303
58,45184.7,16,850,0.36,66083.54,60,1,0,7.8,10.718535944082829,11.09869011043529,1.4625202778816724,77.74534117647057,7.312601389408362,0.13448275862068965,0.0,1,0,0,0,0,1,Rent,Home Improvement,0,0,0.20351505843769688
28,41865.72,14,666,0.221,76745.77,36,1,0,6.5,10.642246518232664,11.248266579873304,1.8331410519155051,115.2338888888889,5.499423155746515,0.23214285714285715,0.0,1,0,0,0,0,1,Rent,Vehicle,0,0,0.25191087898143477
67,108868.02,27,691,0.455,95476.94,60,2,1,18.7,11.597900787273216,11.466650505021024,0.8769971199990594,138.17212735166424,4.3849855999952965,0.2791044776119403,0.3333333333333333,1,1,0,1,0,3,Mortgage,Other,0,0,0.42186639121519137
68,20957.43,34,667,0.434,49572.17,60,1,0,0.5,9.950296231049338,10.811205038939647,2.3653744757825743,74.32109445277361,11.82687237891287,0.007352941176470588,0.0,1,1,0,0,0,2,Mortgage,Vehicle,0,1,0.5197299713004947
64,54013.82,31,624,0.432,12869.32,72,1,2,8.4,10.897013732337868,9.462679164305932,0.2382597638900563,20.623910256410255,1.4295585833403377,0.13125,1.0,0,1,0,1,0,2,Rent,Vehicle,0,0,0.4592049327810105
57,64580.25,27,754,0.395,42558.07,84,5,3,3.2,11.075679399962665,10.65864827227302,0.6589951262189292,56.443063660477456,4.612965883532504,0.056140350877192984,0.5,0,0,0,1,1,2,Rent,Vehicle,0,0,0.30924583171311015
67,25492.15,22,729,0.326,27155.14,36,0,1,10.4,10.14616506760872,10.209358450806688,1.065235376380572,37.24984910836763,3.195706129141716,0.15522388059701492,1.0,1,0,0,1,0,2,Mortgage,Home Improvement,0,0,0.33142354936062
56,45466.63,32,597,0.169,112869.26,36,2,1,14.9,10.724755923182217,11.63399429648206,2.4824637321921594,189.06073701842544,7.447391196576478,0.26607142857142857,0.3333333333333333,1,0,1,1,0,3,Mortgage,Home Improvement,0,0,0.3698451089669963
42,64192.54,14,747,0.549,24525.05,48,2,2,11.2,11.069657861562254,10.107491096972751,0.382054519107672,32.8313922356091,1.528218076430688,0.26666666666666666,0.6666666666666666,0,1,0,1,0,2,Mortgage,Vehicle,0,0,0.4504588597638509
39,31322.09,31,708,0.432,29472.14,12,5,0,18.6,10.352110804242091,10.29123461908871,0.9409378492942201,41.62731638418079,0.9409378492942201,0.47692307692307695,0.0,1,1,0,0,1,3,Rent,Home Improvement,0,0,0.4015708270635299
67,15000.0,4,759,0.37,80854.01,60,1,2,13.5,9.61587214452889,11.300412829690226,5.390267333333333,106.52702239789195,26.951336666666666,0.20149253731343283,1.0,1,0,0,1,0,2,Mortgage,Debt Consolidation,1,0,0.43425825730031525
21,45365.89,17,765,0.138,20680.49,60,1,1,9.1,10.722537822810175,9.936994376317003,0.45585989826276974,27.03332026143791,2.2792994913138487,0.4333333333333333,0.5,0,0,0,1,0,1,Mortgage,Other,0,0,0.14884890961383793
38,58461.39,5,742,0.732,117093.41,36,1,1,2.8,10.97613892048437,11.67073581146942,2.002918678464539,157.80783018867925,6.008756035393617,0.07368421052631578,0.5,1,1,0,1,0,3,Own,Education,0,1,0.5103276277407492
42,42119.91,31,574,0.269,17775.48,36,3,4,9.9,10.6482995709528,9.785631514215115,0.4220208447738848,30.96773519163763,1.2660625343216543,0.2357142857142857,1.0,0,0,1,1,1,3,Rent,Debt Consolidation,1,1,0.5688770978456048
51,49250.18,15,609,0.181,82992.05,72,3,4,16.6,10.804688605704076,11.326512148333011,1.685111607713921,136.27594417077177,10.110669646283526,0.3254901960784314,1.0,1,0,0,1,1,3,Own,Vehicle,0,0,0.38872434108536297
41,36922.01,34,575,0.127,75853.57,12,1,1,10.7,10.516590212920894,11.236573233456086,2.054426885210204,131.91925217391307,2.054426885210204,0.26097560975609757,0.5,1,0,1,1,0,3,Own,Education,0,0,0.3088385047367173
32,30537.77,2,536,0.034,31608.31,48,0,0,9.9,10.326752302912446,10.361206976436144,1.0350562598382267,58.9707276119403,4.140225039352907,0.309375,0.0,1,0,1,0,0,2,Rent,Home Improvement,0,0,0.349840994707893
29,63239.33,29,751,0.564,48466.51,36,1,3,17.7,11.054697509526113,10.788648955537166,0.766398220854016,64.53596537949402,2.299194662562048,0.6103448275862069,1.5,1,1,0,1,0,3,Rent,Vehicle,0,0,0.4293634737703682
42,30494.36,17,757,0.492,22850.35,48,0,2,8.5,10.325329819874845,10.03676547553994,0.7493303679762421,30.185402906208715,2.9973214719049683,0.20238095238095238,2.0,0,1,0,1,0,2,Mortgage,Vehicle,0,0,0.4476709959842566
50,52688.47,30,661,0.494,11577.97,60,1,1,5.9,10.872170904318047,9.356945800711603,0.21974390222376924,17.515839636913768,1.0987195111188461,0.11800000000000001,0.5,0,1,0,1,0,2,Rent,Other,1,0,0.4671513573598376
57,49014.7,34,708,0.199,117803.08,48,3,1,6.6,10.799895933936295,11.67677818457438,2.4034234627570914,166.38853107344633,9.613693851028366,0.11578947368421053,0.25,1,0,0,1,1,3,Mortgage,Debt Consolidation,0,0,0.3306001771542788
68,26737.42,14,709,0.472,25084.16,36,0,0,6.1,10.193856761400848,10.130031715211745,0.9381668089142483,35.37963328631876,2.814500426742745,0.08970588235294118,0.0,1,1,0,0,0,2,Rent,Education,0,0,0.4146166947628231
48,53317.28,28,643,0.334,41360.93,36,1,0,18.4,10.884034515707826,10.630116171536546,0.7757509385324983,64.3249300155521,2.327252815597495,0.3833333333333333,0.0,1,0,0,0,0,1,Rent,Other,1,0,0.3387961961950167
30,96210.21,30,742,0.117,48635.31,60,3,1,6.9,11.474301157931459,10.792125650275427,0.5055109015976578,65.54623989218328,2.527554507988289,0.23,0.25,0,0,0,1,1,2,Own,Home Improvement,0,0,0.15640793320801752
38,33711.92,22,602,0.092,55714.68,36,0,0,12.3,10.425636425657368,10.928016894378406,1.6526700348126124,92.5493023255814,4.958010104437838,0.3236842105263158,0.0,1,0,0,0,0,1,Own,Vehicle,1,0,0.25610202048650094
64,25479.56,8,650,0.51,154082.9,72,4,1,8.8,10.145671087466564,11.945252538238101,6.047314003852499,237.05061538461538,36.28388402311499,0.1375,0.2,1,1,0,1,1,4,Mortgage,Debt Consolidation,1,1,0.5550784855432244
65,67253.43,15,601,0.452,8345.32,60,5,1,15.8,11.116238168900463,9.029576002137057,0.12408764876378797,13.885723793677204,0.6204382438189399,0.24307692307692308,0.16666666666666666,0,1,0,1,1,3,Rent,Education,0,0,0.49495416316147506
49,60146.74,21,674,0.497,88485.5,60,1,1,6.7,11.004559147962123,11.390605276987369,1.4711603654661916,131.2841246290801,7.355801827330958,0.13673469387755102,0.5,1,1,0,1,0,3,Mortgage,Home Improvement,0,1,0.6012617321255824
56,34164.75,33,757,0.375,13033.26,48,1,2,3.0,10.438978959264286,9.475336554522126,0.3814826685399425,17.216988110964333,1.52593067415977,0.05357142857142857,1.0,0,0,0,1,0,1,Rent,Debt Consolidation,0,0,0.3062365611443094
34,39657.67,14,760,0.327,23027.59,24,1,1,2.1,10.588064866463567,10.044491766450639,0.5806591763963945,30.29946052631579,1.161318352792789,0.061764705882352944,0.5,0,0,0,1,0,1,Mortgage,Education,0,0,0.2816558272552936
26,50909.51,27,640,0.567,32368.6,72,0,2,11.0,10.837824664524462,10.38497498972315,0.6358065516639229,50.575937499999995,3.814839309983537,0.4230769230769231,2.0,0,1,0,1,0,2,Rent,Other,1,0,0.44745713293969486
57,42031.47,26,706,0.117,27314.12,24,0,1,0.5,10.646197693819408,10.215195674010722,0.6498492677034612,38.6885552407932,1.2996985354069224,0.008771929824561403,1.0,0,0,0,1,0,1,Mortgage,Debt Consolidation,0,0,0.23622812533668622
28,70235.11,11,660,0.601,17243.84,12,2,2,6.7,11.159617845226409,9.755268247276291,0.24551595348821978,26.127030303030303,0.24551595348821978,0.2392857142857143,0.6666666666666666,0,1,0,1,0,2,Mortgage,Vehicle,1,1,0.5487198429168225
21,59022.39,5,702,0.397,23695.22,36,0,0,10.6,10.98568908500398,10.073070820731868,0.4014615470501957,33.753874643874646,1.2043846411505872,0.5047619047619047,0.0,0,0,0,0,0,0,Mortgage,Debt Consolidation,0,0,0.3739423389413287
37,62673.67,22,799,0.138,8071.9,12,1,0,11.8,11.045712657755352,8.996268052349388,0.12879252164425667,10.102503128911138,0.12879252164425667,0.31891891891891894,0.0,0,0,0,0,0,0,Mortgage,Home Improvement,0,0,0.15099361287792107
50,52480.69,12,614,0.195,7927.71,60,1,0,13.0,10.868219625843375,8.978245628003961,0.1510595611452517,12.91157980456026,0.7552978057262585,0.26,0.0,0,0,0,0,0,0,Mortgage,Home Improvement,0,0,0.24045395354725044
63,33740.39,2,702,0.042,16184.39,36,3,0,7.4,10.42648055264319,9.691864262455574,0.4796740642298444,23.05468660968661,1.4390221926895332,0.11746031746031746,0.0,0,0,0,0,1,1,Own,Education,0,0,0.2725663613234196
29,40736.53,14,644,0.263,35082.02,72,3,0,2.1,10.61490505956776,10.465472531720247,0.8611931354977952,54.47518633540372,5.167158812986771,0.07241379310344828,0.0,1,0,0,0,1,2,Rent,Vehicle,0,0,0.4115219027522331
40,15959.55,30,801,0.119,50328.15,72,2,1,3.1,9.67787533156291,10.826339711092128,3.153481771102569,62.83164794007491,18.920890626615414,0.0775,0.3333333333333333,1,0,0,1,0,2,Own,Vehicle,0,0,0.2999945500358794
28,25357.83,25,744,0.518,29577.24,84,0,1,2.1,10.140882271840193,10.294794234832683,1.166394758542036,39.75435483870968,8.164763309794251,0.075,1.0,1,1,0,1,0,3,Own,Education,1,0,0.46227789888212734
67,18700.11,9,603,0.389,66721.01,48,1,3,13.3,9.836338159369815,11.108290162478133,3.567947461271618,110.64844112769485,14.271789845086472,0.1985074626865672,1.5,1,0,0,1,0,2,Mortgage,Education,0,1,0.5293465743167465
36,30306.58,29,698,0.309,30960.53,24,1,1,6.8,10.319153125227912,10.340500745087256,1.021577822373887,44.35606017191977,2.043155644747774,0.18888888888888888,0.5,1,0,0,1,0,2,Rent,Home Improvement,0,0,0.3359445605193196
51,17123.61,15,763,0.452,35018.08,48,1,3,19.7,9.748271889148473,10.463648334792307,2.045017376592903,45.89525557011796,8.180069506371613,0.38627450980392153,1.5,1,1,0,1,0,3,Rent,Vehicle,0,0,0.4136895568305464
31,19830.02,13,734,0.129,50246.12,48,0,1,5.5,9.895002657407332,10.824708510846008,2.53384111564184,68.45520435967303,10.13536446256736,0.1774193548387097,1.0,1,0,0,1,0,2,Rent,Debt Consolidation,0,0,0.31857724634194906
43,19418.54,11,592,0.389,36906.15,36,2,1,1.1,9.874035054644077,10.5161605781959,1.9005625551663514,62.3414695945946,5.701687665499055,0.025581395348837212,0.3333333333333333,1,0,1,1,0,3,Rent,Home Improvement,1,1,0.5189840122613723
41,29691.73,5,658,0.489,42249.09,72,0,2,0.5,10.298657513682215,10.651361762960565,1.422924497831551,64.20834346504559,8.537546986989305,0.012195121951219513,2.0,1,1,0,1,0,3,Rent,Vehicle,0,1,0.5762936541408546
45,20992.95,20,675,0.146,32512.52,36,2,1,11.9,9.95198957996006,10.38941128181382,1.5487351706168022,48.166696296296294,4.646205511850407,0.2644444444444444,0.3333333333333333,1,0,0,1,0,2,Mortgage,Debt Consolidation,0,0,0.31634091654302005
58,31016.84,7,663,0.102,71788.03,36,0,1,8.7,10.34231780181091,11.181486957848099,2.3144856149111255,108.27757164404223,6.943456844733376,0.15,1.0,1,0,0,1,0,2,Own,Vehicle,0,0,0.361497160516602
51,63908.51,29,716,0.163,14836.14,48,0,1,14.1,11.065223455583173,9.604888775776061,0.23214654824529626,20.72086592178771,0.928586192981185,0.27647058823529413,1.0,0,0,0,1,0,1,Rent,Vehicle,0,0,0.2149407309605893
47,35243.51,29,599,0.229,65845.87,36,3,0,13.3,10.470065051430101,11.095087173771422,1.8683119246635762,109.92632721202003,5.604935773990729,0.28297872340425534,0.0,1,0,1,0,1,3,Rent,Debt Consolidation,1,0,0.4311832178155274
43,26587.04,31,768,0.485,24503.41,36,1,1,4.4,10.188216769598434,10.106608380334762,0.9216298617672369,31.905481770833333,2.764889585301711,0.10232558139534885,0.5,1,1,0,1,0,3,Mortgage,Debt Consolidation,0,0,0.39026397729866663
58,45440.54,10,625,0.084,39318.55,72,1,1,5.1,10.724181943665823,10.579477129638136,0.8652747084431656,62.90968,5.191648250658993,0.08793103448275862,0.5,1,0,0,1,0,2,Rent,Debt Consolidation,0,0,0.3381218684104816
59,35360.21,18,699,0.15,32674.52,36,0,2,0.5,10.47337073562312,10.394381452673366,0.9240476795810885,46.74466380543634,2.7721430387432653,0.00847457627118644,2.0,1,0,0,1,0,2,Mortgage,Debt Consolidation,1,0,0.31484918150557845
22,62694.68,6,700,0.597,18396.68,72,1,3,10.9,11.0460478247258,9.819979848690927,0.29343287181623706,26.28097142857143,1.7605972308974223,0.4954545454545455,1.5,0,1,0,1,0,2,Mortgage,Other,0,1,0.5576854183317638
43,44437.48,26,654,0.156,20022.59,36,1,3,1.7,10.701861039748273,9.9046663574725,0.4505788807106073,30.61558103975535,1.351736642131822,0.03953488372093023,1.5,0,0,0,1,0,1,Mortgage,Vehicle,0,0,0.28385154170411786
33,15543.69,34,624,0.124,81878.97,12,1,2,9.4,9.651474380190438,11.31300967338532,5.267666171932147,131.21629807692307,5.267666171932147,0.28484848484848485,1.0,1,0,0,1,0,2,Rent,Home Improvement,0,0,0.4428678793879965
53,21001.84,10,726,0.466,40702.27,36,0,2,5.8,9.95241294565695,10.614063712183626,1.9380335246816467,56.063732782369144,5.81410057404494,0.10943396226415095,2.0,1,1,0,1,0,3,Own,Debt Consolidation,1,0,0.4704151251451459
43,15000.0,6,623,0.164,19036.04,72,2,0,9.2,9.61587214452889,9.854141834074984,1.2690693333333334,30.555441412520064,7.614416,0.21395348837209302,0.0,1,0,0,0,0,1,Mortgage,Home Improvement,0,0,0.42813640603958447
21,45062.24,4,663,0.343,101052.06,36,2,0,12.8,10.715822115529088,11.52340100441187,2.242499707071819,152.41638009049774,6.727499121215457,0.6095238095238096,0.0,1,0,0,0,0,1,Rent,Vehicle,1,0,0.3810312662140051
51,40737.8,13,717,0.269,53211.57,60,0,1,13.6,10.614936234265986,10.882049925615927,1.3061964563623956,74.21418410041841,6.530982281811978,0.26666666666666666,1.0,1,0,0,1,0,2,Mortgage,Home Improvement,0,0,0.38807725514505537
65,49783.15,28,566,0.143,18039.35,24,3,5,9.9,10.815451939260745,9.800366194758789,0.3623585490271306,31.871643109540635,0.7247170980542612,0.1523076923076923,1.25,0,0,1,1,1,3,Mortgage,Education,1,0,0.4871178054827624
26,22505.48,6,786,0.725,26179.86,12,3,0,4.5,10.021558546728473,10.172783888427796,1.1632660134331727,33.30770992366412,1.1632660134331727,0.17307692307692307,0.0,1,1,0,0,1,3,Mortgage,Debt Consolidation,1,1,0.5193742736451225
53,24173.44,24,732,0.247,20768.51,72,5,0,2.5,10.093051155627135,9.941241324873044,0.8591458228535119,28.372281420765024,5.154874937121072,0.04716981132075472,0.0,1,0,0,0,1,2,Mortgage,Vehicle,0,0,0.29695308223075795
65,89387.56,26,702,0.292,69749.8,60,3,1,18.1,11.400747988767671,11.152684169151888,0.7803076848724811,99.35868945868947,3.9015384243624056,0.2784615384615385,0.25,1,0,0,1,1,3,Mortgage,Home Improvement,1,0,0.35727433698438893
69,39382.56,9,713,0.255,34326.29,36,0,1,8.8,10.581103749326065,10.443695943632951,0.871611444253497,48.14346423562412,2.6148343327604913,0.127536231884058,1.0,1,0,0,1,0,2,Rent,Debt Consolidation,0,0,0.4365683846710982
25,46189.13,7,545,0.418,12315.24,48,0,2,7.6,10.740521417882695,9.418673995700903,0.2666263685849896,22.596770642201836,1.0665054743399585,0.304,2.0,0,1,1,1,0,3,Mortgage,Home Improvement,1,1,0.5120451794553408
44,38516.46,23,586,0.123,55874.9,60,3,1,9.9,10.558866923966391,10.930888439168697,1.4506758928520431,95.34965870307167,7.253379464260216,0.225,0.25,1,0,1,1,1,4,Own,Home Improvement,0,0,0.3117161345710436
69,47166.57,19,850,0.104,129284.29,36,0,3,9.3,10.761461859157386,11.76977679185341,2.741015299607328,152.09916470588234,8.223045898821983,0.13478260869565217,3.0,1,0,0,1,0,2,Mortgage,Debt Consolidation,0,0,0.2588002032757458
49,26850.32,11,696,0.363,11058.91,48,0,1,6.8,10.198070260739772,9.311082137611029,0.4118725586883136,15.889238505747127,1.6474902347532543,0.13877551020408163,1.0,0,0,0,1,0,1,Mortgage,Debt Consolidation,0,0,0.403660571540683
32,26876.37,11,721,0.199,27432.8,72,1,1,9.8,10.199039947588314,10.219531108787969,1.0207033167053439,38.048266296809985,6.124219900232063,0.30625,0.5,1,0,0,1,0,2,Own,Medical,1,0,0.3097389147717521
50,56685.54,4,720,0.078,16714.21,36,2,2,7.2,10.945292071763708,9.724074362340938,0.2948584418530722,23.214180555555554,0.8845753255592166,0.14400000000000002,0.6666666666666666,0,0,0,1,0,1,Mortgage,Other,0,0,0.207167639406753
49,23226.92,25,668,0.501,37373.57,60,1,0,0.5,10.053110282366843,10.528745805610082,1.6090626738284715,55.948458083832335,8.045313369142358,0.01020408163265306,0.0,1,1,0,0,0,2,Mortgage,Home Improvement,0,1,0.5319122036104853
37,19514.42,1,850,0.185,16145.73,72,2,1,7.3,9.878960201289349,9.689472831369427,0.8273743211430317,18.994976470588234,4.96424592685819,0.19729729729729728,0.3333333333333333,1,0,0,1,0,2,Rent,Debt Consolidation,0,0,0.27591235334026365
62,47123.53,15,598,0.076,39273.74,36,4,1,6.5,10.760548951225775,10.57833684311464,0.8334210106925352,65.67515050167223,2.5002630320776054,0.10483870967741936,0.2,1,0,1,1,1,4,Rent,Home Improvement,1,0,0.353938614291643
34,36736.56,14,740,0.074,37876.43,60,2,1,13.0,10.511554943934414,10.542110699169449,1.0310282182109594,51.18436486486487,5.155141091054797,0.38235294117647056,0.3333333333333333,1,0,0,1,0,2,Rent,Vehicle,0,0,0.28587241963143756
32,31615.87,29,696,0.193,33863.62,48,0,3,10.2,10.36144611788154,10.43012609056139,1.0710956238117124,48.65462643678161,4.28438249524685,0.31875,3.0,1,0,0,1,0,2,Rent,Debt Consolidation,0,0,0.25194506458763855
39,65328.13,15,705,0.338,11565.53,36,2,2,10.4,11.087193310740155,9.355870861635077,0.17703751814111318,16.405007092198584,0.5311125544233395,0.26666666666666666,0.6666666666666666,0,0,0,1,0,1,Rent,Debt Consolidation,0,0,0.2762192732976079
56,36434.05,3,626,0.405,83949.69,72,2,1,11.8,10.503286502410289,11.337984881649993,2.304154767312445,134.10493610223642,13.824928603874671,0.21071428571428572,0.3333333333333333,1,1,0,1,0,3,Rent,Vehicle,0,1,0.6326749502010962
30,29036.42,19,620,0.368,40364.21,48,1,0,3.2,10.276340622016756,10.605723554342525,1.3901235069612576,65.10356451612903,5.5604940278450306,0.10666666666666667,0.0,1,0,0,0,0,1,Mortgage,Debt Consolidation,1,0,0.3338723411292395
31,28830.35,18,688,0.303,13080.71,12,3,1,10.6,10.269218615758819,9.478970350411206,0.4537131876650821,19.01265988372093,0.4537131876650821,0.3419354838709677,0.25,0,0,0,1,1,2,Own,Other,1,0,0.39297943367550475
50,39596.97,12,707,0.207,176518.94,24,1,0,5.1,10.586533133302336,12.0811891234786,4.457890086034361,249.67318246110327,8.915780172068722,0.102,0.0,1,0,0,0,0,1,Mortgage,Debt Consolidation,0,0,0.3639210133022125
69,31650.1,31,698,0.65,42012.53,24,0,1,7.4,10.362528182102658,10.64574698824578,1.327405916568984,60.18987106017192,2.654811833137968,0.10724637681159421,1.0,1,1,0,1,0,3,Rent,Education,0,0,0.42353312469683324
63,54617.1,22,643,0.201,80257.7,60,4,0,3.9,10.908120608629906,11.293010446331145,1.4694610296042814,124.81757387247278,7.347305148021407,0.0619047619047619,0.0,1,0,0,0,1,2,Rent,Vehicle,1,0,0.3557056191995431
28,20475.56,23,632,0.198,24334.41,60,0,2,25.4,9.927036096295113,10.09968777028671,1.1884612679702045,38.50381329113924,5.942306339851022,0.9071428571428571,2.0,1,0,0,1,0,2,Mortgage,Vehicle,0,0,0.35592662475243386
68,20589.09,5,666,0.2,21264.36,72,2,2,7.6,9.932565171066193,9.964834736770865,1.0327974670080124,31.92846846846847,6.196784802048075,0.11176470588235293,0.6666666666666666,1,0,0,1,0,2,Rent,Debt Consolidation,1,0,0.4389426117114862
54,15000.0,25,770,0.12,64328.34,24,1,2,9.9,9.61587214452889,11.071771104753473,4.288556,83.5432987012987,8.577112,0.18333333333333335,1.0,1,0,0,1,0,2,Own,Medical,0,0,0.31162711262514586
25,21435.69,1,559,0.502,48012.27,72,2,0,5.9,9.972859218937893,10.779232710015798,2.2398285289626787,85.88957066189624,13.438971173776071,0.23600000000000002,0.0,1,1,1,0,0,3,Rent,Education,0,1,0.5997727418296901
30,45038.69,12,752,0.081,22562.87,48,1,1,10.4,10.715299380019015,10.024105233453446,0.5009663913404231,30.0038164893617,2.0038655653616924,0.3466666666666667,0.5,0,0,0,1,0,1,Mortgage,Education,0,0,0.18988255731310352
30,84715.09,31,665,0.11,16641.97,24,2,1,0.5,11.347060827180034,9.719743184025468,0.1964463473980846,25.025518796992483,0.3928926947961692,0.016666666666666666,0.3333333333333333,0,0,0,1,0,1,Mortgage,Debt Consolidation,1,0,0.2189146332784876
64,15196.55,7,578,0.296,25023.46,60,2,0,9.4,9.62888950963227,10.127609025529026,1.6466540102852292,43.29318339100346,8.233270051426146,0.146875,0.0,1,0,1,0,0,2,Rent,Debt Consolidation,1,0,0.4818338820902366
21,34461.97,28,702,0.289,82055.6,48,0,1,11.8,10.447640693251387,11.31516453204007,2.3810478623247597,116.8883190883191,9.524191449299039,0.5619047619047619,1.0,1,0,0,1,0,2,Own,Education,0,0,0.33620653361451935
46,46456.94,13,629,0.073,55465.2,48,0,0,0.5,10.746302666124858,10.923529105204203,1.1939055822445472,88.17996820349761,4.775622328978189,0.010869565217391304,0.0,1,0,0,0,0,1,Rent,Medical,0,0,0.2405457807005371
65,66022.81,0,616,0.253,14910.37,48,2,3,9.8,11.097770713526952,9.60987928817883,0.22583664645597484,24.205146103896105,0.9033465858238994,0.15076923076923077,1.0,0,0,0,1,0,1,Mortgage,Vehicle,0,0,0.44646756158890316
29,17940.45,11,679,0.123,76422.81,24,0,1,7.4,9.794868957318755,11.244049575816742,4.259804519953512,112.5520029455081,8.519609039907024,0.25517241379310346,1.0,1,0,0,1,0,2,Mortgage,Debt Consolidation,0,0,0.38366083105033955
41,32686.88,13,653,0.519,40415.68,36,3,3,6.9,10.394759645978711,10.606997850028472,1.2364496091398138,61.8923124042879,3.7093488274194417,0.16829268292682928,0.75,1,1,0,1,1,4,Own,Home Improvement,0,1,0.6120789823528434
25,46508.42,1,703,0.362,30447.21,72,1,2,11.8,10.747410151703921,10.323782486516876,0.6546601669117119,43.31039829302987,3.9279610014702717,0.47200000000000003,1.0,0,0,0,1,0,1,Mortgage,Debt Consolidation,0,0,0.4131380201921531
41,40185.0,23,703,0.316,76406.76,60,3,2,11.1,10.601273955244498,11.243839540677287,1.9013751399776035,108.68671408250354,9.506875699888017,0.2707317073170732,0.5,1,0,0,1,1,3,Own,Debt Consolidation,0,0,0.4420026116589005
64,40458.54,14,509,0.37,200000.0,60,3,3,0.5,10.608057741403522,12.206077645517674,4.943332112330301,392.92730844793715,24.71666056165151,0.0078125,0.75,1,0,1,1,1,4,Rent,Home Improvement,0,1,0.5777045721893825
22,59358.58,0,706,0.262,26975.25,72,1,0,1.2,10.991368802344534,10.202712128255673,0.45444567575572054,38.20856940509915,2.7266740545343233,0.05454545454545454,0.0,0,0,0,0,0,0,Mortgage,Home Improvement,0,0,0.35636789670563357
43,69710.12,3,672,0.392,38979.31,12,2,2,13.5,11.152115124912848,10.570811925826234,0.5591628589937874,58.00492559523809,0.5591628589937874,0.313953488372093,0.6666666666666666,0,0,0,1,0,1,Mortgage,Debt Consolidation,1,0,0.4283438040756773
27,20141.21,3,676,0.263,48500.2,60,2,1,5.2,9.910572892129313,10.78934381888753,2.4080082576965336,71.74585798816568,12.040041288482668,0.1925925925925926,0.3333333333333333,1,0,0,1,0,2,Mortgage,Vehicle,1,0,0.41829024377767626
31,16896.68,6,694,0.525,20239.72,48,0,0,7.1,9.734931613381153,9.915451695891223,1.1978518856958882,29.163861671469743,4.791407542783553,0.22903225806451613,0.0,1,1,0,0,0,2,Mortgage,Vehicle,0,1,0.5123862903899381
36,36265.99,18,642,0.128,20065.61,48,1,2,13.0,10.498663240137304,9.90681251870455,0.5532900108338419,31.254844236760125,2.2131600433353675,0.3611111111111111,1.0,0,0,0,1,0,1,Own,Medical,0,0,0.3754108301723861
57,27487.65,26,757,0.415,38665.69,84,5,2,18.3,10.221528471186593,10.562733784868486,1.406656807693637,51.07752972258917,9.84659765385546,0.32105263157894737,0.3333333333333333,1,1,0,1,1,4,Own,Vehicle,1,0,0.4855162681020214
51,35380.07,21,593,0.673,14724.71,72,2,2,10.7,10.473932210331647,9.597350224674857,0.4161865705749027,24.83087689713322,2.4971194234494165,0.20980392156862743,0.6666666666666666,0,1,1,1,0,3,Mortgage,Education,0,1,0.5373251759687048
35,42013.83,11,742,0.203,200000.0,36,3,0,13.8,10.645777930180147,12.206077645517674,4.760337250852873,269.54177897574124,14.28101175255862,0.3942857142857143,0.0,1,0,0,0,1,2,Own,Debt Consolidation,0,0,0.3993641160397869
37,27468.17,2,706,0.237,74624.89,48,2,2,4.4,10.220819563853084,11.220242776921943,2.7167769094191567,105.70097733711049,10.867107637676627,0.11891891891891893,0.6666666666666666,1,0,0,1,0,2,Own,Debt Consolidation,1,1,0.5220650080708505
41,47783.12,16,728,0.281,183243.1,60,4,2,3.2,10.774448645709843,12.118574422777648,3.8348919032495155,251.70755494505497,19.174459516247577,0.07804878048780488,0.4,1,0,0,1,1,3,Mortgage,Debt Consolidation,0,1,0.5100523004902678
28,30013.45,2,771,0.55,37394.18,60,1,2,4.7,10.309434211346806,10.52929709809192,1.2459140818533023,48.50088197146563,6.229570409266511,0.16785714285714287,1.0,1,1,0,1,0,3,Rent,Home Improvement,1,1,0.5200699707121612
31,63513.5,31,661,0.062,52890.39,48,1,0,9.8,11.059023505270392,10.875995844675172,0.8327424878175506,80.01571860816944,3.3309699512702022,0.31612903225806455,0.0,1,0,0,0,0,1,Own,Debt Consolidation,0,0,0.2669511156345259
51,21835.23,3,712,0.235,19518.0,60,0,0,11.1,9.99132579591084,9.879143629146611,0.8938765472129215,27.412921348314608,4.469382736064608,0.21764705882352942,0.0,1,0,0,0,0,1,Rent,Vehicle,0,0,0.28257408387021515
54,80345.08,9,547,0.327,28116.45,72,1,1,7.0,11.294098583416751,10.244145659024618,0.3499461323580734,51.401188299817186,2.0996767941484404,0.12962962962962962,0.5,0,0,1,1,0,2,Mortgage,Other,0,0,0.4791426728848655
67,26957.47,10,545,0.502,59837.3,60,2,0,13.2,10.202052812674019,10.999401203153903,2.2196927233898434,109.79321100917431,11.098463616949218,0.1970149253731343,0.0,1,1,1,0,0,3,Mortgage,Vehicle,1,1,0.6026578749446895
42,30164.43,2,708,0.595,44839.69,60,2,1,3.1,10.314451845704474,10.710871265114088,1.4865087787171845,63.33289548022599,7.4325438935859225,0.07380952380952381,0.3333333333333333,1,1,0,1,0,3,Rent,Education,0,1,0.6540913810363339
25,50516.48,6,742,0.469,51518.62,48,1,0,6.1,10.830074693985162,10.849717984974637,1.0198378826078143,69.43210242587601,4.079351530431257,0.244,0.0,1,1,0,0,0,2,Rent,Other,0,0,0.4360364076939629
59,42989.54,20,690,0.324,18076.16,72,2,1,8.6,10.668735370472149,9.80240454196185,0.42047809769539285,26.197333333333333,2.522868586172357,0.14576271186440679,0.3333333333333333,0,0,0,1,0,1,Mortgage,Medical,0,0,0.39014549080898236
54,24778.68,11,649,0.146,21672.08,36,0,1,10.1,10.117779241459719,9.983826216410307,0.8746260898482083,33.39303543913714,2.623878269544625,0.18703703703703703,1.0,1,0,0,1,0,2,Rent,Debt Consolidation,0,0,0.38050078634478446
24,28018.75,4,748,0.626,19902.46,60,3,0,4.9,10.240664897652765,9.898648864945795,0.7103264778050412,26.607566844919784,3.551632389025206,0.2041666666666667,0.0,0,1,0,0,1,2,Own,Vehicle,0,1,0.5546787809000017
29,26680.97,10,646,0.248,17306.03,36,3,3,8.8,10.191743335384622,9.758868056326166,0.648628217040085,26.789520123839008,1.945884651120255,0.303448275862069,0.75,0,0,0,1,1,2,Own,Home Improvement,0,1,0.5192589100153604
48,71799.31,19,663,0.086,17782.71,48,1,3,7.2,11.181644072575741,9.786038148718452,0.24767243584931387,26.82158371040724,0.9906897433972555,0.15,1.5,0,0,0,1,0,1,Rent,Debt Consolidation,1,0,0.22330800175822002
37,37363.35,17,700,0.287,10365.42,24,2,1,5.6,10.528472320254295,9.24632701500391,0.27742212622797474,14.807742857142857,0.5548442524559495,0.15135135135135133,0.3333333333333333,0,0,0,1,0,1,Rent,Vehicle,1,0,0.3656156125979042
28,64126.92,22,662,0.167,108508.62,60,0,1,1.5,11.068635117498713,11.594594111626737,1.6920915584281921,163.9103021148036,8.46045779214096,0.05357142857142857,1.0,1,0,0,1,0,2,Mortgage,Home Improvement,0,0,0.27512399774590446
59,50221.55,9,794,0.208,21190.62,60,1,1,7.3,10.824219408005524,9.96136109949631,0.4219427715791328,26.68843828715365,2.109713857895664,0.12372881355932203,0.5,0,0,0,1,0,1,Rent,Other,0,0,0.19726480793776033
62,26042.33,3,675,0.093,200000.0,36,4,1,11.3,10.167516968330863,12.206077645517674,7.679804380022832,296.2962962962963,23.039413140068497,0.18225806451612905,0.2,1,0,0,1,1,3,Mortgage,Debt Consolidation,0,0,0.4421693317452686
31,21612.13,17,718,0.162,75808.68,36,1,0,8.4,9.98105627936427,11.235981267962428,3.5076912826269315,105.58311977715877,10.523073847880795,0.2709677419354839,0.0,1,0,0,0,0,1,Mortgage,Other,0,0,0.2643359110855494
51,32737.23,32,706,0.321,174135.62,36,2,1,8.1,10.396298787154604,12.067595442523857,5.319192246870001,246.65101983002833,15.957576740610003,0.1588235294117647,0.3333333333333333,1,0,0,1,0,2,Mortgage,Home Improvement,1,0,0.4570823060998861
62,78565.98,4,636,0.367,22908.21,60,1,2,6.8,11.271706788368652,10.039294292094377,0.2915792560596839,36.019198113207544,1.4578962802984194,0.10967741935483871,1.0,0,0,0,1,0,1,Own,Debt Consolidation,0,0,0.4079516849057634
30,17956.36,0,641,0.482,47789.78,36,1,0,17.6,9.795755337733128,10.774588012845163,2.661440291907714,74.55503900156006,7.984320875723141,0.5866666666666667,0.0,1,1,0,0,0,2,Rent,Debt Consolidation,1,1,0.5646910685043058
63,51996.2,1,618,0.318,87923.4,60,3,2,5.7,10.858945149959961,11.384232633321174,1.6909581854058566,142.27087378640775,8.454790927029283,0.09047619047619047,0.5,1,0,0,1,1,3,Mortgage,Home Improvement,0,1,0.6616843046825437
45,61454.57,0,610,0.569,30987.14,48,0,1,9.3,11.026069753685395,10.341359829619476,0.5042284080744524,50.79859016393443,2.0169136322978094,0.2066666666666667,1.0,0,1,0,1,0,2,Rent,Debt Consolidation,1,1,0.6028582742439835
66,58255.66,12,635,0.522,40926.72,24,2,4,15.8,10.972613699656174,10.619562863072916,0.7025363715731656,64.45152755905512,1.4050727431463312,0.2393939393939394,1.3333333333333333,0,1,0,1,0,2,Rent,Education,1,1,0.5789291370354658
59,47123.79,23,620,0.431,21349.06,60,1,3,11.2,10.76055446850696,9.968809828957271,0.4530420834147678,34.43396774193548,2.265210417073839,0.18983050847457625,1.5,0,1,0,1,0,2,Rent,Education,1,0,0.4678640896477554
65,38956.99,9,670,0.145,53375.02,60,0,2,4.7,10.57023916504982,10.885116860418588,1.3701012321537163,79.66420895522387,6.850506160768582,0.07230769230769231,2.0,1,0,0,1,0,2,Mortgage,Education,0,0,0.35127639970392527
25,47846.79,9,759,0.324,19410.14,60,1,1,16.9,10.775780209816585,9.87360240705042,0.40567277345042374,25.5733069828722,2.0283638672521187,0.6759999999999999,0.5,0,0,0,1,0,1,Own,Debt Consolidation,0,0,0.2197707412764243
65,75328.13,3,729,0.586,39390.32,72,0,0,14.4,11.229622191569456,10.581300766446882,0.5229164722395205,54.033360768175584,3.137498833437123,0.22153846153846155,0.0,0,1,0,0,0,1,Own,Education,0,0,0.47419669698880207
48,40653.59,34,703,0.519,67235.42,60,2,0,3.4,10.612867023730674,11.115970343987353,1.653861811466097,95.64071123755335,8.269309057330485,0.07083333333333333,0.0,1,1,0,0,0,2,Own,Other,0,0,0.4729696372886982
46,18759.4,15,664,0.611,37350.02,24,2,0,20.6,9.839503544294526,10.52811549942502,1.9910029105408484,56.250030120481924,3.982005821081697,0.44782608695652176,0.0,1,1,0,0,0,2,Rent,Home Improvement,0,1,0.6071412594143413
63,21268.9,7,698,0.427,41025.35,60,1,3,10.7,9.965048206725779,10.621969822181043,1.9288891291980308,58.77557306590258,9.644445645990153,0.16984126984126982,1.5,1,1,0,1,0,3,Mortgage,Debt Consolidation,0,1,0.5640105270715714
67,47025.45,10,636,0.29,38982.95,72,1,0,14.0,10.758465488356267,10.570905301945052,0.8289755866238387,61.2939465408805,4.973853519743033,0.208955223880597,0.0,1,0,0,0,0,1,Rent,Debt Consolidation,0,0,0.3258602403625582
41,48366.58,20,720,0.303,51595.65,60,3,1,8.5,10.786585033554479,10.851212026881479,1.0667624214902107,71.660625,5.333812107451053,0.2073170731707317,0.25,1,0,0,1,1,3,Rent,Education,1,0,0.3915477003017977
30,58054.26,30,653,0.042,27285.42,36,1,2,5.3,10.969150594562834,10.214144421513335,0.4699985840832352,41.78471669218989,1.4099957522497055,0.17666666666666667,1.0,0,0,0,1,0,1,Mortgage,Home Improvement,0,0,0.2543637828252863
69,42729.01,7,679,0.082,109725.95,36,3,2,4.7,10.662656762665659,11.605750286100502,2.5679497371926003,161.59933726067746,7.703849211577801,0.06811594202898551,0.5,1,0,0,1,1,3,Rent,Debt Consolidation,0,0,0.4206299174543758
33,44240.02,26,733,0.205,62964.41,24,2,1,5.1,10.697407691988296,11.050340806972784,1.423245513903475,85.89960436562075,2.84649102780695,0.15454545454545454,0.3333333333333333,1,0,0,1,0,2,Own,Debt Consolidation,0,0,0.32369202110425827
34,16568.02,31,665,0.141,25741.94,72,1,0,6.5,9.71528996564202,10.15591569374183,1.5537125136256473,38.70968421052631,9.322275081753883,0.19117647058823528,0.0,1,0,0,0,0,1,Own,Vehicle,0,0,0.26208143735140454
65,85924.48,9,684,0.121,60910.67,48,3,2,8.7,11.361235687969526,11.017180060955909,0.7088861055661902,89.05068713450292,2.835544422264761,0.13384615384615384,0.5,0,0,0,1,1,2,Own,Debt Consolidation,0,0,0.24502684095405244
66,41741.14,3,733,0.356,10798.88,36,1,1,8.6,10.639266449082156,9.287290301939471,0.2587107108239018,14.73244201909959,0.7761321324717054,0.1303030303030303,0.5,0,0,0,1,0,1,Rent,Other,1,0,0.2939504053851946
36,28773.87,7,629,0.383,18845.17,48,1,1,6.9,10.26725771576928,9.844064989207817,0.6549404025249297,29.960524642289347,2.6197616100997188,0.19166666666666668,0.5,0,0,0,1,0,1,Rent,Vehicle,0,0,0.46843786456033637
38,55675.37,6,677,0.196,56531.13,60,3,1,0.5,10.927311098917565,10.942564428067934,1.0153705309906336,83.50240768094534,5.076852654953168,0.013157894736842105,0.25,1,0,0,1,1,3,Rent,Education,0,0,0.4027827502980843
65,58932.32,10,710,0.279,26667.4,48,1,0,0.5,10.984161914273201,10.1912346228755,0.4525089119179425,37.55971830985916,1.81003564767177,0.007692307692307693,0.0,0,0,0,0,0,0,Own,Medical,0,0,0.299159125260851
62,21990.2,11,574,0.657,22445.19,12,3,0,0.7,9.998397652319113,10.018876168300244,1.0206905803494284,39.103118466898955,1.0206905803494284,0.01129032258064516,0.0,1,1,1,0,1,4,Rent,Other,1,1,0.5889739918552852
30,54545.33,2,752,0.338,35711.53,24,2,1,10.4,10.906805711271113,10.483256886580678,0.6547128782610719,47.48873670212766,1.3094257565221439,0.3466666666666667,0.3333333333333333,0,0,0,1,0,1,Rent,Other,0,0,0.3818515147967903
50,21613.88,23,625,0.585,30632.25,36,1,0,10.7,9.981137245386114,10.329841299323764,1.417249008507496,49.0116,4.251747025522488,0.214,0.0,1,1,0,0,0,2,Mortgage,Vehicle,1,1,0.511413809887872
33,15816.05,4,665,0.224,21912.14,12,2,0,3.4,9.668843751114212,9.99484173587656,1.3854369453814321,32.95058646616541,1.3854369453814321,0.10303030303030303,0.0,1,0,0,0,0,1,Rent,Home Improvement,0,0,0.4029301962555932
22,15512.64,5,647,0.177,71062.08,72,1,0,4.9,9.649474915934345,11.17132321228896,4.580914660560679,109.83319938176199,27.485487963364072,0.22272727272727275,0.0,1,0,0,0,0,1,Mortgage,Vehicle,0,0,0.3058076891455889
51,48113.11,21,713,0.372,25908.66,72,1,2,18.2,10.781330760269324,10.162371151123473,0.538494809418888,36.33753155680225,3.2309688565133285,0.3568627450980392,1.0,0,0,0,1,0,1,Rent,Home Improvement,1,0,0.29878233422720035
68,52838.9,32,663,0.119,19193.72,36,0,0,6.7,10.875021866128794,9.86239052019644,0.3632498027021759,28.94980392156863,1.0897494081065275,0.09852941176470588,0.0,0,0,0,0,0,0,Own,Education,0,0,0.23692651927314765
32,57855.16,10,623,0.156,27652.68,84,3,2,15.5,10.96571520923475,10.227514090318728,0.47796393614674987,44.386324237560196,3.345747553027249,0.484375,0.5,0,0,0,1,1,2,Own,Home Improvement,0,0,0.42193106100355926
35,17329.71,8,748,0.375,48454.25,60,1,2,2.4,9.760235351287625,10.788395970581613,2.7960219761323186,64.7784090909091,13.980109880661594,0.06857142857142857,1.0,1,0,0,1,0,2,Own,Debt Consolidation,0,0,0.3830267013792086
38,38889.24,31,830,0.153,7304.42,48,0,2,0.5,10.568498598383,8.896371817398563,0.18782624705445516,8.800506024096386,0.7513049882178207,0.013157894736842105,2.0,0,0,0,1,0,1,Mortgage,Home Improvement,0,0,0.16897920333470826
33,49478.25,7,687,0.182,71901.61,72,3,2,5.8,10.809308668752095,11.18306784346754,1.453196303426253,104.66027656477438,8.719177820557517,0.17575757575757575,0.5,1,0,0,1,1,3,Rent,Home Improvement,0,0,0.3718129389803544
45,41369.58,13,745,0.19,47167.46,48,1,0,1.5,10.630325279178306,10.761480727875945,1.14014838922706,63.31202684563758,4.56059355690824,0.03333333333333333,0.0,1,0,0,0,0,1,Mortgage,Debt Consolidation,0,0,0.1602690235444518
68,35767.5,14,775,0.136,103952.85,24,2,2,1.9,10.484822896791732,11.551702329637342,2.906349339484169,134.13270967741937,5.812698678968338,0.027941176470588233,0.6666666666666666,1,0,0,1,0,2,Own,Vehicle,0,0,0.28753270213262183
44,82501.78,32,697,0.157,60627.86,24,0,1,11.7,11.32058726872474,11.012526296316022,0.7348672961965185,86.98401721664275,1.469734592393037,0.2659090909090909,1.0,0,0,0,1,0,1,Rent,Vehicle,0,0,0.1462282293072417
26,37332.9,32,661,0.084,192775.26,36,1,0,10.2,10.527657040065357,12.169285520797036,5.163682971320203,291.641845688351,15.491048913960608,0.3923076923076923,0.0,1,0,0,0,0,1,Mortgage,Education,0,0,0.34953127888868535
40,50589.0,32,633,0.649,11977.33,36,2,0,13.3,10.831509207285983,9.390854462954167,0.2367575955247188,18.921532385466033,0.7102727865741565,0.3325,0.0,0,1,0,0,0,1,Mortgage,Vehicle,0,1,0.5091242150576111
59,55121.48,23,643,0.545,183026.44,72,1,0,8.8,10.917312897418503,12.117391365938069,3.320419553321137,284.64454121306375,19.922517319926822,0.14915254237288136,0.0,1,1,0,0,0,2,Rent,Vehicle,0,1,0.5553276889996753
62,18521.87,29,804,0.198,42644.65,48,4,3,6.2,9.826761463796524,10.660680554752187,2.302394412659197,53.04060945273632,9.209577650636788,0.1,0.6,1,0,0,1,1,3,Own,Vehicle,0,0,0.3081601909089951
30,19733.82,25,717,0.485,50161.25,72,0,1,4.5,9.890139867204073,10.823018030760112,2.5418925479202708,69.95990237099024,15.251355287521625,0.15,1.0,1,1,0,1,0,3,Own,Home Improvement,0,1,0.5296510168449511
37,56322.57,30,596,0.266,86045.13,60,3,0,6.7,10.938868376607095,11.36263882677592,1.527720237197983,144.3710234899329,7.6386011859899146,0.1810810810810811,0.0,1,0,1,0,1,3,Mortgage,Home Improvement,1,0,0.40501085191496705
57,44144.12,15,686,0.396,29462.29,48,1,2,7.6,10.695237667646634,10.290900360631191,0.6674114242168606,42.947944606414,2.6696456968674425,0.13333333333333333,1.0,0,0,0,1,0,1,Rent,Home Improvement,0,0,0.38758172183170897
52,15208.42,28,658,0.216,31138.84,60,3,1,13.3,9.6296702517189,10.346243307288727,2.0474737020676703,47.323465045592705,10.237368510338351,0.2557692307692308,0.25,1,0,0,1,1,3,Mortgage,Vehicle,0,0,0.3677628208929204
53,45807.65,7,723,0.347,42475.64,60,0,2,10.4,10.732228216898418,10.656709556742365,0.9272608396195832,58.74915629322268,4.636304198097916,0.19622641509433963,2.0,1,0,0,1,0,2,Rent,Home Improvement,0,0,0.42402597748813664
41,38644.71,25,711,0.212,18278.91,60,0,1,6.7,10.562191051736026,9.813557921582454,0.47299902108205755,25.708734177215188,2.3649951054102876,0.16341463414634147,1.0,0,0,0,1,0,1,Rent,Debt Consolidation,0,0,0.23954850969805566
41,60218.96,6,640,0.347,27298.81,36,1,2,2.4,11.005759137804352,10.214635021441872,0.4533258296058252,42.654390625000005,1.3599774888174756,0.058536585365853655,1.0,0,0,0,1,0,1,Mortgage,Debt Consolidation,0,0,0.44283356149178627
57,37571.72,29,700,0.155,98513.45,36,2,1,3.4,10.534033534137437,11.497958516908326,2.622010650563775,140.7335,7.866031951691324,0.05964912280701754,0.3333333333333333,1,0,0,1,0,2,Rent,Education,0,0,0.28699454997465434
48,126037.83,30,676,0.03,22031.24,60,2,4,8.5,11.74434531306075,10.000262114155293,0.17479862990341868,32.59059171597633,0.8739931495170934,0.17708333333333334,1.3333333333333333,0,0,0,1,0,1,Rent,Education,0,0,0.2818882978777371
28,42167.89,28,710,0.078,24713.71,24,1,1,8.0,10.649438024364295,10.115153891907298,0.5860788860908146,34.80804225352112,1.1721577721816292,0.2857142857142857,0.5,0,0,0,1,0,1,Own,Medical,0,0,0.20106036759107573
43,25857.54,33,751,0.529,25405.66,36,3,2,2.6,10.160396192882082,10.142766623361386,0.9825242463126809,33.82910785619175,2.9475727389380424,0.06046511627906977,0.5,1,1,0,1,1,4,Own,Home Improvement,0,0,0.40595935583549886
31,20868.66,14,775,0.099,42470.97,48,3,1,2.6,9.946051708611277,10.656599607915547,2.0351555873736022,54.80125161290323,8.140622349494409,0.08387096774193549,0.25,1,0,0,1,1,3,Own,Debt Consolidation,0,0,0.2586866510885428
57,44923.65,6,850,0.33,21374.12,60,0,1,7.1,10.71274192085903,9.96998290782429,0.4757876975713238,25.146023529411764,2.378938487856619,0.12456140350877193,1.0,0,0,0,1,0,1,Mortgage,Debt Consolidation,0,0,0.21017762528279693
35,39483.67,27,604,0.3,17083.06,60,1,2,12.7,10.583667774292604,9.745901144013256,0.43266140153638205,28.283211920529805,2.1633070076819103,0.3628571428571428,1.0,0,0,0,1,0,1,Own,Other,1,0,0.3861391496405553
38,35724.91,21,635,0.346,47703.44,36,0,0,13.0,10.483631474831945,10.772779754305601,1.3352990952251524,75.12352755905512,4.0058972856754576,0.34210526315789475,0.0,1,0,0,0,0,1,Own,Debt Consolidation,0,0,0.2705307794318573
30,37705.44,24,678,0.202,13085.43,60,1,3,10.5,10.537586181128805,9.479331094434373,0.3470435565796341,19.30004424778761,1.7352177828981705,0.35,1.5,0,0,0,1,0,1,Rent,Medical,0,0,0.24728344683321973
59,25024.19,0,685,0.156,16235.07,36,1,1,6.2,10.127638196562192,9.694990589356244,0.6487750452662004,23.70083211678832,1.9463251357986013,0.10508474576271187,0.5,0,0,0,1,0,1,Rent,Vehicle,1,0,0.4170012795231047
47,15000.0,3,637,0.177,40792.46,36,1,2,12.7,9.61587214452889,10.616277053426131,2.7194973333333334,64.03839874411302,8.158492,0.2702127659574468,1.0,1,0,0,1,0,2,Rent,Vehicle,0,1,0.500747184953609
27,51503.94,12,679,0.515,14304.64,36,0,2,5.5,10.849433004381671,9.568409144084962,0.27773875163725337,21.06721649484536,0.8332162549117601,0.2037037037037037,2.0,0,1,0,1,0,2,Mortgage,Debt Consolidation,0,0,0.4623246873057717
50,38897.55,6,727,0.563,105513.07,60,2,2,4.9,10.568712253847538,11.566599587934856,2.7125890962284256,145.13489683631363,13.562945481142128,0.098,0.6666666666666666,1,1,0,1,0,3,Mortgage,Vehicle,0,1,0.6102120736030322
68,19398.11,30,624,0.063,98385.41,48,1,1,6.0,9.872982467710411,11.496657963746216,5.071907005373204,157.66892628205127,20.287628021492814,0.08823529411764706,0.5,1,0,0,1,0,2,Own,Debt Consolidation,0,0,0.3784348106971776
44,27963.47,19,686,0.404,47966.4,36,1,0,7.2,10.238690054814336,10.778276892485202,1.715323598966795,69.92186588921282,5.145970796900385,0.16363636363636364,0.0,1,1,0,0,0,2,Own,Debt Consolidation,0,0,0.44305469442491463
60,55396.01,12,652,0.039,25130.08,60,1,0,1.4,10.922280900159748,10.131860606136259,0.4536442245569672,38.54306748466258,2.268221122784836,0.02333333333333333,0.0,0,0,0,0,0,0,Rent,Medical,0,0,0.2157861855329319
69,21395.9,28,586,0.366,45380.23,48,1,1,11.1,9.971001330703663,10.722853862417814,2.1209778508966672,77.44066552901025,8.483911403586669,0.1608695652173913,0.5,1,0,1,1,0,3,Mortgage,Vehicle,1,0,0.466662366085051
63,82765.5,15,551,0.154,8705.81,36,1,2,2.4,11.323778669133008,9.07186075706761,0.1051864605421341,15.800018148820326,0.3155593816264023,0.03809523809523809,1.0,0,0,1,1,0,2,Own,Debt Consolidation,1,0,0.3332932447341663
43,39933.64,19,697,0.201,11746.22,36,1,1,5.3,10.594999396662052,9.371371895834436,0.2941434840400224,16.852539454806312,0.8824304521200672,0.12325581395348836,0.5,0,0,0,1,0,1,Mortgage,Debt Consolidation,0,0,0.31368312278133603
66,38483.66,26,669,0.22,25922.69,36,2,1,16.6,10.558014999318505,10.162912501444941,0.6736025107798997,38.74841554559043,2.020807532339699,0.2515151515151515,0.3333333333333333,0,0,0,1,0,1,Mortgage,Home Improvement,0,0,0.34339871244496456
68,29979.01,25,594,0.404,42469.38,48,1,1,10.7,10.308286105212236,10.656562170759635,1.4166371738092751,71.49727272727273,5.6665486952371005,0.15735294117647058,0.5,1,1,1,1,0,4,Rent,Vehicle,0,1,0.6101153172030649
65,30243.95,13,626,0.532,127395.22,12,1,0,13.1,10.317084507373835,11.755057351350358,4.212254682341427,203.5067412140575,4.212254682341427,0.20153846153846153,0.0,1,1,0,0,0,2,Mortgage,Debt Consolidation,1,1,0.6285675221572985
29,26460.36,10,700,0.113,20245.0,60,2,0,7.6,10.18344083468521,9.915712522158698,0.7651067483586769,28.92142857142857,3.825533741793384,0.26206896551724135,0.0,1,0,0,0,0,1,Rent,Vehicle,1,0,0.2802883083071101
61,35436.24,2,579,0.22,28694.37,48,0,1,10.3,10.475518523582522,10.264491064691777,0.8097464629430211,49.55849740932642,3.2389858517720844,0.16885245901639345,1.0,1,0,1,1,0,3,Rent,Medical,0,1,0.6390871540085128
38,22811.79,22,690,0.281,65495.08,60,0,2,11.2,10.035076622572813,11.089745572504176,2.8711065637549704,94.92040579710145,14.355532818774853,0.29473684210526313,2.0,1,0,0,1,0,2,Own,Other,0,0,0.42677867033974726
32,29846.0,5,675,0.059,76427.0,24,0,1,3.5,10.30383961125747,11.244104400159365,2.5607116531528513,113.22518518518518,5.121423306305703,0.109375,1.0,1,0,0,1,0,2,Own,Debt Consolidation,0,0,0.34240936282087236
50,22150.73,6,758,0.093,22156.08,48,1,1,0.5,10.005670876260808,10.00591236322586,1.0002415270286804,29.229656992084436,4.000966108114722,0.01,0.5,1,0,0,1,0,2,Own,Debt Consolidation,0,0,0.21806702508289608
33,35048.27,4,670,0.249,40275.28,60,0,3,16.2,10.4645100648564,10.603517989042327,1.149137460993082,60.11235820895522,5.74568730496541,0.4909090909090909,3.0,1,0,0,1,0,2,Rent,Vehicle,0,0,0.46424679448283085
51,54505.53,24,737,0.417,64691.7,24,1,2,2.0,10.906075789987671,11.077403645684436,1.1868832391869228,87.77706919945726,2.3737664783738457,0.0392156862745098,1.0,1,1,0,1,0,3,Mortgage,Vehicle,0,0,0.39965030473033014
35,15000.0,34,690,0.542,63489.76,72,0,0,6.9,9.61587214452889,11.058649662481889,4.232650666666667,92.01414492753624,25.395904,0.19714285714285715,0.0,1,1,0,0,0,2,Mortgage,Medical,0,0,0.410707152175038
57,36826.66,17,712,0.234,12672.1,60,1,1,5.5,10.514004472259113,9.447236915842378,0.34410125707843175,17.797893258426967,1.7205062853921587,0.09649122807017543,0.5,0,0,0,1,0,1,Rent,Vehicle,1,0,0.3302380381856919
40,38183.36,10,678,0.476,200000.0,12,2,4,12.7,10.550181286673972,12.206077645517674,5.237883727361867,294.9852507374631,5.237883727361867,0.3175,1.3333333333333333,1,1,0,1,0,3,Mortgage,Debt Consolidation,1,1,0.5354646780357517
39,15432.93,2,676,0.443,19051.3,24,1,1,12.8,9.64432361156603,9.85494310817511,1.2344577471679066,28.18239644970414,2.468915494335813,0.3282051282051282,0.5,1,1,0,1,0,3,Own,Debt Consolidation,0,1,0.5355796873183748
35,102412.71,8,778,0.542,44173.43,48,2,4,16.1,11.536775869344268,10.695901393878843,0.43132761548835097,56.77818766066838,1.7253104619534039,0.46,1.3333333333333333,0,1,0,1,0,2,Mortgage,Home Improvement,0,0,0.39078652000936737
69,49133.09,0,787,0.532,47708.49,48,0,1,11.3,10.80230837022205,10.772885608870123,0.9710052838117855,60.62069885641677,3.884021135247142,0.163768115942029,1.0,1,1,0,1,0,3,Rent,Vehicle,0,0,0.40362977134868416
69,33253.65,16,749,0.481,83081.51,24,2,0,10.8,10.411949885930014,11.327589489377687,2.4984177676736237,110.92324432576768,4.996835535347247,0.1565217391304348,0.0,1,1,0,0,0,2,Rent,Medical,0,0,0.4466666816185657
32,19489.69,16,796,0.073,54817.34,60,2,0,14.7,9.877692194645595,10.911780088478928,2.8126327304333727,68.86600502512563,14.063163652166864,0.459375,0.0,1,0,0,0,0,1,Own,Debt Consolidation,0,0,0.22953075126766828
41,124644.78,19,679,0.208,27177.46,48,4,1,15.5,11.733231233585196,10.21018002679162,0.21803929534794797,40.02571428571429,0.8721571813917919,0.3780487804878049,0.2,0,0,0,1,1,2,Own,Other,0,0,0.25622010053774424
64,56305.95,6,756,0.261,44948.47,36,2,1,13.1,10.938573252334905,10.713294248951499,0.798289878778353,59.45564814814815,2.3948696363350592,0.2046875,0.3333333333333333,1,0,0,1,0,2,Mortgage,Other,0,0,0.3318600841510513
23,18284.9,29,788,0.503,40428.55,60,1,1,0.5,9.813885550044867,10.607316232224123,2.211034788267915,51.305266497461936,11.055173941339575,0.021739130434782608,0.5,1,1,0,1,0,3,Mortgage,Home Improvement,1,0,0.43790552405601074
33,36906.8,5,806,0.334,17903.69,72,0,1,3.7,10.51617818980439,9.792817968683098,0.48510545482133366,22.21301488833747,2.910632728928002,0.11212121212121212,1.0,0,0,0,1,0,1,Mortgage,Other,1,0,0.1891928674890771
53,39825.18,0,787,0.194,96468.76,60,1,1,3.3,10.59227976396893,11.476984870341457,2.4223056870050557,122.57783989834815,12.111528435025278,0.062264150943396226,0.5,1,0,0,1,0,2,Rent,Debt Consolidation,0,0,0.32031288720287776
64,15000.0,21,652,0.215,19863.79,60,2,1,8.4,9.61587214452889,9.896704096836165,1.3242526666666667,30.465935582822087,6.621263333333333,0.13125,0.3333333333333333,1,0,0,1,0,2,Rent,Debt Consolidation,1,0,0.4283342428084516
59,37884.19,5,675,0.128,66266.6,72,0,0,14.1,10.542315549530409,11.101456368944358,1.7491887776932806,98.17274074074075,10.495132666159684,0.23898305084745763,0.0,1,0,0,0,0,1,Mortgage,Vehicle,1,0,0.2015436866678133
50,26537.14,30,593,0.087,19587.65,36,1,0,9.0,10.186338222536532,9.88270559585343,0.7381221186608655,33.031450252951096,2.2143663559825963,0.18,0.0,0,0,1,0,0,1,Rent,Debt Consolidation,0,0,0.30505356091721797
62,28838.25,28,599,0.116,53425.0,60,0,2,6.9,10.269492585512886,10.886052797840904,1.8525742720171994,89.19031719532555,9.262871360085997,0.11129032258064517,2.0,1,0,1,1,0,3,Rent,Debt Consolidation,1,0,0.3326051707889359
21,49128.58,25,709,0.119,69756.81,60,0,1,6.0,10.802216576377933,11.152784664741455,1.4198824798111405,98.38760225669958,7.099412399055702,0.2857142857142857,1.0,1,0,0,1,0,2,Mortgage,Vehicle,0,0,0.26082936287952235
37,23873.31,31,717,0.076,13554.06,72,1,1,7.4,10.080558264407742,9.514515188333888,0.5677495077138444,18.903849372384936,3.406497046283066,0.2,0.5,0,0,0,1,0,1,Mortgage,Home Improvement,0,0,0.22221225570076447
55,17363.14,23,738,0.244,47569.09,24,1,2,5.2,9.762162439045355,10.769959481373245,2.739659416441957,64.45676151761518,5.479318832883914,0.09454545454545454,1.0,1,0,0,1,0,2,Mortgage,Vehicle,0,0,0.3855916621560681
28,20632.46,23,625,0.179,16842.46,36,0,1,5.4,9.9346693089195,9.731717729874546,0.8163088647693973,26.947936,2.448926594308192,0.19285714285714287,1.0,1,0,0,1,0,2,Mortgage,Other,0,0,0.2941546114079874
25,15000.0,23,569,0.199,43808.75,36,0,0,2.9,9.61587214452889,10.68761167433195,2.9205833333333335,76.99253075571177,8.761750000000001,0.11599999999999999,0.0,1,0,1,0,0,2,Mortgage,Other,0,0,0.32091056387157607
23,32745.35,28,626,0.335,14941.92,36,0,1,11.2,10.396546784470663,9.611992888049755,0.4563066206346856,23.86888178913738,1.3689198619040568,0.4869565217391304,1.0,0,0,0,1,0,1,Mortgage,Vehicle,1,0,0.3522649654965748
67,21946.65,25,616,0.542,34678.45,84,1,1,11.3,9.996415351268409,10.453902571483829,1.58012498490658,56.29618506493506,11.06087489434606,0.16865671641791047,0.5,1,1,0,1,0,3,Rent,Education,1,1,0.5180720426942877
23,79422.71,14,703,0.302,41532.6,60,3,0,10.1,11.28255221726833,10.634258017192515,0.5229310357201359,59.07908961593172,2.6146551786006795,0.43913043478260866,0.0,0,0,0,0,1,1,Rent,Vehicle,0,0,0.3017512339022842
43,23034.74,6,755,0.474,46450.39,36,2,0,6.9,10.044802201881152,10.746161668444413,2.0165363273038897,61.52369536423841,6.049608981911669,0.16046511627906979,0.0,1,1,0,0,0,2,Own,Debt Consolidation,0,0,0.4684115306066325
55,15000.0,16,595,0.342,59478.98,48,4,0,12.4,9.61587214452889,10.993395064326556,3.9652653333333334,99.96467226890756,15.861061333333334,0.22545454545454546,0.0,1,0,1,0,1,3,Rent,Debt Consolidation,1,1,0.5137048513597465
65,20880.07,8,793,0.398,80849.59,24,1,0,0.5,9.946598285894312,11.300358162443066,3.872093819608842,101.95408575031526,7.744187639217684,0.007692307692307693,0.0,1,0,0,0,0,1,Rent,Education,0,0,0.31982763942650094
52,31675.89,22,834,0.589,62703.43,60,0,0,1.4,10.363342671917533,11.046187378032638,1.9795317511204895,75.18396882494005,9.897658755602448,0.02692307692307692,0.0,1,1,0,0,0,2,Rent,Education,0,0,0.37440131161125023
63,15000.0,21,732,0.166,44185.63,36,1,2,2.8,9.61587214452889,10.696177533619075,2.9457086666666665,60.3628825136612,8.837126,0.04444444444444444,1.0,1,0,0,1,0,2,Rent,Home Improvement,0,0,0.32989067977849745
46,24914.43,20,763,0.16,12516.94,24,1,4,6.7,10.123242569246086,9.43491809437522,0.5023972051538005,16.404901703800785,1.004794410307601,0.14565217391304347,2.0,0,0,0,1,0,1,Rent,Home Improvement,0,0,0.2396917070032075
26,55906.72,30,833,0.517,36478.08,48,1,2,5.9,10.931457753364453,10.50449422457201,0.6524811328584471,43.791212484994,2.6099245314337884,0.22692307692307695,1.0,0,1,0,1,0,2,Mortgage,Vehicle,0,0,0.2775742251450466
25,15000.0,9,614,0.147,63195.53,48,1,1,1.8,9.61587214452889,11.05400467356432,4.213035333333333,102.92431596091205,16.852141333333332,0.07200000000000001,0.5,1,0,0,1,0,2,Own,Home Improvement,0,0,0.3825015890565947
28,25003.76,18,735,0.092,97167.33,84,3,2,10.1,10.126821485726559,11.484200114311403,3.8861087292471215,132.20044897959184,27.202761104729852,0.3607142857142857,0.5,1,0,0,1,1,3,Own,Debt Consolidation,0,0,0.2581645583964934
24,15104.44,27,654,0.238,36428.67,60,2,3,5.1,9.62281022282386,10.503138831493287,2.4117855412051026,55.70133027522935,12.058927706025512,0.2125,1.0,1,0,0,1,0,2,Rent,Home Improvement,0,0,0.2982477364583898
68,18842.54,13,733,0.108,12074.63,12,1,2,11.4,9.843925428568891,9.398944651072805,0.6408175330926722,16.47289222373806,0.6408175330926722,0.16764705882352943,1.0,0,0,0,1,0,1,Rent,Vehicle,0,0,0.352444542121722
58,25346.31,6,750,0.123,41575.84,60,0,1,10.7,10.140427888990375,10.635298560448005,1.6403113510408416,55.43445333333333,8.201556755204209,0.18448275862068964,1.0,1,0,0,1,0,2,Rent,Vehicle,0,0,0.35560529836699034
63,56429.62,23,648,0.228,32726.66,48,2,2,9.6,10.940767197966448,10.395975870897242,0.5799553496904639,50.5041049382716,2.3198213987618557,0.15238095238095237,0.6666666666666666,0,0,0,1,0,1,Mortgage,Home Improvement,0,0,0.38928367142763753
32,69446.82,10,698,0.358,45023.39,48,2,1,16.4,11.148330958200988,10.714959621923509,0.6483146384528478,64.50342406876791,2.593258553811391,0.5125,0.3333333333333333,0,0,0,1,0,1,Rent,Home Improvement,0,0,0.3751525207164934
47,104480.65,21,602,0.636,90798.81,72,1,1,2.7,11.556766736881729,11.416412472076182,0.8690490535807348,150.8285880398671,5.214294321484409,0.057446808510638304,0.5,1,1,0,1,0,3,Own,Vehicle,1,1,0.5323678273020006
35,41931.4,6,674,0.351,63894.99,48,2,0,13.7,10.643814076780995,11.065011884092893,1.5237981560358107,94.7996884272997,6.095192624143243,0.3914285714285714,0.0,1,0,0,0,0,1,Mortgage,Debt Consolidation,1,0,0.3640355073876605
57,35027.55,8,604,0.167,124856.82,36,1,2,1.2,10.463918722243179,11.734930928908614,3.564531918447051,206.71658940397353,10.693595755341153,0.021052631578947368,1.0,1,0,0,1,0,2,Rent,Education,1,0,0.4226938020707496
45,32518.02,23,743,0.375,24114.58,60,2,2,12.0,10.389580427906317,10.09061338363412,0.7415759016077855,32.4556931359354,3.7078795080389275,0.26666666666666666,0.6666666666666666,0,0,0,1,0,1,Mortgage,Vehicle,0,0,0.3642749920080616
23,21466.16,33,637,0.55,28596.93,48,1,2,8.2,9.974279604526727,10.26108961656618,1.3321865671363673,44.893139717425434,5.328746268545469,0.3565217391304348,1.0,1,1,0,1,0,3,Rent,Debt Consolidation,0,1,0.5300971867399314
64,88324.47,18,700,0.167,48780.85,72,4,0,11.5,11.38878379346991,10.795113596430015,0.5522914544519769,69.68692857142857,3.3137487267118617,0.1796875,0.0,0,0,0,0,1,1,Rent,Other,0,0,0.2526217025471795
59,83855.4,10,838,0.118,54029.97,36,1,1,11.3,11.336861091112617,10.897312679666038,0.6443230847387289,64.47490453460621,1.9329692542161867,0.19152542372881357,0.5,0,0,0,1,0,1,Rent,Debt Consolidation,0,0,0.18149718913060464
61,61062.71,32,572,0.18,95891.59,60,2,3,5.6,11.019673024351347,11.470983989898718,1.570378877714402,167.64263986013987,7.851894388572011,0.09180327868852459,1.0,1,0,1,1,0,3,Mortgage,Other,0,0,0.386893574843557
37,21369.91,30,749,0.246,67785.02,48,1,0,9.6,9.969785930466925,11.124111257977173,3.1719843462139057,90.50069425901202,12.687937384855623,0.2594594594594595,0.0,1,0,0,0,0,1,Rent,Vehicle,0,0,0.27275508263075515
54,15000.0,11,648,0.298,10885.46,36,2,1,12.2,9.61587214452889,9.295275094210144,0.7256973333333333,16.798549382716047,2.177092,0.22592592592592592,0.3333333333333333,0,0,0,1,0,1,Rent,Medical,0,0,0.4438574319033571
34,28092.85,29,626,0.087,16274.06,72,0,1,9.8,10.243305970158262,9.697389153705918,0.5792954435025283,25.99690095846645,3.47577266101517,0.2882352941176471,1.0,0,0,0,1,0,1,Rent,Medical,0,0,0.2893032289894402
24,45561.19,32,807,0.313,48888.28,60,1,1,1.2,10.72683348488699,10.797313428526225,1.0730246510242598,60.580272614622054,5.365123255121299,0.049999999999999996,0.5,1,0,0,1,0,2,Rent,Debt Consolidation,0,0,0.18778989942676944
23,33192.41,15,745,0.477,47890.23,48,0,0,0.5,10.41010664122614,10.776687676865674,1.4428066536898043,64.2821879194631,5.771226614759217,0.021739130434782608,0.0,1,1,0,0,0,2,Mortgage,Vehicle,0,0,0.44383736496980675
36,75492.79,24,704,0.616,20071.46,48,1,2,21.6,11.231805680198635,9.907104005280667,0.2658725422652945,28.51059659090909,1.063490169061178,0.6000000000000001,1.0,0,1,0,1,0,2,Own,Home Improvement,0,0,0.4172912988751286
54,19405.84,9,685,0.251,35714.01,48,3,1,12.9,9.87338086023023,10.483326327583434,1.840374340920053,52.13724087591241,7.361497363680212,0.2388888888888889,0.25,1,0,0,1,1,3,Mortgage,Medical,0,0,0.48273997121850337
41,15000.0,5,736,0.042,19476.51,60,1,0,11.7,9.61587214452889,9.877015745617793,1.2984339999999999,26.46264945652174,6.49217,0.28536585365853656,0.0,1,0,0,0,0,1,Rent,Vehicle,0,0,0.2561372088192791
30,31129.0,13,741,0.253,147023.27,60,0,2,7.9,10.345927263435653,11.898352954173848,4.723032220758777,198.41197031039135,23.615161103793888,0.26333333333333336,2.0,1,0,0,1,0,2,Rent,Debt Consolidation,0,0,0.41502233506710773
61,15000.0,27,585,0.181,38799.77,36,1,2,7.8,9.61587214452889,10.566195370775272,2.586651333333333,66.32439316239315,7.759954,0.12786885245901639,1.0,1,0,1,1,0,3,Mortgage,Vehicle,0,0,0.4028863349606646
67,41882.77,13,711,0.323,28900.85,60,2,1,10.3,10.642653680035194,10.271660885892555,0.6900415134911086,40.64817158931083,3.4502075674555432,0.1537313432835821,0.3333333333333333,0,0,0,1,0,1,Rent,Debt Consolidation,0,0,0.35605934934848693
22,32058.02,7,682,0.274,41058.91,24,2,0,5.4,10.375333858010753,10.622787498656251,1.2807687436716304,60.203680351906165,2.561537487343261,0.24545454545454548,0.0,1,0,0,0,0,1,Mortgage,Other,1,0,0.3587190699332703
53,73208.07,23,736,0.205,180078.11,48,1,0,4.1,11.201074599377376,12.101151533320511,2.4598122857220517,244.67134510869565,9.839249142888207,0.07735849056603773,0.0,1,0,0,0,0,1,Mortgage,Debt Consolidation,0,0,0.2569607841947122
43,85419.86,27,652,0.155,69387.25,12,3,1,13.3,11.355345612244566,11.14747282380327,0.8123081681473138,106.42216257668711,0.8123081681473138,0.30930232558139537,0.25,1,0,0,1,1,3,Rent,Medical,0,0,0.3096590424867441
42,54062.03,1,508,0.149,39824.68,36,1,0,15.8,10.897905867094389,10.592267209334299,0.736647883921488,78.39503937007873,2.2099436517644637,0.3761904761904762,0.0,0,0,1,0,0,1,Mortgage,Education,0,0,0.42311461601756223
50,72378.17,22,644,0.157,24282.73,60,2,2,10.8,11.189673829795836,10.097561857756626,0.33549798233362355,37.70610248447205,1.6774899116681177,0.21600000000000003,0.6666666666666666,0,0,0,1,0,1,Rent,Education,0,0,0.3465458641439452
21,17969.15,0,702,0.409,49719.5,60,1,0,13.8,9.796467326988175,10.81417260188945,2.7669366664533377,70.82549857549857,13.834683332266689,0.6571428571428571,0.0,1,1,0,0,0,2,Rent,Debt Consolidation,1,0,0.43585213961819325
43,28437.77,29,646,0.288,83311.41,48,3,1,9.8,10.255508634036767,11.330352796650413,2.92960418485697,128.96503095975234,11.71841673942788,0.22790697674418606,0.25,1,0,0,1,1,3,Mortgage,Debt Consolidation,0,0,0.477727549260986
41,36233.47,17,612,0.056,24903.13,84,3,0,4.2,10.49776615469431,10.122788932152792,0.687296303666196,40.69138888888889,4.811074125663372,0.10243902439024391,0.0,0,0,0,0,1,1,Own,Home Improvement,0,0,0.30739377862560585
59,48320.48,31,720,0.394,41071.24,48,2,1,0.5,10.785631461278706,10.62308774649081,0.8499758280546881,57.043388888888884,3.3999033122187523,0.00847457627118644,0.3333333333333333,1,0,0,1,0,2,Mortgage,Debt Consolidation,0,0,0.3539386759038204
37,44047.18,23,825,0.325,32951.29,24,1,1,13.2,10.693039313825183,10.402816036756967,0.7480907971861082,39.94095757575758,1.4961815943722163,0.3567567567567567,0.5,0,0,0,1,0,1,Mortgage,Education,0,0,0.17491742669592225
45,39148.59,28,730,0.327,90086.89,72,2,3,0.5,10.575145228822604,11.408541028347788,2.3011528639984227,123.40669863013699,13.806917183990535,0.011111111111111112,1.0,1,0,0,1,0,2,Own,Home Improvement,1,0,0.38584542599186783
39,23790.53,34,737,0.303,17573.72,48,2,3,2.9,10.077084913965471,9.77421678483076,0.738685518985916,23.84493894165536,2.954742075943664,0.07435897435897436,1.0,0,0,0,1,0,1,Rent,Medical,0,0,0.3066914083353634
67,58965.15,25,612,0.095,14068.84,60,1,1,3.2,10.984718829428944,9.551788778330913,0.23859584856478785,22.98830065359477,1.1929792428239392,0.04776119402985075,0.5,0,0,0,1,0,1,Own,Debt Consolidation,0,0,0.322651758637561
47,36001.98,23,707,0.31,41609.54,60,1,1,10.3,10.491356991790134,10.636108779542381,1.1557569889211647,58.85366336633663,5.778784944605824,0.21914893617021278,0.5,1,0,0,1,0,2,Mortgage,Vehicle,0,0,0.3605682544161891
65,23235.04,0,657,0.443,36893.34,60,0,1,9.1,10.053459800577631,10.515813430729672,1.5878319985676803,56.15424657534246,7.939159992838402,0.13999999999999999,1.0,1,1,0,1,0,3,Mortgage,Debt Consolidation,0,1,0.5671730435072228
65,22074.45,4,664,0.11,21445.73,48,0,1,10.5,10.002221410315352,9.973327465182406,0.9715182031715399,32.29778614457831,3.8860728126861597,0.16153846153846155,1.0,1,0,0,1,0,2,Rent,Home Improvement,0,0,0.3674412563210854
40,33441.6,0,674,0.064,30903.61,48,2,1,4.2,10.417585815372343,10.338660642696487,0.9241068011099948,45.85105341246291,3.696427204439979,0.10500000000000001,0.3333333333333333,1,0,0,1,0,2,Mortgage,Home Improvement,0,0,0.26117720731068433
67,31350.58,12,674,0.398,30958.38,72,2,3,6.5,10.353019943515177,10.340431301663351,0.9874898646213244,45.93231454005935,5.924939187727946,0.09701492537313433,1.0,1,0,0,1,0,2,Own,Education,1,0,0.4748875653415327
27,63067.71,23,585,0.234,50454.57,60,5,1,6.9,11.051980045984116,10.828848426030337,0.8000063741017392,86.2471282051282,4.000031870508696,0.2555555555555556,0.16666666666666666,1,0,1,1,1,4,Mortgage,Debt Consolidation,0,0,0.445016104520906
59,20557.06,6,604,0.368,115058.85,48,1,1,5.7,9.931008357140454,11.653207706748782,5.597047924168145,190.49478476821193,22.38819169667258,0.09661016949152543,0.5,1,0,0,1,0,2,Own,Vehicle,1,0,0.4507527703740383
58,22353.96,14,613,0.284,46436.94,36,3,0,8.2,10.014803499357601,10.745872076516168,2.077347369325167,75.75357259380098,6.2320421079755,0.14137931034482756,0.0,1,0,0,0,1,2,Mortgage,Medical,1,0,0.4963728729408526
35,43622.35,33,656,0.238,26611.0,60,2,0,10.9,10.683347836439875,10.189117520861778,0.6100313256851133,40.5655487804878,3.0501566284255666,0.31142857142857144,0.0,0,0,0,0,0,0,Rent,Vehicle,0,0,0.24705301969302676
65,26262.71,31,654,0.391,29804.13,60,0,1,8.0,10.175943417390343,10.302435805328797,1.1348459469719614,45.572064220183485,5.674229734859807,0.12307692307692308,1.0,1,0,0,1,0,2,Mortgage,Education,0,0,0.412798597636863
57,19494.62,28,670,0.489,76678.91,24,1,1,11.1,9.877945103937408,11.247395023449972,3.9333369924625363,114.44613432835821,7.866673984925073,0.19473684210526315,0.5,1,1,0,1,0,3,Mortgage,Vehicle,0,0,0.48185727617177376
54,32678.61,11,759,0.49,18459.09,24,2,4,7.7,10.394506614998201,9.823366383451242,0.5648676611398098,24.320276679841896,1.1297353222796196,0.1425925925925926,1.3333333333333333,0,1,0,1,0,2,Own,Medical,0,0,0.4498800647486552
61,18351.84,19,579,0.186,5196.17,60,2,1,14.4,9.817539609899695,8.55586952565297,0.2831416359340535,8.974386873920553,1.4157081796702675,0.2360655737704918,0.3333333333333333,0,0,1,1,0,2,Mortgage,Debt Consolidation,0,0,0.4043690832574997
68,20886.5,2,504,0.121,58251.83,84,1,0,9.1,9.946906172903649,10.972547953938784,2.7889703875709193,115.57902777777778,19.522792712996434,0.1338235294117647,0.0,1,0,1,0,0,2,Rent,Home Improvement,0,0,0.3176989312174534
25,33561.23,29,680,0.085,125563.21,84,0,1,3.1,10.421156606526125,11.740572540180336,3.741317287834802,184.65177941176472,26.189221014843614,0.124,1.0,1,0,0,1,0,2,Mortgage,Vehicle,0,0,0.28828968563648333
57,43418.18,32,767,0.234,17551.14,36,0,0,9.8,10.678656557947642,9.772931158782198,0.404234815922731,22.88284224250326,1.212704447768193,0.17192982456140352,0.0,0,0,0,0,0,0,Mortgage,Education,0,0,0.13192362190120555
25,73127.21,25,620,0.229,26165.86,36,1,3,17.1,11.19996948100659,10.172249003610126,0.35781291259436804,42.203,1.073438737783104,0.684,1.5,0,0,0,1,0,1,Own,Debt Consolidation,0,0,0.2540171398135191
33,21761.63,4,692,0.319,65680.93,24,1,1,7.7,9.987949557637005,11.09257912859105,3.0181990043944316,94.9146387283237,6.036398008788863,0.23333333333333334,0.5,1,0,0,1,0,2,Own,Home Improvement,0,0,0.4939837401957367
44,28151.39,1,741,0.498,42302.59,24,1,1,15.3,10.245387532272899,10.652627231409475,1.502682105572762,57.08851551956815,3.005364211145524,0.3477272727272727,0.5,1,1,0,1,0,3,Mortgage,Debt Consolidation,0,0,0.4358647278599392
21,23488.03,32,672,0.273,200000.0,48,2,1,5.7,10.0642887826326,12.206077645517674,8.514975500286742,297.6190476190476,34.059902001146966,0.27142857142857146,0.3333333333333333,1,0,0,1,0,2,Mortgage,Vehicle,0,0,0.3635542764017219
68,45534.18,31,528,0.373,14758.45,72,2,1,5.8,10.72624049299729,9.599638834587557,0.32411805812688405,27.95160984848485,1.9447083487613042,0.08529411764705883,0.3333333333333333,0,0,1,1,0,2,Mortgage,Debt Consolidation,0,0,0.4991628994895512
35,55044.19,6,703,0.266,21526.54,60,1,0,7.6,10.915909763219865,9.977088324657085,0.3910774234301568,30.62096728307255,1.955387117150784,0.21714285714285714,0.0,0,0,0,0,0,0,Mortgage,Education,0,0,0.28643211004708474
22,40455.26,27,553,0.383,87271.75,60,1,1,3.8,10.607976669474386,11.376793551062281,2.1572411103030853,157.81509945750452,10.786205551515426,0.17272727272727273,0.5,1,0,1,1,0,3,Rent,Debt Consolidation,0,1,0.5366112257543026
22,32241.86,13,614,0.598,29684.28,72,0,2,7.4,10.381051902363513,10.298406579033543,0.9206751719658853,48.3457328990228,5.524051031795312,0.33636363636363636,2.0,1,1,0,1,0,3,Rent,Debt Consolidation,0,1,0.5092820865979508
22,29610.09,22,690,0.234,13190.81,36,0,0,6.7,10.295904232305972,9.487351461467432,0.44548361723993407,19.117115942028985,1.3364508517198022,0.30454545454545456,0.0,0,0,0,0,0,0,Own,Other,0,0,0.20116870029705253
53,32704.7,34,722,0.49,13668.94,72,1,1,1.2,10.395304653621391,9.522954540534991,0.41795032518261904,18.932049861495845,2.507701951095714,0.022641509433962263,0.5,0,1,0,1,0,2,Mortgage,Home Improvement,0,0,0.37741952972196613
47,63058.61,15,685,0.168,60503.55,60,1,0,4.4,11.051835748493819,11.010473847802627,0.9594811874223045,88.3263503649635,4.797405937111522,0.09361702127659575,0.0,1,0,0,0,0,1,Rent,Home Improvement,0,0,0.25273310012973066
49,20503.07,21,573,0.386,37837.59,36,2,0,7.2,9.928378682006086,10.541084760315115,1.8454597287137973,66.03418848167539,5.536379186141392,0.1469387755102041,0.0,1,0,1,0,0,2,Rent,Debt Consolidation,0,0,0.46077524794509656
34,20709.14,15,598,0.465,26309.12,36,1,2,6.2,9.938378714386095,10.177708935027358,1.2704110359000904,43.99518394648829,3.8112331077002715,0.1823529411764706,1.0,1,1,1,1,0,4,Mortgage,Vehicle,1,1,0.5447632685688402
30,28758.23,8,581,0.225,119060.07,36,0,0,0.5,10.266714038180327,11.687391833732343,4.140034696154806,204.92266781411362,12.420104088464416,0.016666666666666666,0.0,1,0,1,0,0,2,Mortgage,Debt Consolidation,1,0,0.45413958768364715
38,29220.44,19,686,0.099,43695.48,60,2,0,9.0,10.282657965404574,10.685022828640337,1.4953737862947993,63.69603498542274,7.476868931473996,0.23684210526315788,0.0,1,0,0,0,0,1,Rent,Medical,0,0,0.31497412070626524
68,41287.76,28,743,0.194,72754.57,48,2,1,7.3,10.628345586944562,11.194860745676781,1.7621341046353691,97.92001345895021,7.0485364185414765,0.10735294117647058,0.3333333333333333,1,0,0,1,0,2,Mortgage,Vehicle,1,0,0.34486220202178786
64,66415.32,6,576,0.171,97416.03,60,3,0,6.2,11.10369808839733,11.48675632034274,1.4667704680185232,169.12505208333334,7.333852340092616,0.096875,0.0,1,0,1,0,1,3,Rent,Medical,0,0,0.47287409550026743
60,54343.76,27,677,0.293,34056.25,60,0,1,5.7,10.903103475757892,10.435798211086224,0.6266818858319704,50.3046528803545,3.133409429159852,0.095,1.0,0,0,0,1,0,1,Rent,Debt Consolidation,1,0,0.2829076240909528
45,50264.42,15,850,0.145,33303.78,36,3,0,10.0,10.825072644519324,10.41345620921069,0.6625716560541234,39.18091764705882,1.9877149681623703,0.2222222222222222,0.0,0,0,0,0,1,1,Own,Vehicle,0,0,0.16386680427927117
49,22036.16,33,651,0.556,112581.32,60,1,1,2.3,10.000485398339803,11.631439966373636,5.108935495113487,172.93597542242705,25.544677475567433,0.046938775510204075,0.5,1,1,0,1,0,3,Mortgage,Vehicle,0,0,0.43290133767043804
35,54848.0,12,753,0.265,200000.0,60,1,1,6.3,10.912339233996615,12.206077645517674,3.646441073512252,265.6042496679947,18.23220536756126,0.18,0.5,1,0,0,1,0,2,Rent,Home Improvement,0,0,0.3213156020880104
25,25827.65,17,803,0.173,14156.89,60,5,1,0.5,10.159239619915672,9.558027344844989,0.5481292335926806,17.63,2.740646167963403,0.02,0.16666666666666666,0,0,0,1,1,2,Rent,Debt Consolidation,0,0,0.2007675714419299
66,56357.36,3,541,0.226,30865.29,36,2,2,14.0,10.939485866937718,10.337419928867945,0.5476709696834628,57.05229205175601,1.6430129090503884,0.21212121212121213,0.6666666666666666,0,0,1,1,0,2,Rent,Debt Consolidation,1,1,0.6350482302102893
50,70792.92,26,580,0.215,112898.01,60,2,2,8.2,11.167528400288067,11.634248981277342,1.5947641374306922,194.65174137931032,7.973820687153461,0.16399999999999998,0.6666666666666666,1,0,1,1,0,3,Mortgage,Debt Consolidation,0,0,0.35673899414442634
68,35919.1,11,567,0.272,31148.38,60,4,1,2.2,10.489052306376626,10.346549620325705,0.8671815273767995,54.935414462081134,4.335907636883998,0.03235294117647059,0.2,1,0,1,1,1,4,Own,Education,0,1,0.5081079802051832
44,32667.05,23,740,0.205,27148.33,36,2,0,17.7,10.394152815026768,10.209107647341192,0.8310615742774448,36.686932432432435,2.4931847228323343,0.4022727272727273,0.0,1,0,0,0,0,1,Own,Debt Consolidation,0,0,0.1954965643970161
40,46485.37,8,643,0.246,53596.78,60,3,1,11.3,10.746914430328319,10.8892629282907,1.1529816800425596,83.35424572317262,5.764908400212798,0.28250000000000003,0.25,1,0,0,1,1,3,Mortgage,Home Improvement,0,1,0.5294553850042228
32,31387.06,5,487,0.303,24836.22,60,0,2,6.8,10.354182844804095,10.120098613520232,0.7912885118899318,50.99839835728953,3.956442559449659,0.2125,2.0,1,0,1,1,0,3,Rent,Other,1,1,0.693768542686115
52,19051.53,16,796,0.495,20439.3,36,0,0,14.3,9.854955180135542,9.925263721313652,1.0728429685174892,25.67751256281407,3.2185289055524677,0.275,0.0,1,1,0,0,0,2,Mortgage,Vehicle,0,0,0.37840149911692483
69,46057.85,13,551,0.047,43017.26,24,1,3,7.5,10.737675205629202,10.669379955699702,0.9339832406419319,78.07125226860255,1.8679664812838639,0.10869565217391304,1.5,1,0,1,1,0,3,Own,Debt Consolidation,0,0,0.3523228040255506
58,51294.57,23,580,0.063,41669.95,12,0,2,11.2,10.845359672654244,10.63755952233277,0.8123657143436429,71.84474137931034,0.8123657143436429,0.19310344827586207,2.0,1,0,1,1,0,3,Mortgage,Debt Consolidation,0,0,0.29183861756750995
51,50928.46,8,751,0.32,74073.14,60,3,2,15.9,10.8381968170343,11.212821762519495,1.454454739059457,98.63267643142477,7.272273695297286,0.31176470588235294,0.5,1,0,0,1,1,3,Own,Home Improvement,0,0,0.36551841592169804
44,24274.78,10,781,0.636,11152.78,72,2,2,7.2,10.097234424466173,9.319533732889104,0.45943897328832645,14.280128040973112,2.756633839729959,0.16363636363636364,0.6666666666666666,0,1,0,1,0,2,Rent,Debt Consolidation,0,1,0.5414576587678354
34,28452.07,4,636,0.101,19956.14,36,3,1,4.4,10.25601134234436,9.901342253025806,0.701395012735453,31.3775786163522,2.104185038206359,0.12941176470588237,0.25,0,0,0,1,1,2,Mortgage,Debt Consolidation,0,0,0.381919434935983
27,40916.37,9,609,0.521,77064.01,60,0,1,4.5,10.61930994625029,11.252404630341404,1.8834517822573211,126.54188834154351,9.417258911286606,0.16666666666666666,1.0,1,1,0,1,0,3,Rent,Education,1,1,0.6468289113634089
68,30794.72,4,684,0.206,6340.32,48,0,2,7.1,10.335130998266726,8.75484222765301,0.205889840855835,9.269473684210526,0.82355936342334,0.10441176470588234,2.0,0,0,0,1,0,1,Rent,Vehicle,0,0,0.283473866555279
45,44953.68,20,567,0.216,17028.86,48,1,1,13.8,10.713410150164199,9.742723552836097,0.37880903187458737,30.033262786596122,1.5152361274983495,0.3066666666666667,0.5,0,0,1,1,0,2,Mortgage,Vehicle,0,0,0.41563939906365693
52,58310.41,29,738,0.25,46051.75,84,1,0,20.7,10.973553065024856,10.737542757598577,0.7897689280524695,62.40074525745258,5.5283824963672865,0.39807692307692305,0.0,1,0,0,0,0,1,Mortgage,Education,0,0,0.17049695803816764
57,15000.0,14,642,0.448,51110.94,48,4,1,10.5,9.61587214452889,10.841773408388862,3.4073960000000003,79.61205607476636,13.629584000000001,0.18421052631578946,0.2,1,1,0,1,1,4,Mortgage,Debt Consolidation,0,1,0.5617346532332719
34,38762.54,9,624,0.288,34434.77,60,1,1,7.9,10.565235393103606,10.44685112869874,0.8883517437195807,55.183926282051274,4.441758718597903,0.2323529411764706,0.5,1,0,0,1,0,2,Own,Debt Consolidation,0,0,0.4771820719391451
44,26517.85,13,581,0.249,71611.38,72,0,1,1.1,10.18561107986033,11.179023243030318,2.700497212255142,123.25538726333907,16.20298327353085,0.025,1.0,1,0,1,1,0,3,Mortgage,Medical,1,0,0.45781696360599294
67,30429.93,1,680,0.344,60612.67,60,3,2,11.8,10.323214804369458,11.01227572417637,1.9918767476625807,89.1362794117647,9.959383738312903,0.17611940298507464,0.5,1,0,0,1,1,3,Mortgage,Other,0,1,0.5907359568273763
59,27686.7,27,755,0.223,177251.83,12,1,0,5.2,10.2287435502377,12.085332410416422,6.402056944309,234.77063576158938,6.402056944309,0.08813559322033898,0.0,1,0,0,0,0,1,Mortgage,Vehicle,0,0,0.35326046323537147
61,26989.07,5,774,0.397,58314.45,12,1,2,2.9,10.203224299561855,10.973622345806342,2.1606691153122357,75.34166666666667,2.1606691153122357,0.047540983606557376,1.0,1,0,0,1,0,2,Rent,Debt Consolidation,0,0,0.3408610565621249
64,53829.09,7,746,0.102,32075.25,12,0,3,4.8,10.893587883483756,10.375871159885822,0.5958720461371352,42.996313672922255,0.5958720461371352,0.075,3.0,0,0,0,1,0,1,Mortgage,Debt Consolidation,1,0,0.21596136238321123
37,140183.36,22,654,0.291,11362.77,60,1,0,0.5,11.850713692438372,9.33818550341692,0.08105648202468539,17.374266055045872,0.405282410123427,0.013513513513513514,0.0,0,0,0,0,0,0,Mortgage,Debt Consolidation,0,0,0.3500475528322772
69,31514.38,12,588,0.525,47611.38,84,0,0,2.2,10.358230959624795,10.770848090437136,1.5107826966610163,80.97173469387755,10.575478876627114,0.0318840579710145,0.0,1,1,1,0,0,3,Rent,Vehicle,0,1,0.5819734865714878
22,18616.52,12,671,0.225,24114.46,60,0,0,9.5,9.831858351842314,10.0906084075855,1.2953258718600469,35.93809239940387,6.476629359300235,0.4318181818181818,0.0,1,0,0,0,0,1,Mortgage,Home Improvement,0,0,0.24343727036984428
69,15000.0,5,634,0.196,27679.67,72,1,0,15.8,9.61587214452889,10.228489614640976,1.8453113333333333,43.65878548895899,11.071868,0.2289855072463768,0.0,1,0,0,0,0,1,Mortgage,Home Improvement,0,0,0.2891951868329823
46,23772.29,22,581,0.308,29438.82,60,1,0,8.9,10.076317960536695,10.290103458693686,1.2383670231180925,50.66922547332186,6.191835115590463,0.19347826086956524,0.0,1,0,1,0,0,2,Mortgage,Debt Consolidation,0,0,0.35933949416648675
44,15000.0,7,845,0.16,24543.37,60,0,0,16.8,9.61587214452889,10.108237779020762,1.6362246666666667,29.04540828402367,8.181123333333334,0.38181818181818183,0.0,1,0,0,0,0,1,Mortgage,Vehicle,0,0,0.2200010969236647
28,54747.47,32,619,0.107,72616.81,60,1,1,6.7,10.910504702082793,11.192965487532048,1.3263957220306253,117.31310177705977,6.631978610153126,0.2392857142857143,0.5,1,0,0,1,0,2,Mortgage,Other,0,0,0.3427574763583669
54,52032.81,17,607,0.257,16373.18,48,2,0,13.5,10.859648978587817,9.703460982913713,0.31467030129643203,26.973937397034597,1.2586812051857281,0.25,0.0,0,0,0,0,0,0,Mortgage,Vehicle,0,0,0.3619483069130042
21,29989.04,15,683,0.459,26891.16,60,3,1,11.2,10.308620605520092,10.199590073296052,0.8966995942517666,39.37212298682284,4.483497971258833,0.5333333333333333,0.25,1,1,0,1,1,4,Mortgage,Debt Consolidation,1,1,0.5202017652972258
31,27544.37,8,781,0.285,9916.25,24,1,1,16.8,10.223589742381495,9.202030944105042,0.36001004924055263,12.696862996158771,0.7200200984811053,0.5419354838709678,0.5,0,0,0,1,0,1,Rent,Vehicle,1,0,0.2598840668729776
65,23690.34,11,666,0.563,85451.59,24,2,1,13.3,10.072864859504186,11.355716998207273,3.607022524792806,128.30569069069068,7.214045049585612,0.20461538461538462,0.3333333333333333,1,1,0,1,0,3,Own,Debt Consolidation,1,1,0.6291672574553318
40,45827.11,19,692,0.455,8104.09,36,2,2,8.0,10.732652937289942,9.000247538364757,0.17684052081835402,11.711112716763006,0.5305215624550621,0.2,0.6666666666666666,0,1,0,1,0,2,Rent,Education,0,0,0.4993594565491589
59,26457.29,23,710,0.346,59324.11,36,1,1,4.2,10.183324809730266,10.99078793549525,2.2422595057921653,83.55508450704225,6.726778517376496,0.0711864406779661,0.5,1,0,0,1,0,2,Rent,Education,0,0,0.3989304103035437
40,64082.62,30,695,0.367,41569.94,48,0,2,3.6,11.067944072031779,10.635156644451934,0.6486928905216423,59.81286330935252,2.594771562086569,0.09,2.0,0,0,0,1,0,1,Own,Home Improvement,0,0,0.2616947836257948
45,60798.92,9,683,0.122,8592.86,36,0,0,8.3,11.015343752163918,9.058803273767063,0.14133244472105755,12.581054172767205,0.42399733416317265,0.18444444444444447,0.0,0,0,0,0,0,0,Mortgage,Home Improvement,0,0,0.20978781815462605
28,20110.18,20,652,0.428,94319.05,24,2,0,10.4,9.909031158320241,11.454449065321375,4.690114658347166,144.66111963190184,9.380229316694331,0.37142857142857144,0.0,1,1,0,0,0,2,Mortgage,Debt Consolidation,0,1,0.5011332726555189
66,20188.9,13,636,0.154,60231.43,48,1,1,12.4,9.912937758347613,11.005966190566769,2.9833933498110348,94.70350628930818,11.933573399244139,0.1878787878787879,0.5,1,0,0,1,0,2,Rent,Education,0,0,0.4223675501569745
27,60863.44,33,717,0.162,26430.36,36,0,1,12.6,11.016404375111318,10.182306462952504,0.4342567557798245,36.86242677824268,1.3027702673394734,0.4666666666666667,1.0,0,0,0,1,0,1,Own,Home Improvement,0,0,0.19144420308488555
25,40484.97,28,546,0.172,20751.84,36,1,1,14.9,10.60871077332436,9.940438383763226,0.5125813357401524,38.00703296703297,1.5377440072204571,0.596,0.5,0,0,1,1,0,2,Mortgage,Education,0,0,0.41581767852574975
53,37398.82,24,744,0.244,62499.0,72,1,1,3.5,10.529421170556818,11.042921835724492,1.6711489827753925,84.00403225806451,10.026893896652355,0.0660377358490566,0.5,1,0,0,1,0,2,Mortgage,Education,1,0,0.30579283822621856
25,16740.53,5,779,0.378,35316.18,48,3,0,3.1,9.7256477377164,10.472124810080794,2.109621379968257,45.33527599486521,8.438485519873028,0.124,0.0,1,0,0,0,1,2,Own,Vehicle,0,0,0.3991185613593454
54,22412.83,34,594,0.472,48651.37,12,2,0,6.7,10.017433458037837,10.792455801741063,2.1706928576177127,81.9046632996633,2.1706928576177127,0.12407407407407407,0.0,1,1,1,0,0,3,Rent,Vehicle,0,0,0.46094675904507143
27,17506.82,6,653,0.292,32167.56,60,0,1,10.2,9.770402917243542,10.378744857030407,1.8374302129113111,49.26119448698316,9.187151064556556,0.37777777777777777,1.0,1,0,0,1,0,2,Own,Vehicle,0,0,0.30361974282234855
60,49137.59,17,765,0.519,91577.01,48,1,4,6.5,10.80239995213481,11.424946456339702,1.8636854188412577,119.70850980392156,7.454741675365031,0.10833333333333334,2.0,1,1,0,1,0,3,Mortgage,Other,0,0,0.43529355286365207
37,25714.77,33,708,0.553,43959.8,72,1,1,2.5,10.154859701373393,10.691053606714117,1.7095155819009853,62.090112994350285,10.25709349140591,0.06756756756756757,0.5,1,1,0,1,0,3,Mortgage,Education,0,1,0.5590460330104637
58,59837.79,16,616,0.62,200000.0,24,2,0,8.6,10.999409391855684,12.206077645517674,3.3423694290848642,324.6753246753247,6.6847388581697285,0.1482758620689655,0.0,1,1,0,0,0,2,Mortgage,Education,1,1,0.5926359105406774
65,41436.02,28,653,0.199,76305.01,48,0,1,9.9,10.63192996315072,11.24250698219148,1.8415139774524678,116.85300153139356,7.366055909809871,0.1523076923076923,1.0,1,0,0,1,0,2,Own,Home Improvement,0,0,0.4257003392977964
56,46125.24,12,588,0.275,107512.71,84,2,3,3.4,10.739137264450308,11.585373653301694,2.330886733597484,182.8447448979592,16.31620713518239,0.060714285714285714,1.0,1,0,1,1,0,3,Mortgage,Medical,0,1,0.5111156842968798
33,49170.18,1,683,0.051,21319.66,24,2,2,10.3,10.80306295849102,9.967431834648657,0.4335892201330156,31.21472913616398,0.8671784402660312,0.31212121212121213,0.6666666666666666,0,0,0,1,0,1,Own,Other,0,0,0.27524791025581824
31,42304.55,25,715,0.402,90472.23,60,2,2,18.7,10.652673562101416,11.412809284825268,2.1385933664345793,126.53458741258741,10.692966832172896,0.6032258064516128,0.6666666666666666,1,1,0,1,0,3,Mortgage,Debt Consolidation,0,0,0.47203277953146217
63,17448.93,20,634,0.124,24884.54,72,0,2,11.3,9.767090916161209,10.122042190876385,1.426135585391196,39.25006309148265,8.556813512347176,0.17936507936507937,2.0,1,0,0,1,0,2,Rent,Education,0,0,0.35717812775728497
31,40736.59,34,580,0.256,36640.83,36,1,1,6.7,10.614906532410023,10.508945762955683,0.8994574656347034,63.17384482758621,2.6983723969041105,0.2161290322580645,0.5,1,0,1,1,0,3,Own,Medical,0,0,0.46008925000661305
46,58396.79,26,801,0.132,45772.86,48,1,0,13.4,10.97503332563452,10.73146846480878,0.7838249328430552,57.14464419475655,3.135299731372221,0.29130434782608694,0.0,1,0,0,0,0,1,Rent,Education,0,0,0.12987107954176433
29,49124.38,20,736,0.175,37118.52,24,2,0,11.8,10.8021310845106,10.521898255782048,0.7556028188040236,50.43277173913043,1.5112056376080472,0.40689655172413797,0.0,1,0,0,0,0,1,Mortgage,Education,0,0,0.19686799082145515
50,15000.0,26,665,0.19,36022.26,24,4,2,16.4,9.61587214452889,10.49192011990944,2.401484,54.16881203007519,4.802968,0.32799999999999996,0.4,1,0,0,1,1,3,Mortgage,Medical,0,0,0.43000830297897397
60,59052.5,10,746,0.148,48273.73,24,2,0,6.7,10.98619909167256,10.784663514324057,0.8174714025655138,64.71009383378016,1.6349428051310275,0.11166666666666666,0.0,1,0,0,0,0,1,Mortgage,Home Improvement,1,0,0.25218249006081206
65,31310.19,1,787,0.493,39633.26,48,1,1,2.4,10.351730820624711,10.587449174729864,1.2658262374006675,50.359923761118175,5.06330494960267,0.03692307692307692,0.5,1,1,0,1,0,3,Own,Vehicle,0,0,0.42880850004211113
52,16713.56,20,581,0.088,24255.57,84,2,0,16.6,9.724035474846344,10.096442787506362,1.4512509602981052,41.74796901893287,10.158756722086736,0.31923076923076926,0.0,1,0,1,0,0,2,Mortgage,Vehicle,1,0,0.270536430040802
34,36214.32,11,662,0.157,34917.32,60,0,2,14.2,10.497237512708018,10.460766898830581,0.9641854382465279,52.74519637462235,4.82092719123264,0.41764705882352937,2.0,1,0,0,1,0,2,Rent,Medical,0,0,0.37031158694853017
62,18782.87,12,746,0.344,25860.58,48,0,0,17.5,9.84075380182023,10.16051374868062,1.3768172808521808,34.66565683646113,5.507269123408723,0.28225806451612906,0.0,1,0,0,0,0,1,Rent,Home Improvement,0,0,0.26096541767441567
55,34754.57,12,606,0.538,59129.19,48,2,2,6.9,10.45609512591801,10.987496902068633,1.7013356804587139,97.57292079207922,6.8053427218348554,0.12545454545454546,0.6666666666666666,1,1,0,1,0,3,Mortgage,Debt Consolidation,0,1,0.6554283675758558
43,33324.23,11,690,0.453,31536.6,48,3,0,1.9,10.414070046748524,10.358935763772665,0.9463564499464803,45.705217391304345,3.785425799785921,0.044186046511627906,0.0,1,1,0,0,1,3,Mortgage,Education,0,1,0.5487673220190836
30,59799.61,26,661,0.131,23127.84,72,1,1,3.0,10.998771140555593,10.048835602649232,0.38675569957730493,34.98916792738275,2.3205341974638296,0.1,0.5,0,0,0,1,0,1,Own,Education,0,0,0.25964101358105146
46,87516.52,10,611,0.091,8997.72,60,1,1,4.6,11.37959428087407,9.104837623981595,0.10281167487007023,14.726219312602291,0.5140583743503512,0.09999999999999999,0.5,0,0,0,1,0,1,Mortgage,Vehicle,0,0,0.26345611514579836
25,19771.47,9,644,0.286,12663.33,60,3,1,5.7,9.892045845133602,9.446544659338839,0.6404850018739122,19.66355590062112,3.202425009369561,0.228,0.25,0,0,0,1,1,2,Rent,Debt Consolidation,0,0,0.45517350875713325
26,15699.03,6,850,0.429,45279.22,60,3,1,9.6,9.661417902162599,10.720625571522506,2.8842049476942204,53.26967058823529,14.421024738471102,0.3692307692307692,0.25,1,1,0,1,1,4,Rent,Debt Consolidation,0,0,0.49703374104648645
39,34259.49,8,662,0.213,33558.45,36,0,2,8.6,10.441748074169295,10.421073771889041,0.979537348629533,50.692522658610265,2.938612045888599,0.2205128205128205,2.0,1,0,0,1,0,2,Rent,Debt Consolidation,0,0,0.40027922018554574
43,51036.03,0,718,0.675,31187.27,60,1,4,4.8,10.840306726670415,10.347797341567855,0.6110833856003298,43.43630919220056,3.055416928001649,0.11162790697674418,2.0,0,1,0,1,0,2,Mortgage,Home Improvement,0,1,0.5478715514632969
48,36083.65,30,599,0.142,200000.0,36,2,0,11.4,10.493622846138287,12.206077645517674,5.542676530783332,333.889816360601,16.628029592349996,0.23750000000000002,0.0,1,0,1,0,0,2,Mortgage,Vehicle,1,0,0.4460399971554681
69,26896.02,27,674,0.295,21312.1,60,1,2,9.6,10.199770778784155,9.967077186122268,0.7923886136313104,31.620326409495547,3.961943068156552,0.1391304347826087,1.0,1,0,0,1,0,2,Mortgage,Home Improvement,0,0,0.36914786489824797
40,53466.93,26,609,0.148,62833.12,72,3,3,9.6,10.886837313896223,11.048253517017619,1.1751772544262407,103.17425287356322,7.051063526557444,0.24,0.75,1,0,0,1,1,3,Own,Home Improvement,0,0,0.3976493786677737
69,15000.0,34,809,0.101,36727.24,48,0,2,1.9,9.61587214452889,10.511301220431777,2.4484826666666666,45.39831891223733,9.793930666666666,0.02753623188405797,2.0,1,0,0,1,0,2,Mortgage,Home Improvement,1,0,0.235075785271585
46,21497.77,13,701,0.047,18325.83,48,0,1,14.8,9.975751003176914,9.81612138534317,0.8524526032234973,26.142410841654783,3.409810412893989,0.32173913043478264,1.0,1,0,0,1,0,2,Rent,Vehicle,0,0,0.2792876747332598
48,37318.29,11,715,0.245,116928.54,36,4,0,9.2,10.527265630128648,11.669326810149032,3.133277007065436,163.53641958041956,9.399831021196308,0.19166666666666665,0.0,1,0,0,0,1,2,Own,Vehicle,0,0,0.4228415216329086
38,111110.05,15,735,0.047,33051.68,48,2,0,8.6,11.618285430627903,10.405857931250974,0.2974679608190258,44.968272108843536,1.1898718432761033,0.2263157894736842,0.0,0,0,0,0,0,0,Rent,Vehicle,0,0,0.2273588948103439
65,30195.36,31,792,0.341,41153.64,12,1,1,0.5,10.315476666297336,10.625091957950188,1.3629127124167422,51.961666666666666,1.3629127124167422,0.007692307692307693,0.5,1,0,0,1,0,2,Mortgage,Debt Consolidation,0,0,0.2566966035210305
55,33752.6,12,613,0.279,17940.84,36,1,1,10.9,10.426842357278858,9.794890694456013,0.5315394962165878,29.267275693311582,1.5946184886497634,0.19818181818181818,0.5,0,0,0,1,0,1,Own,Home Improvement,0,0,0.4928121936420228
67,53759.38,22,703,0.125,28461.43,24,2,1,15.2,10.892292043624431,10.256340250992599,0.529422586346792,40.48567567567568,1.058845172693584,0.22686567164179103,0.3333333333333333,0,0,0,1,0,1,Mortgage,Vehicle,0,0,0.30837910220558834
69,17998.84,26,646,0.545,47309.83,60,0,1,19.0,9.798118147949907,10.764494512330952,2.628493280678088,73.23503095975232,13.14246640339044,0.2753623188405797,1.0,1,1,0,1,0,3,Rent,Medical,0,1,0.508648121159998
33,23824.65,30,669,0.582,14760.92,60,2,1,0.9,10.078518010416776,9.599806170995437,0.6195650303362273,22.064155455904334,3.097825151681137,0.027272727272727275,0.3333333333333333,0,1,0,1,0,2,Rent,Vehicle,1,1,0.5450072630348314
38,26061.7,24,514,0.595,18298.38,48,1,0,0.5,10.168260452372625,9.814622458474158,0.7021176669211909,35.599961089494165,2.8084706676847637,0.013157894736842105,0.0,0,1,1,0,0,2,Rent,Debt Consolidation,0,1,0.5554873271401369
55,20955.38,13,638,0.641,56584.85,48,1,1,13.9,9.950198413595238,10.943514232936066,2.700254063634255,88.69098746081505,10.80101625453702,0.25272727272727274,0.5,1,1,0,1,0,3,Rent,Debt Consolidation,1,1,0.6140009600832227
23,28836.51,15,731,0.046,68565.08,60,1,2,8.6,10.269432249252647,11.135553230786602,2.3777176919120935,93.79627906976745,11.888588459560467,0.3739130434782609,1.0,1,0,0,1,0,2,Mortgage,Debt Consolidation,0,0,0.29247367126930784
45,32277.47,14,610,0.121,25708.56,36,2,0,10.5,10.382155723491058,10.154618186150051,0.7964862177859665,42.14518032786886,2.3894586533578996,0.23333333333333334,0.0,1,0,0,0,0,1,Mortgage,Home Improvement,1,0,0.33380529014853033
62,49466.16,29,689,0.365,46196.7,48,0,0,9.2,10.809064294043399,10.740685292280805,0.9339051181656307,67.04891146589259,3.735620472662523,0.14838709677419354,0.0,1,0,0,0,0,1,Rent,Debt Consolidation,0,0,0.23714788268590473
28,99609.77,2,678,0.084,34473.82,48,0,1,9.9,11.50902557025691,10.447984481473108,0.34608874209829016,50.84634218289086,1.3843549683931606,0.3535714285714286,1.0,0,0,0,1,0,1,Own,Debt Consolidation,0,0,0.23626463092449057
67,27132.68,25,586,0.332,46894.16,36,2,2,2.3,10.20853103965368,10.755669750814818,1.7283276108368213,80.02416382252561,5.184982832510464,0.034328358208955224,0.6666666666666666,1,0,1,1,0,3,Own,Debt Consolidation,0,0,0.4895570842923496
34,32397.04,24,740,0.347,62927.53,36,0,0,10.3,10.385853206123436,11.04975491696005,1.9423851685215685,85.0372027027027,5.827155505564706,0.30294117647058827,0.0,1,0,0,0,0,1,Mortgage,Debt Consolidation,0,0,0.24925772912539437
48,24115.69,19,696,0.171,38368.84,72,0,2,4.4,10.090659410910057,10.555027013307884,1.5910322283957041,55.127643678160915,9.546193370374224,0.09166666666666667,2.0,1,0,0,1,0,2,Own,Vehicle,0,0,0.2542382935779111
66,41266.77,6,678,0.057,61560.12,60,3,2,0.5,10.627837086879156,11.027785781419542,1.4917600771758974,90.7966371681416,7.458800385879487,0.007575757575757576,0.5,1,0,0,1,1,3,Mortgage,Vehicle,0,0,0.3848996927774287
30,35222.3,20,577,0.395,18153.05,12,2,3,2.0,10.469463074424132,9.806648955296726,0.515385139528083,31.461091854419408,0.515385139528083,0.06666666666666667,1.0,0,0,1,1,0,2,Mortgage,Vehicle,1,0,0.47911216852228194
35,41318.74,1,666,0.104,100727.35,12,0,0,9.9,10.629095630861405,11.520182568379653,2.437812721297891,151.24226726726727,2.437812721297891,0.28285714285714286,0.0,1,0,0,0,0,1,Mortgage,Vehicle,0,0,0.34731491795765707
42,27179.95,15,616,0.212,48763.27,36,3,3,4.8,10.210271639265036,10.79475315154117,1.7940897610186919,79.16115259740259,5.382269283056075,0.11428571428571428,0.75,1,0,0,1,1,3,Rent,Education,1,1,0.5714486205187038
67,25046.04,15,720,0.19,37059.97,36,2,3,8.7,10.128510935858479,10.520319673269086,1.4796738326697554,51.47218055555556,4.439021498009266,0.1298507462686567,1.0,1,0,0,1,0,2,Mortgage,Vehicle,1,0,0.3938919348520305
39,44460.43,6,747,0.292,46576.64,36,2,1,12.0,10.702377350743635,10.748875876633107,1.0475976053313025,62.35159303882195,3.1427928159939076,0.3076923076923077,0.3333333333333333,1,0,0,1,0,2,Own,Vehicle,0,0,0.37195797428484945
69,54358.29,11,665,0.252,52643.89,24,1,0,6.3,10.903370807105464,10.87132445682149,0.9684611123712684,79.16374436090226,1.9369222247425368,0.09130434782608696,0.0,1,0,0,0,0,1,Rent,Education,0,0,0.31895296509287313
60,23187.56,29,666,0.403,200000.0,60,1,1,6.9,10.051414332590639,12.206077645517674,8.625314608350338,300.3003003003003,43.12657304175169,0.115,0.5,1,1,0,1,0,3,Mortgage,Vehicle,0,0,0.42372570784359653
27,31780.19,17,680,0.325,45047.64,36,2,1,11.6,10.366629884323583,10.715498073901552,1.4174754776481828,66.24652941176471,4.2524264329445485,0.42962962962962964,0.3333333333333333,1,0,0,1,0,2,Own,Debt Consolidation,0,0,0.4136350118505092
38,29312.65,1,573,0.157,125007.94,36,2,0,6.5,10.285808556828446,11.736140533727005,4.26464137496951,218.16394415357766,12.793924124908528,0.17105263157894737,0.0,1,0,1,0,0,2,Own,Debt Consolidation,0,0,0.4214003225751462
62,28313.17,0,784,0.482,28452.18,48,3,4,20.2,10.25111766503333,10.256015208352048,1.0049097292885256,36.291045918367345,4.0196389171541025,0.3258064516129032,1.0,1,1,0,1,1,4,Mortgage,Vehicle,1,0,0.49064089057973964
52,32867.99,20,695,0.048,27444.47,36,2,3,9.8,10.400284939079393,10.219956405996765,0.8349908223776387,39.48844604316547,2.504972467132916,0.18846153846153849,1.0,1,0,0,1,0,2,Own,Vehicle,0,0,0.3354731418342435
21,27985.23,29,641,0.195,14928.35,60,5,0,3.0,10.2394678824768,9.61108435308181,0.5334367450258582,23.289157566302652,2.6671837251292914,0.14285714285714285,0.0,0,0,0,0,1,1,Own,Medical,0,0,0.3105317524295541
37,85283.22,16,663,0.481,18331.07,60,3,5,13.9,11.353744722227908,9.81640726408125,0.21494345546521343,27.64867269984917,1.0747172773260671,0.37567567567567567,1.25,0,1,0,1,1,3,Mortgage,Home Improvement,0,1,0.5503141728539638
34,28283.72,26,669,0.403,60712.27,84,1,0,10.4,10.250077008488379,11.013917569299538,2.1465447260827073,90.75077727952167,15.025813082578951,0.3058823529411765,0.0,1,1,0,0,0,2,Rent,Vehicle,1,0,0.431367130948248
64,18548.59,33,604,0.322,26862.66,60,2,0,1.2,9.828202965365444,10.198529722894168,1.4482319141239306,44.47460264900662,7.2411595706196525,0.01875,0.0,1,0,0,0,0,1,Own,Medical,0,0,0.3464435979306612
65,35085.56,15,725,0.07,21123.61,60,3,2,12.0,10.465573430143836,9.958193990516497,0.6020599357684473,29.136013793103448,3.0102996788422365,0.18461538461538463,0.5,0,0,0,1,1,2,Mortgage,Other,0,0,0.26100144183590707
41,44903.38,2,802,0.131,33529.4,84,2,3,12.3,10.712290619084001,10.420207769004387,0.7467010278513556,41.807231920199506,5.226907194959489,0.30000000000000004,1.0,0,0,0,1,0,1,Own,Debt Consolidation,0,0,0.23601382508643654
56,39583.51,22,681,0.302,38252.38,36,2,0,5.7,10.586193159102748,10.551987201363708,0.9663716027204257,56.17089574155653,2.899114808161277,0.10178571428571428,0.0,1,0,0,0,0,1,Mortgage,Home Improvement,0,0,0.33816016812967237
62,33180.91,29,624,0.701,33979.42,48,1,0,2.7,10.409760126885717,10.433539755361425,1.0240653435966642,54.454198717948714,4.096261374386657,0.043548387096774194,0.0,1,1,0,0,0,2,Own,Debt Consolidation,1,1,0.538794252498278
22,40832.98,17,732,0.468,59279.3,60,1,2,5.9,10.617269856908104,10.990032320685907,1.4517505212698167,80.98265027322405,7.258752606349084,0.2681818181818182,1.0,1,1,0,1,0,3,Mortgage,Debt Consolidation,0,1,0.52113094904837
66,38395.91,9,699,0.156,22421.88,48,0,4,13.2,10.555732266588034,10.017837145111349,0.5839653233899131,32.07708154506438,2.3358612935596526,0.19999999999999998,4.0,0,0,0,1,0,1,Rent,Home Improvement,0,0,0.3412618340153301
34,38099.71,25,623,0.142,57493.34,36,1,0,0.5,10.547988196111763,10.959441787157813,1.5090230345585307,92.28465489566612,4.527069103675592,0.014705882352941176,0.0,1,0,0,0,0,1,Rent,Education,1,0,0.2313089606700542
53,64219.47,7,686,0.234,27706.24,36,3,1,8.8,11.070077286209063,10.229449029864917,0.43143053033604917,40.38810495626822,1.2942915910081476,0.16603773584905662,0.25,0,0,0,1,1,2,Rent,Medical,1,0,0.46563682544912166
40,20534.55,25,663,0.427,77207.87,60,1,2,5.5,9.929912809572283,11.254269625785842,3.759900752633975,116.45229260935143,18.799503763169877,0.1375,1.0,1,1,0,1,0,3,Mortgage,Home Improvement,0,0,0.476862804205203
67,15000.0,12,612,0.09,33901.34,72,0,1,14.8,9.61587214452889,10.431239317534992,2.260089333333333,55.39434640522875,13.560535999999999,0.2208955223880597,1.0,1,0,0,1,0,2,Own,Home Improvement,0,0,0.32797996187095235
21,55507.61,31,650,0.277,37081.49,60,2,0,15.6,10.92429342283745,10.52090016952875,0.6680433547760388,57.04844615384615,3.340216773880194,0.7428571428571429,0.0,0,0,0,0,0,0,Own,Home Improvement,0,0,0.3008830623424286
23,55749.72,29,606,0.306,23039.64,24,0,4,12.9,10.928645604037175,10.04501489220181,0.41326916081372245,38.01920792079208,0.8265383216274449,0.5608695652173913,4.0,0,0,0,1,0,1,Rent,Debt Consolidation,1,0,0.30932258696471215
37,60001.26,14,589,0.218,12643.42,72,0,1,0.5,11.002137507161533,9.444971290120112,0.21071924156259383,21.46590831918506,1.264315449375563,0.013513513513513514,1.0,0,0,1,1,0,2,Own,Debt Consolidation,1,0,0.4183822265652576
21,41390.94,24,672,0.672,85491.99,36,2,2,10.9,10.63084145486929,11.356189663259533,2.065475922991843,127.22022321428572,6.196427768975529,0.5190476190476191,0.6666666666666666,1,1,0,1,0,3,Mortgage,Education,0,1,0.6014486355828736
67,25426.19,28,832,0.076,38254.31,12,2,2,6.3,10.14357435290051,10.552037653148998,1.5045238787250468,45.978737980769225,1.5045238787250468,0.09402985074626866,0.6666666666666666,1,0,0,1,0,2,Mortgage,Debt Consolidation,0,0,0.1971300195774388
58,34762.15,16,739,0.4,14000.93,60,0,5,5.3,10.45631319667737,9.54695045623883,0.4027636380373481,18.945778078484437,2.0138181901867407,0.09137931034482759,5.0,0,0,0,1,0,1,Own,Medical,1,0,0.3225609877739535
44,42536.65,31,727,0.432,18339.35,36,3,0,10.7,10.658144845103267,9.816858829597825,0.4311423207986524,25.226066024759284,1.2934269623959571,0.24318181818181817,0.0,0,1,0,0,1,2,Mortgage,Home Improvement,0,0,0.2836349087033699
22,39864.06,26,615,0.325,126420.27,36,2,1,5.8,10.593255530015107,11.747375021854648,3.1712843598971108,205.56141463414636,9.513853079691332,0.2636363636363636,0.3333333333333333,1,0,0,1,0,2,Rent,Education,1,0,0.4671698544282347
26,23100.23,24,584,0.201,49725.69,60,1,0,16.5,10.047641141845574,10.814297090072735,2.152605839855274,85.1467294520548,10.763029199276371,0.6346153846153846,0.0,1,0,1,0,0,2,Mortgage,Debt Consolidation,1,0,0.2469377030032943
61,31207.82,3,713,0.149,89908.82,48,2,0,4.9,10.348456026155324,11.406562446974812,2.8809708592269505,126.0993267882188,11.523883436907802,0.08032786885245902,0.0,1,0,0,0,0,1,Own,Other,0,0,0.2700370808998373
38,45451.83,6,737,0.09,24069.49,48,1,1,16.2,10.724430363893786,10.088741887861145,0.5295604159392482,32.6587381275441,2.1182416637569927,0.4263157894736842,0.5,0,0,0,1,0,1,Mortgage,Debt Consolidation,1,0,0.22815246163533354
46,68706.76,13,646,0.192,120240.03,84,2,0,18.3,11.137617426707793,11.697253590591098,1.7500465747475213,186.1300773993808,12.250326023232649,0.3978260869565218,0.0,1,0,0,0,0,1,Rent,Vehicle,1,0,0.35291861959016085
51,39544.48,4,565,0.563,57303.34,36,0,1,7.0,10.585206680950405,10.95613164154487,1.449085687812812,101.42184070796459,4.347257063438436,0.13725490196078433,1.0,1,1,1,1,0,4,Own,Debt Consolidation,1,1,0.7047437051507554
68,33710.59,6,717,0.462,46814.67,84,1,3,11.2,10.425596974128533,10.753973254922826,1.3887229502657772,65.29242677824267,9.72106065186044,0.16470588235294117,1.5,1,1,0,1,0,3,Rent,Other,1,1,0.5475570772136743
59,31690.41,2,767,0.195,17518.04,24,2,0,8.6,10.363800945226242,9.77104356846856,0.5527867894419795,22.83968709256845,1.105573578883959,0.14576271186440679,0.0,0,0,0,0,0,0,Rent,Debt Consolidation,0,0,0.23841898736972297
42,51701.36,8,611,0.23,11629.84,36,4,3,4.5,10.853258707423736,9.361415469903607,0.2249426320700268,19.034108019639934,0.6748278962100804,0.10714285714285714,0.6,0,0,0,1,1,2,Mortgage,Debt Consolidation,0,0,0.4605184378045733
66,68386.47,20,716,0.066,36300.61,24,1,1,9.5,11.132944899695326,10.499617371886474,0.5308156715794805,50.69917597765363,1.061631343158961,0.14393939393939395,0.5,0,0,0,1,0,1,Rent,Debt Consolidation,0,0,0.27626055250256154
43,26273.69,33,698,0.251,56155.49,36,2,0,4.1,10.176361397388206,10.935897536746486,2.137327874386887,80.45199140401145,6.41198362316066,0.09534883720930232,0.0,1,0,0,0,0,1,Own,Home Improvement,0,0,0.3143881538667146
48,24600.99,14,717,0.133,26310.57,48,0,2,10.6,10.110582612957629,10.177764045382057,1.0694923253088595,36.69535564853557,4.277969301235438,0.22083333333333333,2.0,1,0,0,1,0,2,Rent,Home Improvement,0,0,0.27234118609093827
49,34841.42,25,701,0.458,52999.23,48,3,0,7.8,10.458590888944533,10.878051532147484,1.521155854152902,75.60517831669044,6.084623416611608,0.15918367346938775,0.0,1,1,0,0,1,3,Own,Medical,1,1,0.5236471997319744
46,20029.62,10,591,0.236,28291.31,60,3,2,8.4,9.905017381750458,10.250345315256887,1.412473626559066,47.87023688663283,7.0623681327953305,0.1826086956521739,0.5,1,0,1,1,1,4,Rent,Debt Consolidation,0,1,0.5653496398165195
34,26404.46,3,699,0.233,50941.73,72,1,2,6.4,10.181326085932294,10.838457339559143,1.9292850526009624,72.87801144492133,11.575710315605775,0.18823529411764706,1.0,1,0,0,1,0,2,Mortgage,Education,0,0,0.4657794676711785
65,47479.84,1,646,0.236,22477.28,36,3,2,0.5,10.768081540226754,10.020304788624884,0.4734068185570971,34.79455108359133,1.4202204556712914,0.007692307692307693,0.5,0,0,0,1,1,2,Mortgage,Medical,0,1,0.6042100728619256
25,34568.47,0,709,0.425,19265.63,60,0,1,16.0,10.450726201586113,9.866129862876361,0.5573179837001754,27.17296191819464,2.786589918500877,0.64,1.0,0,1,0,1,0,2,Mortgage,Vehicle,0,1,0.5576811001655626
56,136368.42,10,695,0.561,14174.38,36,1,3,4.8,11.823122805707982,9.559261935996773,0.10394180705474183,20.394791366906475,0.3118254211642255,0.08571428571428572,1.5,0,1,0,1,0,2,Mortgage,Education,1,0,0.3212957922860614
46,30328.87,0,737,0.282,160379.94,36,3,1,7.7,10.319888314488146,11.985307139423778,5.288028864906606,217.6118588873813,15.864086594719817,0.1673913043478261,0.25,1,0,0,1,1,3,Own,Vehicle,1,1,0.5069554867449579
60,56842.46,17,703,0.175,18220.52,60,2,1,11.0,10.948056452983286,9.810358592142197,0.3205441847520322,25.91823613086771,1.6027209237601612,0.18333333333333332,0.3333333333333333,0,0,0,1,0,1,Mortgage,Education,0,0,0.28683966324272714
43,108088.47,4,741,0.47,9742.45,36,1,0,6.0,11.59071458907692,9.18435054336481,0.09013403557289691,13.147705802968963,0.27040210671869075,0.13953488372093023,0.0,0,1,0,0,0,1,Mortgage,Other,0,0,0.31563972808584506
32,27008.5,4,707,0.237,119835.64,60,2,1,12.2,10.20394393495297,11.693884760974814,4.436960216228225,169.49878359264497,22.184801081141124,0.38125,0.3333333333333333,1,0,0,1,0,2,Mortgage,Debt Consolidation,0,0,0.4806240901079357
54,65964.71,20,637,0.33,27233.06,72,3,0,0.5,11.096890340543514,10.212223674810536,0.4128428670420896,42.75205651491366,2.4770572022525377,0.009259259259259259,0.0,0,0,0,0,1,1,Mortgage,Debt Consolidation,1,0,0.43432034678239945
54,26575.95,1,600,0.469,8297.94,36,0,0,0.5,10.187799577752413,9.023883074785592,0.3122349342168389,13.8299,0.9367048026505167,0.009259259259259259,0.0,0,1,0,0,0,1,Rent,Vehicle,0,1,0.5114529580098668
31,32149.85,30,750,0.288,78860.64,60,2,3,10.5,10.378194167885479,11.275450203563336,2.452908489464181,105.14752,12.264542447320906,0.3387096774193548,1.0,1,0,0,1,0,2,Own,Other,0,0,0.29757086688513473
42,76576.84,22,662,0.169,21011.05,60,4,0,12.6,11.246063018835637,9.952851361663635,0.2743786502550902,31.738746223564952,1.371893251275451,0.3,0.0,0,0,0,0,1,1,Own,Education,0,0,0.2471175771362097
61,17430.29,1,729,0.242,40780.67,24,0,1,6.1,9.76602214610246,10.615987994736747,2.3396438039757226,55.94056241426612,4.679287607951445,0.09999999999999999,1.0,1,0,0,1,0,2,Mortgage,Home Improvement,0,0,0.36880468066317995
61,77307.02,26,659,0.12,93271.04,72,3,3,3.8,11.255552980810762,11.443275663466281,1.2065015570384163,141.5342033383915,7.2390093422304975,0.06229508196721311,0.75,1,0,0,1,1,3,Rent,Other,0,0,0.31013967932530534
57,53821.48,9,703,0.281,55623.36,12,0,3,10.0,10.89344650274361,10.926376513784374,1.0334788266692034,79.12284495021338,1.0334788266692034,0.17543859649122806,3.0,1,0,0,1,0,2,Mortgage,Education,0,0,0.4385659874091536
50,17653.4,4,707,0.167,22209.27,60,2,4,16.2,9.778740323078111,10.008310073500759,1.2580732323518415,31.413394625176803,6.2903661617592075,0.324,1.3333333333333333,1,0,0,1,0,2,Rent,Home Improvement,0,0,0.3690896515517305
36,31377.1,20,829,0.113,31929.56,36,2,2,14.1,10.353865476334091,10.371318823920205,1.0176071083688423,38.51575392038601,3.052821325106527,0.39166666666666666,0.6666666666666666,1,0,0,1,0,2,Rent,Other,0,0,0.1752446915395051
32,128329.79,14,604,0.289,39121.42,36,0,1,8.4,11.76236650622361,10.57445098317614,0.30485065081147567,64.77056291390728,0.914551952434427,0.2625,1.0,0,0,0,1,0,1,Rent,Vehicle,0,0,0.2440986265029294
36,46674.89,30,711,0.442,26210.91,84,2,1,16.2,10.750983036251698,10.173969166611604,0.5615634016491523,36.864852320675105,3.9309438115440662,0.44999999999999996,0.3333333333333333,0,1,0,1,0,2,Mortgage,Debt Consolidation,0,0,0.3643980519569607
67,81924.9,25,710,0.249,22086.54,60,1,1,9.1,11.313570459164287,10.002768927605372,0.2695949583093785,31.10780281690141,1.3479747915468927,0.13582089552238805,0.5,0,0,0,1,0,1,Rent,Education,0,0,0.26810736431338794
59,31113.5,29,679,0.383,48163.66,48,3,2,9.3,10.345429227454309,10.782380836099021,1.5479987786652099,70.93322533136967,6.191995114660839,0.1576271186440678,0.5,1,0,0,1,1,3,Mortgage,Debt Consolidation,0,0,0.4654964486759282
69,33987.26,11,706,0.46,15857.26,48,1,0,5.9,10.433770449852911,9.671445779208092,0.4665648245842707,22.46070821529745,1.8662592983370827,0.0855072463768116,0.0,0,1,0,0,0,1,Rent,Home Improvement,0,0,0.369905762835572
25,38063.2,32,697,0.39,21865.98,60,3,1,9.5,10.547029486837468,9.9927330154297,0.5744651001492256,31.371563845050215,2.872325500746128,0.38,0.25,0,0,0,1,1,2,Own,Other,1,0,0.3486603386698467
61,26806.39,22,692,0.168,27328.73,36,1,2,11.9,10.19643287475659,10.215730399619746,1.0194856524880822,39.49238439306358,3.0584569574642466,0.19508196721311477,1.0,1,0,0,1,0,2,Mortgage,Vehicle,0,0,0.3342461847421361
40,31720.56,7,656,0.356,34673.34,36,1,1,3.5,10.36475185486734,10.4537552111158,1.093087259493527,52.85570121951219,3.2792617784805813,0.0875,0.5,1,0,0,1,0,2,Rent,Home Improvement,0,0,0.4488872121180479
28,30816.04,19,711,0.34,25223.22,12,1,1,12.1,10.33582306273035,10.135559923039066,0.8185094515713246,35.475696202531644,0.8185094515713246,0.4321428571428571,0.5,1,0,0,1,0,2,Rent,Debt Consolidation,0,0,0.3392087955249058
45,17656.34,0,727,0.212,24588.7,24,3,2,13.7,9.77890683993663,10.110082935054482,1.3926272375815147,33.82214580467676,2.7852544751630295,0.3044444444444444,0.5,1,0,0,1,1,3,Own,Debt Consolidation,0,0,0.4475906814104466
28,28941.38,7,714,0.612,14776.67,36,3,2,0.5,10.273062235919435,9.600872536607993,0.5105724053241414,20.6956162464986,1.5317172159724242,0.017857142857142856,0.5,0,1,0,1,1,3,Mortgage,Debt Consolidation,0,1,0.5754200009776952
43,20486.8,21,588,0.266,12244.96,60,2,3,10.3,9.927584866019922,9.412951365659872,0.5976999824277095,20.824761904761903,2.9884999121385474,0.23953488372093024,1.0,0,0,1,1,0,2,Mortgage,Education,1,0,0.4033030517456979
61,25177.23,2,712,0.43,31256.77,60,5,1,3.1,10.133735011243573,10.350023264258745,1.241469772488872,43.89995786516854,6.207348862444359,0.05081967213114754,0.16666666666666666,1,1,0,1,1,4,Rent,Other,1,1,0.5013451352839955
46,41206.47,22,688,0.134,14932.35,60,4,1,10.4,10.626374829582435,9.611352245805772,0.36237877207147323,21.703997093023258,1.8118938603573662,0.22608695652173913,0.2,0,0,0,1,1,2,Mortgage,Other,0,0,0.27391390462920273
60,50811.94,10,635,0.361,34395.39,60,0,0,13.6,10.835906325539268,10.445706895994242,0.676915504505437,54.16596850393701,3.3845775225271852,0.22666666666666666,0.0,0,0,0,0,0,0,Rent,Education,0,0,0.3809402540284229
22,41757.61,10,701,0.316,15458.39,72,1,0,8.1,10.639660936561935,9.645971864700623,0.3701933611621929,22.05191155492154,2.2211601669731573,0.36818181818181817,0.0,0,0,0,0,0,0,Own,Debt Consolidation,0,0,0.298790120259161
33,40176.21,25,601,0.202,31390.95,60,2,2,0.5,10.601055198426918,10.354306769601333,0.781331788140295,52.23119800332779,3.906658940701475,0.015151515151515152,0.6666666666666666,1,0,0,1,0,2,Own,Debt Consolidation,0,0,0.3256669337491422
49,37956.82,10,540,0.496,25566.03,60,2,1,6.7,10.544230822202266,10.149058909798775,0.6735556350611036,47.3445,3.367778175305518,0.13673469387755102,0.3333333333333333,0,1,1,1,0,3,Rent,Vehicle,0,1,0.6850730189678342
56,41675.97,5,771,0.4,47207.07,24,2,2,8.3,10.637703977047668,10.76232013153543,1.1327167670002642,61.22836575875486,2.2654335340005285,0.14821428571428572,0.6666666666666666,1,0,0,1,0,2,Mortgage,Home Improvement,0,0,0.341599692087256
44,15000.0,7,796,0.354,63985.56,36,0,2,3.1,9.61587214452889,11.066428340288722,4.2657039999999995,80.38386934673366,12.797111999999998,0.07045454545454545,2.0,1,0,0,1,0,2,Own,Home Improvement,0,0,0.41312959506736446
46,47903.57,30,520,0.073,21289.06,60,2,1,5.8,10.77696618594616,9.965995576108073,0.4444148943387727,40.9405,2.2220744716938636,0.12608695652173912,0.3333333333333333,0,0,1,1,0,2,Mortgage,Home Improvement,0,0,0.45275991077307726
55,45867.71,21,816,0.142,8700.48,60,3,0,13.6,10.73353846423958,9.071248405117299,0.18968638286062242,10.66235294117647,0.9484319143031121,0.24727272727272726,0.0,0,0,0,0,1,1,Mortgage,Debt Consolidation,0,0,0.14290256483750313
54,71144.42,30,744,0.256,97220.66,60,3,4,0.5,11.17248123039901,11.48474880512967,1.3665254421920934,130.6729301075269,6.832627210960467,0.009259259259259259,1.0,1,0,0,1,1,3,Mortgage,Home Improvement,1,0,0.33701128192540913
48,82599.76,34,698,0.168,81028.61,24,0,1,3.4,11.321774160435263,11.302569922410978,0.9809787582917917,116.08683381088825,1.9619575165835834,0.07083333333333333,1.0,1,0,0,1,0,2,Own,Home Improvement,0,0,0.1830005804761172
40,56517.71,11,754,0.181,49435.32,36,0,2,10.2,10.942327012758804,10.808440655704292,0.8746872440514664,65.5640848806366,2.624061732154399,0.255,2.0,1,0,0,1,0,2,Rent,Home Improvement,0,0,0.3494581682908684
63,23975.69,30,803,0.229,10291.45,60,2,1,5.5,10.084837387361176,9.239165895726018,0.42924520629020485,12.816251556662516,2.1462260314510244,0.0873015873015873,0.3333333333333333,0,0,0,1,0,1,Mortgage,Vehicle,0,0,0.1825599736175513
49,39918.21,31,681,0.111,47541.81,72,1,0,10.2,10.594612940650425,10.769385847286847,1.1909805073924908,69.81176211453744,7.145883044354945,0.20816326530612245,0.0,1,0,0,0,0,1,Mortgage,Vehicle,0,0,0.18906803658718835
49,35832.2,0,521,0.406,10813.48,60,1,3,15.6,10.486630116944589,9.288641255862743,0.3017810795876335,20.75523992322457,1.5089053979381675,0.3183673469387755,1.5,0,1,1,1,0,3,Rent,Debt Consolidation,1,1,0.630079846729858
51,15000.0,2,619,0.303,24856.54,48,2,0,8.7,9.61587214452889,10.120916406025216,1.6571026666666668,40.155961227786754,6.628410666666667,0.17058823529411762,0.0,1,0,0,0,0,1,Rent,Vehicle,0,0,0.41911640648228043
52,40410.83,16,664,0.098,65315.02,48,1,2,19.6,10.606877842867489,11.08699261442584,1.6162751420844361,98.3659939759036,6.4651005683377445,0.37692307692307697,1.0,1,0,0,1,0,2,Own,Debt Consolidation,0,0,0.44383246592718545
57,33520.3,16,656,0.353,56563.04,60,4,1,8.8,10.419936336660214,10.943128726590984,1.6874264251811588,86.22414634146341,8.437132125905794,0.1543859649122807,0.2,1,0,0,1,1,3,Own,Other,1,1,0.5384880510362671
65,26139.68,10,654,0.626,154634.47,60,5,2,12.4,10.171248000611858,11.948825819609374,5.915698661957606,236.44414373088685,29.57849330978803,0.19076923076923077,0.3333333333333333,1,1,0,1,1,4,Rent,Home Improvement,0,1,0.606679774080537
49,53897.35,2,556,0.12,48125.13,84,0,0,4.5,10.894855144183627,10.781580551833903,0.8929034544369991,86.5559892086331,6.2503241810589945,0.09183673469387756,0.0,1,0,1,0,0,2,Mortgage,Other,0,0,0.32958852019513674
26,37756.34,29,687,0.337,46705.67,36,1,2,12.1,10.538935172862823,10.75164226001071,1.2370285361345936,67.9849636098981,3.711085608403781,0.4653846153846154,1.0,1,0,0,1,0,2,Rent,Debt Consolidation,0,0,0.3576729042509882
62,111384.49,2,707,0.343,22996.76,60,0,2,3.7,11.620752346645379,10.043152098864098,0.2064628567226909,32.52724186704385,1.0323142836134545,0.05967741935483871,2.0,0,0,0,1,0,1,Own,Other,0,0,0.3207920031551519
57,42844.56,3,700,0.14,41653.53,24,3,1,6.2,10.66535730138774,10.63716540518607,0.9722011382541914,59.505042857142854,1.9444022765083828,0.10877192982456141,0.25,1,0,0,1,1,3,Mortgage,Other,0,0,0.3631724084511496
26,44324.1,4,615,0.412,27996.46,72,1,1,8.6,10.699306387003034,10.239869070756837,0.6316306478868156,45.52269918699187,3.789783887320893,0.33076923076923076,0.5,0,1,0,1,0,2,Rent,Other,0,1,0.5129441683802489
63,41188.38,19,612,0.487,28321.52,48,4,0,15.1,10.625935735119706,10.251412526899747,0.6876094665534309,46.27699346405229,2.7504378662137237,0.23968253968253966,0.0,0,1,0,0,1,2,Own,Debt Consolidation,1,1,0.5527228403856944
67,16644.89,21,639,0.126,16861.53,60,2,2,7.5,9.719918618090045,9.732849279610056,1.0130154059293872,26.387370892018776,5.065077029646936,0.11194029850746269,0.6666666666666666,1,0,0,1,0,2,Rent,Debt Consolidation,0,0,0.37828925241500116
28,53474.0,25,605,0.259,72101.21,60,3,0,12.5,10.886969533950607,11.18583997467568,1.3483414369600182,119.17555371900828,6.741707184800091,0.44642857142857145,0.0,1,0,0,0,1,2,Own,Vehicle,0,0,0.4187579399767993
58,22152.6,2,692,0.579,27214.67,60,1,0,10.7,10.005755290483707,10.211548189341674,1.2285090689129041,39.3275578034682,6.142545344564521,0.18448275862068964,0.0,1,1,0,0,0,2,Own,Other,0,0,0.4624767980099949
54,29261.39,13,644,0.099,30436.37,72,1,1,8.8,10.284058352714784,10.323426408768597,1.0401546201325365,47.26144409937888,6.240927720795218,0.16296296296296298,0.5,1,0,0,1,0,2,Rent,Vehicle,0,0,0.3361093494813089
61,15000.0,1,700,0.318,24325.57,72,2,0,16.9,9.61587214452889,10.099324447623012,1.6217046666666666,34.750814285714284,9.730228,0.27704918032786885,0.0,1,0,0,0,0,1,Own,Debt Consolidation,1,0,0.3358299916005357
45,53455.18,7,829,0.351,60286.29,12,3,1,9.5,10.88661753184618,11.006876581062016,1.1277913571706242,72.72170084439084,1.1277913571706242,0.2111111111111111,0.25,1,0,0,1,1,3,Own,Vehicle,1,0,0.3123204912429748
49,25642.13,34,628,0.36,29673.65,60,0,1,7.4,10.152030978467069,10.298048424968549,1.1572225084265622,47.25103503184714,5.786112542132811,0.1510204081632653,1.0,1,0,0,1,0,2,Rent,Other,0,0,0.4092341203023099
66,144532.93,28,767,0.39,72171.07,60,1,2,4.0,11.881269568659725,11.186808407932945,0.4993399774016898,94.0952672750978,2.496699887008449,0.06060606060606061,1.0,0,0,0,1,0,1,Own,Debt Consolidation,0,0,0.25747889008238467
47,28425.83,23,777,0.476,29290.1,60,2,4,7.5,10.255088696493667,10.285038994596276,1.030404389247385,37.696396396396395,5.152021946236926,0.1595744680851064,1.3333333333333333,1,1,0,1,0,3,Rent,Other,1,0,0.3531454952365907
39,106614.87,12,656,0.298,34524.23,36,2,0,9.8,11.576987653929638,10.44944564009455,0.3238219021417932,52.62839939024391,0.9714657064253795,0.2512820512820513,0.0,0,0,0,0,0,0,Mortgage,Debt Consolidation,0,0,0.2896153324529905
64,28809.99,10,688,0.332,61233.25,60,0,0,4.3,10.268512190556557,11.022461952482937,2.1254172597769037,89.00181686046511,10.627086298884517,0.0671875,0.0,1,0,0,0,0,1,Rent,Debt Consolidation,0,0,0.33274423582347357
57,19957.97,7,633,0.385,20185.47,12,3,3,0.6,9.90143394532755,9.912767856991536,1.01139895490373,31.888578199052134,1.01139895490373,0.010526315789473684,0.75,1,0,0,1,1,3,Mortgage,Other,0,1,0.519202528240128
34,18637.03,30,567,0.517,21046.83,60,2,1,9.5,9.83295939595907,9.95455274591062,1.1293017181385663,37.119629629629635,5.646508590692831,0.27941176470588236,0.3333333333333333,1,1,1,1,0,4,Rent,Medical,1,1,0.585963437418829
66,23251.43,25,514,0.472,27711.38,24,2,2,0.5,10.054164921683105,10.229634523739279,1.19181400885881,53.9131906614786,2.38362801771762,0.007575757575757576,0.6666666666666666,1,1,1,1,0,4,Mortgage,Debt Consolidation,1,1,0.536737583591966
54,33745.23,1,669,0.102,98633.8,72,1,0,7.4,10.426623986357649,11.49917941949811,2.922896065606902,147.43467862481316,17.53737639364141,0.13703703703703704,0.0,1,0,0,0,0,1,Own,Vehicle,0,0,0.31110115084920664
58,46166.96,9,590,0.187,43501.93,36,1,1,8.5,10.740041329989456,10.68058357113028,0.9422740851899281,73.7320847457627,2.826822255569784,0.14655172413793102,0.5,1,0,1,1,0,3,Mortgage,Home Improvement,1,1,0.580055253826192
35,68326.61,2,599,0.182,82707.38,60,2,0,14.3,11.132069209847137,11.32307620598706,1.2104710009760473,138.07575959933223,6.052355004880237,0.4085714285714286,0.0,1,0,1,0,0,2,Mortgage,Debt Consolidation,0,0,0.4021930213293084
60,59220.87,0,670,0.085,18963.74,12,3,0,10.1,10.989046178326909,9.85033674456422,0.320220557381207,28.304089552238807,0.320220557381207,0.16833333333333333,0.0,0,0,0,0,1,1,Own,Debt Consolidation,0,0,0.2836708312473647
61,15197.45,8,556,0.202,91284.33,36,2,2,0.5,9.628948727950487,11.421745374592838,6.006555705068942,164.18044964028778,18.01966711520683,0.00819672131147541,0.6666666666666666,1,0,1,1,0,3,Own,Debt Consolidation,1,1,0.5168081788100248
59,110200.45,5,653,0.455,68221.03,48,0,2,7.8,11.610065333509123,11.130522812199514,0.6190630800509436,104.47324655436447,2.4762523202037743,0.13220338983050847,2.0,0,1,0,1,0,2,Own,Education,1,0,0.3956777457290073
37,43689.82,12,611,0.436,11515.38,36,1,1,7.6,10.684893290366286,9.351525648756258,0.26357123924978404,18.846775777414074,0.7907137177493522,0.2054054054054054,0.5,0,1,0,1,0,2,Own,Education,0,1,0.5076450931485701
38,32547.9,19,681,0.151,13844.11,36,1,1,6.5,10.390498852902853,9.535687380680036,0.4253457212293266,20.329089574155653,1.27603716368798,0.17105263157894737,0.5,0,0,0,1,0,1,Mortgage,Medical,0,0,0.28538130003124623
29,67804.85,31,758,0.488,22691.91,60,3,0,16.1,11.124403753392148,10.029807819881059,0.334664998152787,29.93655672823219,1.673324990763935,0.5551724137931034,0.0,0,1,0,0,1,2,Mortgage,Medical,0,0,0.27146107523225865
65,24401.32,30,691,0.343,53799.46,36,1,0,11.1,10.102433488728503,10.893037296299196,2.2047766268382203,77.8573950795948,6.614329880514661,0.17076923076923076,0.0,1,0,0,0,0,1,Own,Home Improvement,0,0,0.2969065771068181
48,22643.9,11,752,0.277,75771.25,12,1,1,6.6,10.027689939994694,11.235487409614526,3.3462102376357428,100.7596409574468,3.3462102376357428,0.13749999999999998,0.5,1,0,0,1,0,2,Rent,Education,0,0,0.3507231262110975
47,15000.0,27,585,0.236,20372.25,24,2,1,0.5,9.61587214452889,9.92197804484979,1.35815,34.82435897435897,2.7163,0.010638297872340425,0.3333333333333333,1,0,1,1,0,3,Mortgage,Vehicle,0,0,0.4263353310305924
66,29380.33,3,584,0.206,16364.98,36,0,2,0.5,10.288114717593665,9.702960069040875,0.557004635414238,28.02222602739726,1.6710139062427138,0.007575757575757576,2.0,0,0,1,1,0,2,Own,Debt Consolidation,0,1,0.5174961053568765
61,48057.68,9,635,0.12,16911.0,48,2,1,11.8,10.780178043245357,9.735778708110018,0.3518896459421262,26.631496062992127,1.4075585837685047,0.19344262295081968,0.3333333333333333,0,0,0,1,0,1,Own,Debt Consolidation,0,0,0.3864697251341607
36,52567.98,19,722,0.142,28806.37,60,0,0,2.5,10.869881490924099,10.268386536164284,0.5479832019415621,39.898019390581716,2.7399160097078106,0.06944444444444445,0.0,0,0,0,0,0,0,Rent,Vehicle,0,0,0.15571359670251117
44,28219.09,25,602,0.193,61153.38,12,0,0,12.8,10.247789414629217,11.021156765696578,2.1670925603908557,101.58368770764119,2.1670925603908557,0.29090909090909095,0.0,1,0,0,0,0,1,Mortgage,Vehicle,0,0,0.29089230952995915
39,22546.29,13,698,0.21,101806.35,36,2,0,16.7,10.023370160325353,11.530837580885164,4.515436907801683,145.85436962750717,13.54631072340505,0.4282051282051282,0.0,1,0,0,0,0,1,Rent,Home Improvement,0,0,0.29209546814572374
49,32070.93,10,700,0.214,104943.82,60,0,2,4.2,10.375736471730786,11.561189967194101,3.272241247759264,149.91974285714286,16.36120623879632,0.08571428571428572,2.0,1,0,0,1,0,2,Rent,Debt Consolidation,0,0,0.46842040099491794
48,90502.31,16,775,0.15,18510.32,72,1,2,6.3,11.413141703604818,9.826137715828796,0.2045287020850628,23.884283870967742,1.2271722125103768,0.13125,1.0,0,0,0,1,0,1,Mortgage,Debt Consolidation,0,0,0.1313354117866454
26,50030.95,2,674,0.326,26250.99,48,0,1,8.0,10.820417080336714,10.175497074670183,0.5246950137864662,38.94805637982196,2.098780055145865,0.3076923076923077,1.0,0,0,0,1,0,1,Mortgage,Home Improvement,0,0,0.36380602324603745
64,21101.25,20,704,0.53,14357.03,60,1,0,6.7,9.957134948850133,9.572064646561742,0.6803876547597891,20.393508522727274,3.4019382737989456,0.1046875,0.0,0,1,0,0,0,1,Mortgage,Home Improvement,1,0,0.45256452178230516
64,39865.0,31,596,0.1,65659.68,72,0,1,9.0,10.593279109282712,11.092255547383315,1.647050796437978,110.16724832214764,9.882304778627867,0.140625,1.0,1,0,1,1,0,3,Rent,Other,0,0,0.332082109823376
31,32126.88,26,678,0.231,36735.12,60,3,1,10.1,10.377479467984665,10.511515746224426,1.143438765295603,54.181592920353985,5.717193826478015,0.3258064516129032,0.25,1,0,0,1,1,3,Own,Debt Consolidation,0,0,0.31441801766474403
44,99786.28,17,677,0.189,34084.02,72,3,1,3.5,11.51079599926667,10.436613270565086,0.34157020383964604,50.34567208271787,2.0494212230378763,0.07954545454545454,0.25,0,0,0,1,1,2,Mortgage,Home Improvement,0,0,0.27331375864495383
47,36069.06,6,626,0.055,22410.17,60,2,0,11.0,10.493218437328416,10.01731477426748,0.6213128370963923,35.79899361022364,3.1065641854819614,0.23404255319148937,0.0,0,0,0,0,0,0,Mortgage,Home Improvement,0,0,0.2882098613634646
47,44053.82,18,690,0.177,124689.24,84,2,0,2.5,10.693190046490644,11.733587860762217,2.830384289035548,180.70904347826087,19.812690023248834,0.05319148936170213,0.0,1,0,0,0,0,1,Rent,Vehicle,0,0,0.2751238547936631
53,23536.71,11,679,0.61,18845.33,60,3,3,4.3,10.066359094858694,9.844073478960421,0.8006781746471789,27.754536082474228,4.003390873235895,0.08113207547169811,0.75,1,1,0,1,1,4,Own,Vehicle,0,1,0.5696768439398308
69,29027.39,29,645,0.682,137264.2,36,2,0,11.5,10.27602959561162,11.829670100052187,4.728782022772285,212.8127131782946,14.186346068316855,0.16666666666666666,0.0,1,1,0,0,0,2,Own,Debt Consolidation,1,1,0.6264635796664194
66,70938.91,15,607,0.204,5607.29,60,1,3,18.2,11.169588459649052,8.632001139217643,0.07904392666873511,9.237710049423393,0.39521963334367555,0.27575757575757576,1.5,0,0,0,1,0,1,Rent,Debt Consolidation,0,0,0.31475676762896637
35,29203.66,31,641,0.198,20150.63,36,3,0,5.4,10.282083564564493,9.911040457403391,0.6900035817428364,31.436240249609988,2.070010745228509,0.1542857142857143,0.0,0,0,0,0,1,1,Mortgage,Vehicle,0,0,0.35435999662782286
56,25495.76,26,703,0.303,20848.52,72,1,2,6.8,10.146306664250332,9.945086205379212,0.8177249864291162,29.656500711237555,4.906349918574697,0.12142857142857143,1.0,1,0,0,1,0,2,Rent,Education,1,0,0.3399417407435228
43,38530.28,22,636,0.267,16133.7,60,2,0,8.5,10.55922565793526,9.688727511192663,0.4187278161487537,25.36745283018868,2.0936390807437686,0.19767441860465115,0.0,0,0,0,0,0,0,Rent,Other,0,0,0.30221035515709094
29,31490.23,3,730,0.605,32736.07,36,2,1,1.9,10.357464373351302,10.396263353945436,1.0395627469218232,44.843931506849316,3.1186882407654695,0.06551724137931034,0.3333333333333333,1,1,0,1,0,3,Rent,Medical,0,1,0.507573756217031
55,42342.79,4,695,0.404,75831.39,60,0,2,14.5,10.653577054145211,11.236280789067221,1.7908926171374158,109.10991366906475,8.95446308568708,0.2636363636363636,2.0,1,1,0,1,0,3,Mortgage,Debt Consolidation,0,1,0.5421533958942043
62,20565.87,1,723,0.399,38584.06,48,1,1,3.4,9.93143680772431,10.560620433898917,1.876120971298564,53.36661134163209,7.504483885194256,0.054838709677419356,0.5,1,0,0,1,0,2,Mortgage,Other,0,0,0.3953960913069875
64,43858.59,13,702,0.509,14260.33,84,4,1,2.8,10.688748674002971,9.565306957501296,0.3251433755622331,20.3138603988604,2.276003628935632,0.04375,0.2,0,1,0,1,1,3,Rent,Debt Consolidation,0,0,0.46347726516167226
50,31677.25,12,672,0.464,16882.89,36,0,1,17.5,10.363385604503593,9.734115191837338,0.5329657719656852,25.123348214285713,1.5988973158970556,0.35,1.0,0,1,0,1,0,2,Rent,Debt Consolidation,0,1,0.5277004325363155
45,63407.9,17,652,0.345,29429.71,48,1,1,10.7,11.057359509122067,10.289793965978989,0.4641331758345569,45.13759202453988,1.8565327033382275,0.23777777777777775,0.5,0,0,0,1,0,1,Rent,Home Improvement,0,0,0.3620306420420481
28,75346.27,21,677,0.144,76942.29,36,1,0,8.5,11.229862972475923,11.250823935984748,1.021182468621207,113.6518316100443,3.0635474058636207,0.30357142857142855,0.0,1,0,0,0,0,1,Mortgage,Education,0,0,0.1521963911546945
43,42204.53,2,626,0.09,32049.71,12,2,1,2.9,10.650306534092794,10.37507461498956,0.7593902834600931,51.197619808306705,0.7593902834600931,0.06744186046511627,0.3333333333333333,1,0,0,1,0,2,Mortgage,Vehicle,0,0,0.27502401130040594
51,37305.66,20,577,0.12,33736.25,48,0,0,4.7,10.526927141972166,10.426357847146896,0.9043198806829847,58.46837088388215,3.617279522731939,0.09215686274509804,0.0,1,0,1,0,0,2,Mortgage,Education,1,0,0.3050527918443838
64,77980.31,25,727,0.344,18314.52,60,0,3,6.9,11.264224461574761,9.81550406683826,0.23486082576486297,25.19191196698762,1.1743041288243148,0.1078125,3.0,0,0,0,1,0,1,Mortgage,Debt Consolidation,0,0,0.1903131230771748
36,21085.87,4,611,0.147,28142.48,36,1,0,4.2,9.956405850889269,10.245070990399599,1.334660604471146,46.059705400982,4.0039818134134375,0.11666666666666667,0.0,1,0,0,0,0,1,Mortgage,Debt Consolidation,0,0,0.2638795650392187
62,24882.74,2,645,0.51,23670.81,60,2,2,0.5,10.121969857099373,10.072040167687577,0.9512943510240431,36.69893023255814,4.756471755120216,0.008064516129032258,0.6666666666666666,1,1,0,1,0,3,Own,Education,0,1,0.5881842267374233
22,20863.97,32,648,0.31,103676.55,84,0,3,4.1,9.945826955210098,11.549040880905665,4.9691669418619755,159.99467592592592,34.784168593033826,0.18636363636363634,3.0,1,0,0,1,0,2,Mortgage,Education,0,0,0.423380403623953
29,48900.95,7,696,0.626,21921.2,60,1,2,10.2,10.797572551968498,9.99525510098923,0.4482775896991777,31.495977011494254,2.2413879484958885,0.35172413793103446,1.0,0,1,0,1,0,2,Rent,Vehicle,1,1,0.6403517320151035
55,43514.92,25,727,0.301,200000.0,24,1,1,13.6,10.680882127135018,12.206077645517674,4.596124731471413,275.1031636863824,9.192249462942826,0.24727272727272726,0.5,1,0,0,1,0,2,Rent,Education,0,0,0.40487141464857845
45,67581.61,33,529,0.333,19953.46,36,0,2,11.0,11.121105980416269,9.901207956229687,0.2952498468148361,37.719206049149335,0.8857495404445084,0.24444444444444444,2.0,0,0,1,1,0,2,Mortgage,Debt Consolidation,1,0,0.49128731116667707
66,43355.58,28,679,0.454,15943.42,48,2,1,14.9,10.677213758464022,9.676864203743373,0.36773628677093007,23.480736377025035,1.4709451470837203,0.22575757575757577,0.3333333333333333,0,1,0,1,0,2,Rent,Debt Consolidation,0,0,0.3856880601588038
26,22167.34,4,654,0.258,121073.39,60,3,1,18.0,10.00642042384851,11.704160429059275,5.461791536557837,185.12750764525993,27.308957682789185,0.6923076923076923,0.25,1,0,0,1,1,3,Mortgage,Medical,1,1,0.5138833471222773
50,15000.0,30,631,0.177,24452.12,60,4,1,5.6,9.61587214452889,10.104513094123854,1.6301413333333332,38.751378763866875,8.150706666666666,0.11199999999999999,0.2,1,0,0,1,1,3,Mortgage,Home Improvement,0,0,0.34684136170090585
24,37199.19,13,759,0.189,37724.46,48,4,0,9.6,10.524069147775077,10.538090477067342,1.0141204687521421,49.70284584980237,4.0564818750085685,0.39999999999999997,0.0,1,0,0,0,1,2,Rent,Education,0,0,0.272187097750604
28,63281.23,30,796,0.059,26230.12,60,3,0,11.5,11.05535984202289,10.174701771148724,0.4145007927311147,32.952412060301505,2.0725039636555733,0.4107142857142857,0.0,0,0,0,0,1,1,Rent,Vehicle,0,0,0.16706459421009387
37,15000.0,1,579,0.628,24325.77,36,3,2,4.6,9.61587214452889,10.099332669052414,1.621718,42.013419689119175,4.865154,0.12432432432432432,0.5,1,1,1,1,1,5,Mortgage,Vehicle,1,1,0.6175295007288301
51,32861.94,23,644,0.619,117931.0,60,0,2,6.2,10.400100858069843,11.677863466153303,3.5886804004876156,183.1226708074534,17.943402002438077,0.12156862745098039,2.0,1,1,0,1,0,3,Own,Home Improvement,1,1,0.6162703504823269
42,103330.67,7,688,0.272,47972.67,24,0,0,14.2,11.54569919088947,10.77840759771934,0.46426361118146237,69.72771802325582,0.9285272223629247,0.33809523809523806,0.0,0,0,0,0,0,0,Rent,Debt Consolidation,0,0,0.2067585223740268
44,17443.02,25,593,0.098,47716.5,36,1,1,8.5,9.766752175488026,10.773053485904047,2.735564139695993,80.46627318718382,8.206692419087979,0.19318181818181818,0.5,1,0,1,1,0,3,Rent,Other,1,0,0.34504444501358816
35,36299.22,22,680,0.387,20823.97,12,2,0,7.3,10.499579080840638,9.943908026457775,0.573675412309135,30.62348529411765,0.573675412309135,0.20857142857142857,0.0,0,0,0,0,0,0,Own,Medical,0,0,0.34018623913876733
67,43792.95,32,634,0.195,28920.52,60,0,2,6.9,10.687250958970125,10.272341233674386,0.6603921407441152,45.61596214511041,3.3019607037205763,0.10298507462686568,2.0,0,0,0,1,0,1,Mortgage,Debt Consolidation,0,0,0.2954314721451357
63,43985.97,28,596,0.477,21834.05,12,3,3,11.5,10.691648732679731,9.991271755818573,0.49638668875552816,36.63431208053691,0.49638668875552816,0.18253968253968253,0.75,0,1,1,1,1,4,Rent,Home Improvement,1,1,0.5866811394916266
46,19832.3,19,663,0.231,35553.77,48,1,1,6.1,9.89511762219193,10.47882960344562,1.7927204610660386,53.62559577677224,7.170881844264154,0.1326086956521739,0.5,1,0,0,1,0,2,Mortgage,Debt Consolidation,0,0,0.30757334008261766
55,34990.45,23,641,0.402,23746.67,36,1,2,9.2,10.46285902491465,10.075239699386993,0.6786614633421405,37.046287051482054,2.0359843900264214,0.16727272727272727,1.0,0,1,0,1,0,2,Own,Debt Consolidation,0,0,0.4803495437643113
43,22048.11,32,688,0.329,32307.71,48,0,2,14.6,10.0010275172486,10.3830921323019,1.4653278671051622,46.958880813953485,5.861311468420649,0.3395348837209302,2.0,1,0,0,1,0,2,Mortgage,Other,0,0,0.326971558654498
56,25352.13,0,773,0.834,99615.33,36,0,1,10.5,10.140657472797757,11.509081385956696,3.9292686649997455,128.86847347994825,11.787805994999236,0.1875,1.0,1,1,0,1,0,3,Rent,Debt Consolidation,0,1,0.5950571679602077
29,64090.76,7,763,0.537,47075.58,60,2,1,11.2,11.068071085503647,10.759530916424673,0.7345143044020698,61.69800786369594,3.6725715220103488,0.38620689655172413,0.3333333333333333,0,1,0,1,0,2,Rent,Vehicle,0,1,0.5155772016927762
63,46283.81,23,727,0.357,33975.9,12,4,0,0.5,10.742569108491265,10.433436160928828,0.7340774236174594,46.7343878954608,0.7340774236174594,0.007936507936507936,0.0,0,0,0,0,1,1,Rent,Medical,0,0,0.41176651402791653
30,50112.55,18,534,0.442,46472.26,24,2,1,20.4,10.822046709587328,10.746632372405177,0.9273577177772834,87.0267041198502,1.8547154355545667,0.6799999999999999,0.3333333333333333,1,1,1,1,0,4,Rent,Home Improvement,1,1,0.7418130677416753
65,53463.23,27,565,0.386,54399.55,36,2,0,12.3,10.88676811114185,10.904129543087043,1.0175133451532952,96.28238938053097,3.0525400354598853,0.18923076923076923,0.0,1,0,1,0,0,2,Own,Education,0,1,0.5077261982549113
42,20543.9,31,600,0.437,29915.83,48,2,1,8.7,9.930368013941342,10.306176477277539,1.4561904020171437,49.85971666666667,5.824761608068575,0.20714285714285713,0.3333333333333333,1,1,0,1,0,3,Own,Education,0,1,0.5271453453059813
54,24036.35,17,689,0.305,18120.83,60,2,3,0.5,10.087364149627955,9.804872567874966,0.7538927499391548,26.300188679245284,3.769463749695774,0.009259259259259259,1.0,1,0,0,1,0,2,Mortgage,Home Improvement,0,0,0.39496154230566594
58,30120.5,22,706,0.17,43150.08,60,2,0,0.5,10.312994481470625,10.672462725167069,1.4325817964509222,61.11909348441927,7.162908982254611,0.008620689655172414,0.0,1,0,0,0,0,1,Own,Education,0,0,0.32403195402542456
26,35502.65,10,607,0.563,33848.77,72,3,1,14.7,10.47739078707962,10.429687483634915,0.9534153084347223,55.76403624382207,5.720491850608334,0.5653846153846154,0.25,1,1,0,1,1,4,Own,Debt Consolidation,0,1,0.70212042275801
67,38014.85,13,650,0.318,39297.01,36,1,1,9.4,10.545758457007462,10.578929160442986,1.0337278721341792,60.45693846153846,3.1011836164025377,0.14029850746268657,0.5,1,0,0,1,0,2,Rent,Debt Consolidation,0,0,0.4950082628678247
51,65982.26,30,581,0.223,20317.82,60,1,6,5.8,11.097156352473784,9.919302829140099,0.3079285250308189,34.97043029259897,1.5396426251540944,0.11372549019607843,3.0,0,0,1,1,0,2,Rent,Vehicle,1,0,0.39364385452634154
46,15040.64,8,744,0.435,24916.92,12,1,2,10.4,9.618577634112315,10.123342502323114,1.6566396110803796,33.490483870967736,1.6566396110803796,0.22608695652173913,1.0,1,1,0,1,0,3,Rent,Other,1,0,0.41410535757185407
57,67729.21,32,792,0.417,145361.49,24,0,0,4.6,11.12328759275043,11.886985832807763,2.1462156431471735,183.53723484848484,4.292431286294347,0.0807017543859649,0.0,1,1,0,0,0,2,Mortgage,Debt Consolidation,0,0,0.3343636620697101
23,41868.08,2,663,0.217,32854.06,24,2,2,12.5,10.642302885998916,10.399861045536358,0.7847042424682478,49.55363499245852,1.5694084849364955,0.5434782608695652,0.6666666666666666,1,0,0,1,0,2,Mortgage,Vehicle,0,0,0.4842847993843436
62,31348.67,29,713,0.105,51383.29,60,2,0,5.6,10.352959019689875,10.847087762701868,1.6390899518225177,72.06632538569426,8.195449759112588,0.09032258064516129,0.0,1,0,0,0,0,1,Own,Medical,0,0,0.2710759742917651
28,33709.05,29,769,0.151,62173.21,84,1,0,3.4,10.425551291466402,11.03769556251931,1.8444070657583052,80.84942782834851,12.910849460308135,0.12142857142857143,0.0,1,0,0,0,0,1,Mortgage,Education,1,0,0.17181458047378753
23,72463.45,15,677,0.241,21546.74,60,2,1,3.9,11.190851375756841,9.97802621764261,0.2973463173503332,31.826794682422456,1.486731586751666,0.16956521739130434,0.3333333333333333,0,0,0,1,0,1,Mortgage,Vehicle,1,0,0.30564991565160726
24,22156.58,34,776,0.459,86423.73,36,6,0,11.9,10.005934929121661,11.367029140688908,3.9005898022167678,111.37078608247423,11.701769406650303,0.49583333333333335,0.0,1,1,0,0,1,3,Own,Other,0,0,0.3649885721687304
27,43589.22,16,620,0.684,52015.65,36,1,1,15.7,10.682588092248837,10.85931913862064,1.1933145396958238,83.89620967741936,3.579943619087471,0.5814814814814815,0.5,1,1,0,1,0,3,Mortgage,Home Improvement,1,1,0.6710994295981844
56,32292.22,14,608,0.286,28951.1,60,0,0,4.0,10.382612580056422,10.273398019230429,0.8965348309902508,47.61694078947368,4.482674154951254,0.07142857142857142,0.0,1,0,0,0,0,1,Rent,Debt Consolidation,0,0,0.32056645702706843
48,31525.68,25,684,0.406,98448.09,60,4,1,2.9,10.358589450452062,11.497294840753856,3.12279037280084,143.92995614035087,15.6139518640042,0.06041666666666667,0.2,1,1,0,1,1,4,Own,Debt Consolidation,0,1,0.5015180752065799
29,24260.67,9,596,0.676,13490.01,72,0,2,7.4,10.096653017721588,9.509778816673439,0.5560444126233942,22.634244966442953,3.3362664757403655,0.25517241379310346,2.0,0,1,1,1,0,3,Own,Debt Consolidation,1,0,0.4807741359211541
34,73630.31,20,714,0.339,38566.5,36,1,1,10.1,11.2068256218655,10.560165231886094,0.5237856529464564,54.01470588235294,1.5713569588393692,0.29705882352941176,0.5,0,0,0,1,0,1,Mortgage,Other,0,0,0.23692398412705493
54,52398.25,13,662,0.295,14106.62,60,2,0,2.6,10.866647557229603,9.554470355920888,0.2692192964459691,21.309093655589127,1.3460964822298456,0.04814814814814815,0.0,0,0,0,0,0,0,Mortgage,Education,0,0,0.38448121984975164
41,93995.31,20,655,0.143,19768.16,36,2,1,7.2,11.451010805162483,9.891878426642876,0.21031006759805357,30.180396946564887,0.6309302027941607,0.175609756097561,0.3333333333333333,0,0,0,1,0,1,Rent,Medical,0,0,0.23224712868667619
31,44092.14,0,582,0.192,9865.71,60,3,3,11.4,10.694059493779362,9.196921743526289,0.22375212452831728,16.95139175257732,1.1187606226415863,0.36774193548387096,0.75,0,0,1,1,1,3,Mortgage,Home Improvement,1,1,0.5660279847017754
33,39827.96,33,635,0.388,19728.78,60,0,1,12.6,10.592349564863163,9.88988444842231,0.49535000035151183,31.068944881889763,2.476750001757559,0.38181818181818183,1.0,0,0,0,1,0,1,Mortgage,Vehicle,0,0,0.3644182934579091
37,47028.47,1,592,0.089,31274.74,24,0,5,11.8,10.758529705473084,10.350597996126336,0.6650171693869692,52.82895270270271,1.3300343387739384,0.31891891891891894,5.0,0,0,1,1,0,2,Own,Debt Consolidation,1,0,0.40590822868125986
40,39435.79,8,733,0.337,29691.93,36,3,0,0.5,10.582454415951938,10.298664249315026,0.7529183515786041,40.50740791268758,2.258755054735812,0.0125,0.0,1,0,0,0,1,2,Rent,Home Improvement,1,0,0.4276275414099972
41,31099.72,27,573,0.342,98435.41,60,0,0,11.8,10.344986249024744,11.49716603492491,3.165154220037994,171.7895462478185,15.82577110018997,0.2878048780487805,0.0,1,0,1,0,0,2,Own,Debt Consolidation,0,1,0.5236352167107674
51,41421.22,18,561,0.436,40592.68,60,1,3,0.5,10.631572730809284,10.611367668448136,0.9799972091599426,72.3577183600713,4.899986045799713,0.00980392156862745,1.5,1,1,1,1,0,4,Mortgage,Vehicle,0,1,0.5479849387058865
56,50243.57,23,658,0.267,21824.85,60,1,0,12.2,10.82465776038096,9.990850326112078,0.4343809566079799,33.168465045592704,2.171904783039899,0.21785714285714283,0.0,0,0,0,0,0,0,Mortgage,Other,0,0,0.27634855188135937
22,60039.43,24,850,0.374,49524.42,72,1,1,14.0,11.002773447613825,10.810241352096163,0.8248649262659555,58.264023529411766,4.949189557595734,0.6363636363636364,0.5,1,0,0,1,0,2,Rent,Medical,0,0,0.23513812170481344
68,26670.54,19,477,0.183,37935.21,60,1,0,12.9,10.191352358291162,10.543661343928836,1.4223637766614399,79.52874213836478,7.111818883307199,0.18970588235294117,0.0,1,0,1,0,0,2,Rent,Debt Consolidation,0,0,0.33129097407746827
23,30472.04,4,625,0.441,82224.74,36,2,1,2.8,10.324597637268868,11.317223670712718,2.6983667650738186,131.559584,8.095100295221457,0.1217391304347826,0.3333333333333333,1,1,0,1,0,3,Rent,Vehicle,0,1,0.653167667931805
65,39814.57,15,724,0.449,39586.8,48,2,2,5.0,10.592013320801552,10.58627626896785,0.9942792299401954,54.67790055248619,3.9771169197607814,0.07692307692307693,0.6666666666666666,1,1,0,1,0,3,Own,Debt Consolidation,0,0,0.4496402165430988
36,30416.69,14,586,0.4,11215.54,60,3,1,11.9,10.322779626046303,9.325144753621833,0.36872979933056493,19.139146757679182,1.8436489966528247,0.33055555555555555,0.25,0,0,1,1,1,3,Rent,Debt Consolidation,1,1,0.5594875603863386
35,28075.44,21,769,0.097,31938.03,72,2,0,0.8,10.242686069475624,10.371584051865138,1.1375789658149613,41.53189856957087,6.825473794889768,0.022857142857142857,0.0,1,0,0,0,0,1,Mortgage,Home Improvement,0,0,0.17721332730139053
61,53183.6,25,660,0.038,28003.62,60,0,0,14.5,10.88152415973993,10.240124775546338,0.5265461533254612,42.42972727272727,2.632730766627306,0.23770491803278687,0.0,0,0,0,0,0,0,Mortgage,Medical,0,0,0.21783785436595413
23,53349.28,33,825,0.329,155568.47,60,0,1,8.1,10.884634505076015,11.954847663248856,2.916036917461679,188.56784242424243,14.580184587308395,0.3521739130434782,1.0,1,0,0,1,0,2,Own,Debt Consolidation,0,0,0.26801592807038604
22,27421.49,27,727,0.396,27753.53,84,1,3,8.3,10.21911875862137,10.231154349095096,1.0121087512020681,38.17541953232462,7.084761258414477,0.3772727272727273,1.5,1,0,0,1,0,2,Rent,Vehicle,0,0,0.3104961818774393
69,29321.2,13,616,0.71,64101.99,36,3,0,4.7,10.286100187292082,11.068246287686712,2.186199405208518,104.06167207792207,6.558598215625555,0.06811594202898551,0.0,1,1,0,0,1,3,Mortgage,Debt Consolidation,1,1,0.6793411239453953
52,36376.52,2,618,0.217,27847.13,60,2,1,13.8,10.501706280424674,10.234521097679172,0.765524849545806,45.06008090614887,3.8276242477290303,0.2653846153846154,0.3333333333333333,1,0,0,1,0,2,Own,Home Improvement,1,1,0.5320743486500902
57,42894.54,30,595,0.104,19227.02,24,4,1,13.3,10.66652313680765,9.864123869163093,0.44823933302466934,32.31431932773109,0.8964786660493387,0.23333333333333334,0.2,0,0,1,1,1,3,Own,Debt Consolidation,0,0,0.3285101382380669
43,62136.09,14,661,0.029,28549.99,60,6,2,7.4,11.037098352111194,10.259446890489963,0.4594751616974934,43.19211800302572,2.297375808487467,0.17209302325581396,0.2857142857142857,0,0,0,1,1,2,Mortgage,Home Improvement,0,0,0.32091317293244326
24,28276.72,20,592,0.145,90234.78,12,1,1,3.5,10.249829494412404,11.41018130145401,3.191133200738982,152.42361486486487,3.191133200738982,0.14583333333333334,0.5,1,0,1,1,0,3,Mortgage,Debt Consolidation,0,0,0.46013794577257217
57,21308.57,12,733,0.426,20286.54,36,1,3,9.2,9.96691154656904,9.917762183478327,0.9520366688144724,27.67604365620737,2.856110006443417,0.1614035087719298,1.5,1,1,0,1,0,3,Rent,Debt Consolidation,0,0,0.37346286619142155
65,66698.79,2,672,0.107,15172.41,72,1,1,5.9,11.107957083472972,9.627299832843415,0.22747654042899432,22.57799107142857,1.3648592425739658,0.09076923076923077,0.5,0,0,0,1,0,1,Rent,Vehicle,0,0,0.31166207352932424
66,57263.92,28,781,0.065,37589.6,36,0,1,6.1,10.955443498816958,10.534509298122776,0.6564272931367604,48.130089628681176,1.969281879410281,0.09242424242424242,1.0,0,0,0,1,0,1,Mortgage,Home Improvement,0,0,0.13282252741042738
65,45039.6,12,719,0.236,67315.57,36,0,2,13.9,10.715319584216848,11.117161696323409,1.4945863195943128,93.62388038942977,4.483758958782938,0.21384615384615385,2.0,1,0,0,1,0,2,Mortgage,Debt Consolidation,0,0,0.4433462048710897
31,15000.0,6,626,0.345,34670.46,72,3,1,6.3,9.61587214452889,10.45367214912786,2.3113639999999998,55.3841214057508,13.868184,0.2032258064516129,0.25,1,0,0,1,1,3,Rent,Debt Consolidation,1,0,0.47469218950712405
69,26153.91,27,748,0.409,31981.48,24,1,2,9.6,10.17179221477413,10.37294353184901,1.2228183090023632,42.755989304812836,2.4456366180047264,0.1391304347826087,1.0,1,1,0,1,0,3,Rent,Other,0,0,0.3124670994867355
54,28331.59,21,605,0.375,61170.81,84,1,2,11.7,10.251768011166075,11.021441741466983,2.159102613019601,101.10877685950413,15.113718291137207,0.21666666666666665,1.0,1,0,0,1,0,2,Rent,Education,0,1,0.527085839226593
27,24983.37,16,774,0.227,19842.47,12,3,2,4.6,10.126005708331322,9.895630264739331,0.7942271198801444,25.636266149870803,0.7942271198801444,0.17037037037037037,0.5,1,0,0,1,1,3,Mortgage,Debt Consolidation,0,0,0.3031134748138109
64,46059.31,14,554,0.349,50977.63,60,1,0,8.7,10.737706903703742,10.839161804285373,1.1067823204472669,92.01738267148014,5.533911602236334,0.1359375,0.0,1,0,1,0,0,2,Mortgage,Home Improvement,0,1,0.5246024211019763
48,43597.79,31,604,0.079,16401.36,48,0,1,0.5,10.682784676658446,9.705180505898351,0.37619705035507534,27.154569536423843,1.5047882014203013,0.010416666666666666,1.0,0,0,0,1,0,1,Mortgage,Debt Consolidation,0,0,0.28882707907358274
26,91968.7,7,749,0.371,30342.99,60,0,3,6.1,11.429214453958185,10.320353753814238,0.3299273557199352,40.51133511348465,1.649636778599676,0.23461538461538461,3.0,0,0,0,1,0,1,Own,Other,0,0,0.22371143659938109
49,63205.25,22,673,0.273,114515.07,36,1,0,7.5,11.054158467650481,11.648470441473362,1.8117968048540272,170.1561218424963,5.4353904145620815,0.15306122448979592,0.0,1,0,0,0,0,1,Mortgage,Debt Consolidation,0,0,0.31440295795502277
67,42012.45,1,639,0.523,41242.93,36,1,1,12.7,10.645745084095468,10.62725922941983,0.9816835247646829,64.54292644757433,2.945050574294049,0.18955223880597014,0.5,1,1,0,1,0,3,Mortgage,Vehicle,1,1,0.6220003531729178
68,26856.61,4,670,0.265,35373.08,24,0,3,9.7,10.198304486222527,10.473734627540212,1.3171088979584542,52.79564179104478,2.6342177959169084,0.1426470588235294,3.0,1,0,0,1,0,2,Own,Vehicle,1,0,0.4599974586392396
25,111351.8,29,602,0.446,59142.02,36,1,2,3.8,11.620458818305597,10.987713857371535,0.5311276512817933,98.24255813953488,1.5933829538453799,0.152,1.0,0,1,0,1,0,2,Mortgage,Debt Consolidation,1,0,0.42318182705946406
37,105843.0,17,801,0.286,6918.17,12,2,3,0.5,11.569721590969639,8.842051099221543,0.0653625653089954,8.636916354556805,0.0653625653089954,0.013513513513513514,1.0,0,0,0,1,0,1,Mortgage,Home Improvement,0,0,0.2870210689498384
30,36800.99,32,722,0.205,37006.95,72,1,2,10.8,10.51330719878192,10.518888033411077,1.0055965885700358,51.256163434903044,6.033579531420214,0.36000000000000004,1.0,1,0,0,1,0,2,Rent,Home Improvement,0,0,0.23148495320141702
57,29380.33,3,581,0.211,73761.78,60,2,4,13.5,10.288114717593665,11.208609547325004,2.510583781734242,126.95659208261618,12.55291890867121,0.23684210526315788,1.3333333333333333,1,0,1,1,0,3,Mortgage,Debt Consolidation,1,1,0.549399887676391
46,25549.62,25,690,0.187,36721.05,12,0,2,4.6,10.148416861482247,10.51113267106282,1.4372444678237877,53.21891304347827,1.4372444678237877,0.09999999999999999,2.0,1,0,0,1,0,2,Own,Home Improvement,0,0,0.268461308531314
37,26423.79,14,768,0.286,29122.53,36,3,4,1.4,10.182057863686993,10.279301717491238,1.1021329642719684,37.9199609375,3.3063988928159054,0.03783783783783783,1.0,1,0,0,1,1,3,Own,Vehicle,0,0,0.24838840071830223
67,52770.13,8,664,0.177,25906.64,60,1,3,13.8,10.87371953985246,10.162293184884359,0.49093379152183253,39.01602409638554,2.4546689576091625,0.20597014925373136,1.5,0,0,0,1,0,1,Rent,Debt Consolidation,0,0,0.3312681954217966
49,22997.31,15,740,0.351,18780.41,36,1,1,0.5,10.043176013950758,9.840622829816105,0.8166350760154122,25.378932432432432,2.4499052280462363,0.01020408163265306,0.5,1,0,0,1,0,2,Mortgage,Other,0,0,0.2684772184976198
49,38918.59,5,640,0.115,31289.77,36,2,1,20.0,10.569253001814854,10.351078444861262,0.8039800516925203,48.890265625,2.411940155077561,0.40816326530612246,0.3333333333333333,1,0,0,1,0,2,Mortgage,Vehicle,0,0,0.37884042883836544
61,15000.0,7,735,0.39,31969.39,84,2,2,12.7,9.61587214452889,10.372565440915984,2.1312926666666665,43.495768707482995,14.919048666666665,0.2081967213114754,0.6666666666666666,1,0,0,1,0,2,Own,Home Improvement,0,0,0.40250513174918645
21,16053.34,32,587,0.103,31032.56,48,2,1,11.2,9.683734496989747,10.342824478544596,1.9330905593477745,52.866371379897785,7.732362237391098,0.5333333333333333,0.3333333333333333,1,0,1,1,0,3,Rent,Vehicle,0,0,0.290853748554218
56,45637.06,22,672,0.339,9759.76,12,2,2,13.1,10.7284972964994,9.186125545227975,0.21385601964719025,14.523452380952381,0.21385601964719025,0.23392857142857143,0.6666666666666666,0,0,0,1,0,1,Rent,Debt Consolidation,1,0,0.35095012646210133
52,23492.35,8,721,0.38,42138.51,48,0,1,10.1,10.064472681362812,10.648741059383598,1.7937119956070808,58.44453536754508,7.174847982428323,0.19423076923076923,1.0,1,0,0,1,0,2,Own,Debt Consolidation,0,0,0.3824358167600094
64,25027.88,30,660,0.109,154349.34,48,0,0,5.1,10.12778563712024,11.946980232713756,6.1670960544800435,233.86263636363637,24.668384217920174,0.0796875,0.0,1,0,0,0,0,1,Rent,Vehicle,1,0,0.34742648142605737
52,34966.54,6,770,0.45,48547.44,24,0,3,5.8,10.462175481572158,10.79031734138037,1.388397021838592,63.04862337662338,2.776794043677184,0.11153846153846153,3.0,1,1,0,1,0,3,Mortgage,Vehicle,0,0,0.40378283923504144
41,36312.46,10,623,0.361,9896.29,48,3,1,2.4,10.49994375042209,9.20001626127603,0.27253152223782146,15.884895666131623,1.0901260889512858,0.058536585365853655,0.25,0,0,0,1,1,2,Mortgage,Home Improvement,0,1,0.5136526397393585
38,26382.79,23,718,0.315,10908.43,24,3,1,7.4,10.180505085398389,9.29738283181607,0.4134676431112858,15.192799442896936,0.8269352862225716,0.19473684210526318,0.25,0,0,0,1,1,2,Own,Debt Consolidation,1,0,0.3777541508049705
29,48463.14,0,653,0.553,14786.22,60,2,2,16.1,10.788579422005006,9.601518573196131,0.30510239328281247,22.643522205206736,1.5255119664140624,0.5551724137931034,0.6666666666666666,0,1,0,1,0,2,Mortgage,Other,1,1,0.5799485072284127
31,26915.33,19,695,0.616,23706.33,60,0,1,8.5,10.200488444598633,10.07353956200561,0.8807742650749592,34.1098273381295,4.403871325374796,0.27419354838709675,1.0,1,1,0,1,0,3,Mortgage,Debt Consolidation,0,1,0.5556118745814256
55,45474.86,14,738,0.317,14612.97,24,2,0,10.4,10.724936914697333,9.589733199522998,0.3213417259558358,19.800772357723577,0.6426834519116716,0.1890909090909091,0.0,0,0,0,0,0,0,Rent,Vehicle,0,0,0.3337045649161409
32,28667.19,12,556,0.262,13688.02,72,1,0,2.1,10.263543424690564,9.524349330621547,0.47748035297495156,24.618741007194245,2.8648821178497093,0.065625,0.0,0,0,1,0,0,1,Mortgage,Education,0,0,0.4640932337710362
22,34154.89,25,643,0.563,139527.01,48,3,1,6.8,10.438690324504686,11.846020648618705,4.085125438846386,216.99379471228616,16.340501755385542,0.3090909090909091,0.25,1,1,0,1,1,4,Rent,Home Improvement,0,1,0.5635538883248679
64,38855.44,17,764,0.478,30819.98,60,0,2,0.5,10.567629107823933,10.335950905902644,0.7931960106487019,40.340287958115184,3.9659800532435097,0.0078125,2.0,1,1,0,1,0,3,Mortgage,Home Improvement,0,0,0.34814893706254857
55,23450.43,7,673,0.336,34805.91,36,1,2,13.2,10.062686752825407,10.45757120926989,1.4842333381520085,51.71754829123329,4.452700014456026,0.24,1.0,1,0,0,1,0,2,Rent,Education,0,0,0.4593899486383928
59,19166.77,7,724,0.099,21573.84,24,1,0,4.3,9.86098550167791,9.9792830999334,1.1255855837994613,29.798121546961326,2.2511711675989226,0.07288135593220339,0.0,1,0,0,0,0,1,Rent,Debt Consolidation,1,0,0.24931337963773434
34,48150.84,3,595,0.526,34908.2,36,0,1,22.2,10.782114630410987,10.46050568376661,0.7249759298072473,58.66924369747899,2.174927789421742,0.6529411764705882,1.0,0,1,1,1,0,3,Rent,Debt Consolidation,0,1,0.6226185977993743
52,20435.26,21,697,0.356,35036.77,48,2,0,7.6,9.925066053016067,10.464181901472607,1.7145252861965055,50.26796269727403,6.858101144786022,0.14615384615384613,0.0,1,0,0,0,0,1,Mortgage,Debt Consolidation,0,0,0.3469266886309795
50,39859.63,20,543,0.527,39449.96,48,4,1,3.8,10.593144398960497,10.582813660578699,0.989722182569181,72.65186003683242,3.958888730276724,0.076,0.2,1,1,1,1,1,5,Mortgage,Medical,1,1,0.6782663095645532
46,40307.76,11,605,0.179,16405.21,60,1,1,2.3,10.604324094040445,9.705415200675825,0.4069988012233872,27.116049586776857,2.034994006116936,0.049999999999999996,0.5,0,0,0,1,0,1,Own,Vehicle,0,0,0.3892857433837855
37,56907.65,29,744,0.27,18785.77,60,2,3,7.3,10.949202629650019,9.840908177684241,0.33010974798643067,25.249690860215054,1.6505487399321535,0.19729729729729728,1.0,0,0,0,1,0,1,Mortgage,Other,0,0,0.2710990056790382
65,25536.87,34,722,0.303,15541.4,48,1,2,5.5,10.147917727518228,9.651327052151426,0.6085867218652873,21.525484764542934,2.434346887461149,0.08461538461538462,1.0,0,0,0,1,0,1,Own,Home Improvement,0,0,0.35018882401573836
36,36023.19,25,645,0.267,25657.73,48,2,0,2.0,10.491945936229103,10.152639143569887,0.7122559107064088,39.77942635658915,2.8490236428256352,0.05555555555555555,0.0,0,0,0,0,0,0,Rent,Debt Consolidation,0,0,0.2928836894424262
32,33979.9,18,615,0.061,9764.5,60,2,2,12.0,10.433553881043505,9.186611045276946,0.2873610575663848,15.877235772357723,1.436805287831924,0.375,0.6666666666666666,0,0,0,1,0,1,Mortgage,Education,0,0,0.3125119967862994
29,55523.22,12,611,0.194,75410.01,12,1,4,0.5,10.924574600937708,11.230708564556146,1.3581706896682144,123.42063829787233,1.3581706896682144,0.017241379310344827,2.0,1,0,0,1,0,2,Mortgage,Medical,0,0,0.3479955653325694
45,35433.35,13,700,0.096,12242.59,48,2,0,0.5,10.475436967630367,9.412757813715684,0.34551037370161164,17.489414285714286,1.3820414948064466,0.011111111111111112,0.0,0,0,0,0,0,0,Mortgage,Home Improvement,1,0,0.2140027579060759
43,65597.33,19,629,0.113,16190.16,48,2,0,18.5,11.091305517291064,9.692220693271153,0.24681126503167125,25.73952305246423,0.987245060126685,0.43023255813953487,0.0,0,0,0,0,0,0,Own,Education,0,0,0.28483485674004494
42,26657.61,15,695,0.433,34748.29,36,0,4,10.5,10.190867454338957,10.455914419129533,1.3035035774024752,49.997539568345324,3.9105107322074257,0.25,4.0,1,1,0,1,0,3,Mortgage,Education,0,1,0.5003884080332855
38,37784.24,13,687,0.134,12943.86,36,1,1,9.3,10.539673829161524,9.468454077140674,0.3425729881029763,18.84113537117904,1.0277189643089288,0.24473684210526317,0.5,0,0,0,1,0,1,Rent,Education,0,0,0.2852646534147396
35,15388.88,10,693,0.69,34995.08,60,2,1,13.9,9.641465429531571,10.462991334199083,2.2740498333861856,50.49795093795094,11.370249166930929,0.39714285714285713,0.3333333333333333,1,1,0,1,0,3,Own,Home Improvement,0,1,0.6202508030180005
44,19678.66,0,587,0.474,36554.25,60,3,0,7.1,9.88734089403424,10.506580093713742,1.857557882498097,62.272998296422486,9.287789412490485,0.16136363636363635,0.0,1,1,1,0,1,4,Mortgage,Other,1,1,0.6100521689413219
43,16724.05,13,599,0.234,32380.06,48,1,3,12.2,9.724662874528581,10.385328962952755,1.9361374786609704,54.05686143572621,7.744549914643882,0.2837209302325581,1.5,1,0,1,1,0,3,Rent,Debt Consolidation,1,0,0.46597754684686377
47,122877.48,15,499,0.071,86431.73,60,3,4,11.6,11.718951178513326,11.36712170250262,0.703397644548049,173.20987975951903,3.516988222740245,0.24680851063829787,1.0,0,0,1,1,1,3,Mortgage,Education,0,0,0.4002416130135666
58,70152.58,16,805,0.233,57092.95,12,1,0,10.1,11.158442117728086,10.952453435564681,0.8138396335530353,70.92291925465838,0.8138396335530353,0.17413793103448275,0.0,1,0,0,0,0,1,Mortgage,Education,0,0,0.15630017446126038
28,22723.4,34,723,0.592,61774.62,24,3,1,0.5,10.03119451605686,11.031264067228948,2.7185465203270636,85.44207468879668,5.437093040654127,0.017857142857142856,0.25,1,1,0,1,1,4,Rent,Debt Consolidation,0,0,0.38220850018016794
62,23269.16,1,651,0.47,24439.91,48,1,0,4.3,10.054927132078458,10.104013646634915,1.0503133761596894,37.5421044546851,4.201253504638758,0.06935483870967742,0.0,1,1,0,0,0,2,Rent,Home Improvement,0,1,0.5429610629800438
53,28062.55,6,696,0.382,46472.37,36,1,0,20.9,10.2422268602657,10.746634739354898,1.6560280516203982,66.77064655172414,4.968084154861195,0.3943396226415094,0.0,1,0,0,0,0,1,Own,Home Improvement,1,0,0.34543411831504406
61,43056.52,29,644,0.119,95243.08,36,2,0,2.9,10.670292175204946,11.464198138826447,2.2120477920649417,147.89298136645962,6.636143376194825,0.047540983606557376,0.0,1,0,0,0,0,1,Own,Debt Consolidation,1,0,0.24669111827456783
43,61115.82,18,584,0.361,22941.08,36,0,1,11.4,11.020542393691047,10.040728057889444,0.3753705669006814,39.282671232876716,1.1261117007020442,0.2651162790697674,1.0,0,0,1,1,0,2,Rent,Home Improvement,1,1,0.5311801607871478
67,19532.83,4,610,0.246,54475.69,48,1,1,7.4,9.879903113194903,10.905528182736836,2.788929714741796,89.30440983606557,11.155718858967184,0.11044776119402985,0.5,1,0,0,1,0,2,Own,Debt Consolidation,1,1,0.5476920785206829
68,31320.38,29,697,0.327,17737.38,48,1,1,9.4,10.35205621043675,9.783485932640744,0.5663207151381944,25.448177905308466,2.2652828605527775,0.13823529411764707,0.5,0,0,0,1,0,1,Rent,Other,1,0,0.3972279688312382
48,16027.9,5,760,0.319,68641.12,48,2,2,15.4,9.68214862191405,11.136661619465773,4.282602212392141,90.31726315789473,17.130408849568564,0.32083333333333336,0.6666666666666666,1,0,0,1,0,2,Mortgage,Education,0,0,0.4214954957329952
65,153095.74,31,634,0.442,18747.59,60,1,0,11.3,11.938825288146699,9.838873828570895,0.12245664053095143,29.570331230283912,0.6122832026547571,0.17384615384615384,0.0,0,1,0,0,0,1,Rent,Education,0,0,0.36838363286752096
36,29408.2,11,676,0.421,13094.26,84,1,1,6.7,10.289062829545971,9.480005611651158,0.4452588053672105,19.370207100591717,3.1168116375704735,0.18611111111111112,0.5,0,1,0,1,0,2,Own,Vehicle,0,0,0.49348339358347565
69,19664.25,19,671,0.279,125432.78,48,2,1,1.0,9.886608397726876,11.739533248895652,6.378721792084621,186.93409836065572,25.514887168338483,0.014492753623188406,0.3333333333333333,1,0,0,1,0,2,Mortgage,Medical,0,0,0.3587215192326146
33,56967.0,33,753,0.341,38934.63,60,2,1,8.4,10.95024498566196,10.569665048694356,0.6834593712149138,51.70601593625498,3.4172968560745693,0.2545454545454546,0.3333333333333333,0,0,0,1,0,1,Rent,Debt Consolidation,0,0,0.2541650315702037
41,29366.3,20,595,0.156,53994.6,12,2,1,6.3,10.287637089425425,10.896657840745133,1.8386585984615018,90.7472268907563,1.8386585984615018,0.15365853658536585,0.3333333333333333,1,0,1,1,0,3,Rent,Other,0,0,0.4646652956705275
67,45922.22,13,598,0.242,8463.35,48,0,0,4.7,10.734726150486239,9.043618504849931,0.18429749258637756,14.152759197324416,0.7371899703455103,0.07014925373134329,0.0,0,0,1,0,0,1,Mortgage,Vehicle,0,0,0.44986073202856547
58,26974.29,23,685,0.169,22887.74,24,2,3,5.9,10.202676540763635,10.038400365559973,0.8485020365688958,33.41275912408759,1.6970040731377916,0.10172413793103449,1.0,1,0,0,1,0,2,Mortgage,Debt Consolidation,0,0,0.3820130215706116
43,36061.09,20,706,0.297,30303.7,60,0,2,11.4,10.492997454035047,10.319058094979844,0.8403434283323107,42.923087818696885,4.201717141661553,0.2651162790697674,2.0,1,0,0,1,0,2,Own,Vehicle,0,0,0.33242926745285106
50,34542.96,28,687,0.333,66359.8,84,1,0,1.3,10.449987994810426,11.102861799686808,1.9210803011670108,96.59359534206696,13.447562108169075,0.026000000000000002,0.0,1,0,0,0,0,1,Rent,Vehicle,0,0,0.32857014395496337
55,71548.12,28,657,0.211,41599.33,60,2,0,20.1,11.178139485817418,10.635863378910198,0.5814175131366136,63.31709284627093,2.907087565683068,0.3654545454545455,0.0,0,0,0,0,0,0,Rent,Home Improvement,0,0,0.22498573754140574
38,28394.21,20,644,0.304,23785.75,36,2,1,0.5,10.253975747952436,10.076883981942872,0.8376971924910044,36.93439440993789,2.513091577473013,0.013157894736842105,0.3333333333333333,1,0,0,1,0,2,Rent,Debt Consolidation,1,0,0.4193342933721665
59,22424.55,16,826,0.171,29545.35,48,1,0,8.3,10.017956212824673,10.293715495746543,1.3175448336755922,35.76918886198547,5.270179334702369,0.14067796610169492,0.0,1,0,0,0,0,1,Mortgage,Debt Consolidation,0,0,0.14011344902952444
47,58171.26,8,630,0.325,72716.6,24,2,2,7.8,10.97116388779184,11.194338725006409,1.2500434063143897,115.42317460317462,2.5000868126287794,0.16595744680851063,0.6666666666666666,1,0,0,1,0,2,Mortgage,Education,1,1,0.50793697986208
54,49481.28,4,794,0.288,49518.06,24,1,2,14.4,10.809369904668738,10.81011292494891,1.0007433114098907,62.36531486146095,2.0014866228197814,0.26666666666666666,1.0,1,0,0,1,0,2,Own,Debt Consolidation,0,0,0.3194858428704198
44,33485.39,23,650,0.237,56757.61,60,2,0,17.2,10.418894366606972,10.946562641897302,1.6949962356717363,87.3194,8.474981178358682,0.3909090909090909,0.0,1,0,0,0,0,1,Own,Education,0,0,0.31579646231698727
23,63372.17,27,756,0.577,22860.41,48,0,0,11.5,11.056795864736927,10.037205615236708,0.3607326370550354,30.238637566137566,1.4429305482201416,0.5,0.0,0,1,0,0,0,1,Own,Home Improvement,0,0,0.2743690894798584
62,17525.22,18,690,0.417,36892.59,48,2,1,8.0,9.77145332431574,10.515793102201686,2.105114229664449,53.46752173913043,8.420456918657797,0.12903225806451613,0.3333333333333333,1,1,0,1,0,3,Mortgage,Vehicle,0,1,0.5446560606934002
48,58924.38,9,709,0.584,45630.25,60,4,1,7.5,10.984027176659227,10.728348067804395,0.7743865951580653,64.35860366713682,3.8719329757903265,0.15625,0.2,1,1,0,1,1,4,Rent,Vehicle,0,1,0.6511925617194303
35,39222.74,7,750,0.43,21773.97,60,1,0,15.8,10.577037454714363,9.988516423993003,0.5551363826188584,29.03196,2.7756819130942922,0.45142857142857146,0.0,0,1,0,0,0,1,Rent,Medical,0,0,0.3760769569482208
21,96701.11,12,645,0.393,95312.22,72,0,1,1.2,11.47939050126538,11.464923799853697,0.9856372899959474,147.77088372093024,5.913823739975684,0.05714285714285714,1.0,1,0,0,1,0,2,Rent,Debt Consolidation,0,0,0.35695629976579196
63,33110.41,18,707,0.169,27258.73,60,0,0,5.1,10.407633214956219,10.213165800579315,0.8232676671777848,38.55548797736917,4.116338335888924,0.08095238095238094,0.0,1,0,0,0,0,1,Rent,Other,0,0,0.20217172721495658
63,55100.87,21,718,0.167,36384.52,48,2,3,14.7,10.916938932859125,10.501926172282745,0.6603256899573454,50.67481894150417,2.6413027598293817,0.2333333333333333,1.0,0,0,0,1,0,1,Mortgage,Vehicle,0,0,0.2905959081841569
25,41347.1,13,618,0.196,28256.76,72,2,1,7.7,10.629781750182113,10.24912338911961,0.6834036728089757,45.72291262135922,4.100422036853854,0.308,0.3333333333333333,0,0,0,1,0,1,Mortgage,Vehicle,0,0,0.37128931205949023
37,85255.74,27,730,0.299,26176.58,60,1,1,0.5,11.35342245360414,10.172658598216541,0.30703598373552327,35.85832876712329,1.5351799186776163,0.013513513513513514,0.5,0,0,0,1,0,1,Own,Debt Consolidation,0,0,0.22653431313764286
60,15000.0,21,682,0.632,43550.18,48,2,0,5.9,9.61587214452889,10.681692077206344,2.9033453333333332,63.856568914956014,11.613381333333333,0.09833333333333334,0.0,1,1,0,0,0,2,Rent,Education,0,1,0.5827008505071863
68,38213.96,17,673,0.117,34225.53,36,2,1,16.6,10.55098234096703,10.44075635332107,0.8956289795666296,50.855170876671615,2.686886938699889,0.24411764705882355,0.3333333333333333,1,0,0,1,0,2,Mortgage,Debt Consolidation,1,0,0.3519002162788834
41,54463.82,6,610,0.061,13283.64,48,1,1,11.9,10.905310267636395,9.494363759595663,0.24389842651507,21.776459016393442,0.97559370606028,0.2902439024390244,0.5,0,0,0,1,0,1,Rent,Home Improvement,0,0,0.34646657791442415
58,52499.54,29,661,0.544,31228.58,36,2,1,2.0,10.868578734241103,10.349121001579583,0.5948353071284054,47.24444780635401,1.7845059213852161,0.034482758620689655,0.3333333333333333,0,1,0,1,0,2,Rent,Education,1,0,0.4516378028658795
26,37331.12,25,760,0.213,19326.77,48,3,2,3.3,10.527609361080986,9.8692982008293,0.5177120322133384,25.42996052631579,2.0708481288533536,0.12692307692307692,0.5,0,0,0,1,1,2,Mortgage,Other,0,0,0.262925507088772
37,40035.58,16,501,0.348,33086.1,12,1,0,9.4,10.59754881519571,10.406898757304745,0.826417401721169,66.04011976047904,0.826417401721169,0.25405405405405407,0.0,1,0,1,0,0,2,Mortgage,Vehicle,0,0,0.49104908843912415
55,47637.03,2,757,0.305,32069.98,48,1,1,5.4,10.77138667080902,10.375706850374348,0.6732153536859876,42.364570673712024,2.6928614147439505,0.09818181818181819,0.5,0,0,0,1,0,1,Own,Medical,0,0,0.31135474893829357
40,31924.73,28,699,0.134,24941.97,48,0,1,0.5,10.37116754673172,10.12434729794981,0.7812742660627044,35.68236051502146,3.125097064250818,0.0125,1.0,1,0,0,1,0,2,Rent,Home Improvement,0,0,0.24919376242566565
65,40420.7,1,582,0.475,23790.77,24,3,1,8.6,10.60712204846012,10.077095001538213,0.5885788717167194,40.8776116838488,1.1771577434334388,0.1323076923076923,0.25,0,1,1,1,1,4,Mortgage,Medical,1,1,0.6116407557226455
69,48219.69,14,692,0.175,49634.93,48,0,1,8.3,10.783543461047964,10.812470245626773,1.0293498361354043,71.7267774566474,4.117399344541617,0.12028985507246377,1.0,1,0,0,1,0,2,Rent,Debt Consolidation,0,0,0.36234709958002315
27,33103.43,26,574,0.206,32540.61,36,0,3,4.3,10.407422389267808,10.390274857115127,0.9829981364468878,56.69095818815331,2.9489944093406635,0.15925925925925924,3.0,1,0,1,1,0,3,Rent,Other,0,0,0.3832184885155361
57,70716.14,29,623,0.164,53219.66,60,0,0,2.2,11.166443255317288,10.882201945807658,0.7525815181654429,85.4248154093098,3.762907590827215,0.03859649122807018,0.0,1,0,0,0,0,1,Mortgage,Other,0,0,0.2386925329384182
33,41830.55,20,688,0.246,22132.33,72,3,3,4.0,10.641406118495132,10.004839896193994,0.5290948840022424,32.16908430232559,3.1745693040134544,0.12121212121212122,0.75,0,0,0,1,1,2,Rent,Vehicle,0,0,0.385219093296556
57,15000.0,17,646,0.415,14914.89,84,0,3,7.5,9.61587214452889,9.61018236664025,0.9943259999999999,23.088065015479874,6.960281999999999,0.13157894736842105,3.0,1,1,0,1,0,3,Own,Medical,0,0,0.4558351806556102
23,15909.32,20,676,0.485,42387.19,72,3,2,0.5,9.674723234265958,10.65462506468536,2.6642992912330636,62.70294378698225,15.985795747398381,0.021739130434782608,0.5,1,1,0,1,1,4,Mortgage,Debt Consolidation,0,1,0.5184306958590099
45,25104.22,24,562,0.102,27852.78,60,1,0,1.0,10.130831071624993,10.234723963254854,1.1094859748679704,49.560106761565834,5.547429874339852,0.022222222222222223,0.0,1,0,1,0,0,2,Mortgage,Education,0,0,0.3360015546714353
58,15000.0,24,561,0.17,27206.53,60,1,0,8.5,9.61587214452889,10.21124905220675,1.8137686666666666,48.49648841354723,9.068843333333334,0.14655172413793102,0.0,1,0,1,0,0,2,Rent,Debt Consolidation,0,0,0.33600363096195957
48,34302.08,23,685,0.241,126625.64,36,2,0,9.3,10.442990425040987,11.748998193095938,3.691485764128589,184.8549489051095,11.074457292385766,0.19375,0.0,1,0,0,0,0,1,Rent,Debt Consolidation,0,0,0.4804532387128994
43,64815.83,24,716,0.186,28506.5,60,2,2,6.1,11.079320570840611,10.257922489531513,0.43980768278366567,39.81354748603352,2.1990384139183283,0.14186046511627906,0.6666666666666666,0,0,0,1,0,1,Rent,Medical,0,0,0.26598992216312245
37,34688.41,7,585,0.318,18367.81,36,2,1,11.9,10.454189732035939,9.81840939657904,0.5295085591988794,31.397965811965815,1.588525677596638,0.3216216216216216,0.3333333333333333,0,0,1,1,0,2,Rent,Debt Consolidation,1,1,0.5995802774415092
53,31868.05,22,762,0.177,24975.13,48,3,1,11.1,10.36939059836967,10.125675847738464,0.7837043684819122,32.775761154855644,3.1348174739276486,0.20943396226415092,0.25,1,0,0,1,1,3,Mortgage,Vehicle,0,0,0.2623707232106177
43,62872.55,12,759,0.22,39786.67,12,1,0,12.4,11.048880845505899,10.591312344279933,0.6328146385028124,52.41985507246377,0.6328146385028124,0.28837209302325584,0.0,0,0,0,0,0,0,Rent,Debt Consolidation,0,0,0.25417622732641515
50,101063.1,17,714,0.093,48137.93,48,1,1,7.1,11.523510247981402,10.781846484251655,0.4763155889736214,67.42007002801121,1.9052623558944857,0.142,0.5,0,0,0,1,0,1,Rent,Vehicle,0,0,0.1687825091732481
38,37407.69,5,693,0.232,17326.17,24,3,0,0.5,10.529658309354035,9.760031068739913,0.4631713425768872,25.00168831168831,0.9263426851537744,0.013157894736842105,0.0,0,0,0,0,1,1,Own,Debt Consolidation,0,0,0.43323183319592423
62,21258.42,3,542,0.502,33807.85,60,0,2,10.9,9.9645553702444,10.428477881518013,1.5903275031728605,62.37610701107011,7.951637515864302,0.17580645161290323,2.0,1,1,1,1,0,4,Rent,Debt Consolidation,0,1,0.6825188701813366
61,69868.72,28,586,0.109,45350.39,24,0,2,5.5,11.154387644096074,10.722196105569706,0.649080017495669,77.38974402730375,1.298160034991338,0.09016393442622951,2.0,0,0,1,1,0,2,Own,Debt Consolidation,1,0,0.322885274230362
54,22015.53,29,651,0.052,25669.63,24,1,2,5.2,9.999548813844473,10.153102815831268,1.1659782889623826,39.4310752688172,2.3319565779247653,0.0962962962962963,1.0,1,0,0,1,0,2,Own,Education,0,0,0.30054083309241664
23,15898.05,6,717,0.134,30412.66,60,0,1,13.5,9.674014637995642,10.322647128575644,1.9129805227685157,42.416541143654115,9.564902613842579,0.5869565217391305,1.0,1,0,0,1,0,2,Rent,Debt Consolidation,0,0,0.235473386411842
66,40954.55,8,612,0.266,20004.73,72,2,1,2.2,10.620242611233232,9.90377401150284,0.4884617215913738,32.68746732026144,2.930770329548243,0.03333333333333333,0.3333333333333333,0,0,0,1,0,1,Own,Home Improvement,0,0,0.4662018862770026
57,22674.03,22,681,0.132,47864.96,72,1,1,13.6,10.02901959802546,10.776159883587976,2.111003646021462,70.28628487518355,12.66602187612877,0.23859649122807017,0.5,1,0,0,1,0,2,Rent,Debt Consolidation,0,0,0.3125091469086035
35,41626.64,14,637,0.369,24230.14,60,1,1,11.1,10.636519648694987,10.095393861816467,0.5820825317633131,38.03789638932496,2.9104126588165657,0.3171428571428571,0.5,0,0,0,1,0,1,Rent,Debt Consolidation,0,0,0.38791179595131314
62,30484.24,13,577,0.336,31464.88,48,1,4,6.7,10.324997911035217,10.356659063152977,1.0321687534280009,54.53185441941075,4.128675013712003,0.10806451612903226,2.0,1,0,1,1,0,3,Mortgage,Home Improvement,1,1,0.5699003344109596
34,41089.85,26,641,0.215,49133.83,36,2,0,0.5,10.623540747961867,10.802323430935042,1.1957656209501861,76.65184087363495,3.5872968628505584,0.014705882352941176,0.0,1,0,0,0,0,1,Rent,Vehicle,0,0,0.2985784133084701
60,39729.26,7,733,0.148,32060.68,12,2,0,10.4,10.589868392960401,10.375416826537345,0.8069790376161046,43.73899045020464,0.8069790376161046,0.17333333333333334,0.0,1,0,0,0,0,1,Rent,Education,0,0,0.2819170341424144
42,52130.18,32,692,0.627,38979.17,36,0,3,6.7,10.861518513224365,10.570808334262919,0.7477275159993693,56.328280346820804,2.243182547998108,0.15952380952380954,3.0,0,1,0,1,0,2,Mortgage,Debt Consolidation,0,0,0.41708413556547613
49,27214.84,7,495,0.373,25485.65,48,0,1,14.9,10.211554435723594,10.145910064645381,0.9364615040911504,51.48616161616162,3.7458460163646015,0.3040816326530612,1.0,1,0,1,1,0,3,Mortgage,Education,1,1,0.7099030935404294
33,57002.83,11,756,0.494,34521.64,48,1,1,0.5,10.950873737541796,10.44937061967752,0.6056127388762979,45.66354497354497,2.4224509555051914,0.015151515151515152,0.5,0,1,0,1,0,2,Own,Debt Consolidation,0,0,0.3944547324052271
36,52585.63,31,613,0.248,118435.22,36,1,1,3.7,10.870217183906446,11.68212986681262,2.2522354491141403,193.20590538336052,6.756706347342421,0.10277777777777779,0.5,1,0,0,1,0,2,Own,Debt Consolidation,1,0,0.3765990127044301
49,73901.82,2,588,0.652,104797.95,36,1,0,3.3,11.210506265883469,11.559799031734919,1.4180699473977771,178.22780612244898,4.254209842193331,0.0673469387755102,0.0,1,1,1,0,0,3,Rent,Education,0,1,0.5959160184338934
60,28869.54,10,673,0.423,45796.88,24,1,0,1.8,10.270576977019635,10.731993080821336,1.5863390965010178,68.04885586924219,3.1726781930020356,0.030000000000000002,0.0,1,1,0,0,0,2,Mortgage,Debt Consolidation,0,1,0.5650093762966761
56,24030.23,21,709,0.507,28833.29,72,1,0,0.5,10.087109513438033,10.269320582892195,1.1998757398493483,40.667545839210156,7.199254439096089,0.008928571428571428,0.0,1,1,0,0,0,2,Rent,Other,0,0,0.4958122669591672
39,30789.54,31,513,0.048,29222.16,24,1,1,14.6,10.334962778926496,10.282716824563522,0.9490937506698703,56.96327485380117,1.8981875013397407,0.37435897435897436,0.5,1,0,1,1,0,3,Own,Medical,0,0,0.3638186412292067
52,49076.36,22,646,0.48,71021.28,60,0,1,14.1,10.801153107647076,11.170748909614547,1.4471586727295993,109.94006191950464,7.235793363647996,0.27115384615384613,1.0,1,1,0,1,0,3,Mortgage,Education,0,1,0.636684330906877
34,30508.8,14,674,0.038,41212.04,24,0,0,5.0,10.325803222461435,10.626509990114892,1.3508246800923014,61.14545994065282,2.7016493601846028,0.14705882352941177,0.0,1,0,0,0,0,1,Rent,Other,0,0,0.2151008502664635
24,56066.69,4,547,0.689,36422.0,24,1,1,0.5,10.934314989767165,10.502955722212086,0.6496192302416997,66.58500914076782,1.2992384604833993,0.020833333333333332,0.5,0,1,1,1,0,3,Mortgage,Vehicle,0,1,0.614269290886768
32,29629.87,34,675,0.142,60336.69,36,4,0,8.5,10.296572002269524,11.007712228917592,2.036346767636848,89.38768888888889,6.109040302910543,0.265625,0.0,1,0,0,0,1,2,Rent,Debt Consolidation,0,0,0.3475130968210888
24,28401.38,7,627,0.605,41560.97,48,1,1,6.0,10.25422822345494,10.634940845437205,1.4633433305001378,66.28543859649123,5.853373322000551,0.25,0.5,1,1,0,1,0,3,Rent,Education,1,1,0.6773934443945829
43,104895.41,27,684,0.105,25766.91,36,1,0,8.5,11.560728570729175,10.156885198300806,0.24564382750398706,37.67092105263158,0.7369314825119612,0.19767441860465115,0.0,0,0,0,0,0,0,Mortgage,Debt Consolidation,0,0,0.15984252190535533
26,22263.76,29,624,0.286,116844.25,36,2,1,15.8,10.010760438447763,11.66860568873425,5.248181349421661,187.25040064102564,15.744544048264984,0.6076923076923078,0.3333333333333333,1,0,0,1,0,2,Rent,Vehicle,0,0,0.41614045763554103
69,23144.65,7,632,0.043,54066.46,60,1,1,5.0,10.049562136890428,10.8979878051306,2.336024091960777,85.54819620253164,11.680120459803884,0.07246376811594203,0.5,1,0,0,1,0,2,Own,Medical,0,0,0.35772814247073
45,21103.67,15,689,0.194,85802.49,72,0,3,12.4,9.957249621989165,11.359814960639484,4.065761547636028,124.53191582002904,24.394569285816168,0.27555555555555555,3.0,1,0,0,1,0,2,Mortgage,Debt Consolidation,0,0,0.3825477304423776
62,55600.62,17,680,0.15,31931.08,84,1,2,7.6,10.925967616504856,10.371366426086364,0.5742935960066632,46.957470588235296,4.020055172046642,0.12258064516129032,1.0,0,0,0,1,0,1,Mortgage,Education,0,0,0.26858118562531774
57,72000.97,20,737,0.29,67198.39,36,1,1,4.1,11.184448758734995,11.115419449089089,0.9332983986187964,91.17827679782904,2.799895195856389,0.0719298245614035,0.5,1,0,0,1,0,2,Rent,Education,0,0,0.2288198043369864
37,38954.81,31,693,0.448,48820.45,72,2,2,7.8,10.570183205771732,10.795925044448124,1.2532585834714636,70.4479797979798,7.519551500828781,0.2108108108108108,0.6666666666666666,1,1,0,1,0,3,Mortgage,Home Improvement,1,1,0.5682446427903008
51,45489.73,22,726,0.343,17630.31,84,1,0,7.1,10.725263847918253,9.777431577793081,0.3875668200272897,24.28417355371901,2.712967740191028,0.1392156862745098,0.0,0,0,0,0,0,0,Own,Vehicle,0,0,0.2464678213504844
41,93414.79,7,754,0.195,36739.93,60,2,1,10.6,11.444815667744118,10.51164667145909,0.3932988555666614,48.726697612732096,1.966494277833307,0.25853658536585367,0.3333333333333333,0,0,0,1,0,1,Rent,Vehicle,0,0,0.22786102667377908
63,49536.67,2,626,0.488,77507.55,60,2,2,11.1,10.810488669236431,11.258143531836994,1.5646499855561549,123.81397763578275,7.8232499277807745,0.17619047619047618,0.6666666666666666,1,1,0,1,0,3,Mortgage,Medical,1,1,0.6881073361065312
48,55106.13,19,617,0.673,15936.58,60,0,1,18.6,10.917034387858337,9.676435121496027,0.2891979531133832,25.829141004862237,1.445989765566916,0.3875,1.0,0,1,0,1,0,2,Mortgage,Other,0,1,0.5139674696801916
65,70524.54,24,696,0.152,13836.92,36,1,0,9.5,11.163730192700154,9.535167928859794,0.19620007447053184,19.880632183908045,0.5886002234115955,0.14615384615384616,0.0,0,0,0,0,0,0,Mortgage,Home Improvement,0,0,0.16360375030423704
44,23735.86,13,619,0.317,16003.77,48,2,3,15.9,10.074784393198357,9.680642081791492,0.6742443711750912,25.854232633279484,2.6969774847003647,0.3613636363636364,1.0,0,0,0,1,0,1,Mortgage,Home Improvement,0,0,0.493974053242253
55,27540.66,20,559,0.351,57416.01,72,4,1,10.2,10.22345504642836,10.958095879870614,2.084772478219476,102.71200357781754,12.508634869316857,0.18545454545454546,0.2,1,0,1,1,1,4,Own,Medical,0,1,0.6072268681964583
37,15000.0,10,565,0.492,61694.59,36,2,0,4.2,9.61587214452889,11.029967732460584,4.112972666666667,109.1939646017699,12.338918,0.11351351351351352,0.0,1,1,1,0,0,3,Mortgage,Medical,1,1,0.609047879468568
26,49409.43,27,622,0.384,15673.54,48,2,1,8.5,10.80791681449369,9.659793018978013,0.31721758376892834,25.198617363344052,1.2688703350757133,0.3269230769230769,0.3333333333333333,0,0,0,1,0,1,Mortgage,Education,0,0,0.3382885025922631
47,31087.32,26,618,0.284,18156.53,12,0,2,0.5,10.344587464925027,9.80684062968879,0.5840493809051407,29.37949838187702,0.5840493809051407,0.010638297872340425,2.0,0,0,0,1,0,1,Mortgage,Vehicle,0,0,0.4118105603099524
21,48845.48,3,598,0.204,9907.74,12,2,1,8.9,10.796437597556354,9.201172474941824,0.2028384202591519,16.568127090301005,0.2028384202591519,0.4238095238095238,0.3333333333333333,0,0,1,1,0,2,Own,Debt Consolidation,0,0,0.4827174789144126
61,16828.2,29,636,0.343,37905.66,36,1,1,15.2,9.730870751889887,10.542882101226251,2.2525082896566477,59.60009433962265,6.757524868969943,0.24918032786885244,0.5,1,0,0,1,0,2,Mortgage,Vehicle,0,0,0.41725487376476206
45,15000.0,9,703,0.264,20681.84,48,2,0,5.7,9.61587214452889,9.937059649947713,1.3787893333333334,29.419402560455193,5.515157333333334,0.12666666666666668,0.0,1,0,0,0,0,1,Own,Vehicle,0,0,0.3788751327283715
52,42238.07,30,620,0.156,25606.91,60,0,1,0.5,10.65110090109231,10.150656567116812,0.6062518955056422,41.30146774193548,3.031259477528211,0.009615384615384616,1.0,0,0,0,1,0,1,Rent,Debt Consolidation,0,0,0.2872494093134202
39,27102.37,31,738,0.06,20697.5,60,0,0,16.0,10.207413353379987,9.937816512859719,0.7636786008013322,28.04539295392954,3.818393004006661,0.41025641025641024,0.0,1,0,0,0,0,1,Own,Debt Consolidation,0,0,0.1428109513397946
38,18028.37,24,665,0.317,65321.25,60,3,1,4.2,9.799757373823159,11.087087992296425,3.6232476923870545,98.22744360902256,18.11623846193527,0.1105263157894737,0.25,1,0,0,1,1,3,Mortgage,Medical,0,1,0.5315201126201181
26,62146.75,4,665,0.214,13486.63,48,0,0,0.5,11.037269893548205,9.509528248074156,0.21701263541536764,20.280646616541354,0.8680505416614706,0.019230769230769232,0.0,0,0,0,0,0,0,Rent,Vehicle,0,0,0.33886995370844614
65,35008.17,21,627,0.208,56360.66,36,3,4,2.1,10.463365306155545,10.939544419092,1.6099287680561425,89.88940988835726,4.829786304168428,0.03230769230769231,1.0,1,0,0,1,1,3,Mortgage,Vehicle,0,1,0.5352917645376394
45,16745.14,7,715,0.086,33204.2,72,0,1,5.4,9.725923062934854,10.410461769145954,1.982915640000621,46.439440559440555,11.897493840003726,0.12000000000000001,1.0,1,0,0,1,0,2,Mortgage,Vehicle,0,0,0.23687183292933875
56,26291.07,20,630,0.278,19432.98,60,2,0,6.0,10.17702265178674,9.87477835927464,0.7391475508604253,30.846,3.6957377543021264,0.10714285714285714,0.0,0,0,0,0,0,0,Mortgage,Home Improvement,1,0,0.3866818533236048
66,150121.19,18,552,0.262,42677.21,48,3,4,10.0,11.919204841471885,10.661443764517438,0.284285049965298,77.31378623188405,1.137140199861192,0.15151515151515152,1.0,0,0,1,1,1,3,Own,Vehicle,1,0,0.49295485289845004
36,35706.08,10,674,0.03,14891.77,36,0,2,12.2,10.483104267432783,9.60863113926967,0.41706538494284445,22.09461424332344,1.2511961548285333,0.33888888888888885,2.0,0,0,0,1,0,1,Own,Home Improvement,1,0,0.19861221352985103
37,28262.21,31,608,0.319,16728.61,60,0,1,2.6,10.249316237898281,9.724935482292537,0.5919073561480154,27.514161184210526,2.959536780740077,0.07027027027027027,1.0,0,0,0,1,0,1,Mortgage,Home Improvement,0,0,0.3855776281299166
29,71040.98,22,689,0.402,57026.89,36,1,1,0.5,11.171026248899267,10.951295725394948,0.8027323102806296,82.76761973875182,2.408196930841889,0.017241379310344827,0.5,1,1,0,1,0,3,Mortgage,Debt Consolidation,0,0,0.38834462787738
69,27609.65,25,692,0.116,21387.37,36,1,2,4.1,10.225956846841944,9.970602595339225,0.7746338689552384,30.906604046242773,2.3239016068657152,0.05942028985507246,1.0,1,0,0,1,0,2,Rent,Vehicle,0,0,0.32225510822981185
39,40441.64,31,668,0.593,63052.52,12,2,0,12.3,10.607639952902748,11.051739168542076,1.5590989880726893,94.39,1.5590989880726893,0.31538461538461543,0.0,1,1,0,0,0,2,Mortgage,Debt Consolidation,0,1,0.5209500675848457
38,50425.61,5,640,0.487,27999.55,84,0,0,6.3,10.828274290919547,10.239979431821565,0.555264477712813,43.749296875,3.8868513439896906,0.16578947368421051,0.0,0,1,0,0,0,1,Own,Debt Consolidation,1,0,0.4605556941533695
57,39780.86,8,667,0.285,41592.29,36,2,0,7.0,10.591166308479286,10.635694135162497,1.0455352146735892,62.357256371814096,3.1366056440207677,0.12280701754385964,0.0,1,0,0,0,0,1,Own,Vehicle,0,0,0.3868253255834989
34,50536.59,4,663,0.643,19615.21,60,4,1,8.3,10.830472694803241,9.884111544225126,0.38813877232318206,29.585535444947208,1.9406938616159102,0.24411764705882355,0.2,0,1,0,1,1,3,Rent,Vehicle,1,1,0.6275879268474918
51,17604.97,28,829,0.216,14777.38,60,0,0,15.8,9.775993328054842,9.600920580917036,0.8393868322411228,17.825548854041013,4.196934161205614,0.30980392156862746,0.0,1,0,0,0,0,1,Mortgage,Debt Consolidation,0,0,0.19589832845844252
47,65822.49,27,803,0.518,34076.03,72,2,0,6.7,11.094732044488785,10.43637882925833,0.5176958513723804,42.43590286425903,3.1061751082342823,0.1425531914893617,0.0,0,1,0,0,0,1,Own,Vehicle,0,0,0.24011231199883112
32,19833.62,4,584,0.093,39891.31,48,1,0,9.1,9.895184174710968,10.593938852473215,2.0112974837674615,68.30703767123288,8.045189935069846,0.284375,0.0,1,0,1,0,0,2,Own,Debt Consolidation,0,0,0.2777209145474433
47,73640.36,25,755,0.695,18477.61,12,1,0,4.7,11.20696210340027,9.82436912591656,0.2509168885105939,24.473655629139074,0.2509168885105939,0.1,0.0,0,1,0,0,0,1,Own,Debt Consolidation,0,0,0.33824014621022075
61,23772.26,7,724,0.196,19144.7,60,3,0,15.1,10.076316698615482,9.85983342631428,0.8053378181123714,26.442955801104972,4.026689090561857,0.24754098360655738,0.0,1,0,0,0,1,2,Own,Debt Consolidation,0,0,0.3309313203228746
55,30391.62,3,636,0.352,36910.01,60,1,0,7.8,10.321955094764673,10.516265159507693,1.2144798467472284,58.034606918239,6.072399233736142,0.14181818181818182,0.0,1,0,0,0,0,1,Rent,Debt Consolidation,0,0,0.36951975285784194
60,18421.42,17,635,0.603,29021.14,84,1,1,3.0,9.82132368011578,10.27581426596608,1.5754018962707546,45.70258267716535,11.027813273895282,0.05,0.5,1,1,0,1,0,3,Mortgage,Education,1,1,0.5526511605681903
55,19044.48,12,709,0.116,159841.85,72,0,1,2.4,9.854585082060579,11.981946424053753,8.393080304634204,225.4468970380818,50.35848182780522,0.04363636363636363,1.0,1,0,0,1,0,2,Mortgage,Home Improvement,0,0,0.38000739077434936
27,34676.68,4,642,0.27,21797.99,36,3,1,1.4,10.453851531309576,9.98961891742867,0.6286066024775152,33.953255451713396,1.8858198074325456,0.05185185185185185,0.25,0,0,0,1,1,2,Own,Other,0,0,0.4911748733016777
25,27471.77,11,787,0.465,32539.38,48,0,4,11.3,10.220950611282612,10.390237058639691,1.1844660900990363,41.34609911054638,4.737864360396145,0.452,4.0,1,1,0,1,0,3,Mortgage,Home Improvement,0,0,0.365105501301712
31,49026.01,25,602,0.5,41362.15,24,2,1,4.7,10.800126649714148,10.63014566682383,0.8436776723212841,68.7078903654485,1.6873553446425682,0.15161290322580645,0.3333333333333333,1,1,0,1,0,3,Rent,Home Improvement,1,1,0.5579136907337123
62,25905.34,16,756,0.088,40360.29,48,1,2,7.0,10.16224300537681,10.60562643629571,1.5579911323302456,53.386626984126984,6.231964529320982,0.11290322580645161,1.0,1,0,0,1,0,2,Own,Medical,1,0,0.2439264504210962
21,56225.4,22,661,0.215,47845.63,60,0,1,11.4,10.937141676473054,10.77575596597875,0.8509611314459301,72.38370650529501,4.25480565722965,0.5428571428571429,1.0,1,0,0,1,0,2,Own,Debt Consolidation,1,0,0.34594479703332087
27,50852.02,19,613,0.164,17303.19,36,3,1,10.6,10.836694790076983,9.758703947692817,0.3402655391073944,28.22706362153344,1.0207966173221832,0.3925925925925926,0.25,0,0,0,1,1,2,Own,Education,0,0,0.4117554269341207
55,41645.68,31,641,0.498,21541.2,60,4,0,5.4,10.636976932533074,9.977769081056644,0.5172493281415984,33.60561622464899,2.586246640707992,0.09818181818181819,0.0,0,1,0,0,1,2,Mortgage,Debt Consolidation,0,1,0.5135270391760965
47,15000.0,24,730,0.524,44028.24,72,1,1,7.7,9.61587214452889,10.69260923764239,2.935216,60.312657534246576,17.611296,0.16382978723404257,0.5,1,1,0,1,0,3,Rent,Debt Consolidation,0,0,0.4795303181839278
27,24350.48,8,593,0.469,11388.4,36,1,2,10.2,10.100347906951164,9.340438377266171,0.4676868792730164,19.204721753794267,1.403060637819049,0.37777777777777777,1.0,0,1,1,1,0,3,Mortgage,Medical,0,1,0.5819867556857268
67,60350.98,18,660,0.337,5444.88,48,1,0,7.8,11.007949034603891,8.602614638470191,0.09022024165970462,8.249818181818181,0.36088096663881847,0.11641791044776119,0.0,0,0,0,0,0,0,Own,Debt Consolidation,0,0,0.332521559119051
54,35483.05,7,732,0.176,90462.01,36,5,0,8.1,10.47683857872527,11.412696316853669,2.549442903019892,123.58198087431693,7.648328709059676,0.15,0.0,1,0,0,0,1,2,Own,Debt Consolidation,0,0,0.3949291705150319
31,21472.0,19,672,0.365,31840.44,48,2,2,11.4,9.974551610967133,10.368523865066303,1.4828818926974665,47.38160714285714,5.931527570789866,0.36774193548387096,0.6666666666666666,1,0,0,1,0,2,Mortgage,Home Improvement,0,0,0.40213301500035076
37,52345.34,4,711,0.464,30018.47,60,1,1,3.3,10.865637299814468,10.309601450134869,0.5734697682735465,42.220070323488045,2.867348841367732,0.08918918918918918,0.5,0,1,0,1,0,2,Own,Debt Consolidation,0,0,0.4866339648981934
30,26653.65,11,805,0.209,17184.77,36,2,2,8.1,10.190718898425951,9.751836994797463,0.6447435904650958,21.347540372670807,1.9342307713952873,0.26999999999999996,0.6666666666666666,0,0,0,1,0,1,Rent,Education,0,0,0.2606864357373994
31,18412.36,6,711,0.282,23344.35,24,0,0,2.9,9.820831767079993,10.0581530997964,1.267863000723427,32.8331223628692,2.535726001446854,0.0935483870967742,0.0,1,0,0,0,0,1,Mortgage,Debt Consolidation,0,0,0.27913993415044275
33,36886.25,0,629,0.058,46205.45,72,0,2,4.7,10.515621241864622,10.740874677714817,1.2526469890541867,73.45858505564388,7.515881934325121,0.14242424242424243,2.0,1,0,0,1,0,2,Rent,Education,1,0,0.35252794874237264
48,50533.32,32,715,0.407,61672.96,60,1,1,8.6,10.830407988397651,11.029617078669245,1.2204414829660906,86.25588811188811,6.102207414830453,0.17916666666666667,0.5,1,1,0,1,0,3,Rent,Vehicle,1,0,0.4172448305797386
30,46073.03,24,803,0.546,85903.69,12,0,1,3.4,10.738004729684835,11.360993704852108,1.864511407215892,106.97844333748444,1.864511407215892,0.11333333333333333,1.0,1,1,0,1,0,3,Own,Medical,0,0,0.31874781686018244
36,34476.24,11,620,0.647,60311.9,48,0,1,10.9,10.448054675170033,11.007301290183701,1.7493758020016106,97.27725806451613,6.997503208006442,0.3027777777777778,1.0,1,1,0,1,0,3,Mortgage,Debt Consolidation,1,1,0.684059964590234
66,17075.38,11,780,0.145,21466.42,60,1,1,15.5,9.74545150108539,9.974291715976285,1.2571562097007503,27.52105128205128,6.285781048503751,0.23484848484848486,0.5,1,0,0,1,0,2,Own,Vehicle,0,0,0.2552963893962911
45,161934.09,15,628,0.047,20369.43,36,1,2,8.4,11.994950854908891,9.921839618472767,0.12578839946548623,32.435398089171976,0.37736519839645866,0.18666666666666668,1.0,0,0,0,1,0,1,Mortgage,Debt Consolidation,0,0,0.30635447669476473
32,59975.26,33,636,0.065,8925.31,60,0,2,4.2,11.001704096240863,9.096758374588383,0.1488165286819932,14.033506289308175,0.7440826434099659,0.13125,2.0,0,0,0,1,0,1,Mortgage,Other,0,0,0.21902855764542623
53,60718.94,29,764,0.575,162442.52,60,0,3,9.0,11.01402742392673,11.998085651104976,2.675318772033899,212.62109947643978,13.376593860169494,0.16981132075471697,3.0,1,1,0,1,0,3,Mortgage,Vehicle,0,0,0.44618504436332795
49,43105.17,14,686,0.365,29240.5,60,4,1,4.5,10.671421421298511,10.28334421213754,0.6783525038875847,42.62463556851312,3.3917625194379237,0.09183673469387756,0.2,0,0,0,1,1,2,Rent,Medical,0,0,0.44867592726970285
30,53702.88,28,748,0.032,80485.73,48,0,0,16.4,10.89124053114566,11.295847605097773,1.4987227873067515,107.60124331550801,5.994891149227006,0.5466666666666666,0.0,1,0,0,0,0,1,Rent,Debt Consolidation,0,0,0.2316772967895817
38,31797.18,31,550,0.265,38238.07,12,1,2,0.5,10.367164334426011,10.551613046785917,1.2025616737081717,69.52376363636364,1.2025616737081717,0.013157894736842105,1.0,1,0,1,1,0,3,Rent,Debt Consolidation,0,1,0.5292793124908306
42,47944.44,33,597,0.309,89325.87,36,3,0,3.0,10.77781897672786,11.400057617461174,1.863112177345277,149.6245728643216,5.589336532035831,0.07142857142857142,0.0,1,0,1,0,1,3,Mortgage,Other,1,0,0.43853834928775665
52,59345.74,33,631,0.404,59962.54,24,0,1,5.9,10.991152470138294,11.001491989833353,1.010393332360503,95.0277971473851,2.020786664721006,0.11346153846153847,1.0,1,1,0,1,0,3,Rent,Home Improvement,0,0,0.45257526418793237
40,37934.7,18,545,0.208,23149.52,48,1,1,9.6,10.543647900218245,10.049772521465133,0.610246555264705,42.47618348623853,2.44098622105882,0.24,0.5,0,0,1,1,0,2,Mortgage,Debt Consolidation,1,1,0.5305285140674316
41,67665.73,13,827,0.642,34865.97,60,6,0,13.8,11.122349905315968,10.459295241715802,0.5152677729184331,42.15957678355502,2.576338864592165,0.33658536585365856,0.0,0,1,0,0,1,2,Mortgage,Other,0,0,0.43518012557043523
28,19988.25,32,744,0.407,17166.19,84,3,2,0.8,9.90294990803122,9.75075528295594,0.858814053256288,23.072836021505374,6.011698372794016,0.028571428571428574,0.5,1,1,0,1,1,4,Own,Debt Consolidation,0,0,0.41806470373056104
63,37072.75,3,732,0.502,17857.3,60,2,0,14.4,10.520664450996083,9.790223665129696,0.4816826375167744,24.39521857923497,2.4084131875838724,0.22857142857142856,0.0,0,1,0,0,0,1,Own,Vehicle,0,0,0.4270669691076253
65,53432.66,11,739,0.308,66354.96,36,2,4,8.6,10.886196163447964,11.102788862402894,1.241842723158458,89.79020297699594,3.725528169475374,0.1323076923076923,1.3333333333333333,1,0,0,1,0,2,Mortgage,Other,0,0,0.4025755732933471
51,30800.96,22,539,0.333,20358.21,60,1,2,13.3,10.335333603300594,9.92128866833995,0.6609602427976271,37.770333951762524,3.3048012139881355,0.2607843137254902,1.0,0,0,1,1,0,2,Mortgage,Education,1,0,0.47679849128188445
30,47406.08,10,649,0.465,65133.04,60,4,1,5.1,10.766526863617623,11.08420257940326,1.3739385327789178,100.35907550077042,6.869692663894589,0.16999999999999998,0.2,1,1,0,1,1,4,Mortgage,Other,1,1,0.6664008520083079
21,50233.73,2,594,0.198,8739.22,48,1,0,1.6,10.824461899143243,9.075690639957495,0.17397115444144798,14.712491582491582,0.6958846177657919,0.0761904761904762,0.0,0,0,1,0,0,1,Mortgage,Education,1,0,0.4420249331505127
22,63469.65,34,793,0.37,52864.82,36,3,2,5.0,11.058332873306844,10.875512284254123,0.8329149443868054,66.66433795712484,2.498744833160416,0.22727272727272727,0.5,1,0,0,1,1,3,Own,Debt Consolidation,0,0,0.2451798729998644
37,23335.61,25,567,0.293,29742.33,48,1,2,9.4,10.057778651075646,10.30036018415615,1.2745469263499005,52.45560846560847,5.098187705399602,0.25405405405405407,1.0,1,0,1,1,0,3,Own,Vehicle,1,0,0.44352588385924635
31,22860.8,16,798,0.243,38464.62,60,2,2,15.5,10.037222674406438,10.557520134312464,1.682557915733483,48.201278195488726,8.412789578667415,0.5,0.6666666666666666,1,0,0,1,0,2,Own,Debt Consolidation,1,0,0.26122755846487666
51,18051.48,30,641,0.098,25506.16,36,1,2,13.3,9.801038350444928,10.146714476047705,1.4129678009780915,39.79120124804992,4.238903402934275,0.2607843137254902,1.0,1,0,0,1,0,2,Rent,Other,0,0,0.3294627883269664
39,57422.73,7,563,0.295,98574.34,36,1,0,7.6,10.95821291150952,11.498576407890273,1.716643217764115,175.0876376554174,5.149929653292345,0.19487179487179487,0.0,1,0,1,0,0,2,Rent,Medical,0,0,0.4997404909385777
64,58212.59,19,664,0.27,28295.8,24,0,1,8.8,10.971874111616083,10.250504003033011,0.4860769809417516,42.61415662650602,0.9721539618835032,0.1375,1.0,0,0,0,1,0,1,Mortgage,Debt Consolidation,0,0,0.32033992230968183
64,62295.94,27,592,0.104,62140.29,60,2,1,11.9,11.039667586394296,11.037165942306714,0.9975014423090814,104.96670608108109,4.987507211545407,0.1859375,0.3333333333333333,1,0,1,1,0,3,Mortgage,Debt Consolidation,0,0,0.3314726134330851
34,15000.0,20,702,0.033,102892.28,60,1,0,8.5,9.61587214452889,11.541447613567154,6.859485333333334,146.57019943019944,34.29742666666667,0.25,0.0,1,0,0,0,0,1,Mortgage,Education,0,0,0.31392462989068615
39,58421.72,6,626,0.531,54837.35,36,2,0,7.9,10.975460134255343,10.91214504569626,0.9386466197845595,87.59960063897763,2.8159398593536786,0.20256410256410257,0.0,1,1,0,0,0,2,Mortgage,Debt Consolidation,0,1,0.6626939706688638
33,53140.07,26,713,0.266,33579.64,84,2,3,16.5,10.880705354602243,10.42170498941358,0.6319080874375965,47.096269284712484,4.423356612063175,0.5,1.0,0,0,0,1,0,1,Own,Education,1,0,0.23862268599375006
66,39309.6,28,748,0.045,23127.71,84,2,0,0.5,10.579249481591207,10.048829981945152,0.5883476300954474,30.919398395721924,4.118433410668132,0.007575757575757576,0.0,0,0,0,0,0,0,Rent,Education,0,0,0.18989114553660633
50,47197.84,5,664,0.098,24410.09,48,0,2,8.0,10.76212459500046,10.10279281622045,0.5171865915897846,36.76218373493976,2.0687463663591386,0.16,2.0,0,0,0,1,0,1,Mortgage,Education,0,0,0.26060361037906987
33,52691.09,20,711,0.535,18464.51,60,0,2,7.5,10.87222062838743,9.823659946726528,0.3504294559099081,25.969774964838255,1.7521472795495405,0.22727272727272727,2.0,0,1,0,1,0,2,Mortgage,Debt Consolidation,0,0,0.4880094939006756
63,29533.99,19,639,0.083,126883.1,60,0,0,5.2,10.293330941159935,11.751029350344067,4.296171969991186,198.56510172143976,21.48085984995593,0.08253968253968254,0.0,1,0,0,0,0,1,Mortgage,Home Improvement,0,0,0.4115567551285656
34,91314.03,26,580,0.273,192099.85,60,1,1,0.5,11.422070675159189,12.16577577352562,2.1037276528042845,331.2066379310345,10.518638264021423,0.014705882352941176,0.5,1,0,1,1,0,3,Own,Medical,0,0,0.38570418332568823
60,33565.87,31,722,0.092,14982.61,60,1,2,4.3,10.42129484761702,9.61471221602225,0.4463644171892461,20.751537396121883,2.2318220859462303,0.07166666666666667,1.0,0,0,0,1,0,1,Rent,Education,0,0,0.24698243745788473
40,63676.77,15,611,0.232,21507.77,12,0,0,1.8,11.06159080106087,9.976216037921064,0.33776477669957194,35.20093289689034,0.33776477669957194,0.045,0.0,0,0,0,0,0,0,Rent,Debt Consolidation,0,0,0.3350797182641579
28,15000.0,26,692,0.251,38263.42,72,2,3,7.9,9.61587214452889,10.552275761674553,2.5508946666666668,55.29395953757225,15.305368000000001,0.28214285714285714,1.0,1,0,0,1,0,2,Rent,Education,0,0,0.3262708051633375
39,34704.03,19,608,0.382,67659.82,12,0,1,8.0,10.454639912202067,11.122262561681893,1.949624294354287,111.28259868421054,1.949624294354287,0.20512820512820512,1.0,1,0,0,1,0,2,Mortgage,Medical,1,0,0.46603469230230143
62,34657.22,22,615,0.363,41637.36,36,1,1,0.5,10.453290205920826,10.636777136746755,1.2014050751906817,67.7030243902439,3.6042152255720454,0.008064516129032258,0.5,1,0,0,1,0,2,Mortgage,Vehicle,0,0,0.4805271259915732
52,91761.51,13,771,0.592,86324.04,84,2,1,12.0,11.42695910539601,11.365874985623275,0.9407434555076524,111.9637354085603,6.585204188553567,0.23076923076923078,0.3333333333333333,1,1,0,1,0,3,Rent,Other,1,0,0.4443763813509107
25,51725.92,9,606,0.306,17665.27,60,2,1,6.0,10.85373362130618,9.779412450783893,0.3415167869416339,29.150610561056105,1.7075839347081696,0.24,0.3333333333333333,0,0,0,1,0,1,Mortgage,Debt Consolidation,0,0,0.4549926823654954
22,45457.77,11,623,0.526,36678.01,60,2,1,10.2,10.724561040287304,10.509959935820772,0.8068589814238579,58.873210272873195,4.03429490711929,0.4636363636363636,0.3333333333333333,1,1,0,1,0,3,Rent,Education,1,1,0.6573163837874334
60,39464.96,9,656,0.105,20175.87,48,1,0,7.1,10.583193807198224,9.912292177814292,0.5112350297580436,30.7558993902439,2.0449401190321743,0.11833333333333333,0.0,0,0,0,0,0,0,Mortgage,Education,0,0,0.2189102885233621
65,36264.54,1,687,0.331,35464.67,36,1,2,9.4,10.498623258076835,10.476320465322956,0.9779434676408414,51.622518195050944,2.933830402922524,0.14461538461538462,1.0,1,0,0,1,0,2,Own,Home Improvement,0,1,0.553432999873988
45,27733.55,23,706,0.125,33346.21,12,2,0,10.9,10.230434207371228,10.414729389673315,1.2023779862296748,47.23259206798867,1.2023779862296748,0.24222222222222223,0.0,1,0,0,0,0,1,Rent,Vehicle,0,0,0.2797517224848663
30,20231.7,5,850,0.601,19283.78,48,0,0,6.8,9.915055386406877,9.867071462747338,0.9531467943870262,22.686799999999998,3.812587177548105,0.22666666666666666,0.0,1,1,0,0,0,2,Mortgage,Vehicle,0,0,0.4427146171115288
23,23138.61,23,646,0.069,34210.32,48,1,0,10.9,10.049301146673054,10.440311862436264,1.4784950349221495,52.957151702786376,5.913980139688598,0.4739130434782609,0.0,1,0,0,0,0,1,Own,Education,0,0,0.20297574510049113
43,57640.79,11,679,0.16,27733.38,36,1,1,12.6,10.962003104454308,10.230428077813656,0.4811415665885218,40.844447717231226,1.4434246997655653,0.2930232558139535,0.5,0,0,0,1,0,1,Own,Debt Consolidation,0,0,0.2986762423202018
44,111826.64,21,738,0.547,26520.16,60,1,1,0.5,11.624714036338943,10.18569818391636,0.23715422371628084,35.93517615176152,1.1857711185814042,0.011363636363636364,0.5,0,1,0,1,0,2,Rent,Vehicle,0,0,0.3686546978455989
53,70303.95,27,697,0.463,95574.98,84,3,1,9.9,11.160597487837693,11.467676812239484,1.3594539140403918,137.12335724533716,9.516177398282743,0.1867924528301887,0.25,1,1,0,1,1,4,Rent,Debt Consolidation,0,0,0.49645778368394794
41,35973.08,10,751,0.264,30376.06,12,2,0,7.5,10.490553958113765,10.32144299727329,0.8444108761329305,40.44748335552597,0.8444108761329305,0.18292682926829268,0.0,1,0,0,0,0,1,Mortgage,Other,0,0,0.2736269785842177
68,18992.43,2,712,0.336,29441.2,36,2,1,11.6,9.851848408875927,10.290184298311665,1.5501544562754739,41.35,4.650463368826422,0.17058823529411765,0.3333333333333333,1,0,0,1,0,2,Mortgage,Other,0,0,0.492258610108181
58,48597.81,19,650,0.786,29885.09,84,4,2,0.5,10.7913543239921,10.305148433740289,0.6149472579114162,45.97706153846154,4.304630805379913,0.008620689655172414,0.4,0,1,0,1,1,3,Rent,Medical,1,1,0.5262789798606622
35,51818.09,22,775,0.046,24662.6,48,0,4,7.6,10.855513893174567,10.113083751464963,0.47594575562318103,31.822709677419354,1.9037830224927241,0.21714285714285714,4.0,0,0,0,1,0,1,Rent,Education,0,0,0.1800186953844513
45,16944.52,26,616,0.05,200000.0,36,2,2,4.2,9.73775877108874,12.206077645517674,11.803226057746103,324.6753246753247,35.40967817323831,0.09333333333333334,0.6666666666666666,1,0,0,1,0,2,Rent,Other,1,0,0.4161872382948038
34,31291.4,31,656,0.206,95451.65,72,2,1,12.5,10.351130535543161,11.466385591995323,3.0504116146928544,145.50556402439022,18.302469688157124,0.36764705882352944,0.3333333333333333,1,0,0,1,0,2,Own,Debt Consolidation,0,0,0.38559170190560527
22,60895.52,10,659,0.137,25836.95,60,1,0,7.3,11.01693130920813,10.159599620384077,0.424283264187579,39.20629742033384,2.121416320937895,0.3318181818181818,0.0,0,0,0,0,0,0,Rent,Vehicle,0,0,0.2682135873357414
27,36667.37,3,599,0.281,6463.19,48,2,3,5.1,10.50966980957292,8.774032993333305,0.17626543709025216,10.789966611018363,0.7050617483610087,0.18888888888888888,1.0,0,0,1,1,0,2,Rent,Debt Consolidation,0,1,0.5359228642772641
38,48801.87,30,748,0.46,110304.35,60,2,1,5.2,10.795544401587321,11.611007708145092,2.2602484290048723,147.46570855614974,11.30124214502436,0.1368421052631579,0.3333333333333333,1,1,0,1,0,3,Rent,Education,0,0,0.46859194515715774
64,15815.56,13,782,0.632,19273.78,48,0,0,6.1,9.668812771406234,9.866552784618014,1.2186593456064787,24.646777493606137,4.874637382425915,0.0953125,0.0,1,1,0,0,0,2,Rent,Education,1,0,0.42325534044944896
40,45128.09,21,651,0.264,46978.34,60,1,2,3.4,10.717282328647,10.757463209582932,1.0409999625510409,72.16334869431643,5.204999812755204,0.08499999999999999,1.0,1,0,0,1,0,2,Rent,Other,0,0,0.4028115692649468
41,58910.79,27,709,0.224,43159.71,48,2,0,9.4,10.983796519387667,10.672685869653817,0.732628267249514,60.87406205923836,2.930513068998056,0.22926829268292684,0.0,0,0,0,0,0,0,Mortgage,Debt Consolidation,0,0,0.24285468066382151
26,36314.76,0,690,0.247,38219.47,60,0,1,5.3,10.50000708581247,10.551126514945237,1.0524500230760165,55.39053623188406,5.262250115380082,0.20384615384615384,1.0,1,0,0,1,0,2,Own,Home Improvement,1,0,0.4063499897105093
65,18687.36,16,571,0.351,16258.79,60,1,1,8.8,9.835656149141041,9.69645046788925,0.8700421033254564,28.47423817863398,4.350210516627282,0.1353846153846154,0.5,1,0,1,1,0,3,Rent,Medical,0,1,0.569623592150982
49,40104.9,25,668,0.454,49360.85,60,0,1,13.6,10.599278734641361,10.806933137617602,1.2307934940618228,73.89348802395209,6.153967470309114,0.27755102040816326,1.0,1,1,0,1,0,3,Own,Medical,0,1,0.5748351753239201
59,74116.44,19,637,0.356,27303.23,36,2,3,2.9,11.21340614121675,10.214796914225252,0.36838291207726653,42.862213500784925,1.1051487362317995,0.04915254237288135,1.0,0,0,0,1,0,1,Mortgage,Medical,0,0,0.40222461177500274
21,19243.76,10,628,0.139,32281.42,84,0,1,5.9,9.864994094868457,10.382278088594914,1.677500654757698,51.403535031847134,11.742504583303887,0.28095238095238095,1.0,1,0,0,1,0,2,Mortgage,Vehicle,0,0,0.239411947583929
40,54422.54,6,776,0.26,57105.89,24,0,0,11.9,10.904552059835716,10.95268005386373,1.0493058574627352,73.59006443298969,2.0986117149254704,0.2975,0.0,1,0,0,0,0,1,Own,Home Improvement,0,0,0.2283302672961851
66,28941.17,12,678,0.311,33391.89,36,0,1,6.2,10.273054980097285,10.416098282052355,1.1537850750332486,49.25057522123894,3.4613552250997457,0.09393939393939395,1.0,1,0,0,1,0,2,Rent,Education,0,0,0.42461735126506656
31,47033.77,34,850,0.701,13632.16,84,1,0,10.2,10.758642394418546,9.52026033934553,0.289837705971688,16.037835294117645,2.028863941801816,0.3290322580645161,0.0,0,1,0,0,0,1,Rent,Home Improvement,0,0,0.2695942189926857
55,39916.48,19,655,0.115,78880.4,12,3,1,6.5,10.59456960218035,11.275700737597717,1.9761361723278201,120.42809160305343,1.9761361723278201,0.11818181818181818,0.25,1,0,0,1,1,3,Rent,Vehicle,0,0,0.4006463728720541
33,84292.97,34,554,0.351,18373.78,60,0,1,6.7,11.342065611182425,9.818734351220247,0.21797523565725585,33.165667870036096,1.0898761782862794,0.20303030303030303,1.0,0,0,1,1,0,2,Rent,Education,1,0,0.38805618944278986
61,32914.01,13,668,0.361,32145.97,24,2,1,13.9,10.401684063714782,10.378073479501186,0.9766652559198955,48.122709580838325,1.953330511839791,0.2278688524590164,0.3333333333333333,1,0,0,1,0,2,Own,Debt Consolidation,0,0,0.4610029079166367
56,21974.57,15,617,0.756,24275.96,36,3,0,12.3,9.997686660783533,10.09728303140371,1.104729694369446,39.34515397082658,3.314189083108338,0.21964285714285717,0.0,1,1,0,0,1,3,Mortgage,Education,1,1,0.5988290037503848
43,44021.57,34,749,0.334,52473.02,36,1,2,10.4,10.692457735929642,10.868073468954654,1.1919842931544695,70.05743658210947,3.575952879463409,0.24186046511627907,1.0,1,0,0,1,0,2,Rent,Home Improvement,0,0,0.2655531089071597
63,25753.18,17,690,0.442,36703.13,36,0,1,14.1,10.156352223014865,10.510644561771125,1.4251882680119503,53.192942028985506,4.2755648040358505,0.2238095238095238,1.0,1,1,0,1,0,3,Rent,Education,0,0,0.49522856865638837
33,19291.16,26,802,0.196,63059.54,36,0,0,10.1,9.86745407474767,11.05185049633546,3.268830904932622,78.627855361596,9.806492714797866,0.30606060606060603,0.0,1,0,0,0,0,1,Mortgage,Debt Consolidation,0,0,0.18336327793783225
49,30921.17,14,758,0.176,14884.73,60,2,2,10.1,10.339228681351328,9.60815831490772,0.4813766749447062,19.636846965699206,2.406883374723531,0.20612244897959184,0.6666666666666666,0,0,0,1,0,1,Own,Vehicle,0,0,0.21693529717500978
30,17608.65,1,676,0.041,49037.3,72,1,0,4.0,9.776202326221759,10.800356904430108,2.784841540947205,72.54038461538462,16.70904924568323,0.13333333333333333,0.0,1,0,0,0,0,1,Mortgage,Vehicle,0,0,0.24709923505176695
53,21485.11,28,732,0.031,76696.74,48,1,1,4.2,9.975161958826154,11.247627521471427,3.5697625006341602,104.77696721311476,14.279050002536641,0.07924528301886793,0.5,1,0,0,1,0,2,Own,Home Improvement,0,0,0.332041059442474
58,46798.78,34,691,0.535,111682.31,36,4,1,6.2,10.753633781039989,11.623422555809144,2.386436355819532,161.62418234442836,7.1593090674585955,0.10689655172413794,0.2,1,1,0,1,1,4,Rent,Debt Consolidation,0,0,0.48785684743099933
32,45181.85,10,850,0.159,17440.85,24,1,0,2.1,10.718472869041767,9.76662776981875,0.38601451689118527,20.51864705882353,0.7720290337823705,0.065625,0.0,0,0,0,0,0,0,Rent,Debt Consolidation,0,0,0.15596126759438958
55,35858.5,3,590,0.079,16874.89,24,0,0,9.5,10.487363803949815,9.733641255090728,0.47059665072437495,28.60150847457627,0.9411933014487499,0.17272727272727273,0.0,0,0,1,0,0,1,Mortgage,Home Improvement,1,0,0.393856552838014
28,54492.04,31,628,0.318,89354.58,48,1,2,15.3,10.905828266074158,11.400378969672843,1.639773075113356,142.28436305732484,6.559092300453424,0.5464285714285715,1.0,1,0,0,1,0,2,Own,Education,0,0,0.44537397957834013
43,183090.36,25,618,0.15,56631.29,48,1,0,6.2,12.117740542219916,10.944334596220685,0.3093078739918366,91.63639158576052,1.2372314959673465,0.14418604651162792,0.0,0,0,0,0,0,0,Own,Debt Consolidation,0,0,0.18448968615769992
65,43657.31,17,637,0.379,61048.02,48,0,0,2.0,10.684148921155028,11.019432426993957,1.3983458898406704,95.8367660910518,5.593383559362682,0.03076923076923077,0.0,1,0,0,0,0,1,Rent,Debt Consolidation,0,0,0.32729241596233616
37,31555.58,2,684,0.21,12483.34,24,2,1,10.6,10.359537404068886,9.43223033788043,0.39559849636736194,18.250497076023393,0.7911969927347239,0.2864864864864865,0.3333333333333333,0,0,0,1,0,1,Rent,Debt Consolidation,1,0,0.38613402563055726
24,26178.55,9,608,0.154,33908.25,36,0,3,8.5,10.172733850622505,10.431443117505584,1.2952684545171524,55.77014802631579,3.8858053635514573,0.3541666666666667,3.0,1,0,0,1,0,2,Mortgage,Vehicle,0,0,0.3342336130218257
47,56587.78,19,650,0.132,43502.71,24,0,2,3.9,10.943566011324926,10.680601500796337,0.768765093806472,66.92724615384616,1.537530187612944,0.08297872340425531,2.0,1,0,0,1,0,2,Rent,Vehicle,0,0,0.285594780342188
29,31316.27,3,643,0.47,56735.56,24,0,1,11.7,10.351924981554713,10.946174079101592,1.8116959650686368,88.23570762052877,3.6233919301372737,0.40344827586206894,1.0,1,1,0,1,0,3,Mortgage,Medical,1,1,0.6129146181515085
25,19956.58,21,623,0.398,92109.82,60,3,2,0.5,9.901364300030021,11.43074769634196,4.615511274977977,147.84882825040128,23.077556374889884,0.02,0.5,1,0,0,1,1,3,Own,Other,0,0,0.4940965153683889
51,16984.4,14,672,0.353,15790.02,60,1,2,8.4,9.740109430508728,9.667196703010076,0.929677822001366,23.497053571428573,4.64838911000683,0.16470588235294117,1.0,1,0,0,1,0,2,Mortgage,Education,0,0,0.3550527296975195
54,44158.57,7,652,0.484,138131.69,60,5,2,11.0,10.695564943584728,11.835970023912548,3.1280834048747503,211.85842024539878,15.640417024373752,0.2037037037037037,0.3333333333333333,1,1,0,1,1,4,Own,Debt Consolidation,0,1,0.717827982399506
24,26022.4,2,705,0.107,56742.68,12,2,2,12.7,10.166751412246455,10.946299563503269,2.180532156910969,80.48607092198581,2.180532156910969,0.5291666666666667,0.6666666666666666,1,0,0,1,0,2,Mortgage,Other,0,0,0.33254299065378984
48,35240.09,8,692,0.286,34877.12,60,1,1,12.8,10.46996801033227,10.459614977487739,0.9897000830588119,50.400462427745666,4.94850041529406,0.26666666666666666,0.5,1,0,0,1,0,2,Mortgage,Home Improvement,0,0,0.4336326915987314
30,30689.67,27,668,0.137,60108.06,72,1,5,13.9,10.331713978590864,11.003915857913928,1.9585762896766241,89.982125748503,11.751457738059745,0.4633333333333333,2.5,1,0,0,1,0,2,Rent,Other,0,0,0.29284325508172265
63,48014.9,7,742,0.564,41826.77,48,1,0,6.4,10.779287485038859,10.641315751994362,0.8711206313040326,56.37030997304582,3.4844825252161304,0.10158730158730159,0.0,1,1,0,0,0,2,Rent,Debt Consolidation,0,1,0.5145169574394526
28,38151.02,10,611,0.46,44163.8,60,1,1,7.3,10.549333984196837,10.695683370696207,1.1576046983802795,72.28117839607202,5.788023491901397,0.26071428571428573,0.5,1,1,0,1,0,3,Mortgage,Home Improvement,0,1,0.7074446097801409
48,82357.62,32,678,0.403,62235.3,36,1,0,8.9,11.318838405294693,11.038693709784441,0.755671424210656,91.7924778761062,2.267014272631968,0.18541666666666667,0.0,1,1,0,0,0,2,Mortgage,Other,0,0,0.3595481076629394
30,38820.35,17,768,0.124,20888.42,24,1,1,1.1,10.566725632007051,9.94699808968456,0.5380791260253964,27.198463541666666,1.0761582520507929,0.03666666666666667,0.5,0,0,0,1,0,1,Rent,Vehicle,0,0,0.20759183908530926
36,42028.85,24,625,0.181,21798.71,60,1,2,7.9,10.646135359113423,9.989651945936405,0.51866063430239,34.877936,2.5933031715119497,0.21944444444444444,1.0,0,0,0,1,0,1,Own,Home Improvement,0,0,0.35639009983542397
64,48385.6,19,623,0.557,17522.3,60,0,2,6.5,10.786978194867922,9.77128670291797,0.3621387354915512,28.125682182985553,1.8106936774577558,0.1015625,2.0,0,1,0,1,0,2,Mortgage,Education,1,0,0.4572343634840176
28,36518.7,21,714,0.195,57632.44,36,1,2,9.4,10.505607119998274,10.961858233782358,1.5781624208966916,80.7177030812325,4.734487262690075,0.33571428571428574,1.0,1,0,0,1,0,2,Mortgage,Medical,0,0,0.3456471357770503
55,15000.0,28,752,0.12,67086.48,36,3,1,9.8,9.61587214452889,11.11375271836691,4.4724319999999995,89.21074468085106,13.417295999999999,0.1781818181818182,0.25,1,0,0,1,1,3,Rent,Home Improvement,0,0,0.33039258126682697
68,15095.03,6,664,0.469,139219.66,60,0,2,7.9,9.62218707432781,11.843815435409596,9.222880643496568,209.66816265060243,46.11440321748284,0.1161764705882353,2.0,1,1,0,1,0,3,Mortgage,Other,1,1,0.576684461997508
31,15636.73,4,686,0.475,30385.93,60,0,0,4.3,9.657441862900415,10.321767860735575,1.9432406903489414,44.29435860058309,9.716203451744708,0.13870967741935483,0.0,1,1,0,0,0,2,Own,Debt Consolidation,0,0,0.49003975734535793
47,24840.67,14,760,0.118,153524.5,72,3,0,15.9,10.120277764061314,11.941621955990863,6.180368725964316,202.00592105263158,37.0822123557859,0.3382978723404255,0.0,1,0,0,0,1,2,Rent,Home Improvement,0,0,0.2200539346013475
43,27013.81,13,490,0.431,16858.48,60,2,3,1.7,10.204140513123692,9.732668388850085,0.6240689484378545,34.40506122448979,3.120344742189273,0.03953488372093023,1.0,0,1,1,1,0,3,Mortgage,Vehicle,1,1,0.5784497260372944
37,28699.97,12,690,0.281,45693.01,72,1,0,11.6,10.264686199085984,10.729722496081518,1.5920926049748485,66.2217536231884,9.552555629849092,0.31351351351351353,0.0,1,0,0,0,0,1,Mortgage,Vehicle,0,0,0.30034792290530854
69,22513.38,34,608,0.219,33500.46,48,1,1,15.5,10.021909495159093,10.419344298953039,1.4880244547908843,55.09944078947368,5.952097819163537,0.2246376811594203,0.5,1,0,0,1,0,2,Mortgage,Debt Consolidation,0,0,0.3418059225879715
43,18629.61,20,643,0.289,30925.37,24,1,0,8.1,9.832561205947412,10.339364497007008,1.6600116695948008,48.0954432348367,3.3200233391896017,0.1883720930232558,0.0,1,0,0,0,0,1,Own,Debt Consolidation,0,0,0.25746537690676147
47,38978.24,5,604,0.509,13527.9,36,2,0,3.3,10.57078447569344,9.512583417046736,0.3470628740548573,22.397185430463576,1.0411886221645719,0.0702127659574468,0.0,0,1,0,0,0,1,Own,Vehicle,1,1,0.5776542533875346
35,44181.15,10,731,0.701,21576.9,72,1,1,7.1,10.696076140344124,9.979424921750747,0.4883734352772619,29.51696306429549,2.9302406116635713,0.20285714285714285,0.5,0,1,0,1,0,2,Mortgage,Medical,1,1,0.5122250453639946
42,112656.27,16,634,0.386,78526.0,48,2,0,4.6,11.632105479952012,11.271197793678173,0.6970406529525609,123.85804416403785,2.7881626118102436,0.10952380952380951,0.0,0,0,0,0,0,0,Mortgage,Home Improvement,1,0,0.33340931668747986
45,107002.99,17,766,0.179,47659.11,36,1,2,5.5,11.580621402468426,10.771850058665176,0.4453997967720341,62.218159268929504,1.3361993903161022,0.12222222222222222,1.0,0,0,0,1,0,1,Rent,Debt Consolidation,0,0,0.14798972894026255
60,40555.84,2,582,0.435,37492.84,60,1,1,13.6,10.610459725959762,10.531931931798589,0.9244745023158194,64.42068728522337,4.622372511579097,0.22666666666666666,0.5,1,1,1,1,0,4,Own,Other,1,1,0.7243475158588725
31,36448.21,29,710,0.331,105649.61,24,1,0,13.4,10.503675063676553,11.567892796808888,2.8986227307184635,148.8022676056338,5.797245461436927,0.432258064516129,0.0,1,0,0,0,0,1,Own,Debt Consolidation,0,0,0.3969241519335789
28,31651.72,5,799,0.639,24834.3,60,0,2,11.5,10.362579363848099,10.120021307194685,0.7846113892072847,31.081727158948684,3.9230569460364233,0.4107142857142857,2.0,1,1,0,1,0,3,Mortgage,Debt Consolidation,1,0,0.48798150962276843
69,15000.0,32,807,0.314,36067.72,72,2,0,15.0,9.61587214452889,10.493181286714,2.4045146666666666,44.69358116480793,14.427088,0.21739130434782608,0.0,1,0,0,0,0,1,Own,Vehicle,0,0,0.2990677973202475
66,47446.94,19,740,0.219,34924.15,84,0,2,16.3,10.767388388975528,10.46096247903362,0.7360674892838189,47.1947972972973,5.152472424986732,0.24696969696969698,2.0,0,0,0,1,0,1,Mortgage,Medical,0,0,0.2822905108745132
28,15000.0,32,728,0.313,42017.88,48,3,1,3.2,9.61587214452889,10.64587432006947,2.801192,57.716868131868125,11.204768,0.1142857142857143,0.25,1,0,0,1,1,3,Rent,Other,0,0,0.37064428337259997
68,50271.3,30,775,0.101,61742.51,48,1,2,8.5,10.825209508574144,11.030744147752129,1.2281860624252805,79.66775483870968,4.912744249701122,0.125,1.0,1,0,0,1,0,2,Mortgage,Vehicle,0,0,0.22064310011416513
48,33595.11,13,802,0.085,39658.08,60,2,2,3.2,10.422165565439467,10.588075204628732,1.1804718008067245,49.448977556109725,5.902359004033623,0.06666666666666667,0.6666666666666666,1,0,0,1,0,2,Mortgage,Education,0,0,0.23228037656727968
59,15000.0,29,665,0.097,60961.64,84,2,0,2.1,9.61587214452889,11.018016496509418,4.064109333333334,91.67163909774436,28.448765333333334,0.03559322033898305,0.0,1,0,0,0,0,1,Mortgage,Home Improvement,0,0,0.30281656155233083
64,34682.4,32,850,0.254,21508.82,36,2,0,14.5,10.454016465304635,9.976264854025926,0.620165271146172,25.30449411764706,1.860495813438516,0.2265625,0.0,0,0,0,0,0,0,Mortgage,Education,0,0,0.12286441102507221
23,44379.47,10,793,0.172,35671.03,84,1,2,12.1,10.700554786786524,10.482122187302698,0.8037732311809942,44.98238335435057,5.62641261826696,0.5260869565217391,1.0,1,0,0,1,0,2,Rent,Education,0,0,0.23176929730001433
53,15966.89,12,649,0.201,30115.51,36,3,0,5.9,9.678335109749963,10.312828805346482,1.8861224696857057,46.402942989214175,5.658367409057117,0.11132075471698114,0.0,1,0,0,0,1,2,Rent,Vehicle,0,0,0.4568949562071996
44,35683.13,32,668,0.181,11505.91,72,2,1,13.0,10.482461331116378,9.350703003466723,0.3224467696639841,17.22441616766467,1.9346806179839047,0.29545454545454547,0.3333333333333333,0,0,0,1,0,1,Mortgage,Vehicle,0,0,0.22835947447685656
55,40285.08,11,652,0.525,21112.77,60,1,1,8.8,10.603761278837917,9.957680713244121,0.5240841026007643,32.3815490797546,2.620420513003822,0.16,0.5,0,1,0,1,0,2,Mortgage,Home Improvement,0,1,0.5725497919541681
62,27929.73,11,754,0.43,75649.7,84,2,0,3.5,10.23748279536816,11.23388197231315,2.7085725497525397,100.3311671087533,18.96000784826778,0.056451612903225805,0.0,1,1,0,0,0,2,Own,Home Improvement,0,0,0.4623172287330847
49,30522.83,11,804,0.28,7866.21,24,3,0,0.5,10.326262969005992,8.970458767757131,0.25771561811273724,9.78384328358209,0.5154312362254745,0.01020408163265306,0.0,0,0,0,0,1,1,Mortgage,Medical,0,0,0.2813218878518727
36,40935.01,20,702,0.161,90405.59,72,1,0,2.9,10.619765394768658,11.41207244195341,2.2085151560974334,128.78289173789173,13.2510909365846,0.08055555555555555,0.0,1,0,0,0,0,1,Mortgage,Debt Consolidation,1,0,0.22016739774747965
21,39851.59,14,612,0.048,24518.1,72,2,1,2.1,10.592942675832834,10.107207684645681,0.615235176312915,40.062254901960785,3.69141105787749,0.1,0.3333333333333333,0,0,0,1,0,1,Rent,Vehicle,1,0,0.30699125058551724
53,30392.67,12,521,0.279,21450.85,36,1,0,5.9,10.32198964202854,9.973566167723344,0.7057902448188987,41.17245681381957,2.117370734456696,0.11132075471698114,0.0,0,0,1,0,0,1,Mortgage,Medical,1,1,0.5211651689744607
64,15000.0,10,697,0.196,15190.21,60,2,1,3.2,9.61587214452889,9.628472250086833,1.0126806666666666,21.793701578192252,5.063403333333333,0.05,0.3333333333333333,1,0,0,1,0,2,Own,Home Improvement,0,0,0.3336764710526768
31,28387.41,28,691,0.219,11404.89,24,2,1,0.5,10.253736242262855,9.341885167622987,0.4017587374121133,16.50490593342981,0.8035174748242266,0.016129032258064516,0.3333333333333333,0,0,0,1,0,1,Mortgage,Other,1,0,0.3553493098443417
45,23684.17,31,749,0.263,30425.84,48,1,0,7.3,10.07260439287062,10.323080392608851,1.2846487759545724,40.62194926568758,5.1385951038182895,0.1622222222222222,0.0,1,0,0,0,0,1,Mortgage,Home Improvement,0,0,0.19065580730475018
35,29799.22,19,686,0.294,28658.66,60,1,1,6.5,10.30227105501658,10.263245838087789,0.9617251726723048,41.776472303206994,4.808625863361524,0.18571428571428572,0.5,1,0,0,1,0,2,Rent,Debt Consolidation,0,0,0.3263006084623822
42,54790.66,5,690,0.536,45851.68,60,2,2,4.6,10.911293271573046,10.733188927448582,0.8368521204161439,66.45171014492753,4.18426060208072,0.10952380952380951,0.6666666666666666,1,1,0,1,0,3,Mortgage,Debt Consolidation,0,1,0.667279793169232
32,37255.82,7,600,0.28,22186.51,60,2,2,12.0,10.525590294297603,10.007284796921896,0.5955179620257989,36.977516666666666,2.977589810128994,0.375,0.6666666666666666,0,0,0,1,0,1,Mortgage,Medical,0,1,0.5361102214952989
58,19661.12,28,716,0.051,106885.83,72,0,2,8.1,9.886449221051365,11.579525890171848,5.4364059626308165,149.28188547486033,32.6184357757849,0.1396551724137931,2.0,1,0,0,1,0,2,Mortgage,Home Improvement,0,0,0.333306532331205
68,39826.44,31,667,0.136,13387.61,60,1,0,11.3,10.592311400949148,9.502159624484165,0.33614879964164507,20.071379310344827,1.6807439982082253,0.16617647058823531,0.0,0,0,0,0,0,0,Rent,Vehicle,0,0,0.19569226064179743
67,23291.2,17,580,0.655,24787.3,60,2,1,0.5,10.055873819559334,10.118127046639067,1.0642345606924504,42.736724137931034,5.321172803462252,0.007462686567164179,0.3333333333333333,1,1,1,1,0,4,Rent,Medical,1,0,0.473120094375325
58,23695.04,27,671,0.393,38613.58,60,1,0,7.7,10.07306322455477,10.561385204341857,1.6296060272529609,57.54631892697467,8.148030136264804,0.1327586206896552,0.0,1,0,0,0,0,1,Rent,Home Improvement,0,0,0.3348291972780273
22,17107.31,1,663,0.031,17086.46,60,2,2,16.5,9.747319589360325,9.746100140136999,0.998781222763836,25.771432880844646,4.99390611381918,0.75,0.6666666666666666,1,0,0,1,0,2,Own,Debt Consolidation,0,0,0.3695816119424508
62,49257.7,24,717,0.289,74759.65,24,3,1,10.4,10.804841280745698,11.222046956020733,1.5177251475403846,104.26729428172942,3.035450295080769,0.16774193548387098,0.25,1,0,0,1,1,3,Mortgage,Home Improvement,1,0,0.39397866444700175
69,38702.1,26,747,0.53,44270.02,60,3,0,15.2,10.563674979168944,10.698085565894463,1.1438660951214532,59.26374832663989,5.719330475607266,0.22028985507246376,0.0,1,1,0,0,1,3,Own,Vehicle,0,0,0.46377924004235827
39,15000.0,14,611,0.396,92449.46,36,2,1,4.2,9.61587214452889,11.434428212465413,6.163297333333333,151.30844517184943,18.489892,0.1076923076923077,0.3333333333333333,1,0,0,1,0,2,Mortgage,Home Improvement,0,0,0.3995495180096805
69,57604.22,13,735,0.454,28396.77,60,0,3,7.0,10.961368467577785,10.254065899939592,0.49296336275363156,38.635061224489796,2.4648168137681576,0.10144927536231885,3.0,0,1,0,1,0,2,Rent,Education,0,0,0.31967383570525676
68,31812.04,3,824,0.214,21382.21,72,1,3,0.5,10.36763154760854,9.97036131362716,0.672142056906756,25.949283980582525,4.032852341440536,0.007352941176470588,1.5,0,0,0,1,0,1,Mortgage,Vehicle,0,0,0.1893723763513152
58,34943.99,30,581,0.21,47662.08,60,2,0,0.5,10.461530389747216,10.77191237298766,1.3639564342824047,82.03456110154906,6.819782171412023,0.008620689655172414,0.0,1,0,1,0,0,2,Mortgage,Medical,0,0,0.3915843961049182
48,25491.61,34,658,0.77,86743.0,48,2,0,15.7,10.146143885223678,11.370716531152018,3.4028058643608623,131.82826747720364,13.61122345744345,0.32708333333333334,0.0,1,1,0,0,0,2,Mortgage,Debt Consolidation,0,1,0.5020073227227174
55,62011.86,15,795,0.441,65397.17,84,3,3,8.1,11.035097061873648,11.08824955540242,1.0545913314001547,82.26059119496855,7.382139319801083,0.14727272727272728,0.75,1,1,0,1,1,4,Rent,Debt Consolidation,0,0,0.39577967857881735
40,38669.97,4,725,0.502,24865.24,60,0,2,8.2,10.562844468331223,10.121266339199595,0.6430116185763786,34.29688275862069,3.215058092881893,0.205,2.0,0,1,0,1,0,2,Mortgage,Debt Consolidation,0,1,0.5030113849979783
53,25463.79,13,735,0.6,53726.96,60,1,3,15.6,10.145051992671704,10.891688815386221,2.109935716560653,73.09790476190476,10.549678582803265,0.2943396226415094,1.5,1,1,0,1,0,3,Rent,Education,0,1,0.5878387929308397
67,33954.94,32,714,0.462,49179.83,12,2,1,6.8,10.43281908086372,10.803259192406951,1.4483851245209092,68.87931372549019,1.4483851245209092,0.10149253731343283,0.3333333333333333,1,1,0,1,0,3,Mortgage,Home Improvement,0,0,0.45565038128365054
61,73588.79,0,657,0.172,72077.67,36,1,1,17.1,11.20626157226798,11.185513440391674,0.9794653506328885,109.7072602739726,2.938396051898666,0.28032786885245903,0.5,1,0,0,1,0,2,Mortgage,Home Improvement,1,0,0.3244459735660311
22,21542.9,33,649,0.673,11919.22,60,1,1,8.2,9.97784799281709,9.385991396824863,0.5532783422844649,18.365516178736517,2.7663917114223247,0.3727272727272727,0.5,0,1,0,1,0,2,Rent,Home Improvement,0,0,0.4908573323601986
46,57473.47,22,712,0.582,20169.85,60,3,3,9.0,10.959096128188255,9.911993771855062,0.3509419215509347,28.328441011235952,1.7547096077546733,0.1956521739130435,0.75,0,1,0,1,1,3,Rent,Debt Consolidation,1,1,0.5541895413271144
34,41845.78,0,622,0.373,52797.13,24,2,0,18.5,10.64177013149989,10.874231052400502,1.261707393194726,84.88284565916398,2.523414786389452,0.5441176470588235,0.0,1,0,0,0,0,1,Mortgage,Debt Consolidation,0,0,0.47746020372843406
35,62920.97,0,682,0.448,50276.98,24,1,1,4.5,11.04965066628157,10.825322486877257,0.7990496650003965,73.71991202346041,1.598099330000793,0.12857142857142856,0.5,1,1,0,1,0,3,Own,Vehicle,0,1,0.5819665198426489
55,59767.81,19,617,0.305,125585.21,72,4,3,0.5,10.998239231966428,11.740747733994914,2.1012181975548376,203.54166936790924,12.607309185329026,0.00909090909090909,0.6,1,0,0,1,1,3,Rent,Vehicle,0,1,0.5057672503189086
43,43331.13,22,613,0.138,13394.99,36,0,3,4.5,10.676649671153267,9.502710687422326,0.30913087196202826,21.85153344208809,0.9273926158860848,0.10465116279069768,3.0,0,0,0,1,0,1,Own,Debt Consolidation,0,0,0.3043507941056999
54,25887.59,0,617,0.038,27632.01,48,1,1,6.2,10.161557610080596,10.22676635154243,1.067384410831599,44.78445705024311,4.269537643326396,0.11481481481481481,0.5,1,0,0,1,0,2,Mortgage,Medical,0,0,0.3081612635776928
46,29728.45,0,622,0.172,56595.34,36,1,1,9.6,10.2998934159892,10.943699597789493,1.9037433838629325,90.9892926045016,5.711230151588797,0.20869565217391303,0.5,1,0,0,1,0,2,Rent,Education,1,1,0.5083065997828008
31,25439.8,28,657,0.316,21101.38,60,2,2,11.6,10.144109463500508,9.957141109311674,0.8294632819440405,32.11777777777778,4.147316409720203,0.3741935483870968,0.6666666666666666,1,0,0,1,0,2,Mortgage,Medical,0,0,0.35003156747593067
52,27631.88,23,784,0.149,53400.31,60,0,2,13.9,10.22676164701311,10.885590556482592,1.93256159190037,68.11264030612244,9.66280795950185,0.2673076923076923,2.0,1,0,0,1,0,2,Own,Debt Consolidation,1,0,0.19995715438952294
34,28439.01,7,694,0.094,37588.43,48,2,0,3.2,10.255552235534555,10.534478172835913,1.321720763134863,54.16200288184438,5.286883052539452,0.09411764705882353,0.0,1,0,0,0,0,1,Rent,Home Improvement,0,0,0.2674477441056748
50,71622.2,11,545,0.538,58438.43,24,1,1,5.8,11.179174322811201,10.97574611222364,0.8159262072374208,107.22647706422019,1.6318524144748416,0.11599999999999999,0.5,1,1,1,1,0,4,Own,Debt Consolidation,1,1,0.6583657541518962
35,25890.89,26,754,0.48,15293.74,36,1,2,6.0,10.161685071239877,9.635264257421232,0.590699663086128,20.283474801061008,1.7720989892583838,0.17142857142857143,1.0,0,1,0,1,0,2,Mortgage,Vehicle,0,0,0.4343641663145193
24,73692.44,27,637,0.086,14641.3,60,1,3,15.5,11.207669064717884,9.591669879000925,0.1986811672947727,22.984772370486656,0.9934058364738635,0.6458333333333334,1.5,0,0,0,1,0,1,Rent,Vehicle,0,0,0.24681805493094217
32,38027.44,25,710,0.297,38599.72,60,0,2,9.5,10.54608957983378,10.5610262081287,1.0150491329418967,54.36580281690141,5.075245664709484,0.296875,2.0,1,0,0,1,0,2,Mortgage,Education,0,0,0.32160837004114273
23,20673.24,3,641,0.334,19747.49,60,0,3,8.2,9.936643759845028,9.890832311710179,0.9552198881259057,30.80731669266771,4.776099440629529,0.3565217391304348,3.0,1,0,0,1,0,2,Mortgage,Medical,1,0,0.41074865228248725
51,24238.01,27,781,0.384,12034.05,48,0,1,3.5,10.095718597765051,9.395578504757774,0.4964949680274907,15.408514724711907,1.9859798721099629,0.06862745098039216,1.0,0,0,0,1,0,1,Own,Debt Consolidation,0,0,0.26985309872511587
43,17593.06,9,569,0.15,73231.24,60,0,1,9.6,9.7753166240603,11.201391040143898,4.162507261386024,128.70165202108964,20.81253630693012,0.22325581395348837,1.0,1,0,1,1,0,3,Mortgage,Other,1,0,0.40310216701640317
61,51539.77,15,699,0.2,39325.51,60,3,0,7.0,10.850128423947298,10.579654125154967,0.7630129121647226,56.25967095851216,3.815064560823613,0.11475409836065574,0.0,1,0,0,0,1,2,Own,Debt Consolidation,0,0,0.36700881435571814
38,30403.48,11,564,0.299,31064.17,48,0,1,5.5,10.322345244957706,10.343842534879409,1.02173073608679,55.078315602836874,4.08692294434716,0.14473684210526316,1.0,1,0,1,1,0,3,Rent,Debt Consolidation,1,1,0.6248129730725468
60,22149.86,0,773,0.124,62906.92,36,1,2,8.2,10.005631600904666,11.049427348911454,2.8400594857032955,81.38023285899094,8.520178457109886,0.13666666666666666,1.0,1,0,0,1,0,2,Rent,Other,0,0,0.3850683499519399
60,30739.03,1,628,0.228,35397.59,48,2,3,3.3,10.33332099301924,10.474427267820136,1.151551952029716,56.36558917197452,4.606207808118864,0.055,1.0,1,0,0,1,0,2,Rent,Debt Consolidation,0,1,0.548229615592369
66,64968.09,3,729,0.253,12245.79,60,0,1,7.9,11.081666897311964,9.413019140817854,0.18848930297935496,16.7980658436214,0.9424465148967748,0.1196969696969697,1.0,0,0,0,1,0,1,Mortgage,Debt Consolidation,0,0,0.21981179539649787
43,80201.11,29,600,0.348,34534.72,36,2,0,0.5,11.292305102735456,10.4497494297204,0.43060152159988807,57.55786666666667,1.2918045647996643,0.011627906976744186,0.0,0,0,0,0,0,0,Own,Vehicle,0,0,0.3862598665052324
55,24398.12,20,677,0.423,16198.19,36,4,1,10.0,10.102302345057144,9.692716519970434,0.6639113997307989,23.92642540620384,1.991734199192397,0.18181818181818182,0.2,0,1,0,1,1,3,Mortgage,Home Improvement,0,1,0.5147359704354888
45,32998.99,10,716,0.131,15445.6,60,0,1,6.8,10.40426253741827,9.645144193383178,0.46806281040722764,21.572067039106145,2.3403140520361383,0.1511111111111111,1.0,0,0,0,1,0,1,Mortgage,Vehicle,0,0,0.24370390947057113
60,29949.5,22,665,0.321,30857.97,36,1,0,10.6,10.307301297895062,10.337182748820933,1.0303333945474884,46.40296240601504,3.091000183642465,0.17666666666666667,0.0,1,0,0,0,0,1,Own,Vehicle,0,0,0.26672523052363545
61,87369.46,15,751,0.502,14295.78,48,2,0,7.9,11.377912518243372,9.567789616067166,0.16362445183934982,19.035659121171772,0.6544978073573993,0.12950819672131147,0.0,0,1,0,0,0,1,Mortgage,Home Improvement,0,0,0.30892190888825305
55,23099.68,30,670,0.069,11384.82,36,2,2,13.5,10.047617333306055,9.340124000497957,0.492856178094242,16.99226865671642,1.478568534282726,0.24545454545454545,0.6666666666666666,0,0,0,1,0,1,Own,Education,0,0,0.27421682061571584
40,50392.91,21,741,0.505,15482.2,36,3,1,11.6,10.827625613425191,9.647510844126678,0.30722972735648724,20.89365721997301,0.9216891820694617,0.29,0.25,0,1,0,1,1,3,Mortgage,Debt Consolidation,0,0,0.42830164096016393
41,19729.73,3,682,0.254,175925.96,36,2,1,13.2,9.889932597825354,12.077824187883957,8.916795110728835,257.95595307917887,26.750385332186504,0.32195121951219513,0.3333333333333333,1,0,0,1,0,2,Mortgage,Education,0,1,0.510715112574784
28,124958.54,21,644,0.377,25114.54,48,3,2,14.0,11.735745283888761,10.131242057047963,0.20098298203548154,38.99773291925466,0.8039319281419262,0.5,0.5,0,0,0,1,1,2,Rent,Debt Consolidation,0,0,0.40805920811564944
24,24490.48,31,555,0.295,42636.7,60,2,3,5.1,10.10608058094995,10.660494117422438,1.740949952797985,76.82288288288288,8.704749763989925,0.2125,1.0,1,0,1,1,0,3,Mortgage,Vehicle,1,0,0.47537974509642417
44,51834.97,27,672,0.608,98281.97,36,2,3,8.8,10.855839588806777,11.495606045958727,1.8960553078356175,146.25293154761906,5.688165923506853,0.2,1.0,1,1,0,1,0,3,Mortgage,Home Improvement,0,1,0.5213359993266236
25,48882.5,5,767,0.421,89163.97,60,6,1,6.0,10.797195195210024,11.39824352843167,1.8240468470311462,116.25028683181226,9.120234235155731,0.24,0.14285714285714285,1,1,0,1,1,4,Mortgage,Debt Consolidation,1,0,0.4749596616257797
35,22948.76,13,667,0.475,74830.13,72,1,0,8.3,10.041062757917672,11.222989253855749,3.260748293153966,112.18910044977513,19.564489758923795,0.23714285714285716,0.0,1,1,0,0,0,2,Rent,Home Improvement,0,1,0.5322492519325134
35,30474.23,33,595,0.432,29188.87,36,3,0,10.5,10.324669501490805,10.28157701025825,0.9578214117305015,49.0569243697479,2.8734642351915047,0.3,0.0,1,1,1,0,1,4,Rent,Home Improvement,1,1,0.5278337994887852
63,44948.57,29,659,0.128,45753.4,36,5,2,11.7,10.713296473669361,10.73104324094255,1.0179055751940496,69.42852807283764,3.0537167255821487,0.1857142857142857,0.3333333333333333,1,0,0,1,1,3,Rent,Home Improvement,0,0,0.3560964627942775
68,25767.95,5,663,0.297,105193.66,12,3,0,0.7,10.156925557763921,11.563567817541117,4.082344928486744,158.66313725490195,4.082344928486744,0.010294117647058823,0.0,1,0,0,0,1,2,Mortgage,Vehicle,1,0,0.45535855122867325
32,38004.3,23,692,0.215,42319.42,72,2,1,4.6,10.545480902667183,10.653024990868568,1.1135429411934965,61.15523121387283,6.6812576471609795,0.14375,0.3333333333333333,1,0,0,1,0,2,Rent,Debt Consolidation,0,0,0.33699513124980496
42,19794.36,7,626,0.491,167629.57,60,1,1,11.3,9.89320284578557,12.029517848965542,8.46855215323961,267.7788658146965,42.342760766198055,0.2690476190476191,0.5,1,1,0,1,0,3,Own,Vehicle,1,1,0.5713778198969593
22,15001.31,10,725,0.386,33358.45,36,0,1,9.3,9.615959468227564,10.415096369526223,2.223702463318203,46.01165517241379,6.67110738995461,0.4227272727272728,1.0,1,0,0,1,0,2,Rent,Home Improvement,1,0,0.3006919319410718
65,56090.9,21,680,0.175,44382.61,60,0,2,3.4,10.934746696059529,10.7006255361257,0.7912622190052219,65.26854411764705,3.956311095026109,0.052307692307692305,2.0,1,0,0,1,0,2,Own,Education,0,0,0.29233177760608914
66,15874.6,16,633,0.259,45135.37,36,1,2,7.9,9.67253861832226,10.717443630655893,2.8432445541934914,71.30390205371249,8.529733662580474,0.1196969696969697,1.0,1,0,0,1,0,2,Own,Debt Consolidation,0,0,0.48907955104586537
41,33468.95,10,787,0.582,18459.19,36,3,2,5.9,10.418403300329144,9.823371800528253,0.551531792900584,23.4551334180432,1.6545953787017518,0.14390243902439026,0.5,0,1,0,1,1,3,Mortgage,Home Improvement,0,1,0.5532322379381568
29,29638.06,22,694,0.122,54276.42,60,2,0,9.6,10.296848365006992,10.90186358150007,1.8313081220565717,78.20809798270894,9.156540610282859,0.3310344827586207,0.0,1,0,0,0,0,1,Mortgage,Medical,0,0,0.25672378905110754
49,19356.06,15,629,0.118,46076.39,24,2,1,7.8,9.870812489794615,10.738077653140632,2.380463276100611,73.25340222575517,4.760926552201222,0.15918367346938775,0.3333333333333333,1,0,0,1,0,2,Mortgage,Education,0,0,0.4565542311402784
65,18643.88,21,674,0.26,126550.56,36,0,1,13.1,9.833326856550375,11.748405093040713,6.7877802260044575,187.76047477744808,20.363340678013373,0.20153846153846153,1.0,1,0,0,1,0,2,Rent,Other,1,0,0.4091100385006526
43,90256.37,12,631,0.481,27545.56,36,0,1,11.3,11.410420534910825,10.22363294290107,0.3051924202136647,43.65381933438986,0.9155772606409942,0.2627906976744186,1.0,0,1,0,1,0,2,Own,Vehicle,1,0,0.4438243708179713
45,28603.19,29,564,0.374,37116.33,36,2,2,6.8,10.261308489573858,10.52183925543382,1.2976290406769315,65.80909574468086,3.8928871220307943,0.1511111111111111,0.6666666666666666,1,0,1,1,0,3,Rent,Vehicle,1,0,0.4897454070924472
26,25643.96,18,628,0.235,68711.08,36,0,2,10.1,10.152102340063914,11.137680299725275,2.6794254865473195,109.41254777070064,8.038276459641958,0.38846153846153847,2.0,1,0,0,1,0,2,Own,Other,0,0,0.4366804244933285
30,25405.77,12,703,0.268,61466.99,12,1,1,4.4,10.14277095292544,11.026271830488934,2.419410629947449,87.43526315789474,2.419410629947449,0.14666666666666667,0.5,1,0,0,1,0,2,Own,Home Improvement,1,0,0.3960682526877492
50,94931.72,30,685,0.118,112825.26,24,0,1,8.5,11.46092370915682,11.63360439237049,1.1884885262797302,164.70840875912407,2.3769770525594605,0.17,1.0,1,0,0,1,0,2,Rent,Other,0,0,0.2073665794972602
28,64992.14,19,691,0.32,42219.04,36,2,1,4.9,11.08203700484666,10.650650268820147,0.6496022442098384,61.098465991316935,1.948806732629515,0.17500000000000002,0.3333333333333333,0,0,0,1,0,1,Mortgage,Education,1,0,0.3336038886481317
57,47600.21,29,723,0.437,26488.26,60,1,1,12.3,10.770613460064492,10.184494646806087,0.5564735953896002,36.63659751037344,2.782367976948001,0.21578947368421053,0.5,0,1,0,1,0,2,Mortgage,Debt Consolidation,0,0,0.3098042925187871
38,42043.44,9,794,0.39,27924.44,24,0,1,7.4,10.64648243311539,10.23729338030387,0.6641806664725817,35.16931989924433,1.3283613329451633,0.19473684210526318,1.0,0,0,0,1,0,1,Own,Debt Consolidation,0,0,0.2621430395295157
30,38234.78,24,817,0.565,36670.96,60,0,0,11.2,10.55152700542717,10.50976770932338,0.9590995423538464,44.88489596083231,4.795497711769232,0.3733333333333333,0.0,1,1,0,0,0,2,Rent,Debt Consolidation,0,0,0.3274990193918058
28,16680.38,2,739,0.561,17781.14,72,1,0,5.2,9.722048406303434,9.785949861780223,1.0659913023564211,24.061082543978348,6.395947814138527,0.18571428571428572,0.0,1,1,0,0,0,2,Mortgage,Education,0,1,0.5106045381152579
36,31386.84,27,688,0.161,81201.67,48,0,2,5.2,10.354175835744885,11.304703407382574,2.587124731256794,118.02568313953488,10.348498925027176,0.14444444444444446,2.0,1,0,0,1,0,2,Mortgage,Vehicle,0,0,0.338673508102171
39,30335.99,8,786,0.38,106709.69,60,3,0,1.3,10.320123039015925,11.577876619712843,3.5175937887637754,135.76296437659033,17.587968943818876,0.03333333333333333,0.0,1,0,0,0,1,2,Rent,Debt Consolidation,0,0,0.41271618948133404
55,20453.5,16,635,0.146,71363.87,60,2,3,13.4,9.925958186163495,11.175561010440967,3.489078641797247,112.38404724409448,17.445393208986236,0.24363636363636365,1.0,1,0,0,1,0,2,Own,Home Improvement,0,0,0.4320504166584965
52,62609.96,15,680,0.415,82320.65,36,4,1,3.9,11.044695621635702,11.318389414038837,1.3148171632756194,121.0597794117647,3.944451489826858,0.075,0.2,1,1,0,1,1,4,Rent,Home Improvement,0,1,0.598377466116465
68,49897.69,11,561,0.322,49019.97,60,1,0,10.8,10.817750028889996,10.800003444728024,0.9824096065368958,87.3796256684492,4.912048032684479,0.15882352941176472,0.0,1,0,1,0,0,2,Own,Medical,1,0,0.49577764638011684
26,103566.48,30,697,0.288,42098.01,36,2,2,17.9,11.547978659916824,10.64777950395455,0.40648296630338315,60.39886657101865,1.2194488989101495,0.6884615384615385,0.6666666666666666,0,0,0,1,0,1,Mortgage,Medical,0,0,0.31439865845037934
44,49012.23,28,547,0.036,22012.67,36,0,1,5.0,10.799845540649324,9.999418903010364,0.4491260650658009,40.242541133455205,1.3473781951974027,0.11363636363636363,1.0,0,0,1,1,0,2,Mortgage,Medical,0,0,0.46201175278216106
61,32022.57,25,711,0.317,39290.54,24,0,2,8.8,10.374227473152834,10.578764507508476,1.2269639819664693,55.26095639943741,2.4539279639329385,0.14426229508196722,2.0,1,0,0,1,0,2,Own,Debt Consolidation,0,0,0.3318272121176808
40,53251.58,26,736,0.635,48652.44,60,1,3,8.9,10.8828015331022,10.792477794261345,0.9136337363135516,66.10385869565218,4.568168681567758,0.2225,1.5,1,1,0,1,0,3,Rent,Home Improvement,0,1,0.5394107975500553
52,16263.56,33,784,0.259,29995.71,60,1,1,3.2,9.696743786589497,10.308842987963796,1.844350806342523,38.25983418367347,9.221754031712614,0.06153846153846154,0.5,1,0,0,1,0,2,Mortgage,Education,0,0,0.1874029460437123
57,60103.54,12,813,0.289,34301.84,24,3,0,7.2,11.00384065843563,10.442983428560217,0.570712473840975,42.19168511685116,1.14142494768195,0.12631578947368421,0.0,0,0,0,0,1,1,Mortgage,Home Improvement,0,0,0.26892495445848624
48,18853.56,23,709,0.24,10422.99,48,2,1,10.2,9.84451007343502,9.251865159479586,0.5528393576597734,14.700973201692525,2.2113574306390937,0.2125,0.3333333333333333,0,0,0,1,0,1,Rent,Other,0,0,0.3683653911099335
52,44560.14,1,657,0.326,96962.24,72,1,2,8.6,10.704617457756859,11.482087216586429,2.1759859820907206,147.58331811263318,13.055915892544323,0.16538461538461538,1.0,1,0,0,1,0,2,Rent,Debt Consolidation,0,1,0.5847762717279151
46,53666.26,19,644,0.154,41376.03,12,0,0,9.7,10.890558411137995,10.630481174919902,0.7709877677333952,64.24849378881987,0.7709877677333952,0.21086956521739128,0.0,1,0,0,0,0,1,Own,Home Improvement,1,0,0.3242592168498234
56,35049.59,28,658,0.814,25094.11,12,0,2,1.8,10.464547725416638,10.130428285422722,0.715960158164475,38.1369452887538,0.715960158164475,0.03214285714285715,2.0,0,1,0,1,0,2,Mortgage,Debt Consolidation,1,0,0.48935681869660397
36,37446.88,26,723,0.352,15549.03,60,1,2,12.9,10.530705378531277,9.651817846865969,0.4152289856992092,21.506265560165975,2.076144928496046,0.35833333333333334,1.0,0,0,0,1,0,1,Own,Debt Consolidation,0,0,0.23984517853977663
34,47533.7,22,685,0.263,19499.86,60,2,0,8.1,10.769215249634055,9.878213846143451,0.4102323193860356,28.46694890510949,2.051161596930178,0.23823529411764705,0.0,0,0,0,0,0,0,Own,Home Improvement,0,0,0.25752685474774806
27,18381.52,21,684,0.149,14537.32,48,0,0,13.4,9.819155492061082,9.584543201083118,0.7908660437221731,21.253391812865498,3.1634641748886922,0.4962962962962963,0.0,1,0,0,0,0,1,Own,Debt Consolidation,0,0,0.28057501749006264
61,36663.37,32,725,0.263,31327.27,36,2,2,12.2,10.509560717781069,10.352276163781351,0.8544569143534814,43.2100275862069,2.563370743060444,0.19999999999999998,0.6666666666666666,1,0,0,1,0,2,Rent,Vehicle,0,0,0.33305607983823593
40,19863.41,6,685,0.253,93238.09,48,2,2,1.1,9.896684967329403,11.442922333342306,4.693961912884041,136.114,18.775847651536164,0.027500000000000004,0.6666666666666666,1,0,0,1,0,2,Own,Debt Consolidation,0,0,0.39171396489905275
68,69506.24,7,728,0.726,185107.42,60,1,0,16.0,11.14918619878916,12.128696986451905,2.663177003963961,254.2684340659341,13.315885019819804,0.23529411764705882,0.0,1,1,0,0,0,2,Rent,Debt Consolidation,1,1,0.5502762319700563
60,29994.59,3,731,0.181,43245.05,60,1,3,9.7,10.308805649838733,10.674661178709465,1.4417616643534719,59.15875512995896,7.208808321767359,0.16166666666666665,1.5,1,0,0,1,0,2,Rent,Vehicle,0,0,0.4112436724755614
36,45435.11,31,648,0.166,51103.09,84,1,1,6.6,10.724062442336145,10.841619812127778,1.1247489001347195,78.86279320987654,7.873242300943037,0.18333333333333332,0.5,1,0,0,1,0,2,Rent,Home Improvement,1,0,0.33470528610067024
55,60014.18,1,689,0.371,34549.59,36,1,3,0.5,11.002352809205135,10.450179905750446,0.5756904451581276,50.14454281567489,1.727071335474383,0.00909090909090909,1.5,0,0,0,1,0,1,Mortgage,Home Improvement,1,0,0.47618561193640896
56,22462.78,30,539,0.31,42235.08,72,2,2,6.8,10.019659513330287,10.651030111043372,1.8802249766057453,78.35821892393321,11.28134985963447,0.12142857142857143,0.6666666666666666,1,0,1,1,0,3,Rent,Home Improvement,1,0,0.4678899655830951
61,40922.17,23,697,0.116,35493.3,36,5,1,6.2,10.619451685295749,10.477127399191547,0.8673367028190344,50.92295552367289,2.6020101084571032,0.10163934426229508,0.16666666666666666,1,0,0,1,1,3,Mortgage,Debt Consolidation,0,0,0.32499475296999997
69,27925.3,16,760,0.113,47142.86,36,0,1,10.6,10.237324176121513,10.76095905688836,1.688177387530304,62.03007894736842,5.064532162590912,0.15362318840579708,1.0,1,0,0,1,0,2,Mortgage,Debt Consolidation,0,0,0.28897208530069285
53,52262.67,19,748,0.25,36803.49,24,3,0,6.5,10.864056762402994,10.513375127583867,0.7042022537310091,49.202526737967915,1.4084045074620182,0.12264150943396226,0.0,0,0,0,0,1,1,Mortgage,Home Improvement,0,0,0.2974357961737041
44,52330.54,32,571,0.713,19120.99,72,1,0,8.3,10.865354527559267,9.858594260687406,0.36538873858362636,33.4868476357268,2.1923324315017583,0.18863636363636366,0.0,0,1,1,0,0,2,Mortgage,Medical,0,1,0.5154294307469136
63,40164.2,2,753,0.074,41297.11,60,0,2,8.8,10.600756228055245,10.628572015190114,1.0282069604274455,54.8434395750332,5.141034802137227,0.13968253968253969,2.0,1,0,0,1,0,2,Own,Medical,0,0,0.2502927307452091
26,27768.02,11,653,0.614,40519.89,60,1,0,3.8,10.231676289796976,10.609572922583398,1.459228637835899,62.0518989280245,7.296143189179495,0.14615384615384613,0.0,1,1,0,0,0,2,Own,Medical,1,1,0.5915721119100935
21,49592.28,27,658,0.364,36354.75,48,3,0,3.2,10.811610619663282,10.501107654770966,0.7330727685841425,55.25037993920973,2.93229107433657,0.1523809523809524,0.0,0,0,0,0,1,1,Rent,Debt Consolidation,0,0,0.378738049228267
52,100005.81,14,703,0.283,56406.27,36,2,0,7.5,11.512993562651529,10.940353329888387,0.564029929861075,80.23651493598861,1.6920897895832252,0.14423076923076922,0.0,0,0,0,0,0,0,Own,Home Improvement,0,0,0.2555994640904723
69,94798.43,10,627,0.072,10694.29,36,3,1,10.2,11.459518675566809,9.277558736623408,0.11281083452542412,17.05628389154705,0.33843250357627236,0.14782608695652172,0.25,0,0,0,1,1,2,Mortgage,Other,0,0,0.24086421202044528
38,45972.61,13,785,0.263,77789.65,48,0,2,6.5,10.73582281519274,11.261776522995708,1.6920868752067806,99.09509554140126,6.768347500827122,0.17105263157894737,2.0,1,0,0,1,0,2,Mortgage,Other,0,0,0.2030275642213944
43,38433.42,17,818,0.14,12938.85,72,1,1,7.9,10.556708691256986,9.468066976024799,0.3366562226312413,15.817665036674818,2.0199373357874477,0.18372093023255814,0.5,0,0,0,1,0,1,Mortgage,Home Improvement,0,0,0.1157890268077144
48,55780.81,28,640,0.361,38535.47,48,3,2,4.8,10.929203109561444,10.559360344623475,0.6908374044765575,60.211671875,2.76334961790623,0.09999999999999999,0.5,0,0,0,1,1,2,Rent,Other,0,0,0.4932062622200721
59,21746.3,27,717,0.61,50292.29,36,2,1,17.4,9.987244890880046,10.825626947586926,2.3126826172728236,70.14266387726639,6.938047851818471,0.2949152542372881,0.3333333333333333,1,1,0,1,0,3,Rent,Debt Consolidation,0,1,0.5423331916299958
38,128565.03,17,666,0.144,40645.7,48,1,2,4.6,11.764197903480687,10.612672930868808,0.3161489559019276,61.029579579579575,1.2645958236077104,0.12105263157894736,1.0,0,0,0,1,0,1,Rent,Vehicle,0,0,0.1954926915529161
40,18592.01,12,678,0.316,116630.53,24,2,1,11.7,9.83054098261674,11.666774928007692,6.273153359964845,172.0214306784661,12.54630671992969,0.2925,0.3333333333333333,1,0,0,1,0,2,Own,Medical,0,0,0.437207864041557
30,39094.19,26,622,0.473,47963.25,36,1,1,6.3,10.57375472050332,10.778211220728256,1.2268638894935537,77.11133440514469,3.680591668480661,0.21,0.5,1,1,0,1,0,3,Rent,Home Improvement,0,1,0.6243358749661198
40,53933.36,0,665,0.218,17908.82,60,2,2,0.5,10.895523030603963,9.793104444752997,0.3320545947814117,26.930556390977443,1.6602729739070585,0.0125,0.6666666666666666,0,0,0,1,0,1,Rent,Debt Consolidation,1,0,0.4024236799550327
23,65897.64,34,740,0.239,24060.15,36,2,1,3.2,11.095873082948359,10.088353785560153,0.3651139858726352,32.51371621621622,1.0953419576179058,0.1391304347826087,0.3333333333333333,0,0,0,1,0,1,Rent,Education,0,0,0.2630898115949231
63,20110.76,12,667,0.406,38641.25,24,1,3,8.0,9.909059997584603,10.562101516444828,1.9214216668092108,57.93290854572714,3.8428433336184216,0.12698412698412698,1.5,1,1,0,1,0,3,Rent,Vehicle,0,1,0.5345715287082909
62,15000.0,19,696,0.429,99503.39,12,0,0,4.1,9.61587214452889,11.507957042776415,6.633559333333333,142.9646408045977,6.633559333333333,0.0661290322580645,0.0,1,1,0,0,0,2,Mortgage,Education,0,0,0.48459384072828254
50,31781.67,22,714,0.311,17868.84,48,1,1,14.4,10.366676451665475,9.790869654559948,0.5622372896075002,25.026386554621848,2.2489491584300008,0.28800000000000003,0.5,0,0,0,1,0,1,Own,Home Improvement,0,0,0.3482345232108349
41,24417.13,5,751,0.198,10237.1,48,2,2,0.5,10.103081168155983,9.233871334502547,0.41925893829454974,13.631291611185087,1.677035753178199,0.012195121951219513,0.6666666666666666,0,0,0,1,0,1,Rent,Vehicle,0,0,0.36073040783501187
57,52315.26,14,729,0.381,26099.83,84,0,1,15.3,10.865062500395608,10.169722393571435,0.49889515984437427,35.80223593964335,3.49226611891062,0.26842105263157895,1.0,0,0,0,1,0,1,Mortgage,Other,1,0,0.2941307546705192
27,70311.64,16,629,0.306,18621.75,84,6,0,9.4,11.160706862490006,9.832139230581076,0.2648459060263706,29.605325914149443,1.8539213421845941,0.34814814814814815,0.0,0,0,0,0,1,1,Mortgage,Home Improvement,0,0,0.4022331314694815
55,77301.75,0,674,0.245,200000.0,72,2,0,10.0,11.255484809621885,12.206077645517674,2.587263548367275,296.7359050445104,15.523581290203648,0.18181818181818182,0.0,1,0,0,0,0,1,Rent,Other,0,0,0.39284905275715737
44,56531.15,33,663,0.181,8298.7,72,0,2,1.5,10.942564781848988,9.023974648553144,0.14679871186062907,12.51689291101056,0.8807922711637743,0.03409090909090909,2.0,0,0,0,1,0,1,Own,Debt Consolidation,0,0,0.21337607780527615
66,53280.56,16,793,0.188,56327.19,60,1,1,9.4,10.883345584064921,10.938950399293692,1.0571808929936173,71.03050441361917,5.285904464968087,0.14242424242424243,0.5,1,0,0,1,0,2,Mortgage,Medical,0,0,0.22139574977926874
24,64362.05,1,733,0.443,33675.26,60,0,2,5.6,11.072294989666498,10.424548417059654,0.5232160877411456,45.941691678035475,2.616080438705728,0.2333333333333333,2.0,0,1,0,1,0,2,Mortgage,Debt Consolidation,1,0,0.423432908096097
61,33601.43,27,700,0.354,47233.45,12,2,0,6.2,10.422353664764799,10.762878778227325,1.4056976146550906,67.47635714285714,1.4056976146550906,0.10163934426229508,0.0,1,0,0,0,0,1,Own,Debt Consolidation,0,0,0.36087666292230414
36,47072.23,2,614,0.367,27834.81,48,1,1,7.7,10.759459753243325,10.234078600248099,0.5913212524666879,45.3335667752443,2.3652850098667515,0.2138888888888889,0.5,0,0,0,1,0,1,Rent,Vehicle,0,0,0.4856299385293056
29,83990.71,6,699,0.307,5046.47,60,1,2,10.1,11.338473382479036,8.526642406632925,0.06008366877717786,7.219556509298999,0.3004183438858893,0.3482758620689655,1.0,0,0,0,1,0,1,Own,Home Improvement,0,0,0.25460008769707965
63,31862.52,31,850,0.487,21676.56,36,4,1,6.1,10.369217060725923,9.984032903094331,0.680315304627506,25.501835294117647,2.040945913882518,0.09682539682539681,0.2,0,1,0,1,1,3,Mortgage,Home Improvement,0,0,0.376844517198847
32,16323.61,3,583,0.342,85585.1,60,2,1,14.7,9.700429064119604,11.357278165766688,5.243025286685972,146.80120068610637,26.21512643342986,0.459375,0.3333333333333333,1,0,1,1,0,3,Mortgage,Medical,0,1,0.5291776352900641
24,48524.34,25,544,0.127,27315.47,12,3,1,1.8,10.789841414710242,10.215245095966052,0.5629230608803747,50.21226102941176,0.5629230608803747,0.075,0.25,0,0,1,1,1,3,Own,Home Improvement,0,0,0.4132289268383164
32,200204.28,7,598,0.386,35090.3,60,1,2,8.1,12.207098519141853,10.465708515482921,0.1752724766923065,58.6794314381271,0.8763623834615325,0.253125,1.0,0,0,1,1,0,2,Rent,Debt Consolidation,0,0,0.36070169287356885
67,82734.84,2,696,0.641,30129.04,36,1,2,0.5,11.32340816077221,10.31327795970395,0.3641638758230511,43.28885057471265,1.0924916274691534,0.007462686567164179,1.0,0,1,0,1,0,2,Mortgage,Debt Consolidation,0,0,0.43995017376469236
56,36910.16,5,652,0.352,34396.36,36,2,0,11.8,10.516269223327546,10.445735096230457,0.9318940909494837,52.75515337423313,2.795682272848451,0.21071428571428572,0.0,1,0,0,0,0,1,Own,Vehicle,0,0,0.43459799645022096
49,24569.07,17,677,0.11,114273.7,48,0,1,7.7,10.109284314514015,11.646360477950383,4.651120290674413,168.79423929098965,18.604481162697653,0.15714285714285714,1.0,1,0,0,1,0,2,Mortgage,Debt Consolidation,0,0,0.435780791058683
21,70972.1,1,836,0.199,37558.21,84,2,2,13.8,11.170056210993417,10.533673900087157,0.5291968252313233,44.92608851674641,3.704377776619263,0.6571428571428571,0.6666666666666666,0,0,0,1,0,1,Mortgage,Other,0,0,0.2658953206110405
59,68337.09,23,632,0.039,22631.33,60,0,2,5.4,11.132222576785887,10.027134693999171,0.33117198873993614,35.809066455696204,1.6558599436996806,0.09152542372881356,2.0,0,0,0,1,0,1,Own,Home Improvement,0,0,0.3410927057647907
28,81396.75,10,632,0.22,78903.78,60,2,2,16.4,11.307102910330963,11.275997088015366,0.9693726100857835,124.84775316455696,4.846863050428917,0.5857142857142856,0.6666666666666666,1,0,0,1,0,2,Rent,Debt Consolidation,0,0,0.34636802624081736
64,32198.15,1,630,0.34,60312.09,36,1,1,11.3,10.37969533366855,11.007304440416915,1.8731538923820155,95.73347619047618,5.619461677146046,0.1765625,0.5,1,0,0,1,0,2,Own,Debt Consolidation,0,1,0.599735462961797
34,29895.2,24,672,0.633,50738.12,36,1,2,9.8,10.305486661001117,10.834452489683995,1.6971995504295003,75.50315476190477,5.091598651288501,0.2882352941176471,1.0,1,1,0,1,0,3,Own,Medical,1,1,0.6450292974269329
67,46954.03,6,717,0.115,39607.0,48,1,2,11.5,10.756945614148105,10.586786397041259,0.8435271690204228,55.239888423988845,3.374108676081691,0.17164179104477612,1.0,1,0,0,1,0,2,Rent,Medical,0,0,0.37263943171039066
69,22005.53,17,663,0.127,22091.06,60,1,1,0.5,9.99909450648047,10.002973546932653,1.0038867502850422,33.31984917043741,5.019433751425211,0.007246376811594203,0.5,1,0,0,1,0,2,Mortgage,Education,0,0,0.3179048487392901
30,35551.34,26,850,0.237,16358.55,60,2,1,9.1,10.478761255849973,9.702567103665968,0.46013877395338687,19.24535294117647,2.3006938697669344,0.30333333333333334,0.3333333333333333,0,0,0,1,0,1,Mortgage,Medical,0,0,0.1280286798062212
29,42604.61,12,799,0.277,77389.82,72,1,0,14.9,10.659741213727921,11.256623447892569,1.8164658707121133,96.85834793491865,10.89879522427268,0.5137931034482759,0.0,1,0,0,0,0,1,Own,Vehicle,0,0,0.21499265415922889
36,45019.13,0,622,0.15,25387.2,36,3,0,14.3,10.714865002062062,10.142039778132846,0.5639202712269207,40.81543408360129,1.691760813680762,0.39722222222222225,0.0,0,0,0,0,1,1,Mortgage,Home Improvement,1,0,0.4066107303338185
43,20755.99,8,658,0.322,30518.41,36,2,1,0.5,9.940638336401618,10.326118153625691,1.4703422963684216,46.38056231003039,4.411026889105265,0.011627906976744186,0.3333333333333333,1,0,0,1,0,2,Own,Vehicle,1,0,0.4342532422411866
62,37784.16,9,583,0.068,63023.73,36,2,1,11.5,10.539671711930438,11.051282468032664,1.6679934131127965,108.10245283018868,5.003980239338389,0.18548387096774194,0.3333333333333333,1,0,1,1,0,3,Rent,Debt Consolidation,0,0,0.39487625754190253
42,23024.71,26,713,0.044,73802.11,36,4,1,11.5,10.04436669669586,11.20915615062207,3.2053437372283953,103.50927068723703,9.616031211685186,0.27380952380952384,0.2,1,0,0,1,1,3,Own,Home Improvement,0,0,0.3465604690711388
23,55199.6,15,587,0.268,32965.82,60,2,1,9.4,10.91872910177133,10.403256880094668,0.5972112116754469,56.159829642248724,2.986056058377234,0.40869565217391307,0.3333333333333333,0,0,1,1,0,2,Mortgage,Medical,0,1,0.5325834791283189
24,27958.64,23,674,0.578,41761.16,60,2,1,0.5,10.238517320728375,10.639745945356804,1.49367637338583,61.96017804154303,7.46838186692915,0.020833333333333332,0.3333333333333333,1,1,0,1,0,3,Mortgage,Home Improvement,0,1,0.5604908674855342
38,30914.96,15,631,0.226,19607.46,48,4,1,6.8,10.339027834397486,9.883716384745092,0.6342385692881375,31.07362916006339,2.53695427715255,0.17894736842105263,0.2,0,0,0,1,1,2,Mortgage,Debt Consolidation,0,0,0.4913544350992766
22,51943.76,8,672,0.192,119389.81,72,2,1,0.5,10.857936125222517,11.690157508804232,2.298443739921792,177.66340773809523,13.790662439530752,0.022727272727272728,0.3333333333333333,1,0,0,1,0,2,Mortgage,Home Improvement,0,0,0.34051609377353054
21,16626.72,11,663,0.233,41921.35,36,3,1,4.9,9.718826461164115,10.643574376583974,2.5213241096259513,63.229788838612365,7.563972328877854,0.23333333333333334,0.25,1,0,0,1,1,3,Mortgage,Medical,0,0,0.4306936521306079
40,40714.31,9,711,0.304,25451.27,48,0,3,11.7,10.614359467773756,10.144560212500094,0.6251185394029766,35.796441631504926,2.5004741576119063,0.2925,3.0,0,0,0,1,0,1,Rent,Debt Consolidation,0,0,0.3089496980646117
32,32647.44,19,668,0.465,46020.88,60,1,0,10.3,10.393552354083775,10.736872214558508,1.4096321181691427,68.89353293413173,7.048160590845713,0.321875,0.0,1,1,0,0,0,2,Mortgage,Home Improvement,0,1,0.586512018357958
63,54562.1,12,690,0.225,32678.19,48,4,0,15.9,10.90711310908507,10.394493762865052,0.5989173803794209,47.35969565217391,2.3956695215176835,0.2523809523809524,0.0,0,0,0,0,1,1,Rent,Home Improvement,0,0,0.37077705883266476
36,36234.4,22,766,0.259,28990.97,60,3,1,11.8,10.497791820533093,10.274774174073958,0.8000952133883823,37.84721932114883,4.0004760669419115,0.3277777777777778,0.25,1,0,0,1,1,3,Mortgage,Debt Consolidation,1,0,0.22563234639810364
36,42589.62,12,548,0.176,22566.79,60,0,0,3.6,10.659389320219143,10.02427894742762,0.5298659626453581,41.18027372262774,2.6493298132267906,0.1,0.0,0,0,1,0,0,1,Rent,Education,1,0,0.38454365836246535
69,40025.39,32,739,0.162,42612.2,72,0,0,2.0,10.597294265556718,10.659919343415957,1.0646292265984165,57.66197564276048,6.387775359590499,0.028985507246376812,0.0,1,0,0,0,0,1,Own,Education,0,0,0.16915625675063656
29,35050.54,24,644,0.137,103538.28,48,0,1,11.7,10.464574828730049,11.547706336597447,2.9539710372507813,160.77372670807452,11.815884149003125,0.40344827586206894,1.0,1,0,0,1,0,2,Mortgage,Debt Consolidation,0,0,0.4145167058895517
54,17316.95,9,723,0.235,30881.19,36,1,1,11.6,9.75949881483416,10.337934921313149,1.7832926698985674,42.712572614107884,5.349878009695702,0.21481481481481482,0.5,1,0,0,1,0,2,Rent,Debt Consolidation,0,0,0.3654143891792777
62,35996.63,33,629,0.292,35356.94,36,0,0,4.0,10.491208381937804,10.47327825713597,0.9822291697861718,56.211351351351354,2.946687509358515,0.06451612903225806,0.0,1,0,0,0,0,1,Mortgage,Debt Consolidation,0,0,0.28735077211506144
55,34009.06,29,614,0.63,124173.84,36,1,2,4.8,10.434411642186689,11.729445851470594,3.6511988276065264,202.2375244299674,10.953596482819579,0.08727272727272727,1.0,1,1,0,1,0,3,Mortgage,Home Improvement,1,1,0.5648712467847916
36,19641.72,34,674,0.165,76898.35,84,4,0,15.2,9.885462065190895,11.250252702922252,3.915051736813273,114.09250741839763,27.405362157692913,0.4222222222222222,0.0,1,0,0,0,1,2,Mortgage,Vehicle,0,0,0.2416085103000751
37,20199.29,29,547,0.119,59907.49,36,0,1,8.0,9.913452239721886,11.000573510286955,2.965821570956207,109.52009140767824,8.89746471286862,0.21621621621621623,1.0,1,0,1,1,0,3,Mortgage,Education,0,0,0.3099498109585308
59,93954.12,3,630,0.503,32176.73,72,0,1,7.4,11.450572500429612,10.379029877349748,0.34247279416804716,51.074174603174605,2.054836765008283,0.12542372881355932,1.0,0,1,0,1,0,2,Mortgage,Home Improvement,0,0,0.40667237589464134
40,30900.44,0,761,0.076,34108.23,48,0,0,12.9,10.338558063741747,10.437323301132682,1.1038104959023238,44.82027595269383,4.415241983609295,0.3225,0.0,1,0,0,0,0,1,Rent,Home Improvement,0,0,0.14790847286757325
66,33522.17,26,728,0.47,31360.84,72,1,0,7.2,10.419992120530248,10.353347146212512,0.9355253553096354,43.07807692307692,5.613152131857813,0.1090909090909091,0.0,1,1,0,0,0,2,Rent,Home Improvement,0,0,0.3838494321073448
26,32538.89,10,752,0.231,47789.85,48,3,0,2.8,10.390222000312491,10.774589477561761,1.468699454714036,63.55033244680851,5.874797818856144,0.10769230769230768,0.0,1,0,0,0,1,2,Mortgage,Home Improvement,0,0,0.3320968719787392
30,17200.3,32,591,0.202,42966.5,12,5,0,10.8,9.752740241340764,10.668199294950842,2.4980087556612385,72.70135363790186,2.4980087556612385,0.36000000000000004,0.0,1,0,1,0,1,3,Mortgage,Education,0,0,0.39672642035671885
32,25877.84,15,613,0.535,31616.67,84,1,0,8.6,10.16118092535372,10.36147142050887,1.2217661906867032,51.57694942903752,8.552363334806923,0.26875,0.0,1,1,0,0,0,2,Rent,Debt Consolidation,1,0,0.49050633461532445
49,58249.72,21,628,0.318,19043.28,60,2,1,0.5,10.972511731866579,9.854522072999854,0.32692483328675226,30.323694267515922,1.6346241664337613,0.01020408163265306,0.3333333333333333,0,0,0,1,0,1,Own,Vehicle,0,0,0.40951717260633624
33,27106.58,24,672,0.107,12147.29,36,1,4,1.3,10.207568672554746,9.404943698123047,0.44813067528253286,18.076324404761905,1.3443920258475985,0.0393939393939394,2.0,0,0,0,1,0,1,Rent,Other,0,0,0.2973506286358223
46,62225.57,0,616,0.507,33778.91,48,2,1,4.4,11.038537357933969,10.427621526059841,0.5428461322250645,54.835892857142866,2.171384528900258,0.09565217391304348,0.3333333333333333,0,1,0,1,0,2,Mortgage,Vehicle,1,1,0.6374989500843917
27,31756.81,32,740,0.01,22549.91,36,1,1,1.3,10.36589395832364,10.023530698883777,0.7100810818215053,30.472851351351352,2.130243245464516,0.04814814814814815,0.5,0,0,0,1,0,1,Mortgage,Education,0,0,0.18756365063240849
42,51485.12,5,530,0.183,38221.74,24,3,1,12.8,10.849067535763144,10.55118590543919,0.7423842073204839,72.11649056603773,1.4847684146409679,0.3047619047619048,0.25,0,0,1,1,1,3,Mortgage,Debt Consolidation,0,1,0.5571805043747873
29,32698.32,20,704,0.139,35809.28,48,1,0,7.4,10.39510956156209,10.485990282006869,1.0951412794296465,50.86545454545455,4.380565117718586,0.25517241379310346,0.0,1,0,0,0,0,1,Mortgage,Home Improvement,0,0,0.20245736181286494
26,50431.45,28,760,0.373,109320.67,36,0,3,8.8,10.828390096083833,11.602049916178526,2.1677082455491563,143.84298684210526,6.503124736647469,0.3384615384615385,3.0,1,0,0,1,0,2,Mortgage,Debt Consolidation,0,0,0.2415407936828453
50,18941.18,28,604,0.404,20972.47,60,0,1,3.3,9.849146460433326,9.951013584693936,1.1072419986505593,34.722632450331126,5.536209993252797,0.066,1.0,1,1,0,1,0,3,Rent,Vehicle,0,0,0.48771891352702407
34,27530.31,15,609,0.282,21012.09,60,1,1,1.9,10.223079181457873,9.952900855847364,0.7632347765063306,34.502610837438425,3.816173882531653,0.055882352941176466,0.5,1,0,0,1,0,2,Rent,Vehicle,0,0,0.3988106429423547
48,56660.05,8,765,0.2,61579.67,36,2,2,7.7,10.944842304804752,11.028103301575198,1.0868269618540751,80.49630065359477,3.2604808855622256,0.16041666666666668,0.6666666666666666,1,0,0,1,0,2,Rent,Education,0,0,0.30931640991996456
59,37647.88,13,629,0.273,26677.45,36,2,1,6.3,10.536058485109606,10.191611402389901,0.7086043091935058,42.41248012718601,2.1258129275805175,0.10677966101694915,0.3333333333333333,0,0,0,1,0,1,Own,Education,1,0,0.451419201968938
22,81106.9,9,698,0.281,11556.38,60,1,3,4.9,11.303535645963592,9.355079472940211,0.1424833152296537,16.55641833810888,0.7124165761482686,0.22272727272727275,1.5,0,0,0,1,0,1,Own,Home Improvement,0,0,0.24971878097087918
44,34002.22,28,543,0.397,19052.03,60,0,1,7.6,10.434210504996333,9.854981423025032,0.5603172381097469,35.08661141804788,2.8015861905487345,0.17272727272727273,1.0,0,0,1,1,0,2,Rent,Debt Consolidation,0,0,0.45116972811858846
61,33948.19,34,756,0.558,56230.31,60,1,0,6.1,10.43262027408661,10.9372289981872,1.6563566422834324,74.37871693121693,8.281783211417162,0.09999999999999999,0.0,1,1,0,0,0,2,Mortgage,Debt Consolidation,0,0,0.39682319737051214
63,33278.5,31,640,0.303,33988.37,48,1,2,6.1,10.41269687078382,10.433803107655194,1.021331189807233,53.10682812500001,4.085324759228932,0.09682539682539681,1.0,1,0,0,1,0,2,Mortgage,Debt Consolidation,0,0,0.3769967331031862
27,90599.52,12,641,0.404,43511.43,36,1,1,13.8,11.41421523152895,10.680801923385278,0.48026115370147654,67.88054602184087,1.4407834611044297,0.5111111111111112,0.5,0,1,0,1,0,2,Rent,Home Improvement,0,0,0.4937330067740086
28,36984.1,25,746,0.4,27270.74,48,1,1,11.3,10.51827040781715,10.213606280184731,0.7373638942140002,36.55595174262735,2.9494555768560007,0.4035714285714286,0.5,0,0,0,1,0,1,Mortgage,Other,0,0,0.2681796566114291
69,48275.67,29,690,0.148,55135.44,24,0,0,11.5,10.784703700173258,10.91756611956279,1.14209580105258,79.9064347826087,2.28419160210516,0.16666666666666666,0.0,1,0,0,0,0,1,Rent,Debt Consolidation,0,0,0.20622027217843789
40,41123.8,8,635,0.222,40050.45,60,3,1,13.8,10.624366624833963,10.597920156585198,0.9738995423574668,63.0715748031496,4.869497711787334,0.34500000000000003,0.25,1,0,0,1,1,3,Rent,Debt Consolidation,1,1,0.5706809119270246
67,58921.18,6,652,0.112,184159.45,36,0,0,1.4,10.983972869213222,12.123562667480092,3.1255220957896634,282.4531441717792,9.376566287368991,0.0208955223880597,0.0,1,0,0,0,0,1,Own,Home Improvement,0,0,0.28495499077624026
54,107608.27,34,679,0.38,37715.01,36,1,0,11.2,11.586262075415272,10.537839951724996,0.35048430757227117,55.54493372606775,1.0514529227168135,0.2074074074074074,0.0,0,0,0,0,0,0,Own,Medical,0,0,0.2744454626031696
27,21187.21,8,655,0.576,33011.55,48,0,1,0.5,9.961200173885832,10.404643071182052,1.5580885826873856,50.39931297709924,6.232354330749542,0.018518518518518517,1.0,1,1,0,1,0,3,Own,Debt Consolidation,0,1,0.5490558213413697
39,31112.05,20,583,0.249,33966.35,60,4,1,7.6,10.34538262430184,10.43315504810286,1.0917425884825975,58.26132075471698,5.458712942412988,0.19487179487179487,0.2,1,0,1,1,1,4,Rent,Vehicle,1,0,0.4631057469472222
47,34124.58,27,546,0.377,20083.79,72,0,0,10.3,10.437802528679821,9.90771809117487,0.5885432143047621,36.78349816849817,3.5312592858285727,0.21914893617021278,0.0,0,0,1,0,0,1,Own,Medical,1,0,0.3751717030432319
36,36054.8,23,693,0.467,14949.01,12,1,2,8.4,10.492823017428098,9.61246724771493,0.4146191353162408,21.571443001443,0.4146191353162408,0.23333333333333334,1.0,0,1,0,1,0,2,Own,Debt Consolidation,0,0,0.4593704142919637
59,28229.13,0,599,0.302,81631.14,60,0,2,9.4,10.248145126267042,11.309978335953787,2.8917341767174545,136.27903171953255,14.458670883587272,0.1593220338983051,2.0,1,0,1,1,0,3,Mortgage,Medical,0,1,0.558849299251307
35,50107.96,5,676,0.45,72814.08,48,3,0,5.8,10.821955113397944,11.1956783555908,1.453143971536658,107.71313609467455,5.812575886146632,0.1657142857142857,0.0,1,1,0,0,1,3,Rent,Vehicle,0,1,0.581198714448894
30,15521.9,22,639,0.236,32592.84,60,1,2,5.5,9.650071631951967,10.39187859244495,2.0997970609268197,51.00600938967136,10.498985304634099,0.18333333333333332,1.0,1,0,0,1,0,2,Mortgage,Other,0,0,0.2534281860595154
69,46647.85,24,618,0.066,100226.15,60,0,1,12.8,10.750403554310324,11.515194389014223,2.148569548221408,162.17823624595468,10.74284774110704,0.1855072463768116,1.0,1,0,0,1,0,2,Mortgage,Other,0,0,0.42353881617271144
21,64419.68,16,630,0.22,39514.76,36,2,1,9.4,11.073189978557513,10.584454858656702,0.6133957821584957,62.72184126984127,1.840187346475487,0.44761904761904764,0.3333333333333333,0,0,0,1,0,1,Mortgage,Debt Consolidation,0,0,0.3682551990199109
42,18836.53,18,616,0.381,40032.46,48,1,0,8.0,9.8436064355015,10.597470883424934,2.1252566157354886,64.98775974025973,8.501026462941955,0.19047619047619047,0.0,1,0,0,0,0,1,Own,Education,0,0,0.3486779599350939
29,59995.28,16,734,0.51,15115.74,60,1,2,0.5,11.002037839282158,9.623558018021068,0.25194881997383795,20.593651226158038,1.2597440998691898,0.017241379310344827,1.0,0,1,0,1,0,2,Own,Home Improvement,0,0,0.37817459567313716
52,30346.17,21,684,0.032,57687.19,84,1,0,6.4,10.320458546670492,10.962807752170425,1.9009710286339268,84.3379970760234,13.306797200437487,0.12307692307692308,0.0,1,0,0,0,0,1,Mortgage,Medical,0,0,0.2753418697108233
28,36266.36,34,588,0.42,7395.1,60,2,1,12.4,10.498673442200188,8.908708113237676,0.20391073159809808,12.57670068027211,1.0195536579904905,0.4428571428571429,0.3333333333333333,0,1,1,1,0,3,Own,Debt Consolidation,0,1,0.5669388273213816
54,25306.65,11,515,0.31,20323.27,72,3,0,13.2,10.138862000552052,9.91957101741184,0.8030802180454544,39.46266019417476,4.818481308272727,0.24444444444444444,0.0,1,0,1,0,1,3,Mortgage,Education,1,1,0.6029598155077591
68,45154.01,3,578,0.315,35788.9,36,2,3,7.3,10.717856516144293,10.48542100967961,0.7925962721804775,61.918512110726645,2.3777888165414325,0.10735294117647058,1.0,1,0,1,1,0,3,Own,Debt Consolidation,1,1,0.6442444455606611
37,15000.0,8,719,0.581,64955.95,72,2,2,1.3,9.61587214452889,11.081480021762838,4.330396666666666,90.34207232267038,25.98238,0.03513513513513514,0.6666666666666666,1,1,0,1,0,3,Rent,Debt Consolidation,0,0,0.4992274727896025
53,26228.27,22,669,0.083,80762.0,48,3,2,6.2,10.174631241745464,11.299274218839363,3.0791966073248447,120.72047832585949,12.316786429299379,0.1169811320754717,0.5,1,0,0,1,1,3,Mortgage,Home Improvement,1,0,0.37206361050409487
67,74810.13,13,769,0.062,8847.11,24,2,0,16.3,11.222721949684868,9.087959155872902,0.11826085584933484,11.504694408322498,0.23652171169866967,0.24328358208955225,0.0,0,0,0,0,0,0,Own,Vehicle,0,0,0.18966761223210013
36,26102.07,17,613,0.418,44668.87,36,1,1,7.5,10.169808210914637,10.70705450411135,1.71131523285318,72.86928221859706,5.13394569855954,0.20833333333333334,0.5,1,1,0,1,0,3,Mortgage,Education,1,1,0.6591041206395415
42,22718.99,33,670,0.056,35431.27,36,2,0,16.4,10.031000432694146,10.4753782658043,1.5595442403029358,52.882492537313425,4.678632720908808,0.3904761904761904,0.0,1,0,0,0,0,1,Own,Other,0,0,0.20800749800995727
29,15000.0,18,641,0.252,24094.3,60,2,0,7.5,9.61587214452889,10.089772079712839,1.6062866666666666,37.58861154446178,8.031433333333332,0.25862068965517243,0.0,1,0,0,0,0,1,Rent,Home Improvement,0,0,0.3631052438737293
21,26293.57,28,621,0.242,78616.53,84,1,1,12.7,10.177117732970927,11.272349981540074,2.989952676642997,126.59666666666666,20.92966873650098,0.6047619047619047,0.5,1,0,0,1,0,2,Rent,Education,0,0,0.3656130545893875
40,25209.77,7,691,0.046,19979.57,36,0,0,9.5,10.135026563150669,9.902515580324142,0.7925328156504403,28.91399421128799,2.377598446951321,0.2375,0.0,1,0,0,0,0,1,Mortgage,Home Improvement,0,0,0.17738291251352126
33,18503.8,2,699,0.116,38501.52,36,1,0,14.1,9.82578543687209,10.558478972679275,2.080735848852668,55.080858369098706,6.242207546558004,0.42727272727272725,0.0,1,0,0,0,0,1,Mortgage,Other,0,0,0.19839678566129484
68,59587.93,5,672,0.073,27115.09,84,3,0,0.5,10.995225097546921,10.207882557618959,0.4550433284056016,40.34983630952381,3.185303298839211,0.007352941176470588,0.0,0,0,0,0,1,1,Mortgage,Education,0,0,0.2534448589309371
34,40802.27,17,671,0.289,45005.76,84,1,0,10.5,10.616517504239473,10.71456797969245,1.1030209838815341,67.07266766020865,7.721146887170739,0.3088235294117647,0.0,1,0,0,0,0,1,Mortgage,Education,0,0,0.250895810878939
24,93832.21,12,723,0.303,52383.74,72,2,0,9.2,11.449274123505697,10.866370606521908,0.5582703423483257,72.45330567081604,3.3496220540899544,0.3833333333333333,0.0,0,0,0,0,0,0,Mortgage,Vehicle,0,0,0.24273767750015854
36,28244.01,2,646,0.587,43284.64,60,0,0,11.5,10.248672083804264,10.675576219263103,1.5325245954805993,67.0040866873065,7.662622977402997,0.3194444444444444,0.0,1,1,0,0,0,2,Rent,Debt Consolidation,0,1,0.6658614561397528
68,23973.03,34,770,0.306,26881.21,60,3,1,7.4,10.084726440121898,10.199220008519337,1.1213104893290502,34.91066233766234,5.606552446645251,0.10882352941176471,0.25,1,0,0,1,1,3,Rent,Debt Consolidation,0,0,0.26578626436160835
62,75706.0,25,666,0.629,36019.05,36,2,1,15.4,11.234625905427839,10.491831006846697,0.4757753678704462,54.08265765765766,1.4273261036113387,0.24838709677419354,0.3333333333333333,0,1,0,1,0,2,Own,Home Improvement,1,0,0.4232561100891957
58,56736.4,11,698,0.2,38103.57,24,0,2,1.1,10.946188884260414,10.548089501428228,0.6715894910498375,54.58964183381089,1.343178982099675,0.018965517241379314,2.0,0,0,0,1,0,1,Own,Debt Consolidation,0,0,0.31864866341600634
68,19672.6,4,614,0.323,57683.09,36,1,0,15.1,9.887032914464168,10.962736677905417,2.9321538586663687,93.9464006514658,8.796461575999107,0.22205882352941175,0.0,1,0,0,0,0,1,Own,Debt Consolidation,0,0,0.32356949221946835
53,17677.1,32,746,0.393,29933.71,72,1,1,12.0,9.780081864353395,10.306773955655938,1.6933609019579003,40.125616621983916,10.160165411747402,0.22641509433962265,0.5,1,0,0,1,0,2,Mortgage,Home Improvement,0,0,0.3145123025826588
44,26924.88,6,679,0.545,47448.3,60,0,1,5.5,10.200843184870259,10.76741705155834,1.7622474083449955,69.879675994109,8.811237041724977,0.125,1.0,1,1,0,1,0,3,Own,Debt Consolidation,0,1,0.6295037953578948
24,134690.84,7,688,0.316,25720.63,60,0,2,13.8,11.810744781498881,10.155087551149057,0.1909604988728261,37.38463662790698,0.9548024943641304,0.5750000000000001,2.0,0,0,0,1,0,1,Rent,Debt Consolidation,0,0,0.1992966238524194
51,43538.8,8,632,0.369,24462.17,48,5,1,0.6,10.681430741300726,10.104924000189765,0.5618475934109345,38.70596518987342,2.247390373643738,0.011764705882352941,0.16666666666666666,0,0,0,1,1,2,Mortgage,Vehicle,1,1,0.517088574602889
21,38559.89,26,530,0.318,46452.57,36,1,1,5.4,10.559993829370985,10.746208598123957,1.2046862685552266,87.64635849056604,3.61405880566568,0.2571428571428572,0.5,1,0,1,1,0,3,Mortgage,Debt Consolidation,0,0,0.4995150133392287
49,38216.07,20,574,0.173,32508.33,12,2,2,13.5,10.551037553421821,10.389282404042211,0.8506455530356732,56.634721254355405,0.8506455530356732,0.2755102040816326,0.6666666666666666,1,0,1,1,0,3,Mortgage,Vehicle,0,0,0.3715509178917844
30,38463.42,0,702,0.235,21553.21,72,3,0,7.5,10.557488937136428,9.978326436080456,0.560356047382162,30.702578347578346,3.3621362842929723,0.25,0.0,0,0,0,0,1,1,Rent,Vehicle,1,0,0.48081284441113004
31,41047.56,28,646,0.163,91507.12,48,0,0,6.8,10.622511035093543,11.42418299049557,2.229294993417392,141.65188854489165,8.917179973669567,0.21935483870967742,0.0,1,0,0,0,0,1,Mortgage,Other,0,0,0.2834555542562381
54,19400.05,23,547,0.2,33533.5,36,2,0,3.1,9.873082467298124,10.42033003862695,1.7285264728699155,61.30438756855576,5.185579418609747,0.05740740740740741,0.0,1,0,1,0,0,2,Own,Other,1,0,0.37498642970045903
43,34255.16,28,614,0.579,129103.66,72,0,2,10.8,10.441621681533176,11.768378672232862,3.7688821187815207,210.26654723127035,22.613292712689123,0.25116279069767444,2.0,1,1,0,1,0,3,Rent,Debt Consolidation,1,1,0.5109809162445905
38,91807.84,25,839,0.255,137526.02,60,3,1,11.3,11.427463868268687,11.83157568587429,1.4979768612353803,163.91659117997614,7.489884306176902,0.2973684210526316,0.25,1,0,0,1,1,3,Rent,Other,0,0,0.3442231295238392
52,34838.11,0,776,0.09,38393.01,72,0,0,10.2,10.45849588528998,10.555656736824844,1.1020405527165509,49.47552835051547,6.612243316299305,0.19615384615384615,0.0,1,0,0,0,0,1,Own,Vehicle,0,0,0.14012414975427206
50,24316.35,32,685,0.129,35281.59,36,1,1,5.4,10.098945366327326,10.47114492012456,1.4509410335021498,51.505970802919705,4.352823100506449,0.10800000000000001,0.5,1,0,0,1,0,2,Own,Debt Consolidation,0,0,0.27212872295552193
63,50621.39,6,592,0.146,16421.79,36,0,0,1.9,10.832149247524251,9.706425283310669,0.32440416985784076,27.739510135135138,0.9732125095735222,0.030158730158730156,0.0,0,0,1,0,0,1,Mortgage,Other,0,0,0.4369755048507389
25,28156.91,12,642,0.111,134284.56,60,3,3,11.2,10.245583588767632,11.807723856254043,4.769151160407872,209.1659813084112,23.84575580203936,0.44799999999999995,0.75,1,0,0,1,1,3,Own,Debt Consolidation,0,0,0.4753419257540261
46,42684.41,33,659,0.256,45733.0,36,0,3,7.5,10.661612454646022,10.73059728275904,1.071421626771929,69.39757207890743,3.214264880315787,0.16304347826086957,3.0,1,0,0,1,0,2,Mortgage,Medical,0,0,0.3771457094232186
41,70918.73,18,669,0.224,150861.95,84,2,0,14.6,11.169303953074298,11.924127087770325,2.1272511507185765,225.50366218236175,14.890758055030036,0.35609756097560974,0.0,1,0,0,0,0,1,Own,Vehicle,0,0,0.2960148514378891
28,36425.4,12,637,0.27,28272.66,48,3,2,9.0,10.503049065465495,10.249685908172529,0.7761798085951012,44.384081632653064,3.1047192343804046,0.32142857142857145,0.5,1,0,0,1,1,3,Own,Home Improvement,0,1,0.5554835607460834
50,40966.8,32,657,0.087,12944.01,72,1,3,16.6,10.620541671271457,9.468465664684373,0.31596341427692665,19.701689497716895,1.8957804856615599,0.332,1.5,0,0,0,1,0,1,Rent,Debt Consolidation,0,0,0.26993885877994933
46,38571.52,21,633,0.306,36117.4,24,1,0,17.8,10.560295384821162,10.494557709761308,0.9363748174819142,57.05750394944708,1.8727496349638284,0.3869565217391305,0.0,1,0,0,0,0,1,Mortgage,Home Improvement,0,0,0.31388512438392335
23,39324.75,16,636,0.301,19855.76,48,1,1,10.8,10.579634799581868,9.896299782296103,0.50491764092588,31.219748427672954,2.01967056370352,0.46956521739130436,0.5,0,0,0,1,0,1,Rent,Debt Consolidation,0,0,0.39418437123050915
67,49613.72,34,516,0.125,32095.32,36,2,0,0.5,10.812042842877817,10.376496660801692,0.6469041224886987,62.20023255813953,1.940712367466096,0.007462686567164179,0.0,0,0,1,0,0,1,Mortgage,Debt Consolidation,1,0,0.3576757104545435
26,67146.93,21,548,0.726,69472.94,72,4,2,5.5,11.11465337496842,11.148706997207517,1.0346406008435531,126.77543795620439,6.207843605061319,0.21153846153846154,0.4,1,1,1,1,1,5,Own,Education,1,1,0.7739011471847798
38,71812.6,28,642,0.377,31205.95,60,3,0,13.3,11.181829152141335,10.348396105401305,0.4345470015011293,48.60739875389408,2.1727350075056466,0.35000000000000003,0.0,0,0,0,0,1,1,Rent,Other,1,0,0.31746239646621033
63,50141.87,25,509,0.072,6523.67,60,1,0,9.4,10.822631609802913,8.783345656199307,0.13010424222311612,12.81664047151277,0.6505212111155806,0.1492063492063492,0.0,0,0,1,0,0,1,Own,Debt Consolidation,0,0,0.3742938806369686
34,47908.4,24,612,0.329,40456.87,36,2,0,12.9,10.777067006317221,10.608016464748715,0.8444629751776307,66.10599673202614,2.533388925532892,0.37941176470588234,0.0,1,0,0,0,0,1,Own,Debt Consolidation,0,0,0.3543694785322221
36,43357.54,26,643,0.193,15653.28,24,3,0,15.5,10.677258963959911,9.658499641006912,0.36102786274313536,24.344136858475895,0.7220557254862707,0.4305555555555556,0.0,0,0,0,0,1,1,Own,Home Improvement,0,0,0.29413495936157674
66,54947.05,9,712,0.082,71286.42,60,0,0,15.8,10.914143472395908,11.174475153247787,1.2973657366501021,100.12137640449438,6.48682868325051,0.2393939393939394,0.0,1,0,0,0,0,1,Mortgage,Home Improvement,0,0,0.15684884752330233
53,71987.58,10,596,0.375,21099.22,60,2,0,8.8,11.184262774307008,9.957038745950086,0.29309528115822203,35.40137583892618,1.4654764057911103,0.16603773584905662,0.0,0,0,1,0,0,1,Mortgage,Debt Consolidation,0,0,0.4958324245696117
42,21979.47,21,604,0.406,37395.92,60,0,1,12.9,9.997909610804522,10.529343627070258,1.7014022631118948,61.913774834437085,8.507011315559474,0.30714285714285716,1.0,1,1,0,1,0,3,Rent,Vehicle,0,1,0.5580778537899428
40,24430.04,18,631,0.309,28988.27,36,3,2,8.7,10.10360973395559,10.274681040501722,1.18658299372412,45.940206022187006,3.5597489811723597,0.21749999999999997,0.5,1,0,0,1,1,3,Mortgage,Vehicle,1,0,0.4874918055057274
37,31768.88,21,693,0.253,35884.12,24,1,0,4.7,10.366273950108175,10.488078003874186,1.1295368297528903,51.78083694083694,2.2590736595057805,0.12702702702702703,0.0,1,0,0,0,0,1,Mortgage,Vehicle,0,0,0.2399436512989512
66,47532.39,22,690,0.078,88799.99,60,0,2,9.3,10.769187690439376,11.394153077566765,1.8681995582380773,128.69563768115944,9.340997791190386,0.14090909090909093,2.0,1,0,0,1,0,2,Rent,Debt Consolidation,0,0,0.3397687801340167
58,29621.69,17,637,0.336,47417.46,36,1,1,8.7,10.296295900713705,10.766766883343418,1.6007682208543808,74.43871271585557,4.8023046625631425,0.15,0.5,1,0,0,1,0,2,Mortgage,Medical,1,1,0.5417429189124926
37,36024.69,19,633,0.146,4480.11,36,1,1,2.6,10.491987574050018,8.407626062576787,0.1243622082521737,7.077582938388625,0.3730866247565211,0.07027027027027027,0.5,0,0,0,1,0,1,Own,Other,0,0,0.23766728864085762
39,16046.5,19,795,0.243,104635.88,60,1,3,3.6,9.683308353185934,11.558251349732743,6.520791449848877,131.61745911949686,32.60395724924439,0.09230769230769231,1.5,1,0,0,1,0,2,Own,Vehicle,0,0,0.21174007567641645
53,15000.0,28,570,0.571,15157.68,36,0,0,6.8,9.61587214452889,9.626328584165337,1.010512,26.59242105263158,3.031536,0.12830188679245283,0.0,1,1,1,0,0,3,Rent,Medical,1,0,0.4366040589426035
64,35346.58,22,641,0.162,14321.48,24,4,1,7.9,10.472985210706945,9.5695856098775,0.4051730040077427,22.342402496099844,0.8103460080154854,0.1234375,0.2,0,0,0,1,1,2,Rent,Debt Consolidation,0,0,0.39306559082587733
56,34884.19,22,592,0.711,36352.73,24,4,0,1.0,10.459817662825468,10.501052091177318,1.042097580594533,61.40663851351352,2.084195161189066,0.017857142857142856,0.0,1,1,1,0,1,4,Mortgage,Debt Consolidation,1,1,0.6176031377831193
69,49875.33,16,606,0.435,23946.56,72,2,1,10.1,10.817301820503282,10.083621718734648,0.480128352032959,39.51577557755776,2.8807701121977543,0.1463768115942029,0.3333333333333333,0,1,0,1,0,2,Mortgage,Education,1,0,0.48718370515539355
51,53365.43,13,711,0.145,21285.1,12,2,0,6.6,10.884937175578568,9.965809556513472,0.3988555887210128,29.93684950773558,0.3988555887210128,0.12941176470588234,0.0,0,0,0,0,0,0,Mortgage,Other,0,0,0.21982454691745712
53,17568.77,14,850,0.57,200000.0,60,0,0,6.7,9.773935090600299,12.206077645517674,11.38383620481115,235.2941176470588,56.919181024055746,0.12641509433962264,0.0,1,1,0,0,0,2,Rent,Debt Consolidation,0,0,0.4383611363510844
34,65116.5,12,717,0.339,61448.28,36,1,1,3.8,11.08394860927609,11.025967398082576,0.9436668125590288,85.70192468619247,2.8310004376770865,0.11176470588235293,0.5,1,0,0,1,0,2,Mortgage,Education,0,0,0.3460625259513619
54,37126.84,31,783,0.417,74840.19,36,3,1,9.7,10.522122371495652,11.223123680849534,2.0157974661996554,95.58134099616859,6.047392398598966,0.1796296296296296,0.25,1,1,0,1,1,4,Own,Debt Consolidation,1,0,0.38575676099619866
28,16255.66,4,701,0.258,25552.57,60,2,3,11.2,9.696257949947736,10.148532311898476,1.5719183349061188,36.45159771754636,7.859591674530594,0.39999999999999997,1.0,1,0,0,1,0,2,Mortgage,Home Improvement,0,0,0.3844445090816585
64,40824.53,11,603,0.3,22016.78,60,1,2,7.6,10.617062899995672,9.999605587755559,0.5393027182431739,36.51207296849088,2.6965135912158695,0.11875,1.0,0,0,0,1,0,1,Rent,Home Improvement,0,1,0.5090345633935265
56,63608.04,28,678,0.283,13490.6,36,0,1,7.1,11.060510877592293,9.509822548543715,0.21208954088193882,19.8976401179941,0.6362686226458165,0.12678571428571428,1.0,0,0,0,1,0,1,Rent,Vehicle,1,0,0.349885337683974
21,65950.05,17,691,0.049,29657.87,36,0,1,10.3,11.096668079171108,10.297516516517069,0.449702009323723,42.92021707670043,1.349106027971169,0.4904761904761905,1.0,0,0,0,1,0,1,Mortgage,Debt Consolidation,0,0,0.2546985370225354
23,16313.42,8,554,0.403,23844.31,60,1,4,14.8,9.699804658288238,10.07934283127688,1.4616377191294039,43.040270758122745,7.308188595647019,0.6434782608695653,2.0,1,1,1,1,0,4,Rent,Other,0,1,0.6063010322703093
65,30267.28,8,648,0.134,54030.35,60,0,3,8.5,10.317855578465426,10.897319712644787,1.7851075484813965,83.38016975308642,8.925537742406982,0.13076923076923078,3.0,1,0,0,1,0,2,Rent,Home Improvement,0,0,0.49618258819031325
60,31208.16,2,546,0.135,43842.91,48,2,3,9.6,10.348466920452129,10.688391105601092,1.404854050991792,80.29836996336996,5.619416203967168,0.16,1.0,1,0,1,1,0,3,Rent,Debt Consolidation,0,0,0.4575271696729831
31,27691.81,29,596,0.542,103100.84,36,0,2,2.7,10.228928091695137,11.543472516596527,3.7231528022184173,172.9879865771812,11.169458406655252,0.08709677419354839,2.0,1,1,1,1,0,4,Mortgage,Education,0,1,0.5574571641858526
49,26799.29,25,715,0.13,25404.97,60,2,2,25.0,10.196167987335926,10.14273946475928,0.9479717559681619,35.53142657342657,4.73985877984081,0.5102040816326531,0.6666666666666666,1,0,0,1,0,2,Own,Debt Consolidation,0,0,0.31766601064889116
42,45190.6,10,847,0.294,13236.94,48,2,1,8.6,10.718666507841833,9.490842228261888,0.2929135705213031,15.628028335301064,1.1716542820852125,0.20476190476190476,0.3333333333333333,0,0,0,1,0,1,Rent,Home Improvement,0,0,0.23477464975374
29,47552.23,31,735,0.459,18576.14,36,0,1,7.0,10.76960499416282,9.829687071563685,0.390647084269234,25.27365986394558,1.171941252807702,0.2413793103448276,1.0,0,1,0,1,0,2,Rent,Vehicle,0,0,0.32630845923170054
52,42935.02,29,786,0.545,19385.44,24,1,1,11.6,10.667466379666132,9.872329131586485,0.4515064858476833,24.663409669211195,0.9030129716953667,0.22307692307692306,0.5,0,1,0,1,0,2,Rent,Debt Consolidation,0,0,0.362071026446115
21,33355.62,24,659,0.274,47987.83,24,1,1,8.3,10.415011532394727,10.77872355447591,1.4386730032300403,72.81916540212444,2.8773460064600807,0.3952380952380953,0.5,1,0,0,1,0,2,Rent,Vehicle,0,0,0.38787804858338787
48,23493.84,32,504,0.123,197205.75,48,2,1,0.5,10.064536101554163,12.19200794977379,8.393934324912403,391.28125,33.57573729964961,0.010416666666666666,0.3333333333333333,1,0,1,1,0,3,Own,Medical,0,0,0.4304766313264032
47,64880.71,13,696,0.092,58294.61,24,1,0,5.3,11.080321044792157,10.973282069331857,0.8984890886674946,83.7566235632184,1.796978177334989,0.1127659574468085,0.0,1,0,0,0,0,1,Rent,Other,0,0,0.21133165610246912
23,39884.77,33,589,0.327,83816.26,48,2,2,15.6,10.593774897662202,11.33639423184908,2.101460281706526,142.30264855687605,8.405841126826104,0.6782608695652174,0.6666666666666666,1,0,1,1,0,3,Mortgage,Other,0,0,0.4942448852691895
24,84403.42,5,640,0.346,49217.09,36,1,1,9.3,11.343375048881052,10.804016517828426,0.5831172480925536,76.901703125,1.7493517442776607,0.3875,0.5,0,0,0,1,0,1,Mortgage,Other,0,0,0.2813053277365584
38,64676.25,4,641,0.213,64432.48,60,1,4,16.5,11.077164795780368,11.073388652780249,0.9962309193869465,100.51868954758191,4.981154596934733,0.4342105263157895,2.0,1,0,0,1,0,2,Mortgage,Vehicle,0,0,0.4402965808323602
36,25858.65,7,766,0.185,7707.9,48,1,1,11.3,10.160439117818171,8.950130784524044,0.29807820593882506,10.062532637075718,1.1923128237553002,0.3138888888888889,0.5,0,0,0,1,0,1,Mortgage,Education,0,0,0.2409729582087075
67,36215.19,14,732,0.072,146621.81,72,1,1,7.1,10.49726153540201,11.895618649782852,4.048627385359568,200.30301912568305,24.291764312157408,0.10597014925373134,0.5,1,0,0,1,0,2,Mortgage,Debt Consolidation,0,0,0.34986219975726796
52,41919.02,27,691,0.219,21309.59,36,4,1,16.7,10.643518796094046,9.966959411241543,0.5083513402746535,30.83876989869754,1.5250540208239602,0.3211538461538461,0.2,0,0,0,1,1,2,Mortgage,Education,0,0,0.41177724495290763
35,21301.14,30,669,0.186,22650.34,60,0,2,2.0,9.966562816134363,10.027974290309132,1.0633393330122238,33.857010463378174,5.316696665061119,0.05714285714285714,2.0,1,0,0,1,0,2,Mortgage,Debt Consolidation,0,0,0.23992119734505324
27,43460.42,3,737,0.272,64739.06,36,2,3,6.1,10.67962892699961,11.078135454263865,1.4896096264141028,87.84132971506105,4.4688288792423085,0.22592592592592592,1.0,1,0,0,1,0,2,Rent,Vehicle,0,0,0.4559277097494347
69,34407.11,9,629,0.258,63929.71,60,1,1,11.5,10.446047571389409,11.065555119596178,1.8580377718442496,101.63705882352942,9.290188859221248,0.16666666666666666,0.5,1,0,0,1,0,2,Mortgage,Medical,1,0,0.4441173378162646
56,51917.33,30,850,0.22,41096.49,60,2,0,18.3,10.857427185991641,10.623702328059833,0.7915755683121608,48.34881176470588,3.957877841560804,0.3267857142857143,0.0,1,0,0,0,0,1,Mortgage,Home Improvement,0,0,0.13011578879200075
62,25770.21,31,637,0.105,40769.88,36,5,1,25.0,10.157013256366389,10.615723380078762,1.5820546281927854,64.0029513343799,4.7461638845783565,0.4032258064516129,0.16666666666666666,1,0,0,1,1,3,Mortgage,Home Improvement,1,0,0.38183926123646106
52,50949.52,12,676,0.428,39795.33,60,1,1,4.4,10.838610244683185,10.591529975965551,0.7810736980446529,58.86883136094675,3.9053684902232644,0.08461538461538462,0.5,1,1,0,1,0,3,Rent,Vehicle,1,1,0.5501309884067965
54,47979.56,15,796,0.405,43107.65,36,1,3,14.7,10.778551207855378,10.671478952010764,0.8984586353021996,54.1553391959799,2.695375905906599,0.2722222222222222,1.5,1,1,0,1,0,3,Mortgage,Debt Consolidation,0,0,0.2941438845222591
22,34843.84,25,677,0.101,159285.23,60,0,0,0.5,10.458660342098552,11.978458051483964,4.571402864896637,235.2809896602659,22.857014324483185,0.022727272727272728,0.0,1,0,0,0,0,1,Rent,Debt Consolidation,0,0,0.38714710966771404
62,55336.4,11,644,0.296,19275.22,84,2,1,10.3,10.921204269945925,9.86662749085135,0.34832804446982457,29.930465838509317,2.438296311288772,0.16612903225806452,0.3333333333333333,0,0,0,1,0,1,Rent,Medical,0,0,0.4046633439041929
33,21592.39,14,792,0.224,41779.6,48,2,1,14.6,9.980142528320517,10.640187395945688,1.9349224425827802,52.7520202020202,7.739689770331121,0.4424242424242424,0.3333333333333333,1,0,0,1,0,2,Mortgage,Home Improvement,0,0,0.2511727232132319
23,55219.65,1,658,0.332,18847.28,48,1,0,13.0,10.919092256512295,9.844176942028575,0.341314731259615,28.643282674772035,1.36525892503846,0.5652173913043478,0.0,0,0,0,0,0,0,Rent,Home Improvement,0,0,0.35114715888693276
67,123150.99,5,738,0.173,139565.24,72,0,5,13.8,11.721174562573628,11.846294606253009,1.1332855708265113,189.11279132791327,6.799713424959068,0.20597014925373136,5.0,1,0,0,1,0,2,Own,Debt Consolidation,1,0,0.3189477528625025
50,15000.0,12,719,0.21,46468.28,36,5,1,0.5,9.61587214452889,10.746546728091982,3.097885333333333,64.62904033379694,9.293655999999999,0.01,0.16666666666666666,1,0,0,1,1,3,Mortgage,Medical,0,0,0.45348956028651427
37,32224.82,9,633,0.422,29024.1,60,2,1,9.7,10.380523273565876,10.275916251865928,0.9006753179691926,45.85165876777251,4.5033765898459635,0.26216216216216215,0.3333333333333333,1,1,0,1,0,3,Mortgage,Vehicle,0,1,0.5787786072204676
47,37951.41,34,658,0.677,117963.63,60,2,2,9.3,10.544088285418775,11.67814011275235,3.1082805619079763,179.27603343465046,15.541402809539882,0.19787234042553192,0.6666666666666666,1,1,0,1,0,3,Rent,Vehicle,0,1,0.5549918989074858
49,23856.43,0,678,0.108,129067.75,84,2,0,7.8,10.07985097819929,11.768100487115102,5.4101871067884,190.36541297935102,37.8713097475188,0.15918367346938775,0.0,1,0,0,0,0,1,Rent,Medical,0,0,0.25047744381293446
49,26409.25,5,719,0.07,15772.72,36,3,1,10.5,10.181507471357696,9.666100543071343,0.5972422541344415,21.937023643949928,1.7917267624033246,0.21428571428571427,0.25,0,0,0,1,1,2,Rent,Vehicle,0,0,0.29769750585886107
24,24524.97,13,624,0.498,19124.25,24,2,1,0.5,10.107487835129508,9.858764730504724,0.7797868865894637,30.64783653846154,1.5595737731789274,0.020833333333333332,0.3333333333333333,1,1,0,1,0,3,Mortgage,Debt Consolidation,1,1,0.5166379619729211
24,35146.72,27,735,0.217,18164.34,48,3,0,10.8,10.46731503027013,9.80727066179365,0.5168146558199457,24.71338775510204,2.0672586232797827,0.45,0.0,0,0,0,0,1,1,Mortgage,Debt Consolidation,0,0,0.24693530244367598
57,18903.93,30,659,0.364,36246.8,36,3,1,7.7,9.84717801359403,10.498133968785957,1.9174214039091344,55.00273141122914,5.752264211727403,0.13508771929824562,0.25,1,0,0,1,1,3,Rent,Education,0,0,0.4571305992414986
58,29525.42,1,652,0.573,30422.67,72,3,0,8.4,10.29304073474393,10.322976202849295,1.0303890681317998,46.66053680981595,6.1823344087907985,0.14482758620689656,0.0,1,1,0,0,1,3,Own,Debt Consolidation,1,1,0.6085930188570605
57,15000.0,14,729,0.334,61694.49,48,1,1,8.6,9.61587214452889,11.029966111597878,4.112966,84.62893004115226,16.451864,0.15087719298245614,0.5,1,0,0,1,0,2,Own,Debt Consolidation,0,0,0.4552806516504584
41,71983.55,31,679,0.59,28406.06,24,0,1,11.8,11.184206791638562,10.254392984804834,0.39461877053854666,41.83513991163476,0.7892375410770933,0.2878048780487805,1.0,0,1,0,1,0,2,Mortgage,Debt Consolidation,0,0,0.3118097293302922
40,71990.16,15,692,0.249,5951.21,60,0,1,0.5,11.184298612682607,8.691517858148588,0.08266699226672089,8.600014450867052,0.4133349613336045,0.0125,1.0,0,0,0,1,0,1,Own,Vehicle,0,0,0.22694890168880433
23,41503.05,23,649,0.193,26307.33,36,2,2,8.1,10.633546291818606,10.17764089805551,0.63386498100742,40.53517719568567,1.9015949430222598,0.3521739130434782,0.6666666666666666,0,0,0,1,0,1,Mortgage,Vehicle,0,0,0.33388173737363197
34,41218.05,23,619,0.15,29978.28,36,2,0,2.7,10.62665580711433,10.308261755357526,0.727309516097923,48.43017770597738,2.181928548293769,0.07941176470588236,0.0,0,0,0,0,0,0,Rent,Education,0,0,0.23966235058558583
63,42815.77,0,736,0.411,58875.94,60,1,1,6.5,10.664685127257432,10.98320478194357,1.3750994084656192,79.99448369565218,6.875497042328096,0.10317460317460317,0.5,1,1,0,1,0,3,Own,Home Improvement,0,0,0.44805669425834743
50,26148.36,2,796,0.644,49347.64,48,1,1,4.0,10.17157999500619,10.806665486224546,1.8872174010148246,61.99452261306533,7.548869604059298,0.08,0.5,1,1,0,1,0,3,Rent,Vehicle,0,0,0.48959665626442833
51,27500.13,4,613,0.331,16126.7,72,1,4,11.2,10.221982373719545,9.688293569507614,0.5864226823655015,26.30783034257749,3.518536094193009,0.2196078431372549,2.0,0,0,0,1,0,1,Rent,Medical,0,1,0.5253783297416748
65,33404.17,24,681,0.215,40372.92,60,0,0,6.2,10.416465957405153,10.605939310941185,1.208619163415825,59.284757709251096,6.043095817079125,0.09538461538461539,0.0,1,0,0,0,0,1,Own,Home Improvement,0,0,0.24772321536168476
51,40107.53,18,701,0.407,25502.85,12,0,1,6.1,10.59934430887784,10.146584700142283,0.6358618942627482,36.38067047075606,0.6358618942627482,0.1196078431372549,1.0,0,1,0,1,0,2,Mortgage,Other,0,0,0.45422238936548687
65,55798.36,28,662,0.346,23993.99,60,1,1,8.9,10.929517678769576,10.085600337538768,0.4300124591475449,36.24469788519638,2.1500622957377242,0.13692307692307693,0.5,0,0,0,1,0,1,Mortgage,Home Improvement,0,0,0.3637396322030342
48,52916.02,16,773,0.208,24553.64,36,0,2,15.5,10.87648030522989,10.108656117400692,0.46401146571491964,31.764087968952133,1.3920343971447589,0.3229166666666667,2.0,0,0,0,1,0,1,Own,Vehicle,0,0,0.21986050077755967
43,35196.37,30,693,0.29,46865.64,72,2,0,13.9,10.468726642885725,10.755061400700388,1.3315475431131107,67.62718614718615,7.989285258678665,0.3232558139534884,0.0,1,0,0,0,0,1,Own,Education,0,0,0.31577583817713273
24,61484.47,17,767,0.258,65622.86,60,1,1,0.5,11.026556165718178,11.09169462831447,1.0673078909194469,85.55783572359843,5.336539454597235,0.020833333333333332,0.5,1,0,0,1,0,2,Rent,Medical,0,0,0.27475662999791245
41,22356.2,21,689,0.398,66465.05,24,1,2,6.4,10.014903695814308,11.104446569965225,2.9730030148236284,96.46596516690856,5.946006029647257,0.15609756097560976,1.0,1,0,0,1,0,2,Rent,Debt Consolidation,0,0,0.4916573385759536
50,54237.68,18,662,0.475,19312.29,36,0,1,7.4,10.90114958603496,9.868548738952335,0.3560677742853308,29.172643504531724,1.0682033228559924,0.14800000000000002,1.0,0,1,0,1,0,2,Mortgage,Debt Consolidation,1,0,0.4914231872868645
64,49754.6,15,591,0.324,23786.88,72,0,0,0.8,10.814878299066091,10.076931486253478,0.4780840364509011,40.248527918781726,2.8685042187054064,0.0125,0.0,0,0,1,0,0,1,Rent,Vehicle,0,0,0.40153027135518193
24,37391.38,15,622,0.279,60952.57,60,2,2,12.6,10.529222219328627,11.017867705794602,1.630123573936025,97.99448553054663,8.150617869680124,0.525,0.6666666666666666,1,0,0,1,0,2,Mortgage,Debt Consolidation,1,0,0.4586059114023324
28,63312.14,27,790,0.335,65120.3,72,0,2,15.6,11.0558481695283,11.084006963622125,1.0285594516312353,82.43075949367089,6.171356709787412,0.5571428571428572,2.0,1,0,0,1,0,2,Own,Education,1,0,0.24761199987556903
59,31463.1,27,642,0.473,73656.83,48,0,0,3.5,10.356602492342038,11.207185729885502,2.3410544415521675,114.73026479750779,9.36421776620867,0.059322033898305086,0.0,1,1,0,0,0,2,Rent,Home Improvement,0,0,0.4985796073992522
39,33013.67,28,673,0.149,24985.02,60,2,2,10.2,10.404707287122106,10.126071747439704,0.7568083160702824,37.124843982169395,3.784041580351412,0.2615384615384615,0.6666666666666666,1,0,0,1,0,2,Rent,Home Improvement,0,0,0.2681960113653079
41,23268.18,14,685,0.339,115507.68,72,1,2,4.4,10.054885017170934,11.657100957635404,4.964190581300299,168.6243503649635,29.785143487801793,0.10731707317073172,1.0,1,0,0,1,0,2,Own,Vehicle,0,0,0.41917652113294923
47,25264.57,20,684,0.478,17352.14,48,0,3,4.6,10.137197878326454,9.76152874882722,0.6868171514496387,25.36862573099415,2.747268605798555,0.0978723404255319,3.0,0,1,0,1,0,2,Mortgage,Home Improvement,1,0,0.4889263434314202
69,30638.07,3,661,0.343,21740.31,36,2,2,11.9,10.330031270913464,9.986969416449481,0.7095848400372479,32.89003025718608,2.1287545201117437,0.17246376811594202,0.6666666666666666,0,0,0,1,0,1,Own,Debt Consolidation,1,1,0.523417877596362
53,43174.68,32,549,0.221,70873.56,72,0,0,6.8,10.673032652746093,11.168666832897909,1.6415537995880918,129.09573770491804,9.84932279752855,0.12830188679245283,0.0,1,0,1,0,0,2,Mortgage,Debt Consolidation,1,0,0.3551479481412227
54,44547.24,27,706,0.366,67155.55,84,1,3,11.4,10.704327925945726,11.114781740008986,1.50751314784036,95.12117563739378,10.55259203488252,0.2111111111111111,1.5,1,0,0,1,0,2,Mortgage,Vehicle,0,0,0.39502363610843805
66,45208.97,9,689,0.467,40991.29,60,0,5,4.3,10.719072916718424,10.621139279222568,0.9067070096929879,59.49388969521045,4.533535048464939,0.06515151515151515,5.0,1,1,0,1,0,3,Rent,Other,0,1,0.5355368578074627
46,43552.34,27,797,0.089,86152.79,60,3,2,10.3,10.681741672795654,11.363889234023814,1.9781437690833603,108.0963488080301,9.890718845416801,0.22391304347826088,0.5,1,0,0,1,1,3,Rent,Debt Consolidation,1,0,0.2553727061302434
56,44038.89,13,622,0.291,13879.19,36,3,1,0.5,10.69285109310416,9.538217922727911,0.31515758003891564,22.313810289389068,0.9454727401167469,0.008928571428571428,0.25,0,0,0,1,1,2,Mortgage,Education,1,0,0.41335653383384807
58,28512.84,9,657,0.421,7729.1,72,1,2,6.5,10.258144862419492,8.952877078108399,0.2710743650930598,11.764231354642314,1.626446190558359,0.11206896551724138,1.0,0,1,0,1,0,2,Rent,Home Improvement,0,0,0.4743248898926034
56,34696.85,9,705,0.22,92074.49,60,4,1,6.4,10.454433004361194,11.43036406304768,2.653684412273737,130.6021134751773,13.268422061368685,0.1142857142857143,0.2,1,0,0,1,1,3,Rent,Debt Consolidation,0,0,0.46438517614538966
53,38872.16,33,622,0.261,35347.32,60,0,0,2.7,10.568059317171668,10.473006145442907,0.9093222501656711,56.82848874598071,4.546611250828356,0.0509433962264151,0.0,1,0,0,0,0,1,Mortgage,Home Improvement,1,0,0.2730485423117062
69,36325.89,32,732,0.404,19142.25,36,1,2,7.0,10.50031351736713,9.859705452055213,0.5269588714825707,26.15061475409836,1.5808766144477122,0.10144927536231885,1.0,0,1,0,1,0,2,Mortgage,Vehicle,0,0,0.3311215009516435
48,69518.54,20,623,0.122,20884.98,48,3,0,10.6,11.149363143116462,9.946833399459795,0.3004231676902306,33.523242375601924,1.2016926707609223,0.22083333333333333,0.0,0,0,0,0,1,1,Rent,Vehicle,1,0,0.3972859351864637
41,15000.0,22,520,0.395,35519.74,60,3,1,6.5,9.61587214452889,10.477872030222429,2.3679826666666663,68.3071923076923,11.839913333333332,0.15853658536585366,0.25,1,0,1,1,1,4,Mortgage,Other,0,1,0.5123466024590739
65,46289.59,4,762,0.055,36729.77,48,1,1,15.7,10.74269397967751,10.511370102383793,0.7934779720451186,48.20179790026246,3.1739118881804744,0.24153846153846154,0.5,1,0,0,1,0,2,Mortgage,Debt Consolidation,0,0,0.3032072193069779
68,39109.01,21,674,0.192,11549.3,60,2,1,9.6,10.574133723438608,9.354466689638594,0.29531046682081696,17.13545994065282,1.4765523341040847,0.1411764705882353,0.3333333333333333,0,0,0,1,0,1,Rent,Home Improvement,0,0,0.33677283407902264
57,34071.05,17,755,0.382,90876.05,60,2,1,6.8,10.436232679082602,11.417262773040804,2.6672512294161757,120.36562913907285,13.336256147080878,0.11929824561403508,0.3333333333333333,1,0,0,1,0,2,Rent,Home Improvement,0,0,0.2991019201988644
67,56498.39,13,729,0.302,28969.12,60,5,0,10.3,10.941985120616073,10.274020232970903,0.5127423985002051,39.738161865569275,2.5637119925010254,0.1537313432835821,0.0,0,0,0,0,1,1,Mortgage,Other,1,0,0.33998925254285495
47,57155.58,1,622,0.273,79246.51,60,2,1,0.5,10.95354979820341,11.280331271687563,1.3865052196128531,127.40596463022507,6.932526098064265,0.010638297872340425,0.3333333333333333,1,0,0,1,0,2,Rent,Debt Consolidation,1,1,0.5119169281111967
27,44091.82,1,850,0.306,36622.06,36,2,0,11.4,10.694052236388275,10.50843337563317,0.8305862629394749,43.08477647058823,2.4917587888184247,0.4222222222222222,0.0,1,0,0,0,0,1,Mortgage,Home Improvement,1,0,0.2784041382445907
21,26782.31,3,689,0.469,45987.7,60,4,1,6.9,10.195534211308619,10.736150993119882,1.7170923643255565,66.74557329462989,8.585461821627781,0.32857142857142857,0.2,1,1,0,1,1,4,Mortgage,Home Improvement,0,1,0.5624201672717533
50,35483.67,2,801,0.224,35380.14,60,1,2,11.1,10.47685605121174,10.473934188788792,0.9970823198389569,44.16996254681648,4.9854115991947845,0.222,1.0,1,0,0,1,0,2,Own,Debt Consolidation,0,0,0.2927173122160961
57,24077.62,6,729,0.57,33648.39,60,1,0,0.5,10.089079588810435,10.42375020712253,1.3974965133597093,46.156913580246915,6.987482566798546,0.008771929824561403,0.0,1,1,0,0,0,2,Own,Home Improvement,0,0,0.49673769711017113
62,25403.53,30,753,0.283,33576.03,72,1,0,4.9,10.142682783561483,10.421597481216722,1.3217072587943486,44.5896812749004,7.9302435527660915,0.07903225806451614,0.0,1,0,0,0,0,1,Mortgage,Vehicle,0,0,0.22646728728180837
68,21874.44,8,610,0.19,83768.31,60,4,4,0.5,9.99311982530924,11.335821990274969,3.8295064925090654,137.32509836065574,19.14753246254533,0.007352941176470588,0.8,1,0,0,1,1,3,Own,Home Improvement,0,1,0.5193908683889354
63,15000.0,24,554,0.506,25121.89,48,2,3,14.8,9.61587214452889,10.131534661735348,1.6747926666666666,45.34637184115523,6.699170666666666,0.23492063492063492,1.0,1,1,1,1,0,4,Mortgage,Debt Consolidation,1,1,0.5693181297659579
28,32955.13,24,636,0.496,31538.32,36,2,0,12.8,10.402932562081178,10.358990300360706,0.9570079074183595,49.588553459119495,2.8710237222550785,0.4571428571428572,0.0,1,1,0,0,0,2,Mortgage,Debt Consolidation,1,1,0.5198008554560102
37,23230.16,31,719,0.265,6072.85,60,4,1,12.8,10.053249759946048,8.711747949877642,0.2614209286548177,8.44624478442281,1.3071046432740885,0.34594594594594597,0.2,0,0,0,1,1,2,Mortgage,Home Improvement,0,0,0.27309088318127356
35,15000.0,16,749,0.445,48302.35,48,2,2,12.9,9.61587214452889,10.78525619541355,3.2201566666666666,64.48911882510014,12.880626666666666,0.3685714285714286,0.6666666666666666,1,1,0,1,0,3,Rent,Other,1,0,0.46740839459624633
30,47877.07,5,729,0.311,24291.03,60,2,0,6.9,10.776412849753378,10.09790359199118,0.5073625015064622,33.32102880658436,2.536812507532311,0.23,0.0,0,0,0,0,0,0,Own,Debt Consolidation,1,0,0.32575387678214335
40,47636.52,34,565,0.456,21784.39,60,1,2,16.6,10.77137596501934,9.988994840617602,0.457304395871067,38.556442477876104,2.286521979355335,0.41500000000000004,1.0,0,1,1,1,0,3,Rent,Education,0,1,0.5510653091539192
27,17559.1,11,645,0.214,24250.68,36,0,2,6.6,9.773384561933712,10.09624117231651,1.381089007978769,37.59795348837209,4.143267023936307,0.24444444444444444,2.0,1,0,0,1,0,2,Own,Education,0,0,0.3565781487251106
37,27093.71,5,673,0.155,88450.74,72,2,3,8.2,10.207093784861186,11.390212371525585,3.2646226744140985,131.42754829123328,19.58773604648459,0.2216216216216216,1.0,1,0,0,1,0,2,Rent,Education,0,0,0.4500042667214851
55,62622.56,25,702,0.118,8473.26,48,1,0,8.3,11.044896844110824,9.0447886128022,0.135306828721151,12.070170940170941,0.541227314884604,0.1509090909090909,0.0,0,0,0,0,0,0,Rent,Debt Consolidation,0,0,0.20557148512844642
65,28509.29,21,602,0.323,22926.14,36,1,0,5.5,10.258020353724504,10.040076640641525,0.8041638357181115,38.08328903654485,2.4124915071543342,0.08461538461538462,0.0,1,0,0,0,0,1,Mortgage,Medical,0,0,0.38236440877073435
54,60304.9,31,676,0.125,20582.67,48,2,2,1.7,11.007185222041624,9.932253321963655,0.34131007596397633,30.44773668639053,1.3652403038559053,0.03148148148148148,0.6666666666666666,0,0,0,1,0,1,Mortgage,Vehicle,0,0,0.3094870092953686
57,26997.62,22,685,0.16,13558.9,60,1,2,10.2,10.203541032569138,9.514872186835925,0.5022257517514507,19.794014598540144,2.5111287587572533,0.17894736842105263,1.0,0,0,0,1,0,1,Own,Other,1,0,0.3414131262325249
60,38634.21,33,691,0.462,42877.5,72,2,2,8.5,10.561919315838871,10.666125813789538,1.1098324516018316,62.05137481910275,6.65899470961099,0.14166666666666666,0.6666666666666666,1,1,0,1,0,3,Rent,Other,0,0,0.47923540912851575
24,25001.23,27,738,0.378,50866.5,36,3,1,6.3,10.126720299872254,10.836979491730059,2.0345598996529373,68.92479674796748,6.103679698958812,0.2625,0.25,1,0,0,1,1,3,Rent,Vehicle,0,0,0.3491178954006341
46,53942.53,20,514,0.26,52804.81,12,4,1,10.6,10.895693037637324,10.874376501519418,0.9789086644619746,102.733093385214,0.9789086644619746,0.23043478260869565,0.2,1,0,1,1,1,4,Rent,Debt Consolidation,1,1,0.5104979619908021
33,27677.26,14,613,0.205,30779.12,48,1,3,13.8,10.228402546484077,10.334624306020748,1.112072510067832,50.21063621533442,4.448290040271328,0.4181818181818182,1.5,1,0,0,1,0,2,Rent,Debt Consolidation,1,0,0.40669158481588524
22,17481.16,9,783,0.201,46587.18,24,1,1,5.8,9.768936211369459,10.749102139870956,2.6649936274251824,59.49831417624521,5.329987254850365,0.2636363636363636,0.5,1,0,0,1,0,2,Rent,Home Improvement,1,0,0.2915227248055406
38,37831.39,2,732,0.261,27537.41,60,0,2,9.8,10.540920893003925,10.22333703641117,0.7278984462373707,37.61941256830601,3.6394922311868534,0.2578947368421053,2.0,0,0,0,1,0,1,Rent,Medical,0,0,0.3186101149413616
28,20671.94,12,741,0.311,47871.13,36,1,1,6.8,9.936580877684724,10.776288776905329,2.3157541091934286,64.60341430499325,6.947262327580286,0.24285714285714285,0.5,1,0,0,1,0,2,Mortgage,Debt Consolidation,0,0,0.34588855340788244
42,41747.96,30,631,0.439,24361.18,60,1,0,10.0,10.639429819789097,10.100787208788557,0.5835298299605538,38.60725832012678,2.9176491498027692,0.23809523809523808,0.0,0,1,0,0,0,1,Own,Vehicle,0,0,0.38981510375986494
65,45415.48,24,545,0.432,113769.52,36,1,2,7.3,10.723630313757191,11.641938716148262,2.505082408024753,208.7514128440367,7.515247224074258,0.1123076923076923,1.0,1,1,1,1,0,4,Rent,Vehicle,1,1,0.6450043829907269
33,79727.76,8,633,0.527,9474.99,36,2,0,0.5,11.286385652885947,9.156516509980525,0.11884179362370147,14.968388625592416,0.3565253808711044,0.015151515151515152,0.0,0,1,0,0,0,1,Mortgage,Vehicle,0,0,0.48364746619925386
64,27737.83,28,695,0.124,17162.09,12,2,0,5.4,10.230588515618122,9.75051642676138,0.6187250408557554,24.693654676258994,0.6187250408557554,0.084375,0.0,0,0,0,0,0,0,Rent,Home Improvement,0,0,0.23596783567192
49,44091.26,15,656,0.372,26959.75,48,1,1,7.7,10.694039535827137,10.2021373836304,0.6114533810102047,41.09717987804878,2.445813524040819,0.15714285714285714,0.5,0,0,0,1,0,1,Mortgage,Debt Consolidation,0,0,0.35791432064400835
34,21203.41,12,720,0.417,29558.07,60,3,2,11.6,9.961964457895103,10.294145913132846,1.3940243574028894,41.052875,6.970121787014447,0.3411764705882353,0.5,1,1,0,1,1,4,Rent,Home Improvement,0,0,0.47419616174490753
37,25817.77,25,684,0.343,31243.62,48,1,0,0.5,10.158857025775614,10.349602480343314,1.2101595141640815,45.677807017543856,4.840638056656326,0.013513513513513514,0.0,1,0,0,0,0,1,Mortgage,Home Improvement,0,0,0.25292965703463133
59,54981.36,1,662,0.512,91114.43,60,3,1,9.4,10.914767685497889,11.41988244321978,1.6571876359551672,137.63509063444107,8.285938179775837,0.1593220338983051,0.25,1,1,0,1,1,4,Mortgage,Education,1,1,0.6194203090000966
55,30876.92,29,694,0.603,14264.6,48,0,1,14.3,10.33779664435714,9.565606323751496,0.46198260707350347,20.554178674351586,1.8479304282940139,0.26,1.0,0,1,0,1,0,2,Mortgage,Debt Consolidation,0,0,0.4116980041990197
42,26541.81,29,750,0.46,35702.34,84,1,0,8.0,10.186514180201648,10.482999520814477,1.345135844164358,47.60312,9.415950909150506,0.19047619047619047,0.0,1,1,0,0,0,2,Own,Education,0,0,0.38730400610192367
59,33118.56,1,739,0.257,100261.63,60,3,0,12.2,10.407879323386794,11.515548322270774,3.027354752138982,135.6720297699594,15.136773760694911,0.20677966101694914,0.0,1,0,0,0,1,2,Rent,Home Improvement,0,0,0.38980914119239884
53,22650.8,26,805,0.255,18329.93,36,1,0,15.3,10.027994597952267,9.816345076044243,0.8092398502481148,22.770099378881987,2.4277195507443445,0.28867924528301886,0.0,1,0,0,0,0,1,Rent,Debt Consolidation,0,0,0.18488580934600723
27,75541.69,18,710,0.714,8888.12,12,1,0,10.7,11.23245320590512,9.092583335981805,0.1176584744132677,12.518478873239438,0.1176584744132677,0.39629629629629626,0.0,0,1,0,0,0,1,Mortgage,Medical,1,0,0.37217837957754957
26,31438.2,12,715,0.122,16622.12,60,3,0,13.9,10.355810800926784,9.718549776422957,0.5287236546621625,23.24772027972028,2.6436182733108127,0.5346153846153846,0.0,0,0,0,0,1,1,Rent,Other,0,0,0.25019125007795845
27,19819.99,10,639,0.119,20046.39,72,0,0,1.8,9.894496756182455,9.905854249697681,1.0114228110105,31.371502347417838,6.068536866062999,0.06666666666666667,0.0,1,0,0,0,0,1,Rent,Vehicle,0,0,0.20778130632288538
33,57438.24,25,698,0.195,44816.42,72,0,1,5.7,10.958482972436801,10.710352182110388,0.7802540607093811,64.20690544412608,4.681524364256287,0.17272727272727273,1.0,1,0,0,1,0,2,Own,Vehicle,0,0,0.27670536886801916
59,37942.87,28,683,0.064,81026.45,24,1,1,12.0,10.543863241449925,11.302543265133595,2.1354855339092693,118.6331625183016,4.270971067818539,0.2033898305084746,0.5,1,0,0,1,0,2,Rent,Debt Consolidation,0,0,0.35048841990011326
46,25599.9,29,749,0.427,33249.89,60,1,2,1.9,10.150382786099687,10.411836812643067,1.298828901675397,44.39237650200267,6.494144508376985,0.041304347826086954,1.0,1,1,0,1,0,3,Own,Home Improvement,0,0,0.37221615077741305
54,31222.0,22,752,0.221,23150.05,72,0,0,10.4,10.348910281701418,10.049795414857302,0.7414659534943309,30.784640957446808,4.448795720965985,0.1925925925925926,0.0,0,0,0,0,0,0,Mortgage,Vehicle,0,0,0.17759280312147116
37,28163.62,31,693,0.225,23590.84,36,0,1,8.4,10.245821859315198,10.068656168512128,0.8376352187680419,34.04161616161616,2.5129056563041257,0.22702702702702704,1.0,1,0,0,1,0,2,Rent,Home Improvement,0,0,0.3115068657046518
67,18908.25,3,652,0.352,67373.62,36,2,0,8.5,9.84740649931123,11.11802366812118,3.5631864397815765,103.33377300613496,10.68955931934473,0.12686567164179105,0.0,1,0,0,0,0,1,Own,Debt Consolidation,1,0,0.39772702390053566
33,24669.91,26,557,0.152,22230.15,60,1,3,8.3,10.113380095750271,10.00924973751403,0.9011038143227925,39.91050269299821,4.505519071613962,0.2515151515151515,1.5,1,0,1,1,0,3,Mortgage,Debt Consolidation,0,0,0.31726147502975316
23,61785.55,18,598,0.34,44409.1,24,2,1,3.4,11.031440982218843,10.701222200028715,0.7187619111588388,74.26270903010032,1.4375238223176776,0.14782608695652175,0.3333333333333333,0,0,1,1,0,2,Rent,Debt Consolidation,1,0,0.4959767960602367
28,43151.97,18,712,0.659,30777.37,36,2,0,15.2,10.672506523806884,10.33456744952539,0.7132320957768555,43.22664325842697,2.1396962873305667,0.5428571428571428,0.0,0,1,0,0,0,1,Rent,Home Improvement,0,0,0.4593669787381989
