customer_id,age,income,employment_years,credit_score,debt_to_income,loan_amount,loan_term_months,existing_loans,late_payments,credit_history_years,home_ownership,loan_purpose,loan_default
CUST_00001,59,21714.54,14,539,0.179,33004.47,60,1,1,5.3,Mortgage,Home Improvement,0
CUST_00002,49,23441.1,29,749,0.082,14837.64,24,0,3,15.6,Own,Vehicle,0
CUST_00003,35,49731.03,14,669,0.677,42052.05,36,1,0,3.3,Mortgage,Medical,0
CUST_00004,63,30373.16,22,603,0.552,41997.44,48,1,1,12.7,Own,Education,1
CUST_00005,28,84558.62,14,721,0.143,30543.53,60,1,1,10.9,Mortgage,Debt Consolidation,1
CUST_00006,41,75645.95,28,647,0.338,49688.35,36,2,1,8.5,Own,Vehicle,0
CUST_00007,59,83855.4,10,838,0.118,54029.97,36,1,1,11.3,Rent,Debt Consolidation,0
CUST_00008,39,22965.39,17,715,0.498,14846.28,48,4,2,2.2,Mortgage,Debt Consolidation,0
CUST_00009,43,46418.14,30,684,0.381,21018.27,72,3,1,11.4,Mortgage,Debt Consolidation,0
CUST_00010,31,28602.17,8,725,0.081,7091.34,36,1,1,10.3,Mortgage,Education,0
CUST_00011,31,42784.7,21,774,0.257,176400.97,36,1,1,9.6,Own,Medical,0
CUST_00012,44,24274.78,10,781,0.636,11152.78,72,2,2,7.2,Rent,Debt Consolidation,0
CUST_00013,56,67042.24,16,745,0.199,121096.16,36,1,2,2.7,Mortgage,Debt Consolidation,0
CUST_00014,60,24502.59,32,776,0.517,46066.06,60,1,2,12.4,Own,Debt Consolidation,0
CUST_00015,44,15000.0,10,764,0.1,13632.13,48,0,2,6.3,Own,Home Improvement,0
CUST_00016,23,100397.28,7,744,0.338,67545.19,72,2,0,7.4,Mortgage,Home Improvement,0
CUST_00017,42,45308.43,3,652,0.469,38449.7,60,0,3,10.9,Own,Debt Consolidation,0
CUST_00018,22,21278.16,18,768,0.392,88428.32,72,2,2,6.5,Rent,Debt Consolidation,0
CUST_00019,44,33485.39,23,650,0.237,56757.61,60,2,0,17.2,Own,Education,0
CUST_00020,64,27216.3,17,698,0.097,87419.07,60,0,1,4.5,Rent,Vehicle,1
CUST_00021,50,36419.9,32,654,0.129,29778.84,48,3,2,18.4,Mortgage,Debt Consolidation,0
CUST_00022,58,54251.74,9,727,0.197,40579.53,60,0,0,10.6,Own,Debt Consolidation,0
CUST_00023,22,50155.81,13,770,0.342,91856.72,60,0,2,0.6,Rent,Debt Consolidation,0
CUST_00024,41,41227.65,6,652,0.201,22645.87,48,1,1,1.4,Mortgage,Debt Consolidation,0
CUST_00025,53,36411.01,11,581,0.043,47951.55,60,3,1,9.8,Mortgage,Vehicle,0
CUST_00026,32,62276.25,21,751,0.263,21520.66,48,3,4,10.7,Mortgage,Education,0
CUST_00027,42,15000.0,26,752,0.181,56522.39,24,3,2,4.5,Mortgage,Debt Consolidation,0
CUST_00028,64,24972.58,10,790,0.492,33953.25,60,2,1,5.9,Mortgage,Debt Consolidation,0
CUST_00029,45,22262.71,12,743,0.096,41102.47,24,2,1,11.3,Mortgage,Medical,0
CUST_00030,69,60061.77,31,744,0.308,93349.37,60,4,0,6.4,Mortgage,Debt Consolidation,1
CUST_00031,47,25095.75,7,630,0.211,32355.53,60,1,1,4.8,Rent,Vehicle,1
CUST_00032,62,19091.95,6,732,0.162,44429.76,36,0,0,13.5,Rent,Debt Consolidation,0
CUST_00033,48,47794.4,16,830,0.188,74364.67,60,1,0,13.1,Rent,Vehicle,0
CUST_00034,36,23054.73,21,641,0.14,28925.11,24,2,1,9.4,Mortgage,Education,0
CUST_00035,35,30474.23,33,595,0.432,29188.87,36,3,0,10.5,Rent,Home Improvement,1
CUST_00036,67,119440.3,19,690,0.183,13842.61,24,1,0,10.5,Rent,Debt Consolidation,0
CUST_00037,64,53829.09,7,746,0.102,32075.25,12,0,3,4.8,Mortgage,Debt Consolidation,1
CUST_00038,23,32678.73,21,695,0.549,80438.58,60,2,0,16.1,Own,Debt Consolidation,1
CUST_00039,57,34181.37,26,805,0.252,24006.16,48,3,0,16.0,Rent,Vehicle,0
CUST_00040,27,57167.67,33,620,0.203,29077.01,36,0,1,2.5,Mortgage,Home Improvement,0
CUST_00041,41,50586.26,20,574,0.184,23238.87,60,4,0,7.3,Rent,Home Improvement,0
CUST_00042,29,37714.49,14,780,0.13,13883.39,72,3,2,0.8,Own,Other,0
CUST_00043,59,38245.45,4,581,0.307,25215.94,48,1,0,6.4,Mortgage,Vehicle,0
CUST_00044,38,17327.94,16,702,0.039,29951.38,60,1,1,9.0,Rent,Home Improvement,0
CUST_00045,24,15599.51,7,778,0.125,131532.01,60,2,2,1.0,Mortgage,Debt Consolidation,0
CUST_00046,45,33242.65,18,695,0.42,32591.68,60,1,1,17.0,Own,Debt Consolidation,0
CUST_00047,34,26459.15,4,631,0.315,49105.29,36,1,1,14.7,Mortgage,Vehicle,0
CUST_00048,29,48680.78,22,769,0.152,39556.49,48,0,1,5.7,Rent,Other,0
CUST_00049,46,40078.28,18,692,0.535,61872.53,24,0,2,12.0,Own,Debt Consolidation,1
CUST_00050,22,24676.65,13,665,0.348,12160.1,72,2,1,16.5,Rent,Debt Consolidation,1
CUST_00051,40,39403.08,9,795,0.127,42610.4,60,2,0,9.9,Mortgage,Vehicle,0
CUST_00052,48,29462.8,30,654,0.502,32950.37,12,2,2,4.7,Own,Education,0
CUST_00053,67,102058.42,12,638,0.532,46151.34,60,1,1,10.9,Own,Education,0
CUST_00054,27,44051.78,21,617,0.252,59237.68,12,0,3,2.8,Mortgage,Home Improvement,0
CUST_00055,64,16642.19,9,765,0.404,38250.6,60,1,0,11.5,Own,Other,1
CUST_00056,28,90242.66,30,710,0.33,26431.19,48,1,0,4.3,Rent,Debt Consolidation,0
CUST_00057,67,26460.95,34,646,0.177,65028.94,36,1,4,7.4,Own,Debt Consolidation,0
CUST_00058,55,22306.46,12,579,0.395,55170.44,60,1,1,6.7,Rent,Debt Consolidation,0
CUST_00059,34,106068.81,29,779,0.383,73557.58,84,2,3,12.4,Own,Home Improvement,0
CUST_00060,37,43170.74,33,647,0.148,36111.81,60,3,1,3.5,Mortgage,Debt Consolidation,0
CUST_00061,56,51553.89,34,553,0.51,25144.4,60,0,1,6.6,Mortgage,Debt Consolidation,0
CUST_00062,60,52393.09,3,686,0.362,130960.52,72,1,1,10.9,Rent,Debt Consolidation,1
CUST_00063,24,32761.36,3,752,0.239,19417.37,48,0,0,3.9,Own,Debt Consolidation,0
CUST_00064,22,27276.95,5,730,0.246,75980.03,60,2,1,4.1,Own,Education,0
CUST_00065,26,29595.31,27,686,0.144,75503.8,48,3,1,7.7,Rent,Other,0
CUST_00066,62,81180.73,29,649,0.289,57351.06,36,1,0,12.6,Mortgage,Medical,0
CUST_00067,24,40210.92,26,641,0.067,34859.1,24,0,2,7.9,Mortgage,Vehicle,0
CUST_00068,49,70014.49,4,769,0.279,41878.1,72,2,2,2.2,Rent,Home Improvement,1
CUST_00069,38,34953.62,34,543,0.243,24082.97,24,1,0,6.6,Mortgage,Home Improvement,0
CUST_00070,46,24892.16,14,614,0.478,12611.45,60,0,1,11.3,Own,Other,1
CUST_00071,64,17657.07,18,673,0.158,28545.12,12,1,1,2.7,Mortgage,Debt Consolidation,0
CUST_00072,54,50211.61,29,540,0.337,33502.19,48,2,0,14.8,Mortgage,Debt Consolidation,1
CUST_00073,30,84715.09,31,665,0.11,16641.97,24,2,1,0.5,Mortgage,Debt Consolidation,1
CUST_00074,56,23318.76,28,594,0.054,17854.97,60,2,2,10.9,Mortgage,Medical,0
CUST_00075,34,46942.85,5,713,0.355,22196.61,60,2,1,14.6,Mortgage,Home Improvement,0
CUST_00076,51,18254.96,25,640,0.614,38055.23,60,1,0,13.7,Own,Debt Consolidation,0
CUST_00077,68,27505.79,26,652,0.125,61465.29,60,2,0,7.9,Mortgage,Education,0
CUST_00078,35,41521.57,34,635,0.503,39013.85,60,1,1,8.5,Own,Home Improvement,0
CUST_00079,28,15303.75,27,727,0.446,167510.91,36,0,1,11.6,Rent,Vehicle,0
CUST_00080,34,35989.71,4,675,0.366,31153.58,36,1,3,10.7,Rent,Home Improvement,1
CUST_00081,43,23900.38,15,746,0.482,36683.47,48,0,1,0.5,Mortgage,Debt Consolidation,0
CUST_00082,60,49137.59,17,765,0.519,91577.01,48,1,4,6.5,Mortgage,Other,0
CUST_00083,41,33433.03,12,660,0.115,27852.97,36,1,2,9.9,Rent,Debt Consolidation,0
CUST_00084,36,58088.3,24,631,0.168,31917.78,48,2,0,7.2,Rent,Vehicle,0
CUST_00085,65,31577.52,9,651,0.508,34121.68,36,0,3,12.3,Rent,Vehicle,1
CUST_00086,38,18376.17,28,850,0.262,65333.59,60,4,1,13.3,Own,Education,0
CUST_00087,67,17266.44,9,637,0.288,42572.69,84,2,0,2.2,Mortgage,Medical,0
CUST_00088,44,15000.0,5,668,0.227,33688.89,60,1,0,4.8,Own,Debt Consolidation,0
CUST_00089,46,49835.3,15,695,0.378,48930.6,48,3,0,10.3,Mortgage,Home Improvement,0
CUST_00090,45,130465.68,24,718,0.054,20906.63,72,1,1,14.3,Rent,Other,0
CUST_00091,65,45144.29,3,687,0.075,57430.67,60,0,0,14.2,Rent,Other,0
CUST_00092,61,83786.19,33,804,0.438,83910.91,36,3,0,6.3,Rent,Debt Consolidation,0
CUST_00093,49,64009.49,18,697,0.071,84364.11,60,0,0,5.2,Mortgage,Medical,0
CUST_00094,35,28024.43,32,670,0.374,26795.52,60,2,1,10.4,Rent,Debt Consolidation,0
CUST_00095,65,68367.85,3,747,0.037,10771.5,60,0,0,10.9,Mortgage,Debt Consolidation,0
CUST_00096,21,28587.15,33,618,0.448,126714.62,12,2,1,14.7,Own,Home Improvement,1
CUST_00097,45,28872.53,11,718,0.743,18244.23,60,0,1,5.3,Own,Vehicle,1
CUST_00098,27,32718.76,30,654,0.381,37746.4,60,1,0,11.0,Mortgage,Vehicle,0
CUST_00099,29,33503.36,15,770,0.148,47242.1,36,2,1,7.5,Mortgage,Other,0
CUST_00100,44,50548.31,1,775,0.15,8862.72,72,1,2,9.1,Own,Vehicle,0
CUST_00101,21,25966.35,1,668,0.549,53442.61,60,1,0,3.7,Rent,Home Improvement,0
CUST_00102,64,56644.57,5,619,0.532,67751.77,60,1,0,5.3,Own,Vehicle,1
CUST_00103,28,56239.35,22,550,0.545,50029.96,60,4,4,6.2,Own,Education,1
CUST_00104,44,43108.77,15,696,0.186,30856.35,36,0,2,4.5,Own,Home Improvement,0
CUST_00105,31,95779.69,18,531,0.537,28204.36,36,2,3,10.0,Mortgage,Debt Consolidation,1
CUST_00106,37,69126.7,23,674,0.389,21042.01,24,2,2,12.3,Rent,Medical,0
CUST_00107,28,61998.45,26,641,0.063,41030.64,48,2,1,9.2,Rent,Education,0
CUST_00108,55,37536.79,6,719,0.438,29653.32,48,0,1,12.0,Rent,Home Improvement,0
CUST_00109,55,43298.92,29,679,0.244,8047.3,24,0,1,17.7,Mortgage,Home Improvement,1
CUST_00110,53,47188.41,13,640,0.181,39527.21,36,2,1,9.8,Rent,Home Improvement,0
CUST_00111,25,36556.73,14,739,0.143,96201.94,36,0,0,8.4,Rent,Home Improvement,0
CUST_00112,62,30098.04,11,604,0.356,17688.85,72,1,2,7.2,Rent,Debt Consolidation,1
CUST_00113,59,15000.0,28,719,0.271,28434.48,60,2,0,17.6,Mortgage,Home Improvement,0
CUST_00114,61,51993.95,22,824,0.324,38607.67,36,3,1,8.5,Own,Education,0
CUST_00115,48,61127.9,12,748,0.076,13294.93,48,2,2,12.7,Own,Education,0
CUST_00116,27,20321.62,8,652,0.406,27088.29,12,2,2,0.5,Mortgage,Vehicle,0
CUST_00117,29,49147.65,23,609,0.442,87982.22,48,1,2,3.7,Mortgage,Home Improvement,0
CUST_00118,28,27017.41,29,745,0.466,24117.27,72,0,1,6.6,Mortgage,Debt Consolidation,0
CUST_00119,32,30234.39,0,594,0.483,14463.33,48,1,0,6.0,Own,Vehicle,0
CUST_00120,54,69939.11,9,680,0.516,37526.16,36,0,2,0.5,Rent,Debt Consolidation,0
CUST_00121,53,22129.85,14,731,0.504,22624.32,72,1,1,7.3,Mortgage,Education,0
CUST_00122,68,22113.11,8,609,0.397,62714.59,72,1,0,1.7,Mortgage,Medical,0
CUST_00123,43,89537.89,12,606,0.869,73669.73,36,3,2,9.0,Mortgage,Debt Consolidation,1
CUST_00124,44,33766.4,22,588,0.408,12725.41,36,2,1,13.4,Mortgage,Medical,0
CUST_00125,57,67729.21,32,792,0.417,145361.49,24,0,0,4.6,Mortgage,Debt Consolidation,0
CUST_00126,55,16328.19,8,799,0.678,19409.38,60,5,2,13.7,Rent,Other,1
CUST_00127,64,16995.41,2,798,0.412,23416.67,60,0,3,12.1,Mortgage,Medical,0
CUST_00128,60,23006.4,29,807,0.374,29282.94,60,1,1,0.5,Rent,Debt Consolidation,0
CUST_00129,42,28545.93,8,636,0.08,66237.79,36,0,3,14.2,Mortgage,Home Improvement,0
CUST_00130,47,18004.13,24,553,0.259,124892.87,84,1,2,9.8,Mortgage,Home Improvement,0
CUST_00131,55,43680.11,23,799,0.157,26890.33,36,3,0,9.2,Mortgage,Other,0
CUST_00132,21,45129.76,31,745,0.248,53423.65,12,2,1,9.7,Rent,Other,0
CUST_00133,55,23177.3,6,739,0.375,87562.68,36,2,0,10.6,Rent,Home Improvement,0
CUST_00134,57,24117.68,24,607,0.122,22522.11,60,0,0,11.7,Rent,Debt Consolidation,0
CUST_00135,67,25760.8,19,687,0.12,33250.5,48,0,1,4.7,Own,Debt Consolidation,0
CUST_00136,34,20283.38,16,691,0.157,76973.99,48,3,1,11.7,Rent,Debt Consolidation,0
CUST_00137,23,15000.0,25,676,0.392,46272.74,60,1,2,6.4,Mortgage,Debt Consolidation,0
CUST_00138,21,34803.73,18,620,0.198,33116.13,36,1,2,2.9,Own,Debt Consolidation,0
CUST_00139,25,29283.55,2,547,0.372,27296.31,60,0,1,7.5,Own,Other,1
CUST_00140,46,30820.25,27,627,0.6,43518.84,36,1,1,7.3,Rent,Vehicle,0
CUST_00141,34,21896.85,21,479,0.402,11700.63,84,2,2,8.9,Rent,Home Improvement,0
CUST_00142,59,54461.47,18,651,0.114,31381.35,84,0,2,9.8,Mortgage,Debt Consolidation,0
CUST_00143,47,122112.23,15,637,0.205,40441.33,36,0,0,4.6,Own,Home Improvement,0
CUST_00144,29,23931.66,5,598,0.197,43434.45,48,4,3,12.8,Mortgage,Home Improvement,1
CUST_00145,35,73119.33,30,708,0.3,47228.58,72,1,2,0.9,Own,Debt Consolidation,0
CUST_00146,35,43622.35,33,656,0.238,26611.0,60,2,0,10.9,Rent,Vehicle,0
CUST_00147,46,36964.38,30,661,0.253,41878.59,60,2,1,15.3,Rent,Vehicle,1
CUST_00148,62,30575.02,10,777,0.509,21268.77,48,2,1,2.6,Own,Debt Consolidation,1
CUST_00149,33,34835.48,5,658,0.374,50466.55,48,0,2,9.2,Mortgage,Medical,0
CUST_00150,52,64524.18,26,712,0.209,27017.94,36,0,2,1.0,Mortgage,Other,0
CUST_00151,59,20557.06,6,604,0.368,115058.85,48,1,1,5.7,Own,Vehicle,1
CUST_00152,69,31650.1,31,698,0.65,42012.53,24,0,1,7.4,Rent,Education,0
CUST_00153,52,67812.38,7,673,0.242,17218.37,84,3,1,9.1,Rent,Debt Consolidation,0
CUST_00154,24,59388.59,32,686,0.166,23132.8,60,0,0,9.6,Own,Education,0
CUST_00155,50,20716.94,14,594,0.329,73617.52,72,1,1,17.7,Mortgage,Medical,0
CUST_00156,57,33146.89,26,601,0.013,19130.78,60,4,0,0.5,Rent,Home Improvement,0
CUST_00157,43,52260.91,29,656,0.319,8925.86,36,0,1,17.5,Own,Debt Consolidation,0
CUST_00158,59,50600.36,21,773,0.316,57523.62,36,4,1,6.0,Rent,Other,1
CUST_00159,65,59134.35,28,579,0.295,75712.69,24,1,1,2.2,Mortgage,Other,1
CUST_00160,35,44008.71,29,798,0.058,7652.61,60,1,1,1.8,Own,Education,0
CUST_00161,63,47857.19,1,631,0.532,123714.1,72,0,1,7.7,Rent,Home Improvement,1
CUST_00162,49,43105.17,14,686,0.365,29240.5,60,4,1,4.5,Rent,Medical,0
CUST_00163,56,80006.77,26,750,0.3,11556.84,60,2,0,8.5,Mortgage,Vehicle,0
CUST_00164,33,29410.13,6,655,0.265,29809.53,72,1,1,9.4,Own,Debt Consolidation,0
CUST_00165,52,37201.17,26,663,0.399,103079.82,24,0,1,3.8,Rent,Education,0
CUST_00166,27,21862.23,20,781,0.367,8387.98,36,1,0,5.8,Rent,Education,1
CUST_00167,42,19810.93,12,757,0.301,45114.06,24,0,3,4.6,Rent,Vehicle,0
CUST_00168,48,42722.39,16,729,0.599,112338.57,36,1,0,7.7,Mortgage,Vehicle,0
CUST_00169,22,25283.49,10,670,0.442,34097.69,48,1,0,18.8,Rent,Debt Consolidation,1
CUST_00170,62,35283.02,9,675,0.643,36110.57,60,1,0,5.2,Own,Debt Consolidation,1
CUST_00171,65,81542.09,32,605,0.484,64605.73,60,2,3,4.3,Rent,Other,1
CUST_00172,26,79218.79,13,660,0.438,48554.09,84,1,3,9.1,Mortgage,Education,1
CUST_00173,48,110417.33,7,685,0.358,25017.46,36,0,2,10.2,Rent,Education,0
CUST_00174,48,82357.62,32,678,0.403,62235.3,36,1,0,8.9,Mortgage,Other,0
CUST_00175,64,120753.81,6,701,0.327,80245.4,60,2,3,9.0,Mortgage,Education,1
CUST_00176,64,45173.45,33,758,0.114,10691.91,60,0,1,8.5,Rent,Vehicle,0
CUST_00177,40,23120.84,6,574,0.084,64034.81,24,0,1,0.5,Mortgage,Home Improvement,0
CUST_00178,50,22022.14,6,636,0.049,15207.66,60,2,1,6.0,Mortgage,Home Improvement,0
CUST_00179,31,72996.39,6,760,0.372,33542.65,36,4,2,0.6,Mortgage,Home Improvement,1
CUST_00180,48,37265.13,19,850,0.175,21687.28,48,0,1,8.4,Rent,Vehicle,0
CUST_00181,45,38679.53,17,605,0.059,20252.94,60,1,1,12.4,Rent,Vehicle,1
CUST_00182,59,27597.06,13,636,0.03,88663.92,60,1,0,3.6,Mortgage,Medical,0
CUST_00183,53,29302.06,13,588,0.238,57244.57,60,0,1,12.9,Mortgage,Other,0
CUST_00184,21,43997.13,20,537,0.322,89655.43,24,1,0,10.0,Mortgage,Medical,0
CUST_00185,47,21426.6,26,699,0.187,20180.39,36,2,1,4.9,Mortgage,Medical,0
CUST_00186,33,41298.0,25,722,0.236,69711.4,60,2,2,7.8,Rent,Debt Consolidation,0
CUST_00187,61,77307.02,26,659,0.12,93271.04,72,3,3,3.8,Rent,Other,0
CUST_00188,23,15000.0,23,660,0.628,37125.84,48,1,0,9.7,Rent,Debt Consolidation,0
CUST_00189,59,16803.53,4,672,0.48,21987.65,84,1,3,9.9,Own,Education,1
CUST_00190,26,50909.51,27,640,0.567,32368.6,72,0,2,11.0,Rent,Other,1
CUST_00191,28,71824.72,31,677,0.308,17736.42,72,0,3,1.9,Rent,Debt Consolidation,0
CUST_00192,47,28425.83,23,777,0.476,29290.1,60,2,4,7.5,Rent,Other,1
CUST_00193,29,15000.0,5,622,0.317,29565.65,48,3,1,8.9,Mortgage,Vehicle,0
CUST_00194,57,74307.12,9,660,0.318,11194.85,36,1,2,12.8,Mortgage,Education,0
CUST_00195,53,24208.7,2,671,0.481,53818.18,36,0,1,6.2,Rent,Home Improvement,0
CUST_00196,62,30314.36,6,640,0.253,21466.08,36,1,0,11.8,Mortgage,Vehicle,0
CUST_00197,64,42596.29,28,685,0.04,64588.19,60,3,2,0.5,Rent,Vehicle,1
CUST_00198,44,26024.23,33,505,0.428,71336.81,12,2,0,9.3,Rent,Education,0
CUST_00199,35,23433.81,6,720,0.547,10845.63,36,3,2,12.6,Mortgage,Other,0
CUST_00200,52,23649.56,16,612,0.253,58310.96,60,0,0,10.5,Rent,Education,0
CUST_00201,52,91946.69,12,621,0.115,55910.89,84,3,2,15.0,Mortgage,Vehicle,0
CUST_00202,44,64848.35,20,668,0.272,76536.12,36,0,1,7.7,Mortgage,Other,0
CUST_00203,61,48400.17,30,583,0.538,49418.92,36,0,1,12.0,Mortgage,Debt Consolidation,1
CUST_00204,69,15000.0,8,773,0.378,7861.79,24,3,2,6.8,Own,Education,0
CUST_00205,69,48489.18,12,622,0.093,16060.79,36,3,3,18.1,Rent,Vehicle,0
CUST_00206,32,47197.68,16,850,0.106,25121.79,60,2,1,10.9,Mortgage,Debt Consolidation,0
CUST_00207,59,19166.77,7,724,0.099,21573.84,24,1,0,4.3,Rent,Debt Consolidation,1
CUST_00208,22,41330.46,8,640,0.413,19672.87,24,1,0,6.2,Mortgage,Other,0
CUST_00209,23,61435.69,8,659,0.213,31572.99,24,1,2,8.2,Own,Debt Consolidation,0
CUST_00210,69,48275.67,29,690,0.148,55135.44,24,0,0,11.5,Rent,Debt Consolidation,0
CUST_00211,57,25846.11,6,799,0.279,97234.42,48,2,2,4.2,Rent,Vehicle,0
CUST_00212,69,36557.16,16,747,0.534,82457.27,60,2,1,4.8,Rent,Vehicle,1
CUST_00213,37,52322.33,4,741,0.273,55972.65,48,1,1,4.0,Rent,Vehicle,0
CUST_00214,69,37411.22,16,659,0.206,52671.54,48,1,1,12.0,Mortgage,Vehicle,1
CUST_00215,22,67991.8,0,640,0.033,36619.27,60,3,0,8.0,Own,Debt Consolidation,1
CUST_00216,22,44260.18,15,725,0.286,37071.85,36,0,0,5.6,Own,Home Improvement,0
CUST_00217,48,52916.02,16,773,0.208,24553.64,36,0,2,15.5,Own,Vehicle,0
CUST_00218,43,54759.18,29,670,0.272,14222.83,60,2,1,3.2,Mortgage,Education,0
CUST_00219,57,21304.18,30,632,0.184,25373.81,36,1,1,7.5,Mortgage,Debt Consolidation,0
CUST_00220,52,37234.57,34,608,0.045,29276.87,24,2,0,13.8,Rent,Vehicle,0
CUST_00221,53,30755.46,7,563,0.051,64901.48,72,2,1,10.8,Rent,Other,0
CUST_00222,21,61201.26,29,649,0.17,76285.98,60,1,0,11.2,Mortgage,Debt Consolidation,0
CUST_00223,39,45780.64,20,662,0.333,15789.46,60,0,2,13.7,Mortgage,Debt Consolidation,0
CUST_00224,22,33053.86,14,679,0.168,33065.94,48,1,2,5.9,Rent,Education,0
CUST_00225,64,19131.17,33,718,0.616,23620.57,60,2,0,8.3,Mortgage,Vehicle,0
CUST_00226,46,16342.85,26,647,0.489,30811.22,72,1,1,8.3,Mortgage,Education,0
CUST_00227,52,42411.35,1,806,0.2,5562.08,60,2,0,8.6,Mortgage,Debt Consolidation,0
CUST_00228,26,25371.8,9,600,0.184,3740.94,36,1,1,10.8,Own,Debt Consolidation,0
CUST_00229,52,50668.68,4,728,0.39,34729.37,36,2,2,4.0,Own,Debt Consolidation,1
CUST_00230,24,15969.4,26,595,0.375,58906.76,36,1,4,8.1,Rent,Medical,1
CUST_00231,31,80537.29,3,620,0.105,60860.04,48,2,2,11.4,Own,Medical,0
CUST_00232,37,50611.4,12,700,0.312,20737.77,72,1,1,2.4,Mortgage,Debt Consolidation,0
CUST_00233,58,38161.89,16,753,0.297,81625.73,12,0,2,5.1,Rent,Other,0
CUST_00234,44,84248.79,20,660,0.288,39751.02,60,1,2,5.5,Mortgage,Debt Consolidation,0
CUST_00235,25,58349.67,22,686,0.433,61142.82,36,3,1,5.8,Mortgage,Debt Consolidation,0
CUST_00236,54,28638.25,32,768,0.145,48366.67,60,1,0,5.9,Mortgage,Education,0
CUST_00237,26,37751.79,14,594,0.154,68017.42,48,2,2,8.3,Own,Vehicle,0
CUST_00238,42,15000.0,13,734,0.47,21940.42,60,1,0,3.7,Rent,Other,0
CUST_00239,31,61826.98,8,632,0.434,24144.78,60,0,2,0.5,Rent,Debt Consolidation,1
CUST_00240,68,31320.38,29,697,0.327,17737.38,48,1,1,9.4,Rent,Other,1
CUST_00241,36,15000.0,28,718,0.575,16715.66,60,3,1,6.6,Own,Debt Consolidation,1
CUST_00242,53,20112.18,22,598,0.44,21434.66,24,2,1,11.3,Rent,Debt Consolidation,0
CUST_00243,29,56131.7,33,628,0.139,23741.46,36,1,3,3.7,Rent,Home Improvement,0
CUST_00244,26,81381.35,6,727,0.285,156702.43,36,3,0,8.4,Mortgage,Education,0
CUST_00245,36,36688.28,8,662,0.183,114403.95,48,3,3,13.6,Mortgage,Other,0
CUST_00246,49,22225.03,3,630,0.106,56713.67,60,0,2,2.3,Mortgage,Education,1
CUST_00247,23,17847.61,1,694,0.365,24766.58,48,2,1,15.0,Own,Medical,1
CUST_00248,40,73666.79,26,604,0.318,36555.07,60,2,3,1.5,Mortgage,Debt Consolidation,0
CUST_00249,56,45466.63,32,597,0.169,112869.26,36,2,1,14.9,Mortgage,Home Improvement,0
CUST_00250,39,30789.54,31,513,0.048,29222.16,24,1,1,14.6,Own,Medical,0
CUST_00251,46,27333.38,26,705,0.255,14258.59,36,3,0,13.0,Own,Medical,0
CUST_00252,23,50813.37,27,682,0.189,200000.0,36,1,1,11.5,Rent,Education,0
CUST_00253,39,50119.19,2,718,0.463,41467.99,60,5,0,9.1,Mortgage,Home Improvement,1
CUST_00254,40,23195.37,7,766,0.339,175636.4,60,2,0,12.4,Rent,Other,0
CUST_00255,52,20512.99,21,663,0.341,40034.2,60,1,0,16.3,Mortgage,Vehicle,0
CUST_00256,27,21037.22,13,675,0.231,42203.58,60,4,1,5.8,Mortgage,Debt Consolidation,0
CUST_00257,61,28735.48,14,704,0.382,80994.0,24,1,0,4.3,Mortgage,Home Improvement,1
CUST_00258,53,25722.14,3,640,0.35,40298.16,36,3,1,7.5,Rent,Debt Consolidation,1
CUST_00259,60,81556.07,17,578,0.305,41791.38,24,2,1,5.9,Own,Home Improvement,0
CUST_00260,59,28229.13,0,599,0.302,81631.14,60,0,2,9.4,Mortgage,Medical,0
CUST_00261,38,19441.53,11,677,0.404,131879.08,60,4,2,6.0,Mortgage,Debt Consolidation,1
CUST_00262,60,19995.28,16,750,0.557,73284.3,84,1,2,14.7,Mortgage,Education,1
CUST_00263,21,33124.03,18,790,0.554,32035.06,84,3,1,2.7,Own,Home Improvement,0
CUST_00264,31,15000.0,6,660,0.215,29032.12,60,2,1,9.4,Rent,Debt Consolidation,0
CUST_00265,48,35240.09,8,692,0.286,34877.12,60,1,1,12.8,Mortgage,Home Improvement,0
CUST_00266,45,18618.21,7,811,0.166,43575.02,36,2,2,5.5,Mortgage,Debt Consolidation,1
CUST_00267,43,64815.83,24,716,0.186,28506.5,60,2,2,6.1,Rent,Medical,0
CUST_00268,51,38494.91,6,690,0.541,40922.84,36,2,0,6.2,Mortgage,Vehicle,0
CUST_00269,50,104873.67,7,695,0.266,82045.89,24,0,6,7.7,Rent,Home Improvement,0
CUST_00270,62,32399.55,23,721,0.378,26450.45,48,0,1,15.9,Own,Other,0
CUST_00271,55,15000.0,16,595,0.342,59478.98,48,4,0,12.4,Rent,Debt Consolidation,1
CUST_00272,27,75270.28,11,733,0.422,19961.19,24,1,2,11.2,Mortgage,Debt Consolidation,0
CUST_00273,36,46674.89,30,711,0.442,26210.91,84,2,1,16.2,Mortgage,Debt Consolidation,0
CUST_00274,46,50435.67,11,756,0.269,76269.06,84,0,0,0.5,Rent,Home Improvement,0
CUST_00275,68,21998.03,1,715,0.47,90934.43,60,6,0,3.4,Rent,Vehicle,0
CUST_00276,69,35545.75,11,751,0.337,14787.71,72,4,2,11.6,Own,Home Improvement,0
CUST_00277,22,39864.06,26,615,0.325,126420.27,36,2,1,5.8,Rent,Education,1
CUST_00278,21,32244.08,6,638,0.33,49916.95,60,3,3,4.8,Mortgage,Home Improvement,0
CUST_00279,68,15257.38,12,691,0.648,7483.4,72,2,1,19.0,Own,Other,0
CUST_00280,32,144979.27,0,627,0.597,16979.79,36,0,0,1.0,Mortgage,Debt Consolidation,0
CUST_00281,25,55155.66,34,740,0.08,68651.8,36,1,1,7.6,Own,Debt Consolidation,0
CUST_00282,57,44814.72,29,581,0.375,61927.83,60,1,0,7.4,Own,Other,0
CUST_00283,52,70048.48,30,669,0.499,61124.23,48,0,2,6.5,Rent,Vehicle,0
CUST_00284,29,50116.03,16,640,0.158,5610.14,36,3,3,10.5,Rent,Education,0
CUST_00285,61,25884.47,7,628,0.2,37026.78,60,0,0,4.4,Mortgage,Debt Consolidation,0
CUST_00286,55,67838.92,2,584,0.35,28071.09,36,2,2,5.8,Rent,Home Improvement,1
CUST_00287,39,55609.43,9,683,0.075,36415.98,60,0,1,4.9,Own,Medical,0
CUST_00288,68,26379.89,33,674,0.265,21459.28,36,1,1,6.0,Rent,Debt Consolidation,0
CUST_00289,36,53906.55,21,813,0.346,8043.01,36,2,1,6.4,Mortgage,Medical,0
CUST_00290,23,32199.78,3,850,0.148,4142.75,72,0,1,6.6,Mortgage,Debt Consolidation,0
CUST_00291,40,40305.33,31,605,0.891,55407.49,36,0,1,9.5,Own,Medical,0
CUST_00292,44,49012.23,28,547,0.036,22012.67,36,0,1,5.0,Mortgage,Medical,0
CUST_00293,53,71987.58,10,596,0.375,21099.22,60,2,0,8.8,Mortgage,Debt Consolidation,0
CUST_00294,44,26291.53,12,676,0.332,49432.36,24,1,1,1.4,Mortgage,Education,0
CUST_00295,31,43585.56,3,759,0.455,38301.09,24,1,0,18.3,Mortgage,Medical,0
CUST_00296,69,99495.04,1,646,0.176,36332.92,60,1,1,4.9,Rent,Vehicle,0
CUST_00297,28,33255.53,33,720,0.303,101082.6,60,1,1,16.7,Rent,Vehicle,0
CUST_00298,56,40065.8,21,624,0.233,125232.87,60,1,1,15.8,Mortgage,Vehicle,0
CUST_00299,58,99420.66,4,646,0.167,125098.1,60,1,2,8.9,Own,Education,0
CUST_00300,60,49948.05,8,692,0.505,17795.01,60,3,1,4.0,Mortgage,Education,0
CUST_00301,40,17378.86,19,679,0.645,87862.52,36,0,3,18.4,Rent,Home Improvement,1
CUST_00302,55,24398.12,20,677,0.423,16198.19,36,4,1,10.0,Mortgage,Home Improvement,0
CUST_00303,68,51266.34,16,604,0.14,64773.44,72,1,1,10.2,Rent,Home Improvement,0
CUST_00304,45,44869.0,11,766,0.295,21453.58,60,3,0,6.9,Rent,Home Improvement,1
CUST_00305,55,39390.89,27,765,0.074,39138.71,60,0,0,10.1,Mortgage,Education,0
CUST_00306,45,107002.99,17,766,0.179,47659.11,36,1,2,5.5,Rent,Debt Consolidation,0
CUST_00307,49,26668.98,2,633,0.215,41551.93,48,1,3,1.8,Own,Home Improvement,1
CUST_00308,38,34989.14,4,688,0.095,63996.41,24,1,3,8.8,Rent,Debt Consolidation,0
CUST_00309,66,15000.0,13,643,0.354,39573.13,24,0,0,11.2,Mortgage,Debt Consolidation,0
CUST_00310,38,64882.29,25,612,0.257,22633.27,48,1,2,10.8,Mortgage,Vehicle,0
CUST_00311,22,24356.98,18,700,0.323,26689.54,60,1,1,4.7,Mortgage,Medical,1
CUST_00312,55,61609.32,16,531,0.428,25600.7,72,0,1,9.7,Mortgage,Other,1
CUST_00313,36,58455.15,3,739,0.44,35687.6,12,3,1,13.8,Rent,Debt Consolidation,0
CUST_00314,61,117541.84,34,599,0.167,41031.95,36,3,1,12.5,Rent,Debt Consolidation,0
CUST_00315,56,50243.57,23,658,0.267,21824.85,60,1,0,12.2,Mortgage,Other,0
CUST_00316,53,30392.67,12,521,0.279,21450.85,36,1,0,5.9,Mortgage,Medical,1
CUST_00317,24,45561.19,32,807,0.313,48888.28,60,1,1,1.2,Rent,Debt Consolidation,0
CUST_00318,53,24844.05,14,726,0.394,77205.33,84,1,1,0.5,Own,Home Improvement,0
CUST_00319,34,42598.75,14,686,0.46,24617.96,60,2,2,3.8,Rent,Debt Consolidation,0
CUST_00320,41,32844.8,30,632,0.566,41849.81,36,2,2,13.7,Own,Debt Consolidation,0
CUST_00321,68,35060.51,27,605,0.336,32578.23,60,3,2,2.8,Own,Vehicle,0
CUST_00322,40,23174.71,9,666,0.326,151778.34,36,4,1,12.6,Own,Vehicle,0
CUST_00323,28,42202.01,6,701,0.215,93290.98,36,1,0,5.0,Own,Medical,0
CUST_00324,27,54836.7,32,664,0.501,21512.07,60,1,0,9.5,Rent,Other,1
CUST_00325,23,15898.05,6,717,0.134,30412.66,60,0,1,13.5,Rent,Debt Consolidation,0
CUST_00326,37,25737.48,4,810,0.252,33798.55,72,2,1,14.4,Own,Vehicle,1
CUST_00327,53,39498.72,25,605,0.227,21761.26,72,2,1,3.1,Rent,Home Improvement,0
CUST_00328,68,15000.0,15,697,0.305,20512.58,36,1,2,7.9,Mortgage,Education,0
CUST_00329,32,86693.33,7,802,0.325,71610.29,24,2,0,4.2,Own,Medical,1
CUST_00330,42,25449.33,21,658,0.046,7484.58,48,0,0,9.6,Rent,Debt Consolidation,0
CUST_00331,42,22718.99,33,670,0.056,35431.27,36,2,0,16.4,Own,Other,0
CUST_00332,66,32739.21,27,712,0.335,62874.7,60,1,2,4.7,Mortgage,Home Improvement,0
CUST_00333,50,38897.55,6,727,0.563,105513.07,60,2,2,4.9,Mortgage,Vehicle,0
CUST_00334,58,24878.61,27,753,0.361,72824.56,60,0,0,3.6,Mortgage,Vehicle,0
CUST_00335,58,59290.65,1,688,0.154,13226.47,12,3,1,2.2,Mortgage,Vehicle,0
CUST_00336,65,44349.35,8,624,0.387,55954.17,60,0,5,6.3,Rent,Debt Consolidation,1
CUST_00337,28,23893.91,5,719,0.573,146662.69,24,0,0,3.6,Rent,Vehicle,1
CUST_00338,47,27967.47,0,612,0.146,19570.16,36,0,0,14.0,Rent,Medical,0
CUST_00339,47,17010.99,2,703,0.065,23284.89,36,4,1,5.2,Mortgage,Debt Consolidation,0
CUST_00340,54,19405.84,9,685,0.251,35714.01,48,3,1,12.9,Mortgage,Medical,0
CUST_00341,41,44081.66,22,684,0.171,55012.9,60,4,0,6.6,Rent,Home Improvement,0
CUST_00342,50,24018.21,32,674,0.232,83521.1,12,1,0,11.1,Own,Education,0
CUST_00343,53,89513.28,8,750,0.416,32825.31,24,1,4,8.4,Mortgage,Medical,0
CUST_00344,48,37626.41,12,723,0.249,85005.32,84,3,3,10.9,Rent,Debt Consolidation,0
CUST_00345,67,18464.19,27,729,0.495,26204.92,48,0,1,5.6,Mortgage,Medical,1
CUST_00346,53,20503.0,6,648,0.086,13575.73,60,0,1,13.9,Mortgage,Debt Consolidation,0
CUST_00347,25,61481.09,25,565,0.422,45696.29,72,4,0,15.8,Own,Vehicle,1
CUST_00348,68,34952.43,15,652,0.279,35346.26,36,1,3,15.3,Mortgage,Home Improvement,1
CUST_00349,39,59634.97,25,711,0.468,36009.42,48,2,2,0.5,Mortgage,Debt Consolidation,0
CUST_00350,24,30235.02,31,682,0.292,59429.75,72,2,1,18.1,Rent,Vehicle,0
CUST_00351,55,27443.48,0,650,0.21,33936.22,60,2,1,5.3,Own,Education,0
CUST_00352,69,63558.99,20,696,0.471,78755.74,36,2,3,0.5,Mortgage,Medical,0
CUST_00353,37,23640.37,12,661,0.296,134720.51,60,0,1,0.5,Mortgage,Vehicle,0
CUST_00354,64,46375.52,25,683,0.43,57075.56,84,0,2,2.8,Own,Education,0
CUST_00355,48,32666.59,8,541,0.687,71561.83,84,3,0,1.1,Mortgage,Home Improvement,1
CUST_00356,50,56351.36,22,734,0.336,7138.4,72,0,0,4.9,Mortgage,Vehicle,0
CUST_00357,49,90151.06,0,723,0.074,55122.81,60,1,0,9.3,Rent,Other,0
CUST_00358,66,29849.14,1,828,0.118,38983.41,72,1,2,4.2,Rent,Home Improvement,0
CUST_00359,26,27623.69,27,630,0.246,27473.18,48,2,1,1.7,Own,Home Improvement,0
CUST_00360,55,50660.62,30,645,0.331,11081.02,36,0,2,5.5,Rent,Vehicle,0
CUST_00361,61,21141.61,4,692,0.314,53217.67,84,3,1,13.7,Mortgage,Home Improvement,0
CUST_00362,57,81489.77,24,678,0.318,20075.21,72,1,1,9.7,Own,Vehicle,0
CUST_00363,44,74832.78,7,791,0.015,14206.28,24,2,1,9.9,Rent,Vehicle,0
CUST_00364,49,22036.16,33,651,0.556,112581.32,60,1,1,2.3,Mortgage,Vehicle,0
CUST_00365,69,16455.87,31,669,0.494,26462.6,12,1,0,14.6,Mortgage,Other,0
CUST_00366,66,20327.12,10,641,0.154,15745.68,48,0,3,11.7,Rent,Education,0
CUST_00367,51,20482.28,24,787,0.412,37400.32,24,2,0,4.8,Own,Vehicle,1
CUST_00368,55,54224.08,2,714,0.199,35009.44,36,0,0,14.1,Mortgage,Home Improvement,1
CUST_00369,53,78793.45,31,790,0.165,72388.1,60,1,0,13.4,Rent,Education,0
CUST_00370,41,53909.56,34,850,0.351,42934.46,36,2,1,6.2,Rent,Vehicle,0
CUST_00371,52,32270.34,31,627,0.426,65422.22,36,2,1,2.2,Mortgage,Debt Consolidation,0
CUST_00372,43,43098.75,33,755,0.214,9825.74,36,2,2,2.1,Rent,Education,0
CUST_00373,53,23508.35,4,662,0.254,62653.59,24,1,2,4.7,Own,Medical,0
CUST_00374,23,62856.15,27,632,0.259,84462.74,84,1,1,8.6,Mortgage,Home Improvement,0
CUST_00375,38,45071.91,27,577,0.447,24347.4,48,0,1,13.4,Mortgage,Home Improvement,1
CUST_00376,45,53455.18,7,829,0.351,60286.29,12,3,1,9.5,Own,Vehicle,1
CUST_00377,62,25241.18,26,750,0.467,13033.48,60,2,1,8.9,Rent,Other,0
CUST_00378,51,33379.64,15,664,0.343,73723.02,48,0,2,4.3,Mortgage,Home Improvement,0
CUST_00379,23,52184.28,17,724,0.352,17533.34,60,0,0,1.4,Mortgage,Education,0
CUST_00380,60,74738.93,24,553,0.325,69344.26,36,6,4,17.7,Mortgage,Home Improvement,1
CUST_00381,66,26794.45,0,673,0.228,22347.88,72,1,1,11.9,Rent,Debt Consolidation,1
CUST_00382,44,53649.42,7,627,0.558,29750.7,12,1,2,7.7,Rent,Debt Consolidation,1
CUST_00383,52,25437.1,20,781,0.351,20046.37,48,1,1,4.8,Own,Education,0
CUST_00384,67,104673.04,33,786,0.287,62143.59,48,1,1,12.1,Rent,Medical,0
CUST_00385,42,29513.04,23,742,0.75,34214.96,12,0,1,9.0,Rent,Other,1
CUST_00386,43,50098.81,25,746,0.228,12755.67,24,1,2,6.7,Mortgage,Education,0
CUST_00387,22,39450.61,13,635,0.183,38293.68,36,2,1,2.4,Mortgage,Home Improvement,0
CUST_00388,47,133606.15,28,730,0.086,40898.22,60,1,2,5.7,Own,Debt Consolidation,0
CUST_00389,62,40739.39,29,583,0.343,15779.67,36,0,3,0.5,Mortgage,Debt Consolidation,0
CUST_00390,22,28070.43,2,574,0.327,41728.97,36,4,0,12.1,Mortgage,Home Improvement,0
CUST_00391,46,49998.75,6,673,0.342,52834.6,24,1,2,10.9,Rent,Home Improvement,0
CUST_00392,37,49445.21,10,717,0.24,9795.24,72,0,0,1.7,Rent,Debt Consolidation,0
CUST_00393,60,33565.87,31,722,0.092,14982.61,60,1,2,4.3,Rent,Education,0
CUST_00394,53,21007.13,11,592,0.47,42835.89,36,1,1,7.3,Own,Medical,1
CUST_00395,29,27889.36,14,571,0.463,45688.98,84,2,1,14.4,Rent,Vehicle,1
CUST_00396,63,56429.62,23,648,0.228,32726.66,48,2,2,9.6,Mortgage,Home Improvement,0
CUST_00397,68,15157.88,0,619,0.688,77647.42,24,3,1,8.1,Rent,Other,1
CUST_00398,59,32079.65,17,723,0.285,21010.82,48,2,0,11.2,Rent,Medical,0
CUST_00399,49,59720.58,6,609,0.224,51990.64,48,2,2,1.7,Mortgage,Other,0
CUST_00400,62,34656.89,1,816,0.173,22529.46,60,2,2,9.2,Own,Vehicle,0
CUST_00401,46,107673.1,30,705,0.218,189447.18,60,0,3,13.5,Own,Medical,0
CUST_00402,55,15179.1,32,670,0.083,53960.49,36,2,1,18.1,Rent,Home Improvement,0
CUST_00403,45,22456.07,29,600,0.077,12583.25,36,1,3,6.4,Mortgage,Other,0
CUST_00404,44,15000.0,30,588,0.05,137836.3,48,2,1,7.5,Rent,Debt Consolidation,1
CUST_00405,33,98404.84,33,658,0.106,9959.85,48,1,1,10.1,Rent,Education,0
CUST_00406,27,22640.74,6,639,0.197,74805.17,48,2,0,19.9,Own,Home Improvement,0
CUST_00407,56,15000.0,24,559,0.085,18692.96,12,1,4,3.2,Mortgage,Other,0
CUST_00408,65,26743.33,15,776,0.183,89813.75,60,3,1,8.2,Own,Home Improvement,0
CUST_00409,40,18098.7,21,603,0.323,29373.13,36,0,0,0.5,Rent,Vehicle,0
CUST_00410,21,26838.9,26,705,0.393,13530.72,36,3,0,7.2,Own,Medical,0
CUST_00411,28,37071.9,16,711,0.657,55048.32,36,0,2,13.9,Rent,Education,1
CUST_00412,66,54309.83,3,567,0.345,14900.19,60,0,1,5.6,Rent,Debt Consolidation,1
CUST_00413,36,33278.46,34,653,0.264,18682.37,60,4,2,10.3,Rent,Vehicle,0
CUST_00414,34,36777.64,21,581,0.241,17226.21,48,1,3,9.0,Rent,Education,0
CUST_00415,32,27151.9,34,709,0.361,26385.52,60,2,2,5.0,Mortgage,Vehicle,0
CUST_00416,43,17054.18,14,684,0.297,23241.82,12,0,0,16.3,Mortgage,Debt Consolidation,0
CUST_00417,35,15000.0,20,675,0.765,35449.03,60,1,1,5.8,Rent,Debt Consolidation,0
CUST_00418,48,30265.3,12,623,0.278,19298.09,36,2,3,10.3,Own,Vehicle,1
CUST_00419,54,37885.35,10,763,0.538,9747.78,48,2,3,8.3,Rent,Education,1
CUST_00420,22,29164.07,26,654,0.078,52757.17,60,0,1,6.4,Mortgage,Other,1
CUST_00421,52,15000.0,30,577,0.297,47669.75,36,1,0,9.8,Mortgage,Debt Consolidation,0
CUST_00422,43,40162.94,31,614,0.42,34719.87,72,1,1,0.5,Rent,Medical,0
CUST_00423,42,82014.59,29,540,0.389,37396.57,24,7,1,11.2,Mortgage,Other,0
CUST_00424,45,34292.32,17,634,0.155,68973.5,60,2,5,15.4,Rent,Debt Consolidation,0
CUST_00425,42,27179.95,15,616,0.212,48763.27,36,3,3,4.8,Rent,Education,1
CUST_00426,42,35233.51,34,729,0.308,60780.5,36,2,1,0.5,Mortgage,Debt Consolidation,0
CUST_00427,69,20906.39,8,720,0.334,37578.27,72,2,1,2.4,Mortgage,Vehicle,0
CUST_00428,62,20242.72,9,695,0.245,78420.71,60,0,0,4.9,Own,Debt Consolidation,0
CUST_00429,26,45510.9,11,746,0.768,63970.78,36,4,3,18.1,Rent,Debt Consolidation,1
CUST_00430,35,59585.1,7,598,0.354,10554.59,60,2,1,7.1,Own,Education,1
CUST_00431,63,33740.39,2,702,0.042,16184.39,36,3,0,7.4,Own,Education,0
CUST_00432,57,15000.0,18,579,0.282,17870.39,84,0,1,3.0,Own,Vehicle,1
CUST_00433,53,43333.2,10,647,0.191,45342.35,48,1,1,5.6,Rent,Debt Consolidation,0
CUST_00434,28,102098.27,7,704,0.411,86411.66,36,2,1,4.9,Mortgage,Debt Consolidation,1
CUST_00435,64,32146.24,25,643,0.401,40680.31,24,2,1,14.4,Mortgage,Home Improvement,0
CUST_00436,64,33225.64,22,794,0.577,56930.79,60,3,0,4.6,Rent,Other,0
CUST_00437,25,23474.81,9,656,0.158,5633.83,60,1,0,16.9,Mortgage,Medical,0
CUST_00438,59,46197.32,17,736,0.366,51953.69,84,1,0,13.0,Rent,Home Improvement,0
CUST_00439,24,25965.09,11,661,0.379,21869.77,48,1,1,13.1,Mortgage,Debt Consolidation,0
CUST_00440,26,60521.32,25,689,0.174,122243.94,36,2,1,10.3,Rent,Medical,0
CUST_00441,65,26139.68,10,654,0.626,154634.47,60,5,2,12.4,Rent,Home Improvement,0
CUST_00442,52,43083.52,9,692,0.375,37785.75,60,3,1,5.6,Own,Debt Consolidation,0
CUST_00443,50,35483.67,2,801,0.224,35380.14,60,1,2,11.1,Own,Debt Consolidation,0
CUST_00444,67,79027.87,6,788,0.563,45139.04,60,2,1,12.8,Rent,Home Improvement,0
CUST_00445,55,44566.59,3,646,0.385,33746.25,60,1,0,6.3,Own,Vehicle,0
CUST_00446,60,72656.9,7,664,0.146,60100.46,36,1,2,3.4,Mortgage,Debt Consolidation,0
CUST_00447,36,38342.41,12,684,0.271,29756.4,60,0,2,12.1,Mortgage,Education,0
CUST_00448,33,33343.89,11,725,0.181,22095.08,60,1,2,4.3,Rent,Vehicle,0
CUST_00449,62,35628.62,34,810,0.155,38820.6,36,0,0,0.5,Mortgage,Debt Consolidation,0
CUST_00450,50,24693.5,1,770,0.254,33297.15,60,0,1,7.3,Mortgage,Debt Consolidation,0
CUST_00451,39,47374.26,14,661,0.104,45957.53,60,0,2,7.8,Rent,Vehicle,1
CUST_00452,37,25714.77,33,708,0.553,43959.8,72,1,1,2.5,Mortgage,Education,0
CUST_00453,39,38416.08,25,696,0.024,90481.79,36,2,3,0.5,Own,Home Improvement,0
CUST_00454,48,55692.51,4,638,0.36,24271.78,24,2,0,7.1,Own,Debt Consolidation,0
CUST_00455,46,80159.56,24,751,0.383,27270.04,36,2,1,5.3,Rent,Medical,0
CUST_00456,57,39396.41,33,504,0.46,43646.46,60,2,2,11.2,Rent,Debt Consolidation,1
CUST_00457,46,55859.98,3,750,0.477,12261.37,48,0,0,8.1,Own,Medical,0
CUST_00458,43,52624.86,33,709,0.588,10590.87,48,1,5,4.1,Rent,Debt Consolidation,0
CUST_00459,29,29995.76,26,554,0.284,37925.07,36,1,0,2.9,Mortgage,Vehicle,1
CUST_00460,32,104182.74,28,607,0.296,26869.26,24,1,3,10.7,Own,Debt Consolidation,0
CUST_00461,21,27224.67,4,535,0.216,18184.21,36,2,0,8.3,Mortgage,Education,0
CUST_00462,21,38005.92,17,799,0.139,36890.11,60,0,2,7.5,Own,Medical,0
CUST_00463,67,75136.36,3,611,0.286,15280.23,60,0,3,9.8,Mortgage,Vehicle,0
CUST_00464,54,74215.56,0,744,0.367,11606.66,36,0,2,15.0,Own,Debt Consolidation,0
CUST_00465,52,36576.46,19,746,0.292,8247.16,60,1,0,10.8,Mortgage,Vehicle,0
CUST_00466,68,59587.93,5,672,0.073,27115.09,84,3,0,0.5,Mortgage,Education,0
CUST_00467,45,32468.12,19,633,0.266,30590.91,36,0,2,7.2,Rent,Other,0
CUST_00468,60,28443.09,19,716,0.339,47352.5,60,1,3,4.6,Own,Vehicle,0
CUST_00469,65,19803.33,26,695,0.193,38112.22,60,1,1,8.1,Mortgage,Vehicle,1
CUST_00470,21,52153.19,25,746,0.487,61359.51,48,1,0,4.1,Mortgage,Debt Consolidation,1
CUST_00471,36,54973.72,31,598,0.522,45627.13,12,1,3,6.7,Mortgage,Vehicle,0
CUST_00472,59,27338.61,9,752,0.499,30195.03,36,1,2,7.1,Own,Medical,0
CUST_00473,25,41524.96,17,774,0.225,107330.54,12,3,0,10.4,Rent,Debt Consolidation,0
CUST_00474,42,136693.19,11,662,0.375,34425.58,48,2,2,6.6,Mortgage,Debt Consolidation,0
CUST_00475,49,64430.42,9,613,0.287,90145.51,60,0,1,0.7,Mortgage,Home Improvement,1
CUST_00476,23,23138.61,23,646,0.069,34210.32,48,1,0,10.9,Own,Education,0
CUST_00477,32,59920.93,23,635,0.156,20964.6,60,3,0,5.6,Rent,Home Improvement,1
CUST_00478,46,23192.15,24,667,0.391,41999.38,36,0,2,3.2,Rent,Vehicle,0
CUST_00479,36,15000.0,7,628,0.294,156256.05,24,2,5,0.5,Own,Education,0
CUST_00480,57,35946.75,13,712,0.436,45776.43,36,2,0,15.6,Own,Debt Consolidation,0
CUST_00481,42,79348.18,30,725,0.105,154140.46,36,2,1,2.7,Mortgage,Other,0
CUST_00482,49,73037.19,23,655,0.258,190066.46,36,1,1,0.5,Mortgage,Medical,0
CUST_00483,34,43853.84,15,543,0.322,25109.92,48,0,0,6.4,Mortgage,Debt Consolidation,0
CUST_00484,48,27698.55,19,711,0.414,9541.83,72,4,0,11.0,Rent,Vehicle,1
CUST_00485,25,46315.17,14,577,0.46,28364.53,36,1,0,2.7,Rent,Debt Consolidation,1
CUST_00486,67,31742.76,13,697,0.211,15410.15,24,0,3,9.2,Mortgage,Vehicle,1
CUST_00487,69,28090.09,11,685,0.227,26623.35,60,0,1,4.4,Own,Vehicle,0
CUST_00488,50,61759.38,33,657,0.084,59620.84,12,0,0,11.5,Rent,Education,0
CUST_00489,66,27916.75,7,725,0.324,55446.7,48,1,0,15.1,Rent,Debt Consolidation,0
CUST_00490,25,63807.01,18,705,0.071,30112.76,60,1,3,14.8,Rent,Home Improvement,0
CUST_00491,32,27008.5,4,707,0.237,119835.64,60,2,1,12.2,Mortgage,Debt Consolidation,0
CUST_00492,36,101645.44,26,737,0.14,60284.25,72,1,0,9.6,Mortgage,Home Improvement,0
CUST_00493,46,15989.42,12,651,0.246,59715.34,12,1,0,7.1,Rent,Vehicle,0
CUST_00494,46,22507.76,31,650,0.461,13234.16,72,0,0,7.8,Rent,Vehicle,0
CUST_00495,68,33601.17,30,755,0.095,64650.4,60,2,1,6.1,Mortgage,Home Improvement,0
CUST_00496,41,15000.0,1,725,0.38,16317.45,36,0,0,8.1,Own,Education,0
CUST_00497,59,15000.0,6,647,0.138,49390.56,60,1,1,6.0,Mortgage,Debt Consolidation,0
CUST_00498,56,15000.0,10,540,0.519,80806.99,60,1,0,15.4,Own,Medical,0
CUST_00499,53,31380.92,10,707,0.343,26566.93,72,2,0,11.8,Rent,Education,0
CUST_00500,50,31781.67,22,714,0.311,17868.84,48,1,1,14.4,Own,Home Improvement,0
CUST_00501,57,42894.54,30,595,0.104,19227.02,24,4,1,13.3,Own,Debt Consolidation,0
CUST_00502,43,32908.93,7,621,0.02,40981.22,24,0,2,3.0,Own,Home Improvement,0
CUST_00503,30,42182.39,31,651,0.239,129143.66,48,2,3,10.1,Rent,Medical,0
CUST_00504,25,28995.38,20,712,0.508,17395.31,84,2,1,0.5,Own,Medical,1
CUST_00505,56,51917.33,30,850,0.22,41096.49,60,2,0,18.3,Mortgage,Home Improvement,0
CUST_00506,54,48881.54,0,758,0.192,19830.64,60,0,0,13.3,Mortgage,Debt Consolidation,0
CUST_00507,51,30842.65,12,574,0.171,13457.99,84,3,2,4.2,Own,Home Improvement,0
CUST_00508,30,47406.08,10,649,0.465,65133.04,60,4,1,5.1,Mortgage,Other,1
CUST_00509,39,33013.67,28,673,0.149,24985.02,60,2,2,10.2,Rent,Home Improvement,0
CUST_00510,52,16963.8,3,715,0.38,94276.21,36,2,2,0.5,Mortgage,Home Improvement,0
CUST_00511,21,57082.24,14,623,0.344,14565.39,36,4,2,10.6,Own,Debt Consolidation,0
CUST_00512,25,23077.01,2,721,0.465,121407.93,72,1,1,3.0,Own,Medical,0
CUST_00513,65,56778.44,28,644,0.415,62614.97,48,2,0,9.7,Mortgage,Medical,1
CUST_00514,24,42702.53,20,721,0.197,24695.57,72,2,3,0.8,Mortgage,Home Improvement,0
CUST_00515,36,34812.75,1,685,0.299,67609.68,12,1,1,5.2,Mortgage,Education,0
CUST_00516,44,15000.0,5,823,0.504,59817.85,48,1,5,0.5,Rent,Education,0
CUST_00517,36,78423.02,30,749,0.366,133781.96,36,2,1,5.5,Mortgage,Debt Consolidation,0
CUST_00518,22,30286.07,23,772,0.412,14008.86,36,1,2,9.9,Mortgage,Education,0
CUST_00519,69,49875.33,16,606,0.435,23946.56,72,2,1,10.1,Mortgage,Education,1
CUST_00520,48,34303.85,4,643,0.406,19435.28,60,0,1,5.6,Mortgage,Home Improvement,0
CUST_00521,52,31706.67,1,703,0.17,27690.42,72,2,3,10.4,Own,Home Improvement,0
CUST_00522,47,39990.77,11,594,0.609,12731.32,48,2,1,1.6,Own,Vehicle,0
CUST_00523,40,36801.22,4,753,0.21,13086.41,84,1,1,1.2,Rent,Education,1
CUST_00524,44,31777.18,19,689,0.18,38733.31,36,1,1,7.8,Own,Vehicle,0
CUST_00525,32,35324.88,7,757,0.356,17199.92,84,0,1,12.3,Mortgage,Other,0
CUST_00526,55,44960.17,0,714,0.411,33949.28,60,1,0,3.2,Mortgage,Home Improvement,1
CUST_00527,53,46579.21,5,683,0.425,33186.44,60,0,1,0.5,Own,Other,0
CUST_00528,53,37111.37,10,671,0.174,18637.37,72,0,2,3.9,Rent,Medical,1
CUST_00529,63,49536.67,2,626,0.488,77507.55,60,2,2,11.1,Mortgage,Medical,1
CUST_00530,57,29376.93,30,622,0.34,15911.86,48,2,1,9.9,Own,Vehicle,0
CUST_00531,32,110463.81,27,742,0.09,54936.49,36,1,3,3.1,Mortgage,Education,0
CUST_00532,23,76327.94,4,727,0.382,18642.98,24,1,2,15.4,Own,Home Improvement,0
CUST_00533,21,53168.51,25,766,0.594,38138.55,48,0,1,13.0,Rent,Education,0
CUST_00534,53,15000.0,15,642,0.418,37962.2,60,4,1,5.6,Rent,Home Improvement,0
CUST_00535,60,49168.55,30,759,0.734,24238.19,24,1,2,12.2,Mortgage,Debt Consolidation,0
CUST_00536,30,30689.67,27,668,0.137,60108.06,72,1,5,13.9,Rent,Other,0
CUST_00537,63,22262.52,6,721,0.135,72307.0,36,1,0,6.6,Rent,Debt Consolidation,0
CUST_00538,64,30301.48,8,770,0.386,34167.94,84,1,3,8.6,Rent,Medical,0
CUST_00539,49,23531.2,34,825,0.272,107593.66,48,1,4,13.5,Mortgage,Debt Consolidation,0
CUST_00540,33,46788.91,26,755,0.547,25463.74,24,0,1,13.7,Own,Debt Consolidation,0
CUST_00541,32,81470.56,11,694,0.219,42904.83,24,2,3,0.7,Own,Medical,0
CUST_00542,51,54886.04,24,719,0.264,26105.46,60,1,2,9.5,Mortgage,Debt Consolidation,0
CUST_00543,66,144532.93,28,767,0.39,72171.07,60,1,2,4.0,Own,Debt Consolidation,0
CUST_00544,22,16700.5,30,730,0.028,42118.07,24,2,0,4.5,Mortgage,Vehicle,0
CUST_00545,55,28197.33,33,652,0.675,73962.13,72,1,0,10.9,Rent,Debt Consolidation,0
CUST_00546,43,22662.97,32,723,0.19,32033.98,12,0,4,6.6,Mortgage,Debt Consolidation,0
CUST_00547,37,67150.0,26,771,0.282,19571.13,48,0,2,5.0,Rent,Debt Consolidation,0
CUST_00548,46,32523.72,1,807,0.23,23627.25,48,1,2,7.6,Mortgage,Other,0
CUST_00549,28,39925.0,13,684,0.174,60387.31,60,5,2,14.6,Own,Other,0
CUST_00550,49,49853.44,12,602,0.443,18247.99,60,3,1,6.5,Rent,Debt Consolidation,0
CUST_00551,46,17546.43,23,555,0.544,102857.58,36,3,1,9.7,Rent,Debt Consolidation,0
CUST_00552,30,26617.54,4,736,0.336,46985.14,60,2,0,7.4,Rent,Medical,0
CUST_00553,46,59792.35,33,573,0.199,15840.85,84,0,1,7.6,Rent,Education,0
CUST_00554,54,27610.63,22,702,0.358,49481.11,24,0,1,6.0,Rent,Debt Consolidation,0
CUST_00555,61,15416.27,18,755,0.497,22235.26,60,0,0,6.9,Rent,Education,0
CUST_00556,27,23129.6,29,669,0.199,12633.18,36,3,3,4.6,Own,Home Improvement,1
CUST_00557,24,31472.39,15,575,0.168,51413.54,36,2,0,7.3,Own,Home Improvement,1
CUST_00558,65,39473.32,33,592,0.24,40732.75,84,0,0,13.8,Mortgage,Vehicle,0
CUST_00559,31,35052.19,10,616,0.317,75198.75,60,1,1,14.4,Rent,Debt Consolidation,0
CUST_00560,49,26712.61,13,671,0.493,47785.6,72,2,0,11.4,Mortgage,Home Improvement,0
CUST_00561,56,58084.65,14,764,0.45,22797.81,36,3,2,13.2,Rent,Other,1
CUST_00562,45,34046.06,34,681,0.199,76396.79,48,1,1,11.4,Own,Education,0
CUST_00563,41,40323.94,6,831,0.161,21984.72,60,1,1,7.4,Rent,Home Improvement,0
CUST_00564,56,27433.55,28,753,0.192,21898.99,60,0,0,13.2,Own,Debt Consolidation,0
CUST_00565,30,77224.35,21,701,0.086,32293.1,36,1,1,9.6,Mortgage,Debt Consolidation,0
CUST_00566,57,29857.29,22,675,0.399,13134.53,48,3,1,13.4,Rent,Other,0
CUST_00567,29,37697.4,23,645,0.178,72986.54,36,0,1,13.9,Rent,Debt Consolidation,0
CUST_00568,44,60931.14,34,690,0.247,32239.63,36,2,1,10.6,Mortgage,Debt Consolidation,0
CUST_00569,55,41773.65,9,718,0.353,35006.9,72,3,2,0.5,Rent,Education,0
CUST_00570,69,41255.71,7,702,0.147,160341.93,36,2,2,3.0,Own,Home Improvement,1
CUST_00571,55,15000.0,11,645,0.35,53277.15,36,0,1,4.7,Mortgage,Other,1
CUST_00572,68,51037.58,28,608,0.616,16818.93,48,1,1,9.6,Rent,Home Improvement,0
CUST_00573,56,37338.99,28,810,0.51,92378.72,24,1,1,7.3,Own,Debt Consolidation,0
CUST_00574,38,47609.26,22,724,0.415,41330.15,72,1,1,5.9,Rent,Vehicle,1
CUST_00575,69,39799.38,25,705,0.217,16640.39,48,2,1,6.0,Rent,Debt Consolidation,1
CUST_00576,59,27458.23,31,715,0.488,42199.55,36,1,1,3.5,Own,Home Improvement,0
CUST_00577,52,56792.16,5,757,0.055,36177.43,48,2,3,14.7,Rent,Debt Consolidation,0
CUST_00578,44,40097.26,7,647,0.449,14938.55,60,2,0,14.1,Own,Vehicle,0
CUST_00579,43,19059.23,16,671,0.211,44726.86,60,1,0,11.8,Own,Debt Consolidation,0
CUST_00580,52,69860.7,11,627,0.614,51320.93,60,1,4,15.7,Own,Education,1
CUST_00581,57,17761.0,21,679,0.488,7845.54,36,2,3,10.5,Mortgage,Vehicle,1
CUST_00582,32,56980.51,13,633,0.51,34567.48,48,1,1,4.3,Rent,Medical,0
CUST_00583,69,76379.22,33,610,0.573,87044.31,60,0,1,9.4,Mortgage,Home Improvement,1
CUST_00584,33,20886.37,18,567,0.463,26462.73,72,3,1,6.6,Mortgage,Vehicle,0
CUST_00585,43,34153.46,5,796,0.053,47869.0,24,1,1,11.8,Mortgage,Vehicle,1
CUST_00586,45,32598.64,17,657,0.349,47453.93,60,2,2,0.5,Mortgage,Home Improvement,1
CUST_00587,55,33340.04,14,714,0.094,6951.64,60,0,0,8.3,Rent,Education,0
CUST_00588,61,90682.46,8,687,0.406,25596.17,60,2,1,5.4,Own,Debt Consolidation,1
CUST_00589,50,21007.62,5,715,0.186,70321.27,48,1,0,8.6,Rent,Home Improvement,0
CUST_00590,37,31154.58,1,540,0.391,50786.36,60,2,3,14.9,Mortgage,Vehicle,0
CUST_00591,69,77007.74,15,647,0.129,74138.97,48,2,1,7.9,Rent,Debt Consolidation,0
CUST_00592,40,30900.44,0,761,0.076,34108.23,48,0,0,12.9,Rent,Home Improvement,0
CUST_00593,68,22745.22,29,816,0.093,83448.39,60,1,0,12.6,Mortgage,Vehicle,0
CUST_00594,45,41419.51,32,654,0.12,77580.86,48,0,2,9.9,Mortgage,Debt Consolidation,0
CUST_00595,42,54329.37,0,663,0.561,132951.01,60,2,2,4.5,Mortgage,Education,1
CUST_00596,33,29839.24,15,755,0.534,108950.03,60,1,0,15.8,Rent,Medical,0
CUST_00597,39,47915.01,16,711,0.566,37580.57,36,4,1,3.4,Rent,Vehicle,0
CUST_00598,69,18245.84,17,682,0.31,10138.87,60,2,1,0.5,Rent,Medical,1
CUST_00599,56,18760.08,21,675,0.158,24078.3,84,0,1,6.0,Rent,Home Improvement,0
CUST_00600,32,29142.62,21,640,0.303,24950.0,36,1,2,5.8,Mortgage,Debt Consolidation,0
CUST_00601,61,48776.73,34,638,0.104,26850.68,72,1,2,10.8,Mortgage,Debt Consolidation,0
CUST_00602,39,53143.39,30,689,0.306,22224.22,48,2,1,7.3,Mortgage,Medical,0
CUST_00603,32,20110.39,26,702,0.166,87384.35,72,2,1,6.6,Own,Education,0
CUST_00604,29,52167.26,3,706,0.299,37311.24,48,0,0,6.1,Own,Debt Consolidation,0
CUST_00605,27,39468.32,4,632,0.434,42170.7,60,2,0,11.6,Mortgage,Vehicle,1
CUST_00606,48,23397.81,24,773,0.371,30203.56,60,1,1,14.1,Own,Vehicle,0
CUST_00607,34,18637.03,30,567,0.517,21046.83,60,2,1,9.5,Rent,Medical,1
CUST_00608,51,40737.8,13,717,0.269,53211.57,60,0,1,13.6,Mortgage,Home Improvement,0
CUST_00609,39,69201.76,29,642,0.315,38916.66,84,2,1,0.5,Rent,Vehicle,1
CUST_00610,67,36966.27,11,619,0.108,83570.03,36,0,0,5.8,Rent,Debt Consolidation,0
CUST_00611,36,22754.99,26,657,0.381,90317.26,72,3,1,14.9,Rent,Vehicle,0
CUST_00612,25,15000.0,23,569,0.199,43808.75,36,0,0,2.9,Mortgage,Other,0
CUST_00613,55,78021.95,29,705,0.529,42336.15,60,1,2,4.3,Rent,Medical,0
CUST_00614,32,61140.23,17,793,0.145,27707.57,48,1,0,8.9,Mortgage,Debt Consolidation,0
CUST_00615,45,42236.43,13,635,0.191,90421.89,24,1,0,21.0,Mortgage,Home Improvement,0
CUST_00616,41,76038.65,18,845,0.398,70027.94,12,1,2,0.6,Rent,Home Improvement,0
CUST_00617,56,40617.71,21,620,0.56,53917.48,48,0,1,11.4,Rent,Education,1
CUST_00618,43,27847.03,25,650,0.274,32630.99,12,1,1,5.3,Mortgage,Debt Consolidation,0
CUST_00619,36,47933.32,6,775,0.289,48435.02,72,0,2,14.5,Own,Vehicle,0
CUST_00620,59,23983.88,27,596,0.138,57630.76,36,2,3,6.1,Rent,Medical,1
CUST_00621,65,22074.45,4,664,0.11,21445.73,48,0,1,10.5,Rent,Home Improvement,0
CUST_00622,62,53412.69,17,800,0.212,40035.3,36,3,0,2.2,Mortgage,Home Improvement,0
CUST_00623,59,55708.02,13,597,0.182,19426.8,48,1,2,18.4,Mortgage,Education,0
CUST_00624,34,19208.94,22,721,0.372,27914.22,36,1,2,2.0,Own,Debt Consolidation,0
CUST_00625,51,19567.03,13,716,0.45,51134.0,72,1,0,9.5,Mortgage,Vehicle,0
CUST_00626,25,29070.38,31,545,0.236,81828.76,12,1,1,2.9,Own,Education,0
CUST_00627,55,25446.86,4,637,0.176,27431.21,60,3,2,0.5,Mortgage,Debt Consolidation,1
CUST_00628,43,46085.07,21,847,0.399,14356.25,36,1,2,12.9,Mortgage,Education,0
CUST_00629,49,37198.54,27,696,0.203,36546.36,36,1,0,6.4,Own,Education,0
CUST_00630,63,65020.19,11,707,0.558,39327.27,36,1,0,13.4,Rent,Home Improvement,0
CUST_00631,31,42558.24,17,697,0.026,20349.78,36,0,0,10.8,Mortgage,Vehicle,0
CUST_00632,38,26310.19,30,823,0.143,25492.01,60,1,2,6.0,Mortgage,Vehicle,0
CUST_00633,67,15000.0,12,612,0.09,33901.34,72,0,1,14.8,Own,Home Improvement,0
CUST_00634,32,39724.68,19,633,0.286,69338.4,36,1,0,6.5,Mortgage,Debt Consolidation,0
CUST_00635,29,15441.84,6,672,0.075,15172.08,36,2,1,3.2,Mortgage,Debt Consolidation,0
CUST_00636,30,26147.85,22,719,0.63,32213.27,24,1,2,7.9,Rent,Debt Consolidation,1
CUST_00637,64,25314.6,33,691,0.644,96278.36,60,1,3,12.1,Rent,Debt Consolidation,0
CUST_00638,37,28163.62,31,693,0.225,23590.84,36,0,1,8.4,Rent,Home Improvement,0
CUST_00639,58,18806.97,20,641,0.152,51719.2,60,2,0,0.5,Own,Debt Consolidation,0
CUST_00640,27,25269.71,5,722,0.179,36242.49,48,1,2,10.7,Own,Debt Consolidation,0
CUST_00641,66,64405.37,15,548,0.269,55364.62,60,2,0,14.3,Own,Debt Consolidation,0
CUST_00642,33,64316.68,34,642,0.396,36787.45,60,1,2,9.9,Own,Other,0
CUST_00643,60,78139.42,19,623,0.071,46017.39,84,1,2,8.1,Mortgage,Education,0
CUST_00644,62,36500.21,10,603,0.109,68987.41,24,5,1,3.0,Own,Debt Consolidation,0
CUST_00645,29,41589.77,31,555,0.214,56878.78,60,2,1,9.3,Own,Home Improvement,1
CUST_00646,47,64880.71,13,696,0.092,58294.61,24,1,0,5.3,Rent,Other,0
CUST_00647,22,17407.73,23,710,0.231,64990.34,36,2,0,10.4,Own,Vehicle,0
CUST_00648,25,54329.04,30,711,0.037,30237.67,60,2,1,6.1,Own,Debt Consolidation,0
CUST_00649,49,69645.43,16,746,0.431,17504.49,60,1,1,10.4,Own,Home Improvement,0
CUST_00650,57,23283.96,24,758,0.322,129295.91,48,2,1,9.3,Mortgage,Debt Consolidation,0
CUST_00651,58,72498.39,8,537,0.304,46847.11,60,0,4,10.5,Own,Education,0
CUST_00652,39,101606.02,21,724,0.321,81436.6,60,1,3,3.2,Rent,Debt Consolidation,0
CUST_00653,28,53579.58,34,693,0.215,8336.49,24,2,0,1.6,Mortgage,Vehicle,0
CUST_00654,68,48886.29,16,692,0.432,117323.47,60,2,1,20.7,Own,Home Improvement,0
CUST_00655,65,20746.07,27,671,0.221,23899.22,36,0,3,12.6,Rent,Other,0
CUST_00656,21,61982.17,0,641,0.302,42279.42,48,1,0,18.0,Own,Debt Consolidation,1
CUST_00657,42,21746.43,8,717,0.194,26938.49,48,1,4,12.3,Mortgage,Home Improvement,0
CUST_00658,37,43689.82,12,611,0.436,11515.38,36,1,1,7.6,Own,Education,0
CUST_00659,27,45960.96,31,757,0.331,42579.11,48,1,3,8.7,Mortgage,Debt Consolidation,0
CUST_00660,45,15000.0,27,645,0.433,110043.68,60,0,1,1.8,Mortgage,Debt Consolidation,1
CUST_00661,65,44484.75,30,537,0.385,26772.98,24,3,2,0.5,Rent,Home Improvement,1
CUST_00662,24,134690.84,7,688,0.316,25720.63,60,0,2,13.8,Rent,Debt Consolidation,0
CUST_00663,56,15000.0,7,598,0.296,95374.43,36,2,2,4.3,Mortgage,Other,0
CUST_00664,26,35350.01,33,596,0.191,42123.57,60,3,0,8.9,Mortgage,Debt Consolidation,0
CUST_00665,51,15000.0,22,728,0.372,20879.33,48,0,1,7.2,Rent,Debt Consolidation,0
CUST_00666,39,23223.72,9,745,0.155,23793.02,36,1,1,0.5,Rent,Vehicle,0
CUST_00667,64,15000.0,24,672,0.708,28470.56,24,3,1,3.3,Mortgage,Home Improvement,0
CUST_00668,59,39331.11,32,539,0.359,61748.34,72,1,0,6.1,Mortgage,Vehicle,0
CUST_00669,47,54003.41,3,717,0.232,10687.37,36,1,2,17.7,Own,Education,0
CUST_00670,30,44572.36,6,658,0.425,34428.31,60,1,0,5.1,Own,Education,0
CUST_00671,46,22808.96,32,776,0.082,39207.46,24,3,1,5.2,Rent,Vehicle,1
CUST_00672,39,26777.11,1,818,0.38,52791.34,48,3,2,14.4,Rent,Other,0
CUST_00673,59,41611.69,31,575,0.306,47693.53,60,1,3,13.4,Mortgage,Home Improvement,0
CUST_00674,23,23168.25,4,850,0.425,29179.59,84,3,3,14.7,Mortgage,Vehicle,0
CUST_00675,65,18687.36,16,571,0.351,16258.79,60,1,1,8.8,Rent,Medical,0
CUST_00676,33,32223.02,11,642,0.388,50842.43,36,0,3,6.7,Rent,Vehicle,1
CUST_00677,48,22643.9,11,752,0.277,75771.25,12,1,1,6.6,Rent,Education,0
CUST_00678,40,44612.93,34,629,0.491,23594.44,36,5,1,4.0,Own,Education,0
CUST_00679,48,69518.54,20,623,0.122,20884.98,48,3,0,10.6,Rent,Vehicle,1
CUST_00680,28,133091.44,20,561,0.082,33410.59,48,0,0,3.8,Mortgage,Medical,0
CUST_00681,61,43003.36,1,587,0.272,54246.19,12,1,1,3.5,Mortgage,Home Improvement,1
CUST_00682,59,50160.65,20,623,0.272,34407.29,60,1,0,6.7,Own,Home Improvement,0
CUST_00683,21,26912.37,14,734,0.631,76812.09,60,3,1,9.4,Mortgage,Vehicle,0
CUST_00684,23,27758.9,10,797,0.193,50113.92,12,2,3,8.1,Own,Other,0
CUST_00685,33,69011.48,9,627,0.289,40920.76,36,0,0,9.5,Rent,Medical,0
CUST_00686,48,31629.2,17,652,0.262,10122.32,36,2,1,12.2,Mortgage,Debt Consolidation,0
CUST_00687,69,37664.52,22,610,0.398,75596.49,36,3,0,9.3,Mortgage,Debt Consolidation,1
CUST_00688,45,66935.71,30,573,0.479,6861.83,36,0,0,6.1,Mortgage,Debt Consolidation,0
CUST_00689,53,31751.22,25,573,0.4,8513.72,48,1,0,7.2,Mortgage,Home Improvement,0
CUST_00690,58,76896.08,1,591,0.141,23997.94,60,0,0,4.9,Mortgage,Other,1
CUST_00691,26,48364.18,6,676,0.387,77391.57,60,3,2,14.7,Own,Vehicle,0
CUST_00692,64,45601.65,23,636,0.484,39137.9,48,0,0,8.5,Mortgage,Vehicle,1
CUST_00693,65,26262.71,31,654,0.391,29804.13,60,0,1,8.0,Mortgage,Education,0
CUST_00694,52,46843.29,25,708,0.169,36423.19,24,0,3,0.8,Mortgage,Debt Consolidation,0
CUST_00695,65,29303.93,22,674,0.191,82373.08,60,1,1,0.5,Own,Education,0
CUST_00696,67,45922.22,13,598,0.242,8463.35,48,0,0,4.7,Mortgage,Vehicle,0
CUST_00697,41,34512.87,28,747,0.517,37232.3,24,1,2,2.6,Rent,Other,0
CUST_00698,36,58888.72,24,539,0.074,20887.56,36,1,1,8.9,Own,Medical,0
CUST_00699,41,35743.17,30,626,0.145,24852.19,60,4,2,11.0,Mortgage,Debt Consolidation,0
CUST_00700,31,100602.14,1,801,0.426,76636.61,24,1,1,0.5,Own,Home Improvement,0
CUST_00701,57,31641.55,1,704,0.25,18155.74,60,2,1,12.9,Own,Debt Consolidation,1
CUST_00702,56,27797.81,22,554,0.092,21268.16,60,0,1,1.0,Own,Other,0
CUST_00703,55,43176.73,10,569,0.243,41156.4,24,0,1,5.5,Mortgage,Vehicle,1
CUST_00704,39,62251.35,28,656,0.264,21815.73,84,2,4,8.2,Mortgage,Vehicle,0
CUST_00705,40,62009.89,34,646,0.076,88354.97,72,2,0,0.5,Own,Home Improvement,0
CUST_00706,38,39473.73,8,730,0.186,55328.42,24,3,0,5.6,Own,Education,0
CUST_00707,67,43025.34,31,759,0.119,24958.02,36,2,0,12.6,Rent,Vehicle,0
CUST_00708,61,43056.52,29,644,0.119,95243.08,36,2,0,2.9,Own,Debt Consolidation,1
CUST_00709,69,21185.32,14,673,0.126,65465.18,84,1,1,6.5,Mortgage,Medical,0
CUST_00710,34,60599.18,13,608,0.289,76739.91,60,0,1,9.6,Rent,Education,0
CUST_00711,35,19362.08,16,669,0.248,20250.64,72,2,1,15.5,Own,Vehicle,0
CUST_00712,51,21205.18,21,608,0.254,69613.35,36,2,1,2.2,Rent,Vehicle,0
CUST_00713,21,37328.54,29,682,0.307,16128.38,72,1,4,8.8,Mortgage,Debt Consolidation,0
CUST_00714,23,30948.2,16,636,0.17,54846.75,24,0,1,7.7,Own,Debt Consolidation,0
CUST_00715,36,54072.37,15,724,0.278,15240.96,84,0,2,16.6,Mortgage,Medical,0
CUST_00716,43,45418.57,7,753,0.142,15651.13,24,3,2,10.7,Own,Home Improvement,0
CUST_00717,31,38913.66,30,771,0.659,32643.94,48,3,1,8.2,Own,Home Improvement,0
CUST_00718,32,20686.43,11,683,0.41,32918.54,60,0,1,13.1,Own,Other,0
CUST_00719,30,36800.99,32,722,0.205,37006.95,72,1,2,10.8,Rent,Home Improvement,0
CUST_00720,52,35374.42,11,645,0.549,45818.36,72,1,0,16.7,Mortgage,Debt Consolidation,0
CUST_00721,36,40582.55,24,621,0.624,40105.44,36,1,1,13.9,Rent,Vehicle,1
CUST_00722,28,29289.4,17,584,0.3,86682.8,60,2,2,14.7,Own,Debt Consolidation,0
CUST_00723,58,47165.07,18,705,0.235,30849.83,36,7,2,0.5,Own,Education,0
CUST_00724,32,30537.77,2,536,0.034,31608.31,48,0,0,9.9,Rent,Home Improvement,0
CUST_00725,44,45006.25,34,741,0.674,15707.63,60,1,3,12.0,Rent,Vehicle,0
CUST_00726,48,54069.41,4,655,0.325,32310.42,48,0,7,17.6,Own,Vehicle,0
CUST_00727,28,27797.52,34,660,0.161,15363.1,24,0,0,7.7,Own,Other,0
CUST_00728,48,24684.25,26,727,0.418,21665.71,12,2,0,14.4,Mortgage,Debt Consolidation,0
CUST_00729,56,46082.25,20,552,0.231,22451.57,72,0,0,7.9,Rent,Other,0
CUST_00730,46,18759.4,15,664,0.611,37350.02,24,2,0,20.6,Rent,Home Improvement,0
CUST_00731,28,63312.14,27,790,0.335,65120.3,72,0,2,15.6,Own,Education,1
CUST_00732,48,36515.11,24,660,0.522,18602.33,24,2,3,10.6,Rent,Debt Consolidation,0
CUST_00733,48,34290.4,32,587,0.249,115110.49,36,1,2,17.8,Mortgage,Debt Consolidation,0
CUST_00734,57,47715.33,16,656,0.097,52117.44,60,1,0,3.6,Rent,Home Improvement,0
CUST_00735,61,46257.42,29,772,0.169,20645.21,36,3,1,13.7,Rent,Education,0
CUST_00736,56,36434.05,3,626,0.405,83949.69,72,2,1,11.8,Rent,Vehicle,0
CUST_00737,47,56348.35,1,572,0.527,31617.32,36,0,1,4.1,Rent,Medical,1
CUST_00738,37,25946.86,8,647,0.185,31539.34,36,0,0,10.5,Rent,Debt Consolidation,0
CUST_00739,29,51853.53,30,582,0.302,21881.75,72,3,0,14.8,Rent,Debt Consolidation,0
CUST_00740,53,21177.37,24,522,0.417,51339.61,36,1,3,0.8,Rent,Medical,0
CUST_00741,40,46878.97,4,733,0.34,19847.23,60,2,1,10.0,Rent,Debt Consolidation,0
CUST_00742,33,30824.45,23,753,0.376,19098.4,36,1,2,11.9,Own,Debt Consolidation,0
CUST_00743,48,18853.56,23,709,0.24,10422.99,48,2,1,10.2,Rent,Other,0
CUST_00744,68,41287.76,28,743,0.194,72754.57,48,2,1,7.3,Mortgage,Vehicle,1
CUST_00745,49,35695.74,30,652,0.411,26718.23,48,2,0,9.1,Mortgage,Debt Consolidation,0
CUST_00746,33,16791.65,18,775,0.233,123010.96,36,5,2,11.8,Rent,Debt Consolidation,0
CUST_00747,66,15000.0,22,636,0.438,52684.27,60,2,2,10.4,Mortgage,Vehicle,0
CUST_00748,55,33653.36,34,680,0.349,67138.08,36,1,1,5.3,Own,Debt Consolidation,0
CUST_00749,26,81561.53,5,621,0.14,74192.97,24,2,0,5.7,Rent,Vehicle,0
CUST_00750,38,42638.27,5,582,0.116,40661.62,60,1,2,6.4,Mortgage,Debt Consolidation,0
CUST_00751,25,25999.91,29,635,0.176,50508.71,36,1,0,4.0,Mortgage,Debt Consolidation,0
CUST_00752,67,62375.93,0,836,0.359,78692.51,12,1,1,9.8,Own,Home Improvement,1
CUST_00753,45,57160.12,7,787,0.337,52687.05,12,2,2,13.5,Rent,Home Improvement,0
CUST_00754,22,68582.28,27,734,0.615,21988.98,48,1,2,13.6,Own,Vehicle,0
CUST_00755,30,51120.91,24,650,0.377,24429.93,84,1,1,9.2,Own,Debt Consolidation,0
CUST_00756,50,56554.0,32,648,0.277,41148.23,24,1,1,2.7,Rent,Education,0
CUST_00757,65,52341.99,13,800,0.242,15927.46,36,0,2,6.3,Mortgage,Debt Consolidation,0
CUST_00758,25,28602.45,10,682,0.729,27031.07,12,0,1,8.8,Mortgage,Debt Consolidation,0
CUST_00759,53,16016.26,1,735,0.05,27449.27,60,4,0,4.2,Rent,Vehicle,0
CUST_00760,21,27985.23,29,641,0.195,14928.35,60,5,0,3.0,Own,Medical,0
CUST_00761,38,63099.52,29,659,0.189,44520.84,36,4,1,9.4,Rent,Home Improvement,0
CUST_00762,52,30016.26,3,735,0.453,67390.84,60,1,0,4.9,Rent,Education,0
CUST_00763,67,33768.05,12,629,0.341,48293.82,12,1,2,9.5,Rent,Home Improvement,1
CUST_00764,69,20274.26,6,704,0.232,9305.25,24,0,2,9.7,Rent,Vehicle,0
CUST_00765,31,27569.22,2,631,0.511,20282.6,24,1,1,13.9,Mortgage,Debt Consolidation,1
CUST_00766,41,36150.84,8,716,0.161,71885.54,36,2,1,5.1,Mortgage,Vehicle,0
CUST_00767,46,46456.94,13,629,0.073,55465.2,48,0,0,0.5,Rent,Medical,0
CUST_00768,45,28873.21,10,803,0.151,69779.64,36,5,0,8.5,Mortgage,Home Improvement,1
CUST_00769,42,27881.85,13,676,0.067,24020.39,36,1,0,7.1,Own,Vehicle,0
CUST_00770,47,55330.95,18,734,0.135,33828.48,60,1,1,2.3,Mortgage,Vehicle,0
CUST_00771,69,42729.01,7,679,0.082,109725.95,36,3,2,4.7,Rent,Debt Consolidation,0
CUST_00772,33,45448.55,6,645,0.484,18647.16,36,1,2,15.5,Mortgage,Home Improvement,1
CUST_00773,53,77976.31,6,720,0.673,33833.55,72,0,3,10.1,Rent,Education,0
CUST_00774,54,28210.87,2,761,0.11,41839.9,60,1,2,4.3,Rent,Education,0
CUST_00775,61,35436.24,2,579,0.22,28694.37,48,0,1,10.3,Rent,Medical,0
CUST_00776,55,47838.21,17,689,0.216,28700.39,60,0,1,9.9,Rent,Medical,0
CUST_00777,21,23488.03,32,672,0.273,200000.0,48,2,1,5.7,Mortgage,Vehicle,0
CUST_00778,41,40722.04,27,695,0.477,42675.53,72,3,1,4.8,Mortgage,Debt Consolidation,0
CUST_00779,68,36720.79,15,775,0.086,55391.22,36,1,1,3.7,Mortgage,Debt Consolidation,0
CUST_00780,26,145604.56,14,737,0.388,105978.65,36,3,0,5.6,Mortgage,Debt Consolidation,0
CUST_00781,48,38174.95,28,761,0.284,19722.52,24,4,0,16.5,Rent,Debt Consolidation,0
CUST_00782,37,64761.71,17,698,0.337,24364.08,36,0,3,10.8,Mortgage,Vehicle,0
CUST_00783,25,54993.57,18,650,0.212,12521.68,36,2,0,9.9,Rent,Debt Consolidation,0
CUST_00784,51,20367.98,28,510,0.278,25784.6,72,2,1,8.3,Rent,Vehicle,0
CUST_00785,25,16740.53,5,779,0.378,35316.18,48,3,0,3.1,Own,Vehicle,0
CUST_00786,58,41089.48,26,505,0.153,38561.29,36,4,0,15.1,Rent,Other,0
CUST_00787,23,68095.56,6,791,0.654,43896.52,72,0,2,11.8,Mortgage,Debt Consolidation,0
CUST_00788,43,41938.41,26,732,0.202,33901.76,24,4,1,19.7,Rent,Other,1
CUST_00789,57,37775.87,18,818,0.444,51070.88,36,3,0,7.8,Rent,Home Improvement,1
CUST_00790,57,31506.74,16,699,0.172,48021.24,72,0,1,1.6,Own,Education,0
CUST_00791,30,18732.58,10,715,0.536,20071.15,84,3,2,3.3,Own,Debt Consolidation,0
CUST_00792,30,22465.58,4,667,0.305,59380.65,36,1,1,4.1,Mortgage,Debt Consolidation,0
CUST_00793,39,16136.57,1,685,0.251,86076.67,60,2,0,2.9,Rent,Debt Consolidation,1
CUST_00794,37,20920.33,11,629,0.047,92168.03,36,2,1,7.1,Mortgage,Other,1
CUST_00795,41,27917.13,10,672,0.238,40862.12,72,3,1,0.5,Rent,Debt Consolidation,1
CUST_00796,34,53530.56,9,621,0.34,71701.06,60,2,4,4.9,Mortgage,Home Improvement,1
CUST_00797,29,29070.13,27,683,0.161,105659.84,60,2,1,6.8,Own,Home Improvement,0
CUST_00798,66,41266.77,6,678,0.057,61560.12,60,3,2,0.5,Mortgage,Vehicle,0
CUST_00799,21,38855.88,13,679,0.575,28109.67,60,1,1,9.3,Own,Vehicle,0
CUST_00800,65,46607.86,12,674,0.144,56297.53,36,3,0,6.1,Own,Vehicle,0
CUST_00801,33,21646.36,4,637,0.307,44825.27,60,2,2,9.4,Rent,Other,1
CUST_00802,24,61672.71,7,719,0.119,88219.7,60,2,0,11.0,Own,Home Improvement,0
CUST_00803,21,17969.15,0,702,0.409,49719.5,60,1,0,13.8,Rent,Debt Consolidation,1
CUST_00804,69,29030.24,4,699,0.214,39199.56,60,2,0,7.0,Mortgage,Other,1
CUST_00805,60,35937.88,10,614,0.37,73541.26,24,1,1,0.7,Own,Other,1
CUST_00806,52,53107.45,9,727,0.183,55020.78,60,1,1,5.3,Rent,Medical,0
CUST_00807,54,72377.78,14,627,0.418,116778.9,60,3,1,8.3,Rent,Other,1
CUST_00808,48,53317.28,28,643,0.334,41360.93,36,1,0,18.4,Rent,Other,1
CUST_00809,51,73714.75,24,686,0.225,127452.05,24,2,1,6.4,Own,Education,0
CUST_00810,28,23990.47,5,761,0.203,53666.65,48,1,0,20.1,Rent,Debt Consolidation,0
CUST_00811,59,65853.33,10,595,0.411,53172.37,36,1,2,4.8,Mortgage,Debt Consolidation,0
CUST_00812,46,60435.28,16,611,0.201,24050.79,60,0,2,6.4,Own,Debt Consolidation,0
CUST_00813,54,15000.0,14,543,0.281,17832.99,48,1,2,4.9,Mortgage,Education,0
CUST_00814,23,32525.12,15,715,0.123,121326.49,84,0,1,8.2,Rent,Vehicle,0
CUST_00815,32,49070.76,1,656,0.378,32166.92,84,3,3,12.0,Own,Home Improvement,1
CUST_00816,21,28065.41,18,710,0.191,73393.68,72,0,1,14.0,Rent,Home Improvement,0
CUST_00817,64,21101.25,20,704,0.53,14357.03,60,1,0,6.7,Mortgage,Home Improvement,1
CUST_00818,25,104515.18,10,735,0.421,32436.79,60,2,3,14.8,Rent,Home Improvement,1
CUST_00819,50,38388.76,2,680,0.296,79000.33,36,0,1,9.4,Rent,Medical,0
CUST_00820,50,38917.63,33,630,0.293,70477.91,60,0,2,6.5,Mortgage,Debt Consolidation,0
CUST_00821,37,18873.29,17,696,0.319,49021.65,72,0,2,12.6,Rent,Home Improvement,0
CUST_00822,68,26737.42,14,709,0.472,25084.16,36,0,0,6.1,Rent,Education,0
CUST_00823,67,23180.8,24,656,0.135,44794.38,60,1,2,14.8,Mortgage,Vehicle,0
CUST_00824,43,62285.73,14,686,0.188,28858.92,48,3,2,0.5,Rent,Debt Consolidation,0
CUST_00825,35,46738.19,29,586,0.463,38300.99,84,0,3,10.5,Mortgage,Vehicle,0
CUST_00826,57,27302.08,16,591,0.536,28040.66,36,1,2,5.4,Own,Education,0
CUST_00827,41,48062.14,17,564,0.265,4474.73,60,0,1,10.2,Rent,Other,0
CUST_00828,34,31991.96,30,700,0.431,15092.31,60,0,2,8.0,Rent,Vehicle,0
CUST_00829,22,40832.98,17,732,0.468,59279.3,60,1,2,5.9,Mortgage,Debt Consolidation,0
CUST_00830,31,40736.59,34,580,0.256,36640.83,36,1,1,6.7,Own,Medical,0
CUST_00831,59,44807.63,12,691,0.477,78882.17,36,0,1,10.7,Rent,Medical,0
CUST_00832,58,42185.25,13,711,0.122,17245.55,24,1,1,12.4,Rent,Debt Consolidation,0
CUST_00833,54,44825.16,17,652,0.315,91142.96,24,4,2,3.1,Rent,Home Improvement,1
CUST_00834,58,68043.61,4,792,0.127,54069.28,60,4,2,10.0,Rent,Other,0
CUST_00835,54,50025.16,13,578,0.316,12043.03,36,1,0,0.5,Mortgage,Education,1
CUST_00836,38,30685.61,24,654,0.781,45095.6,36,1,0,3.8,Mortgage,Debt Consolidation,1
CUST_00837,50,34579.75,11,476,0.091,53849.75,36,2,0,6.5,Mortgage,Vehicle,1
CUST_00838,35,67176.94,27,704,0.642,34850.9,36,1,0,10.4,Own,Education,0
CUST_00839,47,38415.31,34,629,0.599,139180.96,36,1,1,18.8,Rent,Home Improvement,0
CUST_00840,54,30121.39,0,542,0.228,32444.84,36,4,0,6.8,Own,Education,1
CUST_00841,58,26487.57,2,722,0.516,11778.58,60,1,0,3.5,Own,Other,0
CUST_00842,53,41627.62,6,669,0.314,52071.32,72,1,1,5.5,Rent,Debt Consolidation,0
CUST_00843,44,23684.39,8,659,0.031,25526.7,60,0,0,9.6,Own,Vehicle,0
CUST_00844,35,69036.99,22,759,0.253,38448.23,36,1,0,9.5,Rent,Education,0
CUST_00845,50,21613.88,23,625,0.585,30632.25,36,1,0,10.7,Mortgage,Vehicle,1
CUST_00846,62,76041.45,9,725,0.191,62360.07,60,0,1,3.3,Own,Other,0
CUST_00847,37,31488.73,11,735,0.217,15137.26,60,1,0,10.9,Own,Debt Consolidation,0
CUST_00848,25,21197.35,18,641,0.432,72538.05,60,1,2,9.9,Rent,Medical,0
CUST_00849,49,39918.21,31,681,0.111,47541.81,72,1,0,10.2,Mortgage,Vehicle,0
CUST_00850,24,22549.78,23,798,0.302,60402.68,36,0,2,7.6,Rent,Debt Consolidation,0
CUST_00851,30,36945.01,21,609,0.503,6678.74,36,1,1,13.6,Rent,Debt Consolidation,0
CUST_00852,37,27206.96,2,719,0.309,108963.78,60,0,0,3.7,Rent,Debt Consolidation,1
CUST_00853,30,58252.17,26,684,0.2,16148.62,24,1,5,3.1,Mortgage,Other,0
CUST_00854,37,38885.43,18,769,0.546,74805.76,36,2,1,9.0,Rent,Education,0
CUST_00855,40,20045.29,8,678,0.452,13683.56,36,0,1,7.4,Rent,Other,0
CUST_00856,44,26943.08,12,728,0.046,24808.86,36,4,0,11.2,Mortgage,Debt Consolidation,0
CUST_00857,25,51661.79,1,568,0.468,47137.66,60,2,1,4.3,Mortgage,Education,1
CUST_00858,54,69116.31,28,530,0.241,27669.38,36,1,0,14.6,Rent,Education,1
CUST_00859,26,35502.65,10,607,0.563,33848.77,72,3,1,14.7,Own,Debt Consolidation,0
CUST_00860,22,21542.9,33,649,0.673,11919.22,60,1,1,8.2,Rent,Home Improvement,0
CUST_00861,33,61513.88,3,655,0.373,78736.12,48,2,3,0.5,Mortgage,Vehicle,1
CUST_00862,63,51548.68,3,756,0.324,37510.16,36,0,2,6.8,Rent,Debt Consolidation,0
CUST_00863,63,69791.66,0,652,0.284,108044.96,36,0,2,17.1,Mortgage,Education,1
CUST_00864,68,41986.55,24,682,0.363,94014.9,36,3,3,6.4,Mortgage,Debt Consolidation,0
CUST_00865,31,27992.77,25,690,0.241,20364.89,36,3,1,10.6,Own,Medical,0
CUST_00866,67,47025.45,10,636,0.29,38982.95,72,1,0,14.0,Rent,Debt Consolidation,0
CUST_00867,43,42751.72,22,679,0.328,51449.73,60,3,1,5.8,Mortgage,Vehicle,1
CUST_00868,36,27243.31,1,754,0.371,40754.63,48,1,2,2.1,Rent,Home Improvement,0
CUST_00869,51,40107.53,18,701,0.407,25502.85,12,0,1,6.1,Mortgage,Other,0
CUST_00870,31,32941.45,28,722,0.482,36656.59,72,3,2,4.8,Rent,Education,0
CUST_00871,36,52668.29,3,703,0.434,18454.48,60,1,1,7.0,Rent,Home Improvement,0
CUST_00872,28,46444.04,15,795,0.39,55350.55,36,3,2,7.4,Own,Medical,0
CUST_00873,24,21465.54,26,606,0.761,51980.03,48,1,1,9.1,Mortgage,Debt Consolidation,1
CUST_00874,60,20410.17,4,850,0.569,14192.13,60,2,1,8.4,Mortgage,Vehicle,0
CUST_00875,24,34720.81,14,750,0.29,199796.16,36,2,1,7.3,Rent,Other,0
CUST_00876,45,36916.34,22,762,0.216,43945.28,48,2,0,5.2,Own,Home Improvement,0
CUST_00877,23,53129.54,2,772,0.514,23563.5,60,3,0,8.7,Mortgage,Debt Consolidation,0
CUST_00878,52,46941.24,17,753,0.273,23156.72,24,2,4,13.5,Own,Vehicle,1
CUST_00879,23,75308.09,25,590,0.235,99358.41,36,0,2,9.9,Rent,Home Improvement,1
CUST_00880,47,28750.29,5,601,0.209,11450.43,48,1,2,2.1,Rent,Home Improvement,1
CUST_00881,49,27941.18,16,729,0.527,43416.61,60,1,1,10.2,Mortgage,Education,0
CUST_00882,52,22473.52,26,720,0.391,98702.49,60,1,0,8.8,Rent,Other,0
CUST_00883,39,52823.08,19,742,0.316,11091.28,36,1,0,6.5,Own,Home Improvement,0
CUST_00884,41,36712.63,5,683,0.258,20984.03,60,2,1,0.5,Own,Home Improvement,0
CUST_00885,25,15000.0,34,588,0.22,36027.72,48,0,2,12.1,Rent,Debt Consolidation,0
CUST_00886,38,40178.31,11,672,0.394,43782.45,24,4,1,13.0,Mortgage,Education,1
CUST_00887,48,41480.76,2,732,0.785,61841.86,36,1,0,0.5,Own,Vehicle,1
CUST_00888,62,33786.84,3,662,0.13,24066.68,84,3,2,8.4,Own,Education,0
CUST_00889,42,42122.08,3,680,0.492,35669.4,60,0,2,0.5,Rent,Debt Consolidation,0
CUST_00890,41,19729.73,3,682,0.254,175925.96,36,2,1,13.2,Mortgage,Education,0
CUST_00891,26,82496.89,20,643,0.344,51241.15,36,1,1,7.4,Mortgage,Debt Consolidation,0
CUST_00892,21,43920.2,1,623,0.779,11237.93,48,1,2,7.4,Mortgage,Debt Consolidation,0
CUST_00893,25,15000.0,15,828,0.281,23357.41,36,4,1,8.8,Rent,Debt Consolidation,0
CUST_00894,61,36208.58,6,789,0.312,7996.82,36,0,0,0.5,Mortgage,Vehicle,0
CUST_00895,32,44505.15,18,755,0.219,44247.35,60,2,0,8.5,Own,Other,0
CUST_00896,46,20817.18,32,709,0.397,19647.85,72,3,2,10.4,Mortgage,Debt Consolidation,0
CUST_00897,66,47420.75,8,610,0.143,14390.95,24,4,0,2.1,Mortgage,Medical,1
CUST_00898,54,84158.97,16,742,0.25,14136.53,60,1,2,10.4,Own,Vehicle,0
CUST_00899,69,26312.92,26,758,0.214,124981.98,60,3,2,18.1,Rent,Vehicle,0
CUST_00900,34,44991.07,32,656,0.264,49623.48,36,2,0,8.6,Own,Education,0
CUST_00901,46,40307.76,11,605,0.179,16405.21,60,1,1,2.3,Own,Vehicle,0
CUST_00902,65,58932.32,10,710,0.279,26667.4,48,1,0,0.5,Own,Medical,0
CUST_00903,47,34391.99,12,755,0.704,49538.71,24,1,2,14.3,Rent,Education,1
CUST_00904,29,21303.82,30,635,0.04,25687.05,60,1,2,6.0,Mortgage,Home Improvement,0
CUST_00905,46,57073.27,12,717,0.242,49796.35,60,3,0,13.8,Own,Debt Consolidation,0
CUST_00906,67,21946.65,25,616,0.542,34678.45,84,1,1,11.3,Rent,Education,1
CUST_00907,42,89718.36,30,600,0.171,55852.63,36,1,1,9.3,Own,Education,0
CUST_00908,67,48068.61,21,694,0.153,39851.01,60,1,3,4.0,Rent,Debt Consolidation,0
CUST_00909,50,26918.08,5,623,0.136,27050.72,60,3,3,15.3,Mortgage,Other,0
CUST_00910,63,63216.83,19,710,0.36,45180.87,36,1,1,10.5,Own,Vehicle,0
CUST_00911,68,36149.03,20,567,0.187,21114.83,60,1,1,7.9,Own,Debt Consolidation,0
CUST_00912,37,32509.81,9,620,0.331,29068.49,36,1,2,15.9,Rent,Other,1
CUST_00913,46,25837.06,18,752,0.096,39738.27,60,6,1,15.4,Own,Other,0
CUST_00914,56,15000.0,34,728,0.241,29854.0,36,1,0,6.4,Rent,Home Improvement,0
CUST_00915,21,49128.58,25,709,0.119,69756.81,60,0,1,6.0,Mortgage,Vehicle,0
CUST_00916,28,16089.73,6,649,0.073,80724.64,84,1,1,10.4,Rent,Debt Consolidation,1
CUST_00917,69,24424.76,7,681,0.137,14616.94,60,1,0,5.8,Mortgage,Education,0
CUST_00918,55,45090.29,4,664,0.02,51537.18,60,0,3,12.8,Own,Debt Consolidation,0
CUST_00919,35,28272.98,27,843,0.142,55891.55,24,3,0,16.7,Own,Debt Consolidation,0
CUST_00920,67,39284.13,2,702,0.242,140347.56,72,4,2,7.6,Rent,Home Improvement,1
CUST_00921,42,19794.36,7,626,0.491,167629.57,60,1,1,11.3,Own,Vehicle,1
CUST_00922,34,30508.8,14,674,0.038,41212.04,24,0,0,5.0,Rent,Other,0
CUST_00923,46,39406.77,26,562,0.479,37382.66,60,1,3,12.3,Mortgage,Debt Consolidation,0
CUST_00924,48,22567.45,15,547,0.487,35510.72,72,0,0,12.1,Mortgage,Other,0
CUST_00925,43,84388.11,25,782,0.149,25231.88,60,0,0,5.2,Rent,Home Improvement,0
CUST_00926,34,26404.46,3,699,0.233,50941.73,72,1,2,6.4,Mortgage,Education,0
CUST_00927,44,72345.49,11,648,0.422,14553.52,60,1,0,12.9,Own,Debt Consolidation,0
CUST_00928,22,33392.85,16,678,0.171,58488.11,48,2,0,6.1,Mortgage,Debt Consolidation,0
CUST_00929,65,16576.85,25,673,0.292,39811.92,84,3,0,3.8,Mortgage,Vehicle,0
CUST_00930,46,20569.19,30,685,0.311,83235.38,72,1,2,10.2,Mortgage,Vehicle,0
CUST_00931,34,39657.67,14,760,0.327,23027.59,24,1,1,2.1,Mortgage,Education,0
CUST_00932,27,60863.44,33,717,0.162,26430.36,36,0,1,12.6,Own,Home Improvement,0
CUST_00933,23,87982.09,28,651,0.448,118400.96,60,1,0,3.2,Rent,Home Improvement,1
CUST_00934,67,38719.92,8,558,0.698,6239.65,60,0,1,7.7,Mortgage,Debt Consolidation,1
CUST_00935,43,20158.44,13,610,0.196,125215.38,72,2,0,5.2,Rent,Vehicle,0
CUST_00936,66,41741.14,3,733,0.356,10798.88,36,1,1,8.6,Rent,Other,1
CUST_00937,63,24038.04,23,789,0.305,94423.03,36,3,0,7.1,Mortgage,Home Improvement,0
CUST_00938,67,44183.02,16,619,0.51,31105.44,84,0,1,13.8,Rent,Debt Consolidation,0
CUST_00939,65,22680.54,12,608,0.183,28421.14,72,1,3,5.5,Rent,Education,0
CUST_00940,38,15000.0,19,650,0.473,97717.77,72,1,0,11.9,Rent,Vehicle,1
CUST_00941,58,70152.58,16,805,0.233,57092.95,12,1,0,10.1,Mortgage,Education,0
CUST_00942,55,32428.46,26,690,0.69,160779.37,36,4,0,9.2,Mortgage,Medical,0
CUST_00943,35,37228.51,32,627,0.557,200000.0,48,3,0,5.3,Own,Education,1
CUST_00944,45,59775.47,20,655,0.263,18418.7,72,2,2,9.6,Rent,Vehicle,0
CUST_00945,57,92913.42,16,643,0.628,48006.63,48,1,2,6.0,Own,Vehicle,0
CUST_00946,48,52054.18,21,729,0.3,35823.46,36,3,1,14.9,Mortgage,Vehicle,1
CUST_00947,30,38234.78,24,817,0.565,36670.96,60,0,0,11.2,Rent,Debt Consolidation,0
CUST_00948,59,45772.39,2,689,0.505,21379.04,72,4,0,8.8,Own,Debt Consolidation,0
CUST_00949,37,31338.68,26,757,0.479,8090.89,24,0,1,15.9,Mortgage,Debt Consolidation,0
CUST_00950,59,36977.21,26,586,0.441,32117.6,48,0,3,13.1,Mortgage,Vehicle,0
CUST_00951,42,39043.51,11,844,0.384,50951.63,84,1,2,12.7,Rent,Debt Consolidation,0
CUST_00952,46,24506.35,14,586,0.32,23115.63,24,1,1,6.9,Mortgage,Home Improvement,1
CUST_00953,64,36702.01,19,765,0.255,93766.74,48,3,1,15.6,Mortgage,Vehicle,0
CUST_00954,45,43632.21,21,704,0.174,88668.61,36,1,1,7.0,Own,Home Improvement,0
CUST_00955,37,47028.47,1,592,0.089,31274.74,24,0,5,11.8,Own,Debt Consolidation,1
CUST_00956,33,45191.39,3,738,0.315,24671.61,60,0,2,7.0,Rent,Home Improvement,0
CUST_00957,40,18592.01,12,678,0.316,116630.53,24,2,1,11.7,Own,Medical,0
CUST_00958,45,67146.32,31,616,0.437,48868.44,72,1,0,15.8,Own,Vehicle,0
CUST_00959,24,64417.5,21,681,0.786,19131.73,84,1,1,5.8,Own,Other,1
CUST_00960,30,34610.96,24,565,0.443,37379.82,60,2,1,10.2,Mortgage,Education,1
CUST_00961,23,45604.17,26,646,0.584,73352.25,60,1,1,12.8,Own,Other,1
CUST_00962,61,32588.77,16,612,0.463,82685.82,72,4,1,0.5,Mortgage,Education,0
CUST_00963,65,52890.49,5,667,0.389,41792.84,60,0,2,14.8,Rent,Education,0
CUST_00964,38,24169.92,15,559,0.142,37958.89,36,1,1,18.1,Own,Other,1
CUST_00965,67,71056.48,7,555,0.524,57885.72,36,1,1,1.9,Mortgage,Debt Consolidation,1
CUST_00966,56,51591.07,32,621,0.486,25409.84,48,1,2,6.7,Rent,Home Improvement,1
CUST_00967,67,52193.69,9,677,0.343,170527.06,60,2,1,0.5,Rent,Debt Consolidation,0
CUST_00968,42,34457.21,33,612,0.403,25015.19,48,3,1,4.3,Rent,Education,1
CUST_00969,54,17920.32,18,712,0.294,33762.64,72,0,2,4.3,Rent,Medical,0
CUST_00970,67,56498.39,13,729,0.302,28969.12,60,5,0,10.3,Mortgage,Other,1
CUST_00971,28,18218.98,2,621,0.378,70278.75,48,2,0,7.1,Rent,Home Improvement,0
CUST_00972,60,56839.47,22,777,0.284,200000.0,60,2,1,3.2,Own,Education,0
CUST_00973,69,24684.64,10,659,0.333,96629.8,36,4,0,11.3,Mortgage,Medical,0
CUST_00974,64,16423.62,5,808,0.313,27208.38,48,1,0,11.8,Rent,Home Improvement,0
CUST_00975,39,36333.66,33,662,0.384,50149.1,12,3,1,5.7,Rent,Vehicle,0
CUST_00976,62,65604.55,0,601,0.11,55308.31,48,2,1,7.6,Own,Education,0
CUST_00977,61,22408.56,34,766,0.401,35487.99,36,2,2,0.5,Mortgage,Debt Consolidation,0
CUST_00978,57,80782.64,24,607,0.466,21353.1,60,2,0,10.2,Own,Other,1
CUST_00979,26,50431.45,28,760,0.373,109320.67,36,0,3,8.8,Mortgage,Debt Consolidation,0
CUST_00980,46,39276.43,22,688,0.426,83371.32,48,2,0,12.0,Rent,Debt Consolidation,1
CUST_00981,54,29207.71,17,641,0.379,126484.57,12,2,1,8.8,Own,Education,0
CUST_00982,65,30243.95,13,626,0.532,127395.22,12,1,0,13.1,Mortgage,Debt Consolidation,1
CUST_00983,26,45029.97,16,674,0.196,186966.89,36,2,3,3.5,Mortgage,Vehicle,0
CUST_00984,57,55437.99,1,728,0.386,56119.2,60,3,2,14.9,Own,Education,0
CUST_00985,53,26990.81,30,677,0.351,46564.55,60,2,2,4.0,Own,Education,0
CUST_00986,42,24263.86,18,784,0.363,46750.51,84,0,1,3.8,Own,Home Improvement,0
CUST_00987,41,32633.24,31,598,0.205,34637.32,60,2,2,1.7,Mortgage,Home Improvement,0
CUST_00988,26,72897.84,27,673,0.219,116932.63,60,3,2,15.7,Rent,Education,0
CUST_00989,26,19762.78,7,757,0.267,19114.66,60,0,1,12.7,Mortgage,Debt Consolidation,0
CUST_00990,68,64295.11,21,596,0.302,69060.82,48,6,0,5.8,Mortgage,Home Improvement,1
CUST_00991,24,37091.38,23,753,0.088,19999.9,84,2,0,5.9,Own,Education,0
CUST_00992,50,15892.94,1,681,0.353,12360.48,60,1,0,6.8,Mortgage,Debt Consolidation,1
CUST_00993,31,28830.35,18,688,0.303,13080.71,12,3,1,10.6,Own,Other,1
CUST_00994,50,49258.34,1,656,0.448,79125.2,36,0,1,6.2,Mortgage,Vehicle,0
CUST_00995,51,89402.77,27,595,0.242,11190.43,24,2,1,8.5,Mortgage,Vehicle,0
CUST_00996,44,18700.65,31,674,0.243,21962.7,36,2,2,5.3,Rent,Education,0
CUST_00997,29,15000.0,18,641,0.252,24094.3,60,2,0,7.5,Rent,Home Improvement,0
CUST_00998,23,18868.02,15,787,0.247,11222.28,48,0,1,6.2,Rent,Other,0
CUST_00999,51,63908.51,29,716,0.163,14836.14,48,0,1,14.1,Rent,Vehicle,0
CUST_01000,60,15000.0,21,682,0.632,43550.18,48,2,0,5.9,Rent,Education,0
CUST_01001,57,76774.43,13,772,0.406,41176.55,36,0,1,4.9,Rent,Education,1
CUST_01002,56,66662.94,0,676,0.423,51265.82,24,3,1,3.5,Rent,Home Improvement,1
CUST_01003,44,39955.36,1,729,0.335,105222.89,48,0,3,0.5,Mortgage,Medical,1
CUST_01004,51,26550.86,21,761,0.281,12529.21,36,2,1,0.6,Own,Medical,1
CUST_01005,26,37332.9,32,661,0.084,192775.26,36,1,0,10.2,Mortgage,Education,0
CUST_01006,22,49293.31,14,710,0.428,22661.02,24,1,0,11.0,Mortgage,Home Improvement,0
CUST_01007,40,45671.89,21,649,0.155,34605.86,60,3,2,13.4,Rent,Debt Consolidation,0
CUST_01008,48,86667.11,10,760,0.198,26050.13,24,0,1,4.9,Own,Other,0
CUST_01009,31,31886.84,3,678,0.25,27850.06,60,5,0,12.6,Rent,Vehicle,1
CUST_01010,24,18950.37,6,776,0.637,10108.53,60,2,1,1.4,Rent,Home Improvement,1
CUST_01011,35,17350.21,20,694,0.243,30155.04,12,3,0,7.6,Mortgage,Debt Consolidation,0
CUST_01012,26,15699.03,6,850,0.429,45279.22,60,3,1,9.6,Rent,Debt Consolidation,0
CUST_01013,69,40060.23,3,630,0.614,34305.68,60,2,1,8.0,Mortgage,Debt Consolidation,0
CUST_01014,50,32299.78,11,740,0.199,24884.9,60,1,1,0.9,Own,Debt Consolidation,0
CUST_01015,58,36913.3,26,677,0.122,47920.02,60,1,8,9.4,Own,Home Improvement,0
CUST_01016,22,27763.3,16,664,0.19,30477.47,36,2,2,0.5,Mortgage,Vehicle,1
CUST_01017,35,20845.98,19,547,0.318,92717.64,36,1,1,4.4,Mortgage,Vehicle,1
CUST_01018,31,49373.44,30,685,0.293,48898.85,84,1,0,13.7,Mortgage,Debt Consolidation,0
CUST_01019,28,15000.0,25,612,0.41,54500.35,60,2,2,2.0,Rent,Education,0
CUST_01020,46,24323.6,30,658,0.252,128338.42,60,0,1,10.8,Rent,Debt Consolidation,0
CUST_01021,65,53811.64,34,615,0.434,40417.86,36,2,1,8.8,Rent,Vehicle,0
CUST_01022,64,23146.08,8,624,0.17,37957.13,60,0,2,13.4,Own,Debt Consolidation,0
CUST_01023,25,44171.62,4,605,0.315,60097.78,36,1,3,6.1,Mortgage,Education,1
CUST_01024,26,24339.86,7,606,0.385,42396.3,36,4,1,6.4,Rent,Debt Consolidation,0
CUST_01025,46,28913.9,20,569,0.157,16386.37,36,1,3,11.1,Rent,Education,0
CUST_01026,24,48409.93,15,706,0.464,34772.45,24,3,1,10.0,Rent,Debt Consolidation,0
CUST_01027,39,19169.5,15,681,0.323,23727.69,24,1,2,7.2,Mortgage,Home Improvement,0
CUST_01028,40,52714.15,17,730,0.134,56721.18,60,2,1,11.0,Mortgage,Home Improvement,0
CUST_01029,53,37158.96,27,653,0.305,15541.78,48,2,1,7.3,Rent,Vehicle,0
CUST_01030,40,68065.07,17,634,0.18,46851.0,60,2,1,11.5,Mortgage,Medical,0
CUST_01031,69,40298.72,13,674,0.11,6323.11,60,6,1,6.1,Rent,Vehicle,0
CUST_01032,32,21274.33,15,729,0.221,33844.47,36,2,1,18.2,Own,Debt Consolidation,0
CUST_01033,67,86163.09,20,701,0.286,71704.37,24,4,0,0.7,Rent,Debt Consolidation,0
CUST_01034,21,22181.82,0,681,0.697,28037.51,36,1,0,14.3,Own,Education,0
CUST_01035,46,32416.47,10,727,0.215,71443.64,48,1,1,7.8,Mortgage,Other,0
CUST_01036,34,58612.57,10,680,0.401,36161.0,60,2,2,5.5,Mortgage,Other,1
CUST_01037,58,15000.0,1,639,0.722,100293.44,48,1,1,6.4,Own,Other,1
CUST_01038,57,74595.43,31,744,0.408,200000.0,60,6,1,7.6,Own,Home Improvement,1
CUST_01039,31,20425.88,18,593,0.45,130092.33,60,1,1,8.4,Own,Education,0
CUST_01040,56,28926.12,4,581,0.274,33751.56,36,2,3,7.7,Own,Debt Consolidation,0
CUST_01041,33,41958.19,2,678,0.453,37185.24,48,2,1,11.6,Rent,Debt Consolidation,1
CUST_01042,63,35566.06,27,686,0.501,19135.08,60,1,2,8.0,Own,Education,0
CUST_01043,23,53883.95,25,696,0.364,82701.06,24,2,1,0.5,Rent,Vehicle,0
CUST_01044,53,16311.02,22,657,0.566,99312.12,60,0,0,7.0,Own,Education,0
CUST_01045,26,52246.37,29,775,0.069,24015.78,72,1,2,5.9,Rent,Other,1
CUST_01046,30,54372.9,7,575,0.277,48488.25,72,2,1,11.6,Rent,Home Improvement,1
CUST_01047,25,60755.5,28,689,0.268,18492.28,72,4,1,4.0,Mortgage,Debt Consolidation,1
CUST_01048,43,16402.18,12,733,0.52,9946.96,36,0,1,9.4,Rent,Home Improvement,1
CUST_01049,30,17422.75,24,777,0.114,112843.19,72,1,1,3.7,Rent,Other,0
CUST_01050,64,30601.74,21,773,0.211,12962.19,24,2,4,7.2,Rent,Education,1
CUST_01051,22,18390.46,32,603,0.492,91613.1,36,3,1,12.2,Mortgage,Debt Consolidation,0
CUST_01052,33,15000.0,6,705,0.215,27340.3,36,1,1,13.7,Mortgage,Home Improvement,0
CUST_01053,60,29949.5,22,665,0.321,30857.97,36,1,0,10.6,Own,Vehicle,0
CUST_01054,22,40824.83,5,679,0.167,51417.41,72,1,0,1.9,Rent,Education,0
CUST_01055,40,147191.5,14,759,0.343,38889.31,60,0,2,6.1,Own,Vehicle,0
CUST_01056,21,47778.81,14,813,0.536,56549.53,60,2,1,2.4,Own,Debt Consolidation,0
CUST_01057,57,87215.3,33,698,0.55,15807.49,72,1,1,11.7,Mortgage,Education,0
CUST_01058,29,35522.6,13,541,0.189,35071.12,60,2,0,13.4,Rent,Vehicle,0
CUST_01059,37,48039.7,28,563,0.161,40609.44,48,2,0,11.1,Rent,Debt Consolidation,0
CUST_01060,29,33756.6,15,677,0.505,33071.41,24,2,2,12.2,Own,Vehicle,0
CUST_01061,31,138907.23,28,750,0.207,27501.91,60,0,0,0.5,Rent,Education,0
CUST_01062,35,25776.14,22,625,0.148,83636.48,60,3,1,0.5,Rent,Vehicle,0
CUST_01063,44,27584.6,9,667,0.262,44199.81,60,1,0,10.7,Own,Education,1
CUST_01064,58,54082.74,3,793,0.251,24075.54,60,1,1,8.8,Mortgage,Medical,0
CUST_01065,55,40285.08,11,652,0.525,21112.77,60,1,1,8.8,Mortgage,Home Improvement,0
CUST_01066,50,29375.58,33,803,0.228,8114.33,60,2,1,11.2,Mortgage,Vehicle,0
CUST_01067,51,58699.62,3,650,0.537,29558.26,48,1,0,9.4,Mortgage,Home Improvement,0
CUST_01068,69,35576.0,19,743,0.336,37257.89,48,1,3,9.9,Rent,Vehicle,0
CUST_01069,25,35450.82,27,685,0.441,10920.83,60,1,1,15.6,Own,Home Improvement,0
CUST_01070,64,40753.26,27,734,0.243,46298.92,72,6,0,11.4,Mortgage,Home Improvement,1
CUST_01071,34,15259.23,5,821,0.263,21941.0,48,0,0,0.5,Own,Home Improvement,0
CUST_01072,31,16372.74,13,709,0.196,18173.67,60,2,2,16.5,Mortgage,Vehicle,0
CUST_01073,29,62532.88,34,768,0.294,21422.18,48,1,1,0.5,Mortgage,Medical,1
CUST_01074,54,25887.59,0,617,0.038,27632.01,48,1,1,6.2,Mortgage,Medical,0
CUST_01075,32,33979.9,18,615,0.061,9764.5,60,2,2,12.0,Mortgage,Education,0
CUST_01076,55,81325.86,0,566,0.332,45967.0,24,1,1,4.8,Mortgage,Debt Consolidation,0
CUST_01077,55,34754.57,12,606,0.538,59129.19,48,2,2,6.9,Mortgage,Debt Consolidation,0
CUST_01078,21,32694.29,7,786,0.199,52527.9,60,0,2,13.4,Mortgage,Debt Consolidation,0
CUST_01079,60,56842.46,17,703,0.175,18220.52,60,2,1,11.0,Mortgage,Education,0
CUST_01080,42,26926.54,34,661,0.399,26344.53,72,0,0,9.9,Rent,Debt Consolidation,1
CUST_01081,49,66268.15,22,694,0.187,19656.09,36,0,0,5.3,Rent,Debt Consolidation,0
CUST_01082,28,56262.24,25,728,0.498,166070.29,48,4,1,3.6,Rent,Medical,1
CUST_01083,31,90686.76,19,734,0.311,24064.11,36,1,0,13.0,Rent,Medical,0
CUST_01084,61,25714.97,1,695,0.322,200000.0,48,0,1,11.6,Mortgage,Debt Consolidation,1
CUST_01085,57,71932.78,25,777,0.293,19521.21,36,2,1,0.8,Mortgage,Home Improvement,1
CUST_01086,34,47908.4,24,612,0.329,40456.87,36,2,0,12.9,Own,Debt Consolidation,0
CUST_01087,50,18719.42,29,655,0.298,37901.5,24,1,1,5.6,Rent,Debt Consolidation,0
CUST_01088,55,15000.0,17,762,0.523,36692.08,60,1,1,4.6,Own,Medical,1
CUST_01089,41,24367.04,6,747,0.473,68826.5,60,2,0,2.4,Mortgage,Vehicle,1
CUST_01090,57,42031.47,26,706,0.117,27314.12,24,0,1,0.5,Mortgage,Debt Consolidation,0
CUST_01091,25,45191.94,10,642,0.317,112289.21,60,0,0,3.8,Mortgage,Home Improvement,0
CUST_01092,39,35258.41,7,735,0.064,22871.89,84,2,0,8.0,Rent,Education,0
CUST_01093,34,35416.58,10,616,0.213,20651.11,48,0,3,13.9,Rent,Vehicle,1
CUST_01094,46,34098.32,23,763,0.328,18265.47,48,3,0,16.5,Own,Medical,0
CUST_01095,24,60816.02,29,787,0.138,18676.01,60,0,2,8.8,Rent,Vehicle,0
CUST_01096,45,17709.48,29,640,0.43,66987.97,60,1,0,14.1,Mortgage,Debt Consolidation,0
CUST_01097,65,41528.9,14,850,0.337,42729.8,24,0,5,11.3,Mortgage,Education,0
CUST_01098,62,24067.66,34,610,0.208,61039.0,60,1,1,8.6,Own,Medical,0
CUST_01099,45,23080.18,23,667,0.115,11364.62,24,7,2,0.5,Rent,Debt Consolidation,0
CUST_01100,38,65389.39,7,665,0.501,61555.43,60,1,3,10.7,Mortgage,Debt Consolidation,0
CUST_01101,60,22211.57,19,673,0.346,140549.83,48,2,1,8.3,Own,Medical,0
CUST_01102,28,33868.51,25,780,0.423,35408.09,60,2,3,10.2,Rent,Debt Consolidation,0
CUST_01103,59,96688.45,23,711,0.711,19180.64,24,2,2,6.1,Rent,Medical,1
CUST_01104,60,55217.68,21,622,0.386,23162.94,60,4,1,8.6,Rent,Debt Consolidation,1
CUST_01105,34,28926.54,4,688,0.343,18727.07,72,1,0,12.8,Mortgage,Home Improvement,0
CUST_01106,52,30146.18,14,726,0.142,18590.92,60,1,1,6.4,Rent,Education,0
CUST_01107,58,19661.12,28,716,0.051,106885.83,72,0,2,8.1,Mortgage,Home Improvement,0
CUST_01108,53,69586.27,14,766,0.383,200000.0,72,0,0,2.5,Mortgage,Debt Consolidation,0
CUST_01109,43,60214.95,26,686,0.225,29983.53,36,1,0,6.7,Mortgage,Other,0
CUST_01110,35,51190.08,7,736,0.693,34145.24,72,2,1,5.1,Mortgage,Other,0
CUST_01111,53,54090.64,28,670,0.321,30070.08,60,4,1,9.6,Rent,Debt Consolidation,1
CUST_01112,45,24655.07,18,635,0.297,11890.3,72,1,1,4.7,Own,Vehicle,0
CUST_01113,37,16748.16,30,600,0.016,25778.78,36,3,1,0.5,Rent,Debt Consolidation,0
CUST_01114,53,48063.11,8,790,0.419,33176.15,36,1,2,10.5,Own,Debt Consolidation,0
CUST_01115,67,56629.14,9,574,0.362,6980.93,60,2,0,1.4,Mortgage,Medical,1
CUST_01116,22,81106.9,9,698,0.281,11556.38,60,1,3,4.9,Own,Home Improvement,0
CUST_01117,34,32845.0,32,709,0.443,58879.49,84,0,0,3.3,Rent,Debt Consolidation,1
CUST_01118,60,30534.86,24,611,0.539,62475.39,24,0,0,11.8,Own,Home Improvement,0
CUST_01119,60,32220.88,3,743,0.464,48916.49,48,2,0,8.8,Rent,Debt Consolidation,0
CUST_01120,59,50785.79,4,585,0.262,27297.82,48,0,1,6.3,Mortgage,Vehicle,1
CUST_01121,26,31538.22,22,639,0.253,22050.84,72,3,1,9.5,Mortgage,Debt Consolidation,0
CUST_01122,26,35379.24,4,748,0.262,21347.96,36,3,1,12.6,Rent,Vehicle,1
CUST_01123,23,55024.09,7,589,0.281,29525.44,36,2,1,7.5,Rent,Debt Consolidation,0
CUST_01124,27,26557.88,16,737,0.533,14714.88,48,1,1,10.1,Mortgage,Education,1
CUST_01125,28,72807.7,0,758,0.589,51413.63,60,2,0,10.8,Rent,Education,1
CUST_01126,62,49838.57,11,755,0.498,67222.44,84,0,4,9.1,Rent,Debt Consolidation,1
CUST_01127,35,15000.0,34,706,0.176,88136.85,60,0,3,0.7,Mortgage,Vehicle,0
CUST_01128,67,28066.25,13,621,0.613,104117.37,60,2,0,6.6,Rent,Debt Consolidation,1
CUST_01129,49,15000.0,17,611,0.296,4822.05,36,0,0,9.1,Own,Debt Consolidation,0
CUST_01130,53,32914.23,9,645,0.229,89408.26,60,0,0,6.6,Rent,Debt Consolidation,0
CUST_01131,50,28306.44,14,465,0.105,45163.46,36,2,0,1.9,Mortgage,Other,0
CUST_01132,59,55128.79,32,682,0.419,18176.27,48,0,1,10.2,Mortgage,Home Improvement,0
CUST_01133,47,23376.6,18,672,0.271,22842.59,12,1,0,11.0,Rent,Vehicle,0
CUST_01134,56,44084.68,33,685,0.181,27418.58,36,0,1,8.7,Mortgage,Vehicle,0
CUST_01135,49,48263.16,24,663,0.229,16915.03,60,1,2,4.1,Mortgage,Medical,0
CUST_01136,58,41299.16,15,692,0.312,28804.95,24,1,3,0.5,Own,Other,0
CUST_01137,53,64219.47,7,686,0.234,27706.24,36,3,1,8.8,Rent,Medical,1
CUST_01138,57,102144.57,34,578,0.166,12099.45,36,1,0,12.7,Mortgage,Vehicle,0
CUST_01139,47,38406.08,20,700,0.273,44304.9,60,3,1,8.2,Rent,Debt Consolidation,0
CUST_01140,53,44470.87,18,679,0.453,86071.58,60,1,1,4.5,Rent,Other,1
CUST_01141,24,23385.27,10,559,0.359,30509.62,24,1,0,12.2,Mortgage,Debt Consolidation,0
CUST_01142,42,21812.5,10,743,0.152,40296.55,48,0,2,8.7,Own,Vehicle,1
CUST_01143,22,60895.52,10,659,0.137,25836.95,60,1,0,7.3,Rent,Vehicle,0
CUST_01144,30,56997.5,21,724,0.132,53936.08,84,3,1,7.9,Own,Medical,0
CUST_01145,25,21702.66,20,677,0.253,68984.21,36,2,0,2.3,Mortgage,Home Improvement,0
CUST_01146,30,18880.59,26,555,0.192,28696.42,24,3,2,11.1,Mortgage,Debt Consolidation,0
CUST_01147,53,26255.52,17,698,0.656,28937.16,36,5,2,0.5,Rent,Other,0
CUST_01148,58,33837.03,29,715,0.367,63834.15,60,2,0,2.7,Mortgage,Medical,1
CUST_01149,33,29597.25,32,762,0.185,32346.17,60,2,1,8.8,Own,Debt Consolidation,0
CUST_01150,51,39350.24,20,744,0.211,8997.62,36,1,0,17.9,Mortgage,Home Improvement,0
CUST_01151,67,57442.01,1,764,0.253,31098.31,48,2,2,4.1,Mortgage,Vehicle,1
CUST_01152,56,45754.81,12,732,0.038,35499.96,48,0,1,0.6,Mortgage,Home Improvement,0
CUST_01153,65,47479.84,1,646,0.236,22477.28,36,3,2,0.5,Mortgage,Medical,0
CUST_01154,44,15000.0,30,647,0.708,34953.68,84,2,2,13.7,Own,Vehicle,0
CUST_01155,35,16204.57,9,749,0.352,77115.69,60,0,0,9.7,Own,Debt Consolidation,1
CUST_01156,49,24386.17,22,653,0.231,22390.84,48,2,0,10.2,Rent,Vehicle,0
CUST_01157,28,26484.19,21,717,0.275,23833.27,60,1,1,11.3,Rent,Medical,0
CUST_01158,25,55266.04,28,800,0.25,42990.56,24,0,1,12.5,Mortgage,Vehicle,0
CUST_01159,49,23401.36,32,637,0.369,39456.61,60,0,0,11.6,Own,Vehicle,0
CUST_01160,67,50688.98,30,731,0.126,30205.89,36,0,4,8.4,Mortgage,Debt Consolidation,0
CUST_01161,24,24524.97,13,624,0.498,19124.25,24,2,1,0.5,Mortgage,Debt Consolidation,1
CUST_01162,32,19921.56,9,721,0.22,23027.77,72,0,3,7.3,Rent,Home Improvement,0
CUST_01163,65,20389.5,17,793,0.265,196477.25,60,2,3,11.7,Own,Debt Consolidation,0
CUST_01164,22,112322.92,10,774,0.036,15748.27,12,0,2,16.5,Mortgage,Home Improvement,0
CUST_01165,47,24253.53,2,653,0.77,23016.83,72,0,3,13.4,Mortgage,Medical,1
CUST_01166,51,51302.44,1,790,0.095,50193.36,84,2,3,7.7,Mortgage,Debt Consolidation,0
CUST_01167,56,16662.25,7,664,0.189,200000.0,60,0,1,9.2,Mortgage,Education,1
CUST_01168,56,73825.87,30,840,0.16,35866.44,24,1,0,5.4,Mortgage,Debt Consolidation,0
CUST_01169,46,43239.97,7,682,0.156,42985.3,48,3,1,1.7,Rent,Education,0
CUST_01170,63,41647.2,1,726,0.203,15522.39,60,3,0,10.3,Mortgage,Debt Consolidation,0
CUST_01171,47,44663.58,21,724,0.556,17571.2,36,2,0,7.9,Rent,Debt Consolidation,0
CUST_01172,25,47192.95,4,603,0.308,39327.07,36,2,0,9.0,Rent,Education,0
CUST_01173,40,54422.54,6,776,0.26,57105.89,24,0,0,11.9,Own,Home Improvement,0
CUST_01174,31,26915.33,19,695,0.616,23706.33,60,0,1,8.5,Mortgage,Debt Consolidation,0
CUST_01175,30,26139.58,27,641,0.14,21212.22,36,4,1,3.1,Mortgage,Debt Consolidation,0
CUST_01176,60,37220.39,12,627,0.389,12634.35,36,1,1,7.3,Own,Education,1
CUST_01177,58,51134.46,1,638,0.2,71594.22,48,2,0,11.0,Rent,Medical,0
CUST_01178,26,35125.14,31,675,0.141,48604.39,36,1,0,1.3,Own,Medical,0
CUST_01179,28,53474.0,25,605,0.259,72101.21,60,3,0,12.5,Own,Vehicle,0
CUST_01180,43,49459.94,2,623,0.333,37488.1,60,1,2,8.2,Mortgage,Debt Consolidation,0
CUST_01181,67,32581.78,12,559,0.068,64429.08,36,0,1,12.2,Rent,Vehicle,0
CUST_01182,46,15159.91,20,623,0.456,27480.67,60,2,2,5.0,Rent,Home Improvement,0
CUST_01183,66,28232.7,22,776,0.433,24104.33,24,1,4,21.0,Mortgage,Vehicle,0
CUST_01184,63,86803.19,6,764,0.438,27377.79,60,1,1,14.2,Rent,Debt Consolidation,1
CUST_01185,32,43046.23,16,699,0.228,25171.08,48,0,0,11.4,Rent,Home Improvement,0
CUST_01186,46,26376.4,27,827,0.216,53313.76,60,1,2,5.1,Rent,Medical,0
CUST_01187,33,41164.26,29,765,0.662,12145.9,36,3,0,0.5,Mortgage,Home Improvement,0
CUST_01188,60,50935.84,4,710,0.369,34780.87,36,1,1,0.5,Rent,Vehicle,0
CUST_01189,38,26382.79,23,718,0.315,10908.43,24,3,1,7.4,Own,Debt Consolidation,1
CUST_01190,45,67352.27,6,686,0.564,85353.31,60,1,0,15.1,Mortgage,Vehicle,0
CUST_01191,53,46529.84,33,592,0.267,56161.95,36,1,4,13.9,Mortgage,Home Improvement,0
CUST_01192,67,20953.18,32,661,0.108,20460.65,48,0,2,5.3,Mortgage,Vehicle,0
CUST_01193,60,55724.94,26,498,0.146,44972.01,60,1,2,2.3,Mortgage,Debt Consolidation,0
CUST_01194,63,29590.05,13,603,0.816,47891.7,36,1,2,11.1,Mortgage,Vehicle,1
CUST_01195,32,33204.3,18,777,0.098,12728.82,48,2,1,9.5,Rent,Home Improvement,0
CUST_01196,64,21851.3,11,685,0.156,39934.75,36,1,1,4.4,Rent,Debt Consolidation,0
CUST_01197,56,49797.66,2,605,0.325,53696.49,60,1,3,7.7,Mortgage,Vehicle,0
CUST_01198,68,33710.59,6,717,0.462,46814.67,84,1,3,11.2,Rent,Other,1
CUST_01199,24,50862.36,34,722,0.431,63305.93,84,3,2,6.9,Rent,Debt Consolidation,0
CUST_01200,25,27570.7,24,788,0.668,20689.43,48,2,1,6.7,Own,Vehicle,0
CUST_01201,57,26037.64,14,804,0.337,60088.42,36,2,1,12.3,Rent,Vehicle,0
CUST_01202,28,25003.76,18,735,0.092,97167.33,84,3,2,10.1,Own,Debt Consolidation,0
CUST_01203,62,44267.94,18,574,0.424,34729.91,72,1,2,3.2,Rent,Vehicle,0
CUST_01204,69,25843.78,22,840,0.285,32051.86,36,3,1,1.9,Rent,Vehicle,0
CUST_01205,48,32808.53,10,775,0.375,37901.94,36,4,0,2.4,Rent,Debt Consolidation,0
CUST_01206,51,28023.16,20,739,0.347,17474.75,24,2,0,14.6,Mortgage,Vehicle,1
CUST_01207,29,45253.8,33,679,0.376,54140.75,84,2,1,12.3,Rent,Other,0
CUST_01208,49,15250.21,6,572,0.404,27802.67,24,3,0,1.9,Rent,Home Improvement,0
CUST_01209,34,41089.85,26,641,0.215,49133.83,36,2,0,0.5,Rent,Vehicle,0
CUST_01210,60,86307.48,22,676,0.484,76184.69,60,1,1,6.4,Mortgage,Debt Consolidation,1
CUST_01211,61,67373.9,19,652,0.362,35097.11,48,1,0,12.5,Mortgage,Debt Consolidation,0
CUST_01212,42,26680.11,26,757,0.201,59230.41,48,0,2,13.5,Mortgage,Vehicle,0
CUST_01213,31,46504.34,7,675,0.494,15878.91,36,1,0,2.7,Rent,Vehicle,0
CUST_01214,43,42204.53,2,626,0.09,32049.71,12,2,1,2.9,Mortgage,Vehicle,0
CUST_01215,21,75712.31,1,715,0.539,50655.88,24,1,1,8.9,Mortgage,Debt Consolidation,0
CUST_01216,66,15000.0,21,622,0.407,15633.76,60,0,2,8.1,Rent,Other,1
CUST_01217,57,63350.22,5,566,0.191,99118.88,60,1,0,8.2,Own,Debt Consolidation,0
CUST_01218,41,31768.84,23,716,0.667,62929.87,60,2,1,6.7,Mortgage,Medical,1
CUST_01219,46,25043.9,11,675,0.505,24047.93,60,1,0,10.7,Rent,Home Improvement,0
CUST_01220,66,24688.65,16,691,0.559,35776.34,36,0,1,0.7,Rent,Medical,0
CUST_01221,56,18959.24,21,776,0.371,35886.71,60,2,3,10.8,Own,Home Improvement,0
CUST_01222,43,26713.94,18,698,0.125,27439.02,36,0,1,13.3,Mortgage,Debt Consolidation,0
CUST_01223,21,21165.61,8,720,0.146,10980.28,36,4,1,8.7,Own,Debt Consolidation,0
CUST_01224,60,39739.8,11,681,0.117,23472.35,48,2,0,8.1,Own,Home Improvement,0
CUST_01225,35,48774.79,31,737,0.61,59304.59,72,3,1,9.8,Mortgage,Home Improvement,0
CUST_01226,41,31943.16,30,531,0.123,39170.69,72,4,1,10.4,Own,Education,0
CUST_01227,67,76869.28,16,626,0.251,67388.81,60,1,0,7.0,Rent,Home Improvement,1
CUST_01228,29,27606.03,22,653,0.191,18201.27,36,1,0,5.0,Rent,Education,0
CUST_01229,29,31118.84,9,646,0.592,65649.84,12,1,0,1.1,Mortgage,Vehicle,0
CUST_01230,30,28667.8,29,625,0.602,57227.25,36,0,2,2.3,Rent,Debt Consolidation,0
CUST_01231,46,48986.96,18,674,0.057,22719.21,60,3,1,10.2,Rent,Home Improvement,0
CUST_01232,61,51523.16,25,671,0.495,40133.6,24,2,0,7.2,Rent,Other,0
CUST_01233,55,46522.13,25,674,0.072,22755.75,60,3,2,7.4,Mortgage,Medical,0
CUST_01234,45,34130.47,10,694,0.353,53025.02,72,0,0,4.5,Rent,Debt Consolidation,0
CUST_01235,46,18577.17,19,715,0.488,115553.55,48,0,0,10.5,Own,Debt Consolidation,1
CUST_01236,31,30954.69,3,626,0.177,42147.05,12,0,3,4.7,Rent,Home Improvement,0
CUST_01237,58,76044.19,11,643,0.23,19864.25,48,1,0,6.7,Own,Medical,0
CUST_01238,22,60271.76,24,745,0.163,28984.35,60,2,1,8.5,Mortgage,Education,0
CUST_01239,27,42067.27,9,614,0.191,198026.69,60,4,1,0.5,Rent,Education,1
CUST_01240,38,29964.66,21,623,0.196,14568.13,48,1,3,8.0,Rent,Medical,0
CUST_01241,47,36069.06,6,626,0.055,22410.17,60,2,0,11.0,Mortgage,Home Improvement,0
CUST_01242,54,30031.37,23,666,0.197,39711.6,36,3,2,4.2,Own,Vehicle,0
CUST_01243,47,65941.67,1,750,0.424,100799.68,36,3,1,7.7,Mortgage,Vehicle,0
CUST_01244,37,23873.31,31,717,0.076,13554.06,72,1,1,7.4,Mortgage,Home Improvement,0
CUST_01245,63,57632.08,20,619,0.689,19567.84,36,3,4,7.7,Own,Vehicle,0
CUST_01246,64,27872.58,6,807,0.101,9537.29,60,3,0,2.8,Mortgage,Vehicle,0
CUST_01247,44,70295.52,7,631,0.713,27569.89,36,2,1,0.5,Own,Vehicle,1
CUST_01248,45,44953.68,20,567,0.216,17028.86,48,1,1,13.8,Mortgage,Vehicle,0
CUST_01249,27,24966.9,7,808,0.204,75949.63,24,1,1,0.5,Own,Vehicle,0
CUST_01250,26,31111.84,24,621,0.207,12881.91,36,5,2,0.5,Own,Vehicle,0
CUST_01251,44,51834.97,27,672,0.608,98281.97,36,2,3,8.8,Mortgage,Home Improvement,0
CUST_01252,53,28294.67,27,671,0.184,94965.65,84,1,1,7.1,Mortgage,Vehicle,1
CUST_01253,69,36719.68,30,721,0.416,26676.55,12,1,0,0.6,Mortgage,Vehicle,0
CUST_01254,49,28100.09,24,551,0.161,6230.11,36,0,1,10.1,Mortgage,Medical,0
CUST_01255,63,87514.4,11,659,0.247,51409.63,60,1,1,0.5,Rent,Education,0
CUST_01256,42,95371.58,30,654,0.48,82712.12,72,1,2,14.8,Mortgage,Debt Consolidation,0
CUST_01257,46,75475.39,17,779,0.16,14617.49,84,3,1,5.0,Own,Home Improvement,0
CUST_01258,48,34125.94,25,642,0.406,22076.53,60,2,0,7.5,Rent,Home Improvement,0
CUST_01259,41,29691.73,5,658,0.489,42249.09,72,0,2,0.5,Rent,Vehicle,0
CUST_01260,69,24597.95,8,733,0.433,25007.04,72,3,1,11.8,Own,Home Improvement,0
CUST_01261,27,78265.38,10,716,0.212,141574.57,48,1,1,2.8,Own,Vehicle,0
CUST_01262,37,57835.72,30,629,0.382,35558.73,24,5,2,9.5,Rent,Debt Consolidation,1
CUST_01263,40,59241.67,1,710,0.564,49821.72,48,2,1,6.0,Mortgage,Debt Consolidation,1
CUST_01264,61,32049.47,28,628,0.568,69063.53,48,1,0,1.1,Rent,Education,0
CUST_01265,69,15078.89,4,736,0.263,10722.78,48,2,0,7.7,Own,Debt Consolidation,1
CUST_01266,40,16916.1,22,669,0.63,44373.91,36,3,2,11.2,Rent,Home Improvement,1
CUST_01267,42,37377.23,6,592,0.412,24793.19,60,3,2,8.1,Mortgage,Home Improvement,1
CUST_01268,48,27963.71,12,530,0.241,22269.33,48,1,5,10.8,Rent,Home Improvement,1
CUST_01269,60,26400.79,9,654,0.317,26315.8,60,3,1,0.5,Rent,Home Improvement,0
CUST_01270,69,43155.89,15,625,0.381,33299.01,36,2,0,10.4,Mortgage,Vehicle,1
CUST_01271,27,60284.48,14,663,0.214,23152.44,48,3,2,8.8,Mortgage,Education,0
CUST_01272,21,25575.41,18,677,0.123,36244.05,60,2,1,10.8,Mortgage,Debt Consolidation,0
CUST_01273,52,18905.25,20,546,0.113,17003.13,24,2,1,11.8,Rent,Education,0
CUST_01274,33,25881.0,34,629,0.196,73568.94,60,1,2,9.8,Own,Vehicle,0
CUST_01275,50,21547.56,14,671,0.753,30542.0,48,1,0,0.5,Rent,Education,1
CUST_01276,43,48845.44,13,687,0.205,68616.3,84,3,2,10.3,Rent,Vehicle,0
CUST_01277,39,36240.97,28,736,0.234,92675.1,48,1,0,15.4,Mortgage,Home Improvement,0
CUST_01278,52,92989.76,4,748,0.389,124802.51,24,2,1,9.8,Own,Education,0
CUST_01279,50,52435.68,17,663,0.317,34509.82,48,2,1,1.6,Own,Other,0
CUST_01280,49,89942.7,0,670,0.281,9143.82,48,1,0,10.9,Rent,Other,0
CUST_01281,69,17998.84,26,646,0.545,47309.83,60,0,1,19.0,Rent,Medical,0
CUST_01282,65,15000.0,26,726,0.622,37407.28,36,4,0,6.3,Own,Debt Consolidation,1
CUST_01283,49,41006.92,24,653,0.524,33114.56,48,0,0,17.8,Rent,Debt Consolidation,0
CUST_01284,50,38623.27,20,612,0.498,48427.02,36,1,2,4.3,Own,Home Improvement,0
CUST_01285,36,34153.05,13,564,0.224,58796.19,72,0,2,16.5,Own,Home Improvement,0
CUST_01286,60,38097.29,19,614,0.304,39076.9,36,1,3,16.6,Rent,Debt Consolidation,0
CUST_01287,39,20702.03,27,661,0.184,30832.43,12,2,0,1.4,Rent,Home Improvement,0
CUST_01288,38,48126.55,20,749,0.107,65428.4,48,3,0,9.8,Mortgage,Debt Consolidation,0
CUST_01289,21,52475.23,22,683,0.338,85486.55,84,2,2,10.3,Rent,Debt Consolidation,0
CUST_01290,34,19932.87,10,688,0.272,115806.96,60,1,0,13.8,Rent,Vehicle,0
CUST_01291,67,30429.93,1,680,0.344,60612.67,60,3,2,11.8,Mortgage,Other,0
CUST_01292,22,31384.46,19,770,0.194,21955.33,60,0,2,12.6,Rent,Vehicle,0
CUST_01293,48,25967.33,23,716,0.251,200000.0,36,2,0,0.5,Rent,Debt Consolidation,1
CUST_01294,69,20321.68,24,679,0.366,21079.29,36,4,2,13.3,Own,Medical,0
CUST_01295,50,36543.28,21,638,0.464,38034.04,36,1,4,4.6,Mortgage,Other,1
CUST_01296,58,41373.79,23,592,0.451,134715.77,36,1,0,7.4,Mortgage,Debt Consolidation,1
CUST_01297,24,26766.57,14,796,0.052,42807.59,24,1,0,8.3,Rent,Debt Consolidation,0
CUST_01298,21,21048.94,11,736,0.608,200000.0,48,1,1,15.4,Rent,Home Improvement,0
CUST_01299,28,44590.61,30,666,0.105,28975.52,24,1,2,0.7,Own,Education,0
CUST_01300,49,24744.04,30,806,0.474,24746.97,60,0,0,7.9,Mortgage,Home Improvement,1
CUST_01301,59,31113.5,29,679,0.383,48163.66,48,3,2,9.3,Mortgage,Debt Consolidation,0
CUST_01302,23,29201.1,19,623,0.188,22443.13,60,2,1,11.5,Mortgage,Other,0
CUST_01303,52,67700.87,7,766,0.204,94006.51,48,3,5,10.2,Rent,Vehicle,0
CUST_01304,30,25318.35,29,590,0.227,22859.76,60,1,0,9.1,Own,Home Improvement,0
CUST_01305,30,86056.84,34,652,0.236,58192.49,24,1,1,8.9,Mortgage,Vehicle,0
CUST_01306,39,52899.6,20,596,0.553,55709.38,36,1,2,8.9,Own,Medical,0
CUST_01307,66,90259.97,27,624,0.19,55923.83,84,1,0,8.1,Rent,Debt Consolidation,0
CUST_01308,54,50631.01,16,694,0.142,75190.69,60,3,0,6.4,Mortgage,Debt Consolidation,0
CUST_01309,53,32515.68,11,704,0.047,23402.04,60,1,0,11.7,Mortgage,Education,0
CUST_01310,43,22955.59,17,603,0.419,41944.63,84,1,0,0.5,Rent,Home Improvement,0
CUST_01311,48,30402.93,27,807,0.257,30480.77,12,1,0,6.0,Rent,Education,0
CUST_01312,52,76392.55,2,534,0.231,95946.23,84,1,1,14.5,Own,Debt Consolidation,0
CUST_01313,27,35455.39,14,689,0.092,49082.29,24,2,2,15.0,Mortgage,Vehicle,1
CUST_01314,49,50536.93,15,691,0.611,144170.41,60,1,3,10.0,Mortgage,Debt Consolidation,0
CUST_01315,28,40274.98,21,698,0.294,110142.74,60,3,0,4.5,Own,Vehicle,0
CUST_01316,21,41143.88,30,742,0.144,16411.38,72,0,2,6.5,Rent,Other,0
CUST_01317,23,41943.55,30,467,0.313,34974.36,60,2,0,2.0,Rent,Debt Consolidation,1
CUST_01318,44,46521.54,0,626,0.456,42551.25,36,4,1,11.1,Mortgage,Debt Consolidation,1
CUST_01319,43,24171.9,10,691,0.267,33425.83,36,4,1,5.6,Rent,Medical,1
CUST_01320,28,31651.72,5,799,0.639,24834.3,60,0,2,11.5,Mortgage,Debt Consolidation,1
CUST_01321,67,42389.53,22,639,0.194,32563.09,60,1,1,10.6,Mortgage,Medical,0
CUST_01322,57,39408.77,8,667,0.4,57288.66,48,3,1,1.4,Rent,Medical,0
CUST_01323,23,28836.51,15,731,0.046,68565.08,60,1,2,8.6,Mortgage,Debt Consolidation,0
CUST_01324,53,44725.56,18,595,0.115,18340.95,36,2,1,13.4,Own,Vehicle,0
CUST_01325,48,24696.81,12,682,0.352,13088.99,48,2,0,8.0,Rent,Medical,0
CUST_01326,67,19702.42,31,673,0.272,16142.45,48,1,1,7.2,Rent,Debt Consolidation,0
CUST_01327,28,42086.95,8,637,0.364,35601.3,60,2,0,8.9,Rent,Home Improvement,1
CUST_01328,54,19945.41,30,715,0.068,42685.15,72,2,0,16.1,Rent,Home Improvement,0
CUST_01329,55,41775.36,30,831,0.382,43308.06,24,1,3,13.6,Mortgage,Education,0
CUST_01330,52,15000.0,18,692,0.263,28714.56,60,4,0,5.1,Own,Vehicle,0
CUST_01331,44,25273.36,1,524,0.317,31854.39,48,2,0,8.9,Mortgage,Education,0
CUST_01332,34,30829.01,31,619,0.071,12979.43,48,0,0,6.8,Rent,Medical,0
CUST_01333,52,16263.56,33,784,0.259,29995.71,60,1,1,3.2,Mortgage,Education,0
CUST_01334,66,30141.67,0,663,0.453,59786.69,60,1,2,7.0,Rent,Debt Consolidation,1
CUST_01335,63,65677.38,20,598,0.437,31452.49,48,1,1,9.8,Rent,Medical,1
CUST_01336,36,19241.9,2,733,0.227,11567.65,60,3,0,5.6,Mortgage,Home Improvement,0
CUST_01337,24,30555.91,26,635,0.473,127107.73,72,0,2,0.5,Own,Home Improvement,0
CUST_01338,57,85077.88,6,682,0.153,19532.46,60,2,2,4.2,Mortgage,Vehicle,0
CUST_01339,41,21355.61,32,601,0.224,42054.25,36,1,1,16.2,Mortgage,Home Improvement,0
CUST_01340,34,73028.98,8,651,0.259,47674.68,24,0,2,7.3,Rent,Vehicle,0
CUST_01341,51,31586.89,29,678,0.1,105791.4,36,2,3,9.9,Rent,Medical,0
CUST_01342,68,38213.96,17,673,0.117,34225.53,36,2,1,16.6,Mortgage,Debt Consolidation,1
CUST_01343,38,69268.19,25,706,0.02,47265.08,84,1,2,6.4,Mortgage,Vehicle,0
CUST_01344,27,28494.06,19,694,0.091,26061.05,72,2,0,8.7,Mortgage,Vehicle,0
CUST_01345,30,49787.18,30,609,0.613,26265.76,72,0,1,10.7,Rent,Debt Consolidation,0
CUST_01346,27,56517.1,7,798,0.09,33266.69,60,0,1,21.2,Rent,Other,0
CUST_01347,53,26228.27,22,669,0.083,80762.0,48,3,2,6.2,Mortgage,Home Improvement,1
CUST_01348,43,24817.02,24,585,0.266,70415.77,36,0,3,2.2,Mortgage,Debt Consolidation,0
CUST_01349,41,32393.03,0,524,0.337,22519.31,60,2,2,10.9,Rent,Debt Consolidation,1
CUST_01350,39,32903.76,17,685,0.157,48079.59,72,1,0,0.6,Own,Education,0
CUST_01351,68,21173.93,18,615,0.424,42710.07,60,1,0,6.3,Rent,Vehicle,1
CUST_01352,39,26349.37,5,720,0.229,32628.7,60,0,3,12.4,Own,Debt Consolidation,0
CUST_01353,56,15000.0,16,683,0.225,14854.24,36,0,2,11.9,Mortgage,Debt Consolidation,0
CUST_01354,49,30725.97,7,850,0.211,44305.91,60,2,0,11.7,Own,Vehicle,0
CUST_01355,38,56794.63,8,592,0.722,49951.75,36,2,1,6.7,Own,Medical,0
CUST_01356,22,15782.48,26,754,0.279,30676.7,60,2,0,11.7,Rent,Other,0
CUST_01357,21,28808.56,5,604,0.517,29700.41,72,0,0,7.3,Rent,Vehicle,0
CUST_01358,67,123150.99,5,738,0.173,139565.24,72,0,5,13.8,Own,Debt Consolidation,1
CUST_01359,25,35908.16,3,780,0.312,28103.1,72,1,2,11.1,Rent,Medical,0
CUST_01360,40,71567.56,21,656,0.598,75147.11,36,2,1,11.0,Mortgage,Home Improvement,0
CUST_01361,31,21895.63,26,629,0.358,30343.17,36,2,2,7.3,Own,Home Improvement,0
CUST_01362,62,45451.87,1,669,0.159,38540.09,24,4,1,15.6,Rent,Education,0
CUST_01363,22,20108.36,8,628,0.347,31196.82,60,1,3,8.0,Rent,Debt Consolidation,0
CUST_01364,23,44379.47,10,793,0.172,35671.03,84,1,2,12.1,Rent,Education,0
CUST_01365,43,55332.96,19,666,0.446,16624.95,24,2,1,0.5,Mortgage,Home Improvement,0
CUST_01366,32,49142.91,13,711,0.171,63637.07,48,2,1,5.7,Rent,Home Improvement,0
CUST_01367,40,30562.57,25,713,0.217,25533.38,36,0,0,4.1,Own,Home Improvement,0
CUST_01368,25,41667.09,29,742,0.283,15104.19,60,3,3,9.6,Rent,Home Improvement,0
CUST_01369,57,41866.7,34,648,0.172,73803.28,72,3,2,4.2,Rent,Home Improvement,0
CUST_01370,58,50665.21,5,734,0.068,113894.58,36,2,1,5.9,Mortgage,Home Improvement,0
CUST_01371,50,34136.3,2,771,0.588,36841.62,60,2,0,6.2,Rent,Medical,0
CUST_01372,29,57847.72,0,669,0.377,45285.08,36,1,1,8.3,Mortgage,Medical,0
CUST_01373,54,74406.81,17,587,0.378,71489.18,72,1,2,15.1,Mortgage,Home Improvement,1
CUST_01374,64,30979.04,22,776,0.467,20186.53,12,2,1,7.0,Own,Debt Consolidation,1
CUST_01375,55,37168.61,31,692,0.23,43021.7,60,2,3,16.6,Mortgage,Debt Consolidation,0
CUST_01376,42,23100.11,28,680,0.252,93550.84,12,2,1,14.6,Mortgage,Home Improvement,0
CUST_01377,64,43050.48,22,727,0.356,38712.46,60,1,2,0.5,Rent,Education,0
CUST_01378,44,43188.04,5,780,0.704,29622.03,72,1,0,9.6,Mortgage,Home Improvement,0
CUST_01379,37,37383.82,16,664,0.299,39424.79,72,1,1,10.8,Mortgage,Education,0
CUST_01380,30,38820.35,17,768,0.124,20888.42,24,1,1,1.1,Rent,Vehicle,0
CUST_01381,50,94931.72,30,685,0.118,112825.26,24,0,1,8.5,Rent,Other,0
CUST_01382,66,15000.0,5,724,0.514,72133.63,72,1,1,12.6,Mortgage,Education,1
CUST_01383,43,28329.86,33,638,0.207,54483.48,36,1,1,5.8,Own,Education,0
CUST_01384,52,30581.12,26,662,0.045,41033.05,36,1,0,9.5,Mortgage,Education,0
CUST_01385,37,75241.36,24,756,0.278,32621.29,36,3,0,12.2,Mortgage,Education,0
CUST_01386,37,46057.43,9,542,0.542,23511.76,48,2,2,12.6,Own,Debt Consolidation,1
CUST_01387,34,46622.7,11,729,0.029,19456.0,24,2,1,0.5,Own,Home Improvement,0
CUST_01388,29,68181.47,10,707,0.182,81509.01,12,0,1,13.9,Mortgage,Other,0
CUST_01389,60,33190.59,2,796,0.184,69011.93,60,2,2,2.6,Own,Education,0
CUST_01390,22,50320.27,21,750,0.269,18585.85,48,0,2,1.8,Mortgage,Debt Consolidation,0
CUST_01391,65,27850.8,3,692,0.154,31942.38,72,2,0,12.2,Own,Education,0
CUST_01392,45,21447.15,7,591,0.345,30785.82,60,0,2,7.0,Rent,Debt Consolidation,0
CUST_01393,59,89061.6,13,639,0.255,56942.17,60,1,2,11.1,Rent,Vehicle,0
CUST_01394,29,43674.33,19,664,0.179,74436.37,72,1,2,0.5,Own,Other,0
CUST_01395,42,50127.81,23,784,0.187,20088.11,24,2,1,5.8,Mortgage,Medical,0
CUST_01396,63,21160.95,13,736,0.099,22078.68,48,1,0,9.2,Rent,Education,0
CUST_01397,66,46872.03,27,624,0.173,25664.84,48,0,2,5.7,Mortgage,Other,0
CUST_01398,24,88354.85,15,708,0.03,31061.72,60,2,0,6.7,Rent,Home Improvement,1
CUST_01399,46,31611.46,31,648,0.279,9364.26,48,1,0,10.1,Mortgage,Vehicle,0
CUST_01400,49,19382.0,11,635,0.564,7920.36,48,2,0,1.2,Mortgage,Vehicle,0
CUST_01401,65,39814.57,15,724,0.449,39586.8,48,2,2,5.0,Own,Debt Consolidation,0
CUST_01402,54,21634.65,18,670,0.701,42745.86,60,2,1,10.0,Rent,Home Improvement,1
CUST_01403,43,16665.58,4,599,0.198,35679.1,60,2,0,8.7,Mortgage,Medical,0
CUST_01404,57,25150.1,11,738,0.288,81443.69,48,2,2,9.0,Mortgage,Home Improvement,0
CUST_01405,31,28387.41,28,691,0.219,11404.89,24,2,1,0.5,Mortgage,Other,1
CUST_01406,26,22167.34,4,654,0.258,121073.39,60,3,1,18.0,Mortgage,Medical,1
CUST_01407,38,70490.51,16,784,0.164,33462.24,84,0,2,9.4,Mortgage,Debt Consolidation,0
CUST_01408,41,93414.79,7,754,0.195,36739.93,60,2,1,10.6,Rent,Vehicle,0
CUST_01409,62,49466.16,29,689,0.365,46196.7,48,0,0,9.2,Rent,Debt Consolidation,0
CUST_01410,56,44006.73,9,560,0.583,17943.77,36,2,2,8.6,Mortgage,Vehicle,0
CUST_01411,61,33825.69,19,758,0.273,26571.35,60,1,0,7.1,Mortgage,Debt Consolidation,0
CUST_01412,58,23198.28,15,646,0.291,101786.46,36,2,0,13.2,Mortgage,Other,0
CUST_01413,54,80939.33,15,669,0.344,49905.62,36,1,1,11.0,Own,Education,0
CUST_01414,37,35191.97,2,659,0.498,34178.76,24,0,0,11.1,Mortgage,Vehicle,1
CUST_01415,57,28816.61,22,589,0.234,13762.36,84,0,1,5.9,Rent,Vehicle,0
CUST_01416,45,60317.55,21,712,0.26,14473.47,60,3,0,2.4,Rent,Vehicle,1
CUST_01417,58,35003.66,27,621,0.206,26176.13,60,0,0,2.6,Mortgage,Vehicle,0
CUST_01418,32,59198.24,3,708,0.237,38592.35,72,1,1,12.9,Mortgage,Vehicle,0
CUST_01419,43,29588.04,23,614,0.808,74528.45,36,2,5,9.4,Mortgage,Debt Consolidation,1
CUST_01420,62,60404.47,18,648,0.348,67491.68,48,2,1,9.3,Own,Vehicle,0
CUST_01421,42,59271.48,10,706,0.45,82583.16,24,3,3,8.0,Rent,Home Improvement,1
CUST_01422,41,70432.79,17,689,0.695,30439.24,60,7,0,14.5,Own,Debt Consolidation,0
CUST_01423,47,25470.79,11,724,0.481,15675.65,72,5,3,4.9,Own,Education,1
CUST_01424,51,34838.57,13,729,0.347,22397.35,60,1,0,0.5,Mortgage,Debt Consolidation,0
CUST_01425,26,96171.18,17,773,0.246,38953.25,60,1,1,5.3,Own,Medical,0
CUST_01426,47,32105.86,11,680,0.287,48347.09,48,0,3,0.5,Own,Education,1
CUST_01427,60,54475.86,26,764,0.436,17996.55,60,1,2,0.5,Rent,Education,0
CUST_01428,54,114151.58,5,657,0.257,27086.55,60,0,1,10.8,Mortgage,Debt Consolidation,0
CUST_01429,32,15000.0,23,734,0.462,19140.62,60,1,2,11.2,Mortgage,Home Improvement,0
CUST_01430,65,31578.2,32,759,0.508,151136.25,48,0,1,10.6,Own,Vehicle,1
CUST_01431,27,36349.48,15,758,0.312,62759.24,60,0,2,6.8,Rent,Debt Consolidation,0
CUST_01432,30,15000.0,11,578,0.324,30421.6,48,0,0,3.2,Own,Medical,0
CUST_01433,65,28912.07,30,460,0.232,27669.33,48,1,2,8.3,Mortgage,Debt Consolidation,1
CUST_01434,37,22343.92,12,719,0.401,112574.66,48,1,1,10.4,Rent,Medical,0
CUST_01435,46,55761.71,7,680,0.454,19010.85,60,1,0,15.3,Rent,Debt Consolidation,1
CUST_01436,41,15270.47,2,700,0.211,33999.21,72,1,0,8.2,Mortgage,Home Improvement,0
CUST_01437,48,93401.37,19,686,0.324,20996.27,60,2,0,5.0,Own,Vehicle,0
CUST_01438,66,51274.49,3,656,0.433,23099.41,72,1,0,3.2,Rent,Debt Consolidation,1
CUST_01439,22,21441.62,1,720,0.372,48922.37,12,1,2,11.1,Own,Other,0
CUST_01440,63,60670.31,22,704,0.35,7876.0,72,2,0,6.9,Own,Vehicle,0
CUST_01441,21,48946.83,18,673,0.316,117994.52,12,1,2,2.7,Own,Vehicle,0
CUST_01442,56,35618.35,7,682,0.791,57104.65,72,0,2,19.1,Own,Home Improvement,0
CUST_01443,46,25318.02,15,723,0.221,32406.27,36,0,1,0.5,Rent,Education,0
CUST_01444,49,47754.65,17,638,0.097,16889.89,24,1,2,5.6,Own,Vehicle,0
CUST_01445,41,38617.48,23,602,0.335,8083.97,72,1,2,11.9,Mortgage,Vehicle,1
CUST_01446,31,25729.15,0,601,0.559,32142.79,12,3,0,13.4,Rent,Vehicle,1
CUST_01447,60,18552.73,0,644,0.343,24439.18,60,0,0,13.2,Mortgage,Debt Consolidation,0
CUST_01448,31,23734.99,10,784,0.498,30115.08,36,0,0,8.1,Mortgage,Debt Consolidation,0
CUST_01449,56,28235.94,17,689,0.307,36645.22,36,1,1,7.3,Mortgage,Other,0
CUST_01450,69,64941.6,15,632,0.289,64627.94,12,0,0,7.5,Own,Home Improvement,0
CUST_01451,59,55847.47,16,694,0.231,59453.44,84,3,0,5.0,Mortgage,Home Improvement,0
CUST_01452,60,28997.54,23,607,0.24,45623.42,48,1,2,4.3,Rent,Debt Consolidation,0
CUST_01453,55,29566.67,33,667,0.353,92925.64,48,0,0,0.5,Rent,Vehicle,0
CUST_01454,54,59615.81,3,651,0.648,32519.89,12,2,2,0.5,Rent,Debt Consolidation,0
CUST_01455,67,41509.32,34,587,0.566,40217.82,36,1,0,3.2,Mortgage,Other,0
CUST_01456,44,41221.18,14,757,0.271,101731.23,36,2,1,14.7,Mortgage,Vehicle,0
CUST_01457,42,25547.95,1,654,0.298,128897.69,12,0,0,4.4,Own,Debt Consolidation,1
CUST_01458,25,34142.24,30,677,0.237,40657.69,36,2,2,12.9,Rent,Home Improvement,0
CUST_01459,53,36392.97,8,729,0.232,31390.37,72,2,2,12.8,Rent,Debt Consolidation,0
CUST_01460,56,34696.85,9,705,0.22,92074.49,60,4,1,6.4,Rent,Debt Consolidation,0
CUST_01461,67,52419.5,24,685,0.354,36131.71,12,1,2,17.7,Mortgage,Medical,1
CUST_01462,40,53245.94,4,663,0.036,29067.02,36,1,1,8.9,Own,Debt Consolidation,0
CUST_01463,39,22937.33,13,731,0.055,33142.35,48,2,2,5.0,Mortgage,Debt Consolidation,1
CUST_01464,55,28279.51,1,679,0.344,75241.12,36,2,1,4.6,Own,Vehicle,1
CUST_01465,63,25753.18,17,690,0.442,36703.13,36,0,1,14.1,Rent,Education,0
CUST_01466,37,72712.09,28,758,0.083,32133.88,84,1,2,0.5,Mortgage,Education,0
CUST_01467,65,112055.02,19,762,0.284,20554.0,84,1,2,3.3,Mortgage,Vehicle,0
CUST_01468,63,28801.69,7,699,0.092,25805.12,60,0,0,2.1,Mortgage,Debt Consolidation,0
CUST_01469,54,33404.72,25,687,0.649,55301.9,72,2,1,10.1,Mortgage,Vehicle,1
CUST_01470,29,55334.81,3,726,0.583,60140.21,48,1,1,13.8,Mortgage,Debt Consolidation,0
CUST_01471,46,25499.0,32,662,0.41,13521.87,12,3,1,2.2,Own,Medical,0
CUST_01472,22,55963.45,21,663,0.315,42483.92,60,3,0,18.6,Mortgage,Home Improvement,0
CUST_01473,29,35938.53,5,676,0.489,76311.33,36,0,0,12.8,Own,Other,0
CUST_01474,29,15186.01,32,609,0.133,8491.62,60,4,0,1.8,Own,Home Improvement,0
CUST_01475,60,18954.25,27,845,0.219,50328.89,72,0,2,2.3,Own,Education,1
CUST_01476,37,30671.0,23,652,0.356,64086.7,60,0,1,6.5,Mortgage,Debt Consolidation,0
CUST_01477,21,66934.8,3,713,0.121,77121.3,36,0,0,14.3,Mortgage,Home Improvement,0
CUST_01478,45,23242.38,1,679,0.076,63904.33,60,7,0,5.2,Rent,Vehicle,0
CUST_01479,63,27804.4,12,728,0.073,26693.03,60,0,0,8.4,Own,Home Improvement,0
CUST_01480,60,40358.69,10,653,0.637,15470.59,72,1,3,4.7,Mortgage,Debt Consolidation,1
CUST_01481,62,15766.1,34,695,0.387,43820.06,60,0,3,12.3,Own,Vehicle,0
CUST_01482,45,42162.09,9,620,0.143,51006.63,84,3,1,7.0,Own,Vehicle,0
CUST_01483,59,16783.14,9,765,0.264,23353.39,48,1,1,0.5,Own,Debt Consolidation,0
CUST_01484,55,48223.04,7,726,0.234,41575.3,48,0,2,16.5,Mortgage,Other,1
CUST_01485,23,24236.4,4,581,0.719,26507.71,12,2,1,8.3,Rent,Debt Consolidation,0
CUST_01486,57,22674.03,22,681,0.132,47864.96,72,1,1,13.6,Rent,Debt Consolidation,0
CUST_01487,64,41622.59,33,583,0.369,31663.09,48,0,3,9.3,Mortgage,Debt Consolidation,0
CUST_01488,64,54013.82,31,624,0.432,12869.32,72,1,2,8.4,Rent,Vehicle,0
CUST_01489,50,43832.46,15,744,0.4,44417.5,36,0,2,2.4,Mortgage,Debt Consolidation,0
CUST_01490,58,40288.52,3,506,0.056,66171.79,72,0,1,11.8,Own,Other,0
CUST_01491,54,40574.74,27,753,0.497,76188.15,72,1,3,0.5,Own,Education,0
CUST_01492,32,43965.52,13,707,0.178,29389.79,12,0,3,0.9,Mortgage,Education,0
CUST_01493,39,45434.1,11,674,0.541,50457.76,60,3,1,12.3,Mortgage,Other,1
CUST_01494,57,29817.76,20,741,0.296,15039.39,12,0,2,13.3,Rent,Home Improvement,1
CUST_01495,64,50375.06,15,850,0.362,164733.05,24,2,0,9.2,Own,Home Improvement,0
CUST_01496,69,24365.05,1,587,0.047,11832.41,12,3,0,9.2,Own,Medical,1
CUST_01497,37,62673.67,22,799,0.138,8071.9,12,1,0,11.8,Mortgage,Home Improvement,0
CUST_01498,30,53702.88,28,748,0.032,80485.73,48,0,0,16.4,Rent,Debt Consolidation,0
CUST_01499,69,108060.93,8,631,0.185,83362.68,48,1,1,14.0,Own,Home Improvement,0
CUST_01500,67,46954.03,6,717,0.115,39607.0,48,1,2,11.5,Rent,Medical,0
CUST_01501,32,57213.77,28,602,0.364,144514.29,36,1,0,24.7,Own,Vehicle,1
CUST_01502,36,16642.76,16,646,0.105,64667.71,36,1,3,1.6,Mortgage,Other,0
CUST_01503,44,58153.91,8,533,0.418,23651.19,60,3,0,0.5,Mortgage,Debt Consolidation,0
CUST_01504,39,65396.76,5,586,0.284,58993.71,36,1,2,0.6,Mortgage,Education,1
CUST_01505,28,77061.62,19,707,0.098,16568.71,36,1,0,15.9,Rent,Home Improvement,0
CUST_01506,51,38570.12,9,713,0.646,23441.92,36,2,1,20.1,Mortgage,Education,0
CUST_01507,41,30609.12,8,712,0.365,104954.79,72,3,1,7.2,Mortgage,Debt Consolidation,1
CUST_01508,37,21062.36,11,725,0.104,34698.51,72,2,0,0.5,Rent,Education,1
CUST_01509,43,22048.11,32,688,0.329,32307.71,48,0,2,14.6,Mortgage,Other,0
CUST_01510,57,35853.51,31,727,0.184,54254.83,72,2,1,4.2,Own,Home Improvement,0
CUST_01511,36,15127.67,33,755,0.242,74412.71,36,1,3,11.4,Own,Education,0
CUST_01512,26,24732.93,18,697,0.426,132256.93,24,1,1,8.7,Rent,Medical,0
CUST_01513,28,37977.95,32,650,0.197,33159.62,48,2,0,6.8,Rent,Other,1
CUST_01514,45,37556.5,15,670,0.232,15550.3,72,2,0,10.8,Mortgage,Home Improvement,0
CUST_01515,38,22366.13,22,621,0.545,69319.46,24,2,1,0.5,Own,Debt Consolidation,0
CUST_01516,45,19595.76,25,740,0.321,13479.16,36,1,2,0.5,Own,Vehicle,0
CUST_01517,32,21115.1,8,568,0.082,35810.45,24,3,1,10.2,Mortgage,Home Improvement,0
CUST_01518,35,32518.81,29,669,0.321,18423.98,60,2,2,12.7,Rent,Home Improvement,0
CUST_01519,46,105334.74,12,720,0.125,39863.3,60,2,1,9.3,Mortgage,Other,0
CUST_01520,61,61708.04,15,609,0.458,18522.44,72,2,1,6.1,Mortgage,Medical,0
CUST_01521,65,40420.7,1,582,0.475,23790.77,24,3,1,8.6,Mortgage,Medical,1
CUST_01522,46,47903.57,30,520,0.073,21289.06,60,2,1,5.8,Mortgage,Home Improvement,0
CUST_01523,67,60350.98,18,660,0.337,5444.88,48,1,0,7.8,Own,Debt Consolidation,0
CUST_01524,52,50909.73,10,600,0.128,23337.0,36,1,1,9.9,Mortgage,Home Improvement,0
CUST_01525,30,31129.0,13,741,0.253,147023.27,60,0,2,7.9,Rent,Debt Consolidation,0
CUST_01526,36,23794.41,24,571,0.247,65578.58,12,3,0,3.1,Mortgage,Debt Consolidation,0
CUST_01527,27,34110.58,6,717,0.462,55987.16,24,1,0,13.3,Mortgage,Vehicle,1
CUST_01528,37,60001.26,14,589,0.218,12643.42,72,0,1,0.5,Own,Debt Consolidation,1
CUST_01529,43,31723.23,29,574,0.408,24572.85,60,1,3,14.1,Rent,Debt Consolidation,1
CUST_01530,46,20903.3,30,596,0.232,39622.04,24,2,0,9.7,Own,Home Improvement,0
CUST_01531,41,15340.87,23,755,0.217,126370.64,60,2,1,4.6,Own,Education,0
CUST_01532,42,34183.03,24,596,0.046,7791.72,36,4,1,7.4,Rent,Education,0
CUST_01533,27,21745.86,7,760,0.271,36623.31,36,0,1,3.1,Mortgage,Education,0
CUST_01534,34,29194.69,29,694,0.395,11498.53,24,2,1,3.5,Rent,Home Improvement,0
CUST_01535,35,75215.78,13,644,0.289,41049.38,60,3,1,11.0,Rent,Debt Consolidation,0
CUST_01536,27,35350.76,28,606,0.335,45254.16,36,2,0,10.3,Rent,Vehicle,0
CUST_01537,29,24953.51,26,813,0.2,34469.69,36,1,1,8.1,Rent,Debt Consolidation,0
CUST_01538,68,42377.62,33,639,0.173,120978.96,84,2,1,4.0,Own,Home Improvement,0
CUST_01539,28,94890.35,20,639,0.395,6721.24,36,0,1,8.7,Rent,Medical,0
CUST_01540,43,34188.75,10,782,0.232,19462.74,60,1,1,1.3,Own,Education,0
CUST_01541,49,15000.0,32,794,0.542,27235.59,24,2,2,8.4,Mortgage,Education,0
CUST_01542,38,50263.69,14,670,0.09,20526.62,84,1,0,2.4,Mortgage,Education,0
CUST_01543,51,43183.56,11,763,0.226,14308.64,48,1,1,9.6,Own,Vehicle,1
CUST_01544,50,37989.35,23,637,0.309,10791.69,60,0,2,5.6,Mortgage,Debt Consolidation,0
CUST_01545,59,32546.05,10,837,0.164,49483.78,24,3,0,5.9,Own,Home Improvement,0
CUST_01546,55,24254.66,18,588,0.233,52456.79,72,3,1,13.2,Mortgage,Medical,1
CUST_01547,38,77457.69,0,616,0.296,9386.6,60,3,0,14.4,Rent,Medical,0
CUST_01548,62,15000.0,16,772,0.539,93459.6,24,1,1,7.6,Mortgage,Other,0
CUST_01549,59,31117.31,15,660,0.137,30802.52,48,3,2,3.4,Mortgage,Other,0
CUST_01550,37,30755.68,25,776,0.317,20551.88,60,0,4,4.4,Mortgage,Debt Consolidation,0
CUST_01551,34,55643.52,14,647,0.208,48135.33,60,2,3,5.6,Own,Debt Consolidation,0
CUST_01552,51,67361.59,7,726,0.389,22176.26,72,1,2,14.5,Rent,Debt Consolidation,0
CUST_01553,44,32423.32,29,631,0.273,63035.94,72,3,3,0.5,Rent,Debt Consolidation,0
CUST_01554,55,39993.93,13,675,0.269,45483.13,12,2,3,7.8,Mortgage,Vehicle,0
CUST_01555,64,41730.74,32,590,0.326,54002.54,60,1,0,6.4,Rent,Medical,0
CUST_01556,65,61492.05,6,677,0.319,18293.06,24,2,2,17.1,Mortgage,Debt Consolidation,0
CUST_01557,54,60862.06,17,619,0.131,78220.27,12,3,0,14.4,Own,Other,0
CUST_01558,23,27744.51,11,825,0.227,102977.14,24,1,2,5.9,Mortgage,Education,0
CUST_01559,57,45204.44,1,658,0.224,22419.09,84,1,0,6.4,Mortgage,Medical,1
CUST_01560,63,43985.97,28,596,0.477,21834.05,12,3,3,11.5,Rent,Home Improvement,1
CUST_01561,60,34270.67,20,728,0.101,8309.38,60,2,1,3.6,Mortgage,Other,0
CUST_01562,46,43778.18,6,595,0.089,10391.48,60,2,1,16.4,Rent,Medical,0
CUST_01563,43,36683.92,26,741,0.349,52344.55,60,2,0,9.0,Own,Vehicle,1
CUST_01564,64,39298.64,11,641,0.05,20928.5,60,1,0,7.0,Mortgage,Education,0
CUST_01565,59,18434.83,19,677,0.101,69134.54,72,1,0,15.3,Rent,Other,0
CUST_01566,35,22948.76,13,667,0.475,74830.13,72,1,0,8.3,Rent,Home Improvement,0
CUST_01567,69,54659.47,9,662,0.16,27748.24,36,1,0,12.1,Rent,Other,0
CUST_01568,24,19825.14,22,684,0.305,78639.53,72,0,2,9.6,Mortgage,Other,1
CUST_01569,49,45938.31,29,634,0.319,48470.0,36,1,2,5.6,Rent,Vehicle,0
CUST_01570,42,34866.68,30,604,0.379,74893.13,60,1,4,8.4,Own,Debt Consolidation,1
CUST_01571,45,60798.92,9,683,0.122,8592.86,36,0,0,8.3,Mortgage,Home Improvement,0
CUST_01572,33,50231.63,18,652,0.123,32372.39,72,1,1,9.1,Rent,Vehicle,0
CUST_01573,38,28951.01,18,590,0.141,75153.64,60,1,1,11.6,Own,Vehicle,0
CUST_01574,53,32479.87,22,723,0.514,13806.65,48,0,1,8.2,Mortgage,Debt Consolidation,0
CUST_01575,36,15000.0,31,679,0.229,65976.18,60,0,3,2.7,Rent,Education,1
CUST_01576,65,34023.3,19,604,0.523,44426.6,12,4,1,14.7,Mortgage,Vehicle,1
CUST_01577,62,19243.44,3,663,0.51,77645.88,60,1,0,6.1,Rent,Home Improvement,0
CUST_01578,64,32553.72,32,670,0.642,31468.72,12,0,3,5.6,Mortgage,Vehicle,0
CUST_01579,22,26397.93,0,608,0.13,45611.34,36,1,1,6.1,Rent,Education,0
CUST_01580,55,23427.96,12,850,0.167,11686.52,36,3,0,4.3,Mortgage,Debt Consolidation,0
CUST_01581,62,65766.26,2,679,0.348,63477.95,60,1,2,6.7,Rent,Home Improvement,0
CUST_01582,54,19185.2,11,665,0.407,44968.89,72,2,2,13.5,Rent,Debt Consolidation,1
CUST_01583,50,22437.02,28,850,0.32,19237.42,36,2,2,2.6,Rent,Debt Consolidation,0
CUST_01584,33,25614.0,30,712,0.48,19902.75,60,1,1,2.3,Rent,Home Improvement,1
CUST_01585,33,28550.82,1,765,0.169,8419.44,60,1,0,9.7,Mortgage,Medical,0
CUST_01586,38,23426.21,21,687,0.255,30122.99,60,0,2,0.5,Own,Debt Consolidation,0
CUST_01587,52,30346.17,21,684,0.032,57687.19,84,1,0,6.4,Mortgage,Medical,0
CUST_01588,52,42238.07,30,620,0.156,25606.91,60,0,1,0.5,Rent,Debt Consolidation,0
CUST_01589,55,50763.32,13,727,0.111,55494.15,12,0,1,4.8,Mortgage,Vehicle,0
CUST_01590,59,49545.86,28,809,0.155,15490.22,24,1,1,8.4,Rent,Other,0
CUST_01591,66,15000.0,34,790,0.594,37727.11,60,3,2,7.1,Rent,Medical,0
CUST_01592,49,43918.81,8,595,0.551,36869.24,36,2,2,16.3,Own,Debt Consolidation,1
CUST_01593,69,45294.88,31,810,0.308,55543.27,24,3,1,12.6,Mortgage,Other,0
CUST_01594,49,26076.78,26,622,0.094,89220.9,84,2,2,12.9,Own,Vehicle,0
CUST_01595,64,83603.62,9,614,0.272,33611.31,36,2,0,13.2,Mortgage,Other,0
CUST_01596,36,62556.98,24,618,0.352,27736.4,36,0,0,2.9,Rent,Vehicle,0
CUST_01597,64,33139.72,32,653,0.226,23759.0,24,2,3,8.9,Rent,Home Improvement,0
CUST_01598,67,26957.47,10,545,0.502,59837.3,60,2,0,13.2,Mortgage,Vehicle,1
CUST_01599,30,82927.52,8,684,0.407,100658.42,48,3,0,9.9,Rent,Debt Consolidation,0
CUST_01600,50,35971.89,6,662,0.357,26831.91,36,1,0,8.4,Mortgage,Education,0
CUST_01601,45,37892.88,6,683,0.258,25420.85,60,0,2,1.4,Mortgage,Medical,0
CUST_01602,59,37655.27,33,645,0.123,37756.45,72,0,0,6.3,Rent,Debt Consolidation,0
CUST_01603,40,114869.53,18,569,0.37,38012.01,60,0,0,4.6,Rent,Home Improvement,0
CUST_01604,25,32589.4,19,662,0.155,19617.39,48,2,2,12.4,Own,Debt Consolidation,0
CUST_01605,21,35888.74,24,765,0.355,200000.0,36,1,2,3.4,Mortgage,Debt Consolidation,0
CUST_01606,50,23967.85,4,609,0.43,14812.09,48,2,1,13.4,Mortgage,Education,1
CUST_01607,69,29889.13,28,619,0.171,12800.39,60,2,0,9.6,Rent,Debt Consolidation,0
CUST_01608,23,21683.44,26,712,0.497,12902.76,60,1,4,5.4,Rent,Medical,1
CUST_01609,65,24212.72,24,593,0.473,35619.7,60,5,0,15.8,Rent,Education,1
CUST_01610,34,15000.0,14,696,0.197,41088.09,24,3,2,14.1,Own,Other,0
CUST_01611,50,56430.34,3,711,0.273,17225.83,60,3,1,12.7,Own,Home Improvement,0
CUST_01612,24,39276.17,13,641,0.328,141010.93,72,1,2,11.2,Mortgage,Medical,0
CUST_01613,38,40927.38,16,628,0.27,25361.31,24,2,1,8.3,Mortgage,Education,0
CUST_01614,57,35375.71,20,581,0.104,6438.18,60,3,1,8.6,Own,Education,0
CUST_01615,45,37642.27,15,625,0.033,32280.72,60,1,1,9.1,Mortgage,Education,0
CUST_01616,68,81598.78,25,720,0.61,68646.92,84,2,1,9.7,Rent,Medical,0
CUST_01617,21,24726.07,8,739,0.353,10022.38,24,1,2,9.7,Own,Debt Consolidation,0
CUST_01618,66,41738.46,1,684,0.251,64924.97,60,3,3,11.2,Mortgage,Debt Consolidation,1
CUST_01619,35,41626.64,14,637,0.369,24230.14,60,1,1,11.1,Rent,Debt Consolidation,0
CUST_01620,29,64279.41,34,685,0.271,54261.65,36,1,0,3.4,Rent,Medical,0
CUST_01621,35,45221.48,23,623,0.26,82392.76,24,1,1,0.5,Rent,Education,0
CUST_01622,69,46372.39,13,693,0.282,100167.56,36,1,1,18.1,Rent,Vehicle,1
CUST_01623,44,19358.08,5,732,0.538,11674.56,60,3,2,0.5,Mortgage,Other,1
CUST_01624,24,24234.9,17,647,0.449,104764.25,60,1,1,11.1,Mortgage,Education,0
CUST_01625,32,20263.08,21,624,0.527,75172.41,36,0,1,12.7,Mortgage,Debt Consolidation,0
CUST_01626,57,15000.0,17,646,0.415,14914.89,84,0,3,7.5,Own,Medical,0
CUST_01627,57,44293.79,1,756,0.11,10074.13,60,3,2,7.4,Mortgage,Debt Consolidation,0
CUST_01628,63,31862.52,31,850,0.487,21676.56,36,4,1,6.1,Mortgage,Home Improvement,0
CUST_01629,26,44335.27,16,725,0.41,169456.32,60,1,0,8.0,Rent,Education,1
CUST_01630,59,36965.66,0,675,0.186,45517.72,60,1,1,16.5,Own,Medical,0
CUST_01631,66,40954.55,8,612,0.266,20004.73,72,2,1,2.2,Own,Home Improvement,0
CUST_01632,44,70902.27,12,608,0.185,40979.97,60,1,1,10.7,Mortgage,Other,0
CUST_01633,31,36448.21,29,710,0.331,105649.61,24,1,0,13.4,Own,Debt Consolidation,0
CUST_01634,33,50741.26,30,625,0.13,36703.84,60,2,1,6.5,Rent,Vehicle,0
CUST_01635,54,31222.0,22,752,0.221,23150.05,72,0,0,10.4,Mortgage,Vehicle,0
CUST_01636,45,54852.01,27,638,0.173,31035.69,48,1,0,0.5,Own,Debt Consolidation,0
CUST_01637,27,19539.26,9,780,0.284,16185.92,60,0,0,7.5,Own,Home Improvement,0
CUST_01638,24,15000.0,24,651,0.047,22085.12,48,0,0,6.2,Mortgage,Debt Consolidation,1
CUST_01639,28,104123.21,25,759,0.287,27467.6,60,2,0,7.4,Rent,Debt Consolidation,0
CUST_01640,40,90957.9,25,727,0.23,39441.34,60,2,1,5.7,Mortgage,Debt Consolidation,0
CUST_01641,49,15000.0,12,739,0.243,24882.93,48,1,4,5.8,Rent,Medical,1
CUST_01642,65,35665.65,16,675,0.369,15929.95,36,3,2,6.2,Rent,Home Improvement,1
CUST_01643,66,39142.27,3,634,0.122,43309.34,48,3,4,0.5,Own,Vehicle,0
CUST_01644,30,52129.47,22,751,0.296,37131.58,60,2,2,10.0,Rent,Medical,0
CUST_01645,63,86647.59,34,806,0.198,10613.23,48,0,0,0.5,Rent,Vehicle,0
CUST_01646,54,21360.42,10,610,0.275,14248.84,60,1,0,11.8,Mortgage,Education,0
CUST_01647,46,21942.03,11,713,0.074,37021.36,12,2,0,0.5,Rent,Vehicle,0
CUST_01648,61,36294.24,8,713,0.139,114752.98,48,2,2,11.7,Own,Vehicle,0
CUST_01649,69,22431.26,14,692,0.102,15195.75,24,1,1,2.2,Mortgage,Vehicle,0
CUST_01650,23,15000.0,4,780,0.404,6775.09,60,0,2,8.0,Mortgage,Home Improvement,0
CUST_01651,26,32415.11,18,626,0.215,36590.14,36,3,0,15.2,Rent,Vehicle,0
CUST_01652,25,55757.76,10,757,0.41,145864.24,36,2,1,12.8,Mortgage,Education,1
CUST_01653,25,35945.76,8,661,0.15,20044.08,60,5,1,12.9,Own,Debt Consolidation,1
CUST_01654,67,49613.72,34,516,0.125,32095.32,36,2,0,0.5,Mortgage,Debt Consolidation,1
CUST_01655,43,46189.28,26,578,0.314,83526.71,60,1,2,4.6,Own,Education,0
CUST_01656,69,21731.26,12,682,0.347,163984.68,72,3,0,3.0,Mortgage,Medical,0
CUST_01657,29,37571.86,11,765,0.24,8704.73,60,3,1,3.7,Own,Education,1
CUST_01658,55,16939.77,8,756,0.389,35847.7,36,1,1,6.0,Mortgage,Home Improvement,0
CUST_01659,40,28114.61,27,687,0.238,50220.95,48,0,0,5.5,Rent,Home Improvement,0
CUST_01660,69,37243.27,12,600,0.179,15529.67,60,0,1,6.6,Mortgage,Medical,0
CUST_01661,62,36294.58,19,595,0.155,59179.96,36,0,1,8.8,Mortgage,Debt Consolidation,1
CUST_01662,55,19044.48,12,709,0.116,159841.85,72,0,1,2.4,Mortgage,Home Improvement,0
CUST_01663,38,21067.82,26,677,0.282,45189.65,72,1,1,12.6,Mortgage,Debt Consolidation,0
CUST_01664,37,42002.31,25,748,0.26,39631.74,36,1,1,10.3,Rent,Home Improvement,0
CUST_01665,44,54923.51,28,657,0.666,12253.52,60,0,0,11.5,Rent,Home Improvement,0
CUST_01666,23,32745.35,28,626,0.335,14941.92,36,0,1,11.2,Mortgage,Vehicle,1
CUST_01667,52,31935.92,21,661,0.275,68143.99,60,2,2,3.9,Rent,Other,1
CUST_01668,55,57851.69,8,679,0.419,93169.79,60,3,1,17.2,Mortgage,Medical,0
CUST_01669,58,24685.39,23,538,0.667,32757.41,36,3,2,10.5,Mortgage,Debt Consolidation,1
CUST_01670,33,86121.54,18,713,0.287,12926.65,48,1,0,8.2,Rent,Debt Consolidation,0
CUST_01671,67,18534.03,30,690,0.503,41711.98,36,2,0,4.0,Rent,Home Improvement,1
CUST_01672,45,61343.73,14,746,0.561,58965.05,72,2,4,9.6,Own,Vehicle,0
CUST_01673,29,47552.23,31,735,0.459,18576.14,36,0,1,7.0,Rent,Vehicle,0
CUST_01674,24,121183.39,28,756,0.239,12775.26,72,2,1,11.1,Own,Home Improvement,0
CUST_01675,34,20731.62,33,798,0.508,43694.56,48,0,1,7.8,Mortgage,Debt Consolidation,1
CUST_01676,57,15000.0,8,690,0.493,25839.05,72,4,1,2.6,Rent,Home Improvement,0
CUST_01677,54,67827.51,34,526,0.151,47154.19,48,0,1,0.5,Own,Education,1
CUST_01678,31,17401.88,5,740,0.237,42419.99,60,2,1,8.8,Own,Other,0
CUST_01679,61,49409.02,13,764,0.281,79275.26,84,0,1,9.7,Mortgage,Vehicle,0
CUST_01680,23,65583.25,8,664,0.392,50258.45,60,0,2,3.7,Rent,Vehicle,0
CUST_01681,48,43909.25,18,539,0.309,17611.6,36,2,2,3.9,Rent,Medical,0
CUST_01682,49,40785.85,22,753,0.085,38445.72,36,3,1,0.5,Own,Vehicle,0
CUST_01683,29,44376.71,27,679,0.41,27796.98,48,2,0,4.0,Rent,Education,0
CUST_01684,23,55199.6,15,587,0.268,32965.82,60,2,1,9.4,Mortgage,Medical,0
CUST_01685,45,48704.87,25,661,0.326,117764.68,24,1,0,2.0,Rent,Debt Consolidation,0
CUST_01686,54,19765.79,24,680,0.226,28226.78,12,1,2,3.8,Rent,Vehicle,0
CUST_01687,32,90445.24,34,661,0.35,27110.68,48,1,2,5.9,Own,Home Improvement,0
CUST_01688,62,37255.47,4,645,0.123,29611.76,48,1,0,4.7,Mortgage,Debt Consolidation,0
CUST_01689,29,47059.63,6,747,0.301,17099.83,24,0,1,11.4,Rent,Home Improvement,1
CUST_01690,35,51818.09,22,775,0.046,24662.6,48,0,4,7.6,Rent,Education,0
CUST_01691,60,64728.95,24,815,0.522,19467.92,60,0,1,8.9,Mortgage,Vehicle,0
CUST_01692,45,61454.57,0,610,0.569,30987.14,48,0,1,9.3,Rent,Debt Consolidation,1
CUST_01693,25,38788.09,21,771,0.39,30376.47,48,0,0,2.4,Own,Vehicle,0
CUST_01694,31,37561.44,3,693,0.418,5748.27,24,0,2,10.3,Rent,Home Improvement,0
CUST_01695,54,44547.24,27,706,0.366,67155.55,84,1,3,11.4,Mortgage,Vehicle,0
CUST_01696,44,62945.87,13,765,0.714,67509.41,48,1,0,6.8,Own,Home Improvement,1
CUST_01697,35,20820.41,32,677,0.501,23034.29,48,1,1,4.5,Own,Debt Consolidation,0
CUST_01698,58,50113.6,3,667,0.612,45125.26,24,1,0,5.4,Rent,Vehicle,0
CUST_01699,28,23314.68,10,631,0.333,31080.55,60,2,1,9.7,Own,Debt Consolidation,0
CUST_01700,25,91638.5,31,598,0.567,79928.15,36,1,0,14.7,Own,Vehicle,0
CUST_01701,68,43636.84,3,636,0.283,87463.01,24,4,1,0.5,Own,Debt Consolidation,1
CUST_01702,46,29495.3,0,692,0.075,200000.0,60,0,0,12.9,Own,Debt Consolidation,0
CUST_01703,38,44997.32,25,676,0.56,26713.22,48,0,2,7.9,Rent,Medical,0
CUST_01704,26,36482.97,32,653,0.164,22626.79,24,1,0,14.1,Own,Vehicle,0
CUST_01705,57,33520.3,16,656,0.353,56563.04,60,4,1,8.8,Own,Other,1
CUST_01706,68,15000.0,26,754,0.538,14400.98,48,4,0,10.3,Mortgage,Education,1
CUST_01707,33,21761.63,4,692,0.319,65680.93,24,1,1,7.7,Own,Home Improvement,0
CUST_01708,48,33852.68,6,610,0.238,76013.13,36,3,1,12.6,Mortgage,Education,0
CUST_01709,25,15612.43,24,684,0.205,75413.7,12,0,1,0.9,Mortgage,Education,1
CUST_01710,33,27076.24,7,723,0.404,13984.92,84,2,0,10.9,Own,Education,1
CUST_01711,37,28284.31,33,747,0.499,30053.68,60,4,3,5.4,Rent,Other,0
CUST_01712,60,24594.51,3,719,0.181,44567.86,12,4,1,12.1,Rent,Vehicle,0
CUST_01713,65,53432.66,11,739,0.308,66354.96,36,2,4,8.6,Mortgage,Other,0
CUST_01714,52,23386.53,30,715,0.349,22704.74,48,2,3,15.1,Rent,Debt Consolidation,0
CUST_01715,49,37956.82,10,540,0.496,25566.03,60,2,1,6.7,Rent,Vehicle,0
CUST_01716,23,30437.11,21,669,0.244,21615.48,60,1,0,8.4,Mortgage,Home Improvement,0
CUST_01717,60,34221.23,0,674,0.294,53572.59,48,1,1,17.1,Own,Home Improvement,0
CUST_01718,54,81080.71,3,823,0.426,30462.2,48,1,0,0.5,Own,Home Improvement,0
CUST_01719,60,39729.26,7,733,0.148,32060.68,12,2,0,10.4,Rent,Education,0
CUST_01720,47,43761.79,24,660,0.224,59081.46,84,1,1,10.0,Rent,Medical,0
CUST_01721,33,24767.6,27,626,0.42,92339.67,72,2,2,11.8,Own,Home Improvement,0
CUST_01722,65,49665.95,3,656,0.415,15211.8,36,0,0,8.9,Rent,Education,0
CUST_01723,53,48629.47,12,623,0.569,29620.97,24,2,0,8.7,Mortgage,Home Improvement,0
CUST_01724,26,46342.02,24,833,0.167,149384.47,60,2,1,10.2,Rent,Education,0
CUST_01725,44,19839.13,2,679,0.127,61727.94,72,1,3,8.1,Mortgage,Debt Consolidation,1
CUST_01726,39,27102.37,31,738,0.06,20697.5,60,0,0,16.0,Own,Debt Consolidation,0
CUST_01727,36,74368.67,0,716,0.21,16571.04,24,3,0,13.9,Mortgage,Vehicle,0
CUST_01728,60,25748.4,10,726,0.669,23889.96,36,1,0,11.6,Own,Debt Consolidation,0
CUST_01729,48,79617.88,1,618,0.497,15738.71,60,1,3,15.9,Rent,Vehicle,0
CUST_01730,53,27633.99,4,774,0.455,34157.88,36,0,2,7.6,Own,Debt Consolidation,0
CUST_01731,68,39109.01,21,674,0.192,11549.3,60,2,1,9.6,Rent,Home Improvement,0
CUST_01732,61,33071.11,12,785,0.476,33084.74,60,1,2,10.8,Rent,Education,1
CUST_01733,33,23803.72,22,710,0.223,43783.66,24,1,0,11.9,Rent,Other,0
CUST_01734,63,23975.69,30,803,0.229,10291.45,60,2,1,5.5,Mortgage,Vehicle,0
CUST_01735,65,25536.87,34,722,0.303,15541.4,48,1,2,5.5,Own,Home Improvement,0
CUST_01736,45,39106.04,34,667,0.404,200000.0,36,1,1,5.8,Rent,Education,0
CUST_01737,62,56681.82,12,778,0.6,49596.28,72,0,3,2.4,Own,Other,1
CUST_01738,56,37857.27,6,690,0.172,50959.27,60,0,2,13.0,Own,Home Improvement,0
CUST_01739,47,35714.46,4,718,0.261,25538.11,60,0,0,10.6,Own,Debt Consolidation,0
CUST_01740,58,66515.42,28,686,0.129,36998.73,48,1,0,8.3,Mortgage,Debt Consolidation,0
CUST_01741,27,37073.92,7,642,0.347,77035.06,60,4,0,7.5,Own,Education,0
CUST_01742,25,27682.85,7,669,0.612,16464.37,60,2,1,15.2,Mortgage,Debt Consolidation,0
CUST_01743,63,22051.36,6,730,0.311,20120.67,24,2,5,5.6,Mortgage,Home Improvement,0
CUST_01744,65,68543.49,18,748,0.063,32445.54,72,0,4,0.8,Mortgage,Vehicle,0
CUST_01745,51,30800.96,22,539,0.333,20358.21,60,1,2,13.3,Mortgage,Education,1
CUST_01746,43,27192.95,31,702,0.189,19534.43,24,4,1,8.0,Mortgage,Debt Consolidation,0
CUST_01747,62,26042.33,3,675,0.093,200000.0,36,4,1,11.3,Mortgage,Debt Consolidation,0
CUST_01748,30,66642.33,29,584,0.236,72417.05,24,1,0,18.1,Mortgage,Vehicle,1
CUST_01749,52,27269.2,4,740,0.425,37853.96,36,2,1,0.5,Rent,Home Improvement,0
CUST_01750,63,59589.3,2,806,0.38,54720.08,60,0,0,5.4,Mortgage,Education,0
CUST_01751,50,32363.81,21,784,0.091,11978.03,12,0,0,7.4,Own,Vehicle,0
CUST_01752,59,19847.03,27,517,0.161,47385.86,48,2,2,11.8,Rent,Home Improvement,0
CUST_01753,51,30753.35,21,703,0.186,17681.59,72,3,4,15.9,Rent,Home Improvement,0
CUST_01754,38,35724.91,21,635,0.346,47703.44,36,0,0,13.0,Own,Debt Consolidation,0
CUST_01755,56,34283.33,33,649,0.569,17270.0,60,3,2,0.5,Rent,Vehicle,0
CUST_01756,22,33860.63,28,662,0.341,50309.63,24,2,0,8.3,Mortgage,Debt Consolidation,0
CUST_01757,34,30915.95,12,524,0.499,51841.27,60,2,2,0.5,Mortgage,Vehicle,0
CUST_01758,33,24526.15,6,536,0.069,34203.15,72,3,1,14.5,Own,Vehicle,0
CUST_01759,49,36511.0,9,686,0.594,34846.6,48,1,4,9.0,Mortgage,Home Improvement,1
CUST_01760,32,47594.58,27,697,0.271,74826.66,60,2,1,13.9,Own,Debt Consolidation,1
CUST_01761,59,17478.07,3,666,0.453,42678.85,60,0,0,0.7,Own,Debt Consolidation,1
CUST_01762,22,69531.22,31,593,0.232,44505.19,60,1,0,14.5,Mortgage,Debt Consolidation,0
CUST_01763,52,15000.0,21,652,0.243,34024.3,36,3,1,20.9,Rent,Home Improvement,1
CUST_01764,33,37707.88,19,781,0.215,14931.22,60,4,2,7.5,Own,Other,0
CUST_01765,66,45846.01,19,655,0.161,91845.74,36,2,2,6.1,Own,Home Improvement,0
CUST_01766,47,26858.12,5,645,0.275,48836.89,60,2,1,0.5,Own,Other,0
CUST_01767,69,15000.0,8,767,0.186,23332.2,36,0,0,12.2,Own,Vehicle,0
CUST_01768,61,34601.0,27,665,0.185,33656.25,60,1,1,10.8,Mortgage,Education,0
CUST_01769,37,39531.3,12,728,0.318,37667.76,36,0,0,5.5,Mortgage,Other,0
CUST_01770,60,20448.01,30,712,0.463,11868.8,60,2,0,11.7,Rent,Vehicle,0
CUST_01771,51,23978.99,13,618,0.498,59425.91,36,1,1,9.4,Mortgage,Other,0
CUST_01772,54,58768.19,21,611,0.08,131707.0,36,1,0,0.5,Own,Home Improvement,0
CUST_01773,44,38516.46,23,586,0.123,55874.9,60,3,1,9.9,Own,Home Improvement,0
CUST_01774,65,17079.97,7,609,0.318,14542.39,24,3,0,8.0,Mortgage,Medical,0
CUST_01775,55,45474.86,14,738,0.317,14612.97,24,2,0,10.4,Rent,Vehicle,0
CUST_01776,68,22805.13,5,622,0.502,21431.68,60,4,0,5.8,Mortgage,Education,0
CUST_01777,26,24652.13,22,670,0.215,88845.25,24,3,1,8.6,Rent,Home Improvement,0
CUST_01778,39,40087.85,24,660,0.277,80287.33,72,1,1,3.5,Own,Medical,0
CUST_01779,50,38263.24,30,707,0.13,11327.18,24,4,0,5.9,Own,Home Improvement,0
CUST_01780,27,29693.89,28,584,0.137,31471.86,60,1,0,13.0,Mortgage,Medical,0
CUST_01781,30,28223.08,22,757,0.086,24606.3,60,1,1,7.6,Own,Home Improvement,0
CUST_01782,61,32035.52,9,781,0.039,27778.41,60,3,1,1.3,Mortgage,Medical,0
CUST_01783,52,24580.37,8,678,0.39,8803.25,60,1,0,11.1,Own,Debt Consolidation,0
CUST_01784,54,62599.1,12,523,0.147,36029.93,36,2,2,14.2,Own,Other,0
CUST_01785,48,16570.9,31,620,0.319,19679.72,72,1,0,16.9,Mortgage,Vehicle,0
CUST_01786,35,32194.82,0,702,0.251,28198.57,48,2,2,0.5,Own,Other,0
CUST_01787,50,17505.97,0,706,0.081,39647.67,84,1,0,9.0,Own,Other,0
CUST_01788,57,57988.55,17,662,0.361,57351.63,36,2,3,0.5,Own,Home Improvement,0
CUST_01789,49,32171.78,30,757,0.428,9400.24,48,1,1,0.5,Rent,Debt Consolidation,1
CUST_01790,42,21411.12,0,640,0.384,13640.84,60,2,0,11.7,Own,Debt Consolidation,0
CUST_01791,24,51150.31,8,749,0.233,45476.63,60,1,3,2.8,Own,Debt Consolidation,1
CUST_01792,40,15000.0,21,680,0.324,30528.56,60,0,0,4.9,Rent,Debt Consolidation,0
CUST_01793,52,41791.24,27,640,0.207,16203.29,36,0,0,12.0,Mortgage,Home Improvement,0
CUST_01794,56,64579.0,25,731,0.217,27455.17,24,2,1,10.1,Own,Debt Consolidation,0
CUST_01795,24,39726.42,9,677,0.366,42802.86,36,3,3,10.6,Mortgage,Debt Consolidation,1
CUST_01796,47,28190.63,2,742,0.206,50030.63,60,0,0,0.5,Rent,Vehicle,0
CUST_01797,37,19514.42,1,850,0.185,16145.73,72,2,1,7.3,Rent,Debt Consolidation,0
CUST_01798,32,62396.05,30,615,0.339,32078.77,48,1,1,7.0,Own,Home Improvement,0
CUST_01799,42,57740.32,32,742,0.261,24045.72,36,1,2,11.8,Own,Debt Consolidation,0
CUST_01800,37,26299.86,31,725,0.076,128510.27,60,5,1,6.2,Mortgage,Debt Consolidation,0
CUST_01801,30,26653.65,11,805,0.209,17184.77,36,2,2,8.1,Rent,Education,0
CUST_01802,21,65734.79,2,744,0.322,22864.23,60,2,2,0.7,Own,Vehicle,1
CUST_01803,42,47372.95,25,790,0.436,29924.27,12,4,1,2.9,Mortgage,Debt Consolidation,1
CUST_01804,46,15000.0,13,611,0.265,32037.84,24,1,2,15.2,Mortgage,Debt Consolidation,0
CUST_01805,38,32930.31,11,591,0.384,16728.49,24,2,0,4.8,Mortgage,Education,0
CUST_01806,34,32329.06,25,614,0.522,59005.31,12,0,1,3.6,Mortgage,Other,0
CUST_01807,67,41102.21,15,669,0.346,39375.88,36,2,1,8.1,Own,Home Improvement,1
CUST_01808,49,36425.45,7,777,0.208,128609.93,84,1,2,6.6,Rent,Home Improvement,0
CUST_01809,32,28103.36,27,792,0.32,51319.67,48,2,2,5.1,Mortgage,Education,0
CUST_01810,56,39702.91,6,654,0.244,41807.3,48,0,1,7.7,Own,Home Improvement,0
CUST_01811,55,29030.76,14,672,0.069,16460.62,72,1,0,0.8,Own,Vehicle,0
CUST_01812,32,200204.28,7,598,0.386,35090.3,60,1,2,8.1,Rent,Debt Consolidation,0
CUST_01813,27,38613.76,9,685,0.56,57667.29,36,1,0,8.2,Own,Other,0
CUST_01814,49,36049.57,14,666,0.512,41361.7,60,1,1,8.4,Rent,Vehicle,0
CUST_01815,31,91254.15,17,666,0.541,66200.28,24,2,2,12.7,Own,Vehicle,1
CUST_01816,53,18358.14,34,763,0.325,50011.84,60,0,0,1.4,Mortgage,Education,0
CUST_01817,26,34372.55,1,708,0.361,61581.8,12,2,1,12.2,Mortgage,Medical,0
CUST_01818,67,22588.55,21,588,0.352,18668.62,36,0,1,1.0,Rent,Vehicle,0
CUST_01819,35,49886.47,14,501,0.231,42295.17,72,3,1,4.8,Mortgage,Medical,0
CUST_01820,52,28362.56,4,719,0.306,22788.29,36,4,3,4.5,Rent,Vehicle,0
CUST_01821,31,48535.31,14,696,0.18,28088.98,48,1,0,4.2,Rent,Debt Consolidation,0
CUST_01822,43,46818.12,26,706,0.177,8053.14,60,3,1,3.9,Rent,Debt Consolidation,1
CUST_01823,46,53647.28,15,696,0.25,116653.66,60,2,1,9.8,Mortgage,Other,0
CUST_01824,54,47205.2,17,600,0.481,11148.17,24,3,1,8.0,Mortgage,Other,0
CUST_01825,66,32467.03,34,667,0.516,24857.12,72,0,0,8.0,Own,Home Improvement,0
CUST_01826,54,18054.92,24,659,0.251,29427.07,60,3,2,13.2,Rent,Home Improvement,0
CUST_01827,49,60146.74,21,674,0.497,88485.5,60,1,1,6.7,Mortgage,Home Improvement,0
CUST_01828,24,73461.28,30,741,0.432,18406.46,60,2,0,8.6,Own,Education,0
CUST_01829,37,22721.48,33,640,0.179,19301.08,72,1,0,10.7,Mortgage,Vehicle,0
CUST_01830,55,52466.95,22,599,0.336,68171.55,36,1,2,7.7,Own,Home Improvement,0
CUST_01831,33,20227.91,15,774,0.159,25128.7,72,1,1,0.5,Mortgage,Education,0
CUST_01832,61,40203.77,5,629,0.251,14475.81,60,1,1,8.8,Rent,Education,0
CUST_01833,59,44565.27,14,761,0.236,22495.47,36,1,0,15.6,Own,Other,0
CUST_01834,35,29345.37,17,831,0.725,70439.4,60,1,2,7.6,Own,Debt Consolidation,0
CUST_01835,49,38083.47,12,785,0.289,52484.23,48,0,0,7.8,Rent,Other,0
CUST_01836,49,55497.96,23,727,0.157,52269.81,60,1,0,9.5,Mortgage,Home Improvement,1
CUST_01837,31,34382.11,12,666,0.18,67076.57,84,1,1,9.2,Own,Debt Consolidation,0
CUST_01838,52,25911.22,0,744,0.198,57978.42,12,4,0,4.6,Mortgage,Debt Consolidation,0
CUST_01839,22,19694.81,17,678,0.357,35014.92,72,4,0,5.5,Mortgage,Debt Consolidation,0
CUST_01840,67,29870.24,32,779,0.144,77179.69,60,1,3,7.7,Mortgage,Education,0
CUST_01841,34,20183.87,5,725,0.362,23302.19,36,1,1,10.6,Own,Debt Consolidation,1
CUST_01842,40,30070.74,16,706,0.495,57935.46,60,2,2,6.1,Rent,Education,1
CUST_01843,42,28778.35,3,683,0.193,15666.12,36,0,1,15.5,Mortgage,Debt Consolidation,0
CUST_01844,31,54287.67,13,645,0.268,52787.0,48,2,2,7.2,Rent,Vehicle,0
CUST_01845,47,37674.45,29,680,0.365,63084.29,60,0,5,0.5,Mortgage,Home Improvement,0
CUST_01846,23,129784.39,19,700,0.342,29392.14,36,1,1,13.9,Own,Vehicle,0
CUST_01847,37,15000.0,7,662,0.531,131114.12,60,2,3,0.5,Mortgage,Debt Consolidation,0
CUST_01848,64,42475.63,1,701,0.392,29465.55,12,2,3,4.4,Own,Vehicle,0
CUST_01849,48,28975.96,3,749,0.167,56825.35,60,2,0,8.2,Mortgage,Other,0
CUST_01850,49,22515.96,9,699,0.665,116214.7,36,1,1,15.3,Mortgage,Debt Consolidation,0
CUST_01851,41,35778.96,19,643,0.39,93831.52,36,2,1,16.5,Mortgage,Debt Consolidation,0
CUST_01852,67,34464.72,34,487,0.363,67291.32,36,1,1,5.8,Rent,Debt Consolidation,0
CUST_01853,36,62249.54,9,765,0.445,20422.14,60,0,2,1.2,Mortgage,Debt Consolidation,0
CUST_01854,57,38010.94,27,672,0.177,28170.17,36,2,2,10.4,Rent,Debt Consolidation,0
CUST_01855,40,25683.38,14,694,0.317,14761.12,12,2,1,3.8,Mortgage,Other,1
CUST_01856,26,42920.52,0,718,0.213,31050.08,36,4,2,13.2,Mortgage,Home Improvement,0
CUST_01857,39,32376.05,21,718,0.01,65608.17,60,0,1,9.2,Mortgage,Other,0
CUST_01858,25,20687.0,26,733,0.231,46408.2,24,3,3,4.9,Mortgage,Debt Consolidation,0
CUST_01859,23,32071.64,28,751,0.048,15985.2,48,5,2,9.4,Own,Other,0
CUST_01860,21,40760.59,14,733,0.122,127511.82,60,2,1,4.7,Rent,Other,0
CUST_01861,58,37651.99,9,462,0.289,34827.42,48,1,2,1.8,Own,Education,1
CUST_01862,35,42836.96,19,708,0.664,28882.36,60,0,2,0.5,Own,Vehicle,1
CUST_01863,54,27910.48,21,698,0.434,33580.28,48,2,1,11.6,Own,Education,0
CUST_01864,55,42565.78,8,662,0.304,83436.07,36,1,0,10.3,Rent,Debt Consolidation,0
CUST_01865,69,38563.36,31,714,0.467,22758.51,84,2,1,4.0,Rent,Debt Consolidation,0
CUST_01866,45,38720.12,16,681,0.434,54817.72,36,0,1,10.7,Rent,Medical,1
CUST_01867,44,36907.8,18,640,0.185,66586.56,60,3,1,12.6,Mortgage,Debt Consolidation,1
CUST_01868,32,107801.47,26,767,0.285,117097.62,36,0,1,2.1,Mortgage,Other,1
CUST_01869,38,63263.46,33,704,0.072,13108.33,60,2,1,10.1,Rent,Home Improvement,0
CUST_01870,35,42095.49,9,692,0.377,26909.9,60,0,3,2.1,Mortgage,Other,0
CUST_01871,64,24340.49,29,534,0.341,23608.19,48,3,0,13.2,Mortgage,Vehicle,0
CUST_01872,36,31377.1,20,829,0.113,31929.56,36,2,2,14.1,Rent,Other,0
CUST_01873,47,81462.17,20,549,0.172,33632.89,12,2,1,5.1,Rent,Vehicle,0
CUST_01874,28,27406.38,33,717,0.12,33738.68,48,2,0,0.5,Rent,Debt Consolidation,0
CUST_01875,66,33427.53,8,730,0.504,58265.85,36,0,0,8.7,Mortgage,Vehicle,0
CUST_01876,45,32509.85,33,795,0.422,29106.93,72,1,0,10.4,Rent,Education,0
CUST_01877,37,43649.35,11,613,0.491,48896.96,24,0,1,7.8,Rent,Other,1
CUST_01878,49,29192.78,20,623,0.208,58780.6,36,0,0,3.3,Mortgage,Debt Consolidation,0
CUST_01879,28,39673.11,19,736,0.523,55502.99,60,2,1,16.9,Own,Vehicle,0
CUST_01880,35,29520.54,5,726,0.598,39734.0,48,1,2,7.3,Own,Debt Consolidation,0
CUST_01881,47,70070.37,11,799,0.105,62969.77,36,0,1,12.0,Own,Vehicle,0
CUST_01882,66,25767.29,30,756,0.265,19882.05,36,1,1,12.8,Own,Education,0
CUST_01883,27,59208.62,1,656,0.205,24018.16,48,0,3,4.9,Rent,Home Improvement,1
CUST_01884,23,27103.88,15,672,0.171,25777.9,48,0,2,15.5,Mortgage,Other,0
CUST_01885,49,23697.55,0,717,0.272,51820.57,36,0,1,0.5,Mortgage,Debt Consolidation,0
CUST_01886,64,25580.96,3,573,0.36,47260.56,60,1,2,4.4,Own,Home Improvement,1
CUST_01887,44,15433.29,0,719,0.2,76147.11,36,2,1,2.8,Mortgage,Debt Consolidation,0
CUST_01888,23,45220.2,34,724,0.378,21463.7,36,0,1,7.8,Own,Education,0
CUST_01889,40,20292.61,12,623,0.339,139711.06,72,0,1,19.2,Mortgage,Education,1
CUST_01890,66,30364.83,30,665,0.324,37902.45,24,2,2,11.9,Rent,Other,1
CUST_01891,35,53146.67,19,541,0.662,25272.2,84,2,1,0.5,Own,Home Improvement,0
CUST_01892,45,52296.06,6,745,0.537,75572.19,60,1,4,21.0,Own,Other,0
CUST_01893,50,17750.53,32,709,0.414,57217.82,72,2,1,11.6,Own,Other,1
CUST_01894,34,42415.61,27,589,0.179,34469.51,84,5,4,12.4,Mortgage,Home Improvement,0
CUST_01895,27,64231.37,19,606,0.374,28317.93,48,1,1,5.4,Rent,Vehicle,0
CUST_01896,37,26412.13,31,650,0.382,28072.52,36,0,0,7.4,Rent,Debt Consolidation,0
CUST_01897,64,46947.57,8,739,0.766,42436.0,72,2,3,2.3,Mortgage,Debt Consolidation,1
CUST_01898,40,20503.69,33,715,0.156,37322.02,60,0,1,0.9,Own,Vehicle,0
CUST_01899,56,44038.89,13,622,0.291,13879.19,36,3,1,0.5,Mortgage,Education,1
CUST_01900,29,38779.06,3,638,0.106,29184.49,36,1,1,14.7,Rent,Debt Consolidation,0
CUST_01901,58,50542.68,28,684,0.549,60019.41,84,2,1,7.0,Rent,Debt Consolidation,0
CUST_01902,68,48999.88,14,624,0.621,24293.12,60,3,1,17.2,Rent,Education,1
CUST_01903,42,18458.09,16,644,0.166,19738.17,48,2,1,8.6,Own,Education,0
CUST_01904,22,38881.61,18,728,0.52,56681.92,60,2,1,13.4,Mortgage,Other,0
CUST_01905,44,75091.06,8,594,0.447,117498.44,60,4,0,10.2,Mortgage,Debt Consolidation,1
CUST_01906,28,15000.0,26,670,0.242,53197.47,12,0,0,7.8,Rent,Debt Consolidation,0
CUST_01907,31,58892.15,14,665,0.508,12043.39,24,1,0,16.6,Mortgage,Medical,0
CUST_01908,33,80890.57,27,677,0.626,34394.25,60,1,2,7.8,Mortgage,Debt Consolidation,0
CUST_01909,37,17286.52,3,698,0.183,72565.67,60,2,0,10.5,Rent,Home Improvement,0
CUST_01910,28,25968.78,20,723,0.267,17638.49,84,0,1,9.8,Mortgage,Education,0
CUST_01911,41,47045.55,33,735,0.243,90807.93,12,2,4,6.5,Rent,Vehicle,0
CUST_01912,38,23316.99,18,656,0.339,59356.33,24,1,1,4.8,Mortgage,Other,1
CUST_01913,50,71846.67,3,669,0.267,48272.41,48,5,0,7.8,Own,Vehicle,0
CUST_01914,38,61663.54,31,705,0.432,9006.29,60,1,1,4.7,Mortgage,Home Improvement,0
CUST_01915,66,18169.84,11,693,0.434,82193.15,36,0,2,14.8,Own,Debt Consolidation,0
CUST_01916,67,25046.04,15,720,0.19,37059.97,36,2,3,8.7,Mortgage,Vehicle,1
CUST_01917,51,53365.43,13,711,0.145,21285.1,12,2,0,6.6,Mortgage,Other,0
CUST_01918,58,52330.24,0,622,0.092,24245.63,12,2,0,14.7,Rent,Debt Consolidation,0
CUST_01919,52,110108.33,31,811,0.206,20567.92,24,1,3,3.8,Own,Debt Consolidation,0
CUST_01920,31,23389.88,20,680,0.431,47785.99,24,3,0,6.0,Mortgage,Home Improvement,1
CUST_01921,65,75328.13,3,729,0.586,39390.32,72,0,0,14.4,Own,Education,0
CUST_01922,45,22995.25,8,723,0.145,26585.01,48,1,0,15.4,Own,Education,0
CUST_01923,53,46637.51,21,699,0.088,57197.33,60,1,1,4.7,Mortgage,Vehicle,0
CUST_01924,58,56736.4,11,698,0.2,38103.57,24,0,2,1.1,Own,Debt Consolidation,0
CUST_01925,61,15000.0,29,745,0.553,28847.11,12,1,3,14.5,Mortgage,Medical,0
CUST_01926,28,57274.06,29,665,0.313,7319.81,84,5,3,0.5,Own,Debt Consolidation,0
CUST_01927,31,72568.4,31,734,0.069,142217.29,60,3,2,13.2,Rent,Home Improvement,0
CUST_01928,42,62814.48,6,715,0.366,200000.0,60,3,3,13.9,Mortgage,Debt Consolidation,1
CUST_01929,44,101383.88,16,762,0.388,22686.71,60,1,0,5.8,Rent,Debt Consolidation,0
CUST_01930,61,58840.67,0,645,0.224,16067.49,36,3,5,12.0,Mortgage,Home Improvement,0
CUST_01931,37,27761.28,13,686,0.308,28131.31,12,2,2,6.0,Own,Home Improvement,1
CUST_01932,32,67474.54,25,620,0.31,33745.94,60,2,2,13.4,Mortgage,Debt Consolidation,0
CUST_01933,66,26984.47,26,758,0.301,34873.19,60,0,1,12.1,Rent,Debt Consolidation,0
CUST_01934,52,37843.29,15,628,0.162,57368.57,48,2,3,9.8,Mortgage,Debt Consolidation,0
CUST_01935,35,55044.19,6,703,0.266,21526.54,60,1,0,7.6,Mortgage,Education,0
CUST_01936,36,45435.11,31,648,0.166,51103.09,84,1,1,6.6,Rent,Home Improvement,1
CUST_01937,42,71365.23,24,760,0.256,19191.78,36,3,1,13.0,Mortgage,Debt Consolidation,0
CUST_01938,48,126037.83,30,676,0.03,22031.24,60,2,4,8.5,Rent,Education,0
CUST_01939,40,20564.43,15,726,0.145,129397.36,72,2,0,10.2,Own,Debt Consolidation,0
CUST_01940,53,30817.31,13,604,0.317,200000.0,24,2,0,9.4,Mortgage,Vehicle,0
CUST_01941,30,42539.54,24,636,0.261,24500.88,48,2,3,5.2,Rent,Other,0
CUST_01942,60,28807.89,29,722,0.388,24332.75,60,4,1,7.2,Rent,Home Improvement,0
CUST_01943,52,34966.54,6,770,0.45,48547.44,24,0,3,5.8,Mortgage,Vehicle,0
CUST_01944,53,53525.3,11,717,0.106,7113.46,48,0,1,4.2,Rent,Home Improvement,0
CUST_01945,22,50083.86,2,847,0.01,128585.04,48,1,0,5.7,Mortgage,Home Improvement,0
CUST_01946,53,41096.01,26,735,0.468,10177.9,36,1,2,5.8,Rent,Other,0
CUST_01947,53,39099.51,18,681,0.461,17053.55,24,1,0,8.6,Own,Home Improvement,0
CUST_01948,61,32469.77,6,658,0.332,22822.77,36,2,0,3.6,Rent,Vehicle,0
CUST_01949,33,73296.01,15,807,0.337,94338.08,60,0,2,9.4,Mortgage,Debt Consolidation,0
CUST_01950,50,83424.26,31,737,0.187,90764.96,36,1,3,8.1,Own,Debt Consolidation,0
CUST_01951,53,60440.04,7,644,0.504,34103.46,36,2,3,3.2,Mortgage,Other,1
CUST_01952,33,20441.28,12,634,0.079,38977.26,36,0,1,0.5,Rent,Other,0
CUST_01953,46,31853.25,10,634,0.127,20966.41,48,1,1,4.2,Rent,Vehicle,0
CUST_01954,42,40128.13,19,716,0.44,104562.28,84,2,0,9.1,Mortgage,Vehicle,0
CUST_01955,59,22689.39,17,574,0.208,19423.81,60,2,0,13.7,Rent,Debt Consolidation,0
CUST_01956,22,37780.25,5,644,0.253,34834.76,24,1,1,6.0,Mortgage,Vehicle,0
CUST_01957,58,36721.25,19,701,0.344,25115.47,24,0,1,16.3,Mortgage,Debt Consolidation,0
CUST_01958,59,62446.73,31,682,0.293,85270.43,60,4,1,0.5,Rent,Debt Consolidation,0
CUST_01959,46,28306.73,28,648,0.464,35829.86,36,1,0,16.8,Mortgage,Vehicle,0
CUST_01960,66,64968.09,3,729,0.253,12245.79,60,0,1,7.9,Mortgage,Debt Consolidation,0
CUST_01961,35,22501.02,6,728,0.615,18054.22,24,1,0,3.7,Own,Medical,0
CUST_01962,54,24126.85,19,665,0.193,16298.29,36,1,0,13.2,Mortgage,Vehicle,0
CUST_01963,62,30041.01,33,643,0.098,8700.52,60,2,0,0.5,Own,Home Improvement,0
CUST_01964,64,37195.24,6,741,0.071,33137.79,60,1,2,11.2,Rent,Debt Consolidation,0
CUST_01965,69,15000.0,32,669,0.32,73548.65,60,2,1,5.5,Own,Medical,0
CUST_01966,60,45690.64,14,681,0.365,25867.81,72,1,1,14.4,Rent,Other,0
CUST_01967,31,85363.28,31,735,0.364,24444.86,84,1,0,11.2,Mortgage,Debt Consolidation,0
CUST_01968,23,50293.68,21,603,0.079,15788.89,36,0,1,17.1,Rent,Vehicle,0
CUST_01969,26,32684.79,28,644,0.061,64372.52,36,4,1,3.9,Rent,Debt Consolidation,1
CUST_01970,29,21114.27,24,662,0.124,60132.3,36,1,2,9.1,Mortgage,Debt Consolidation,0
CUST_01971,26,15000.0,4,814,0.665,33500.29,36,1,2,16.1,Own,Debt Consolidation,1
CUST_01972,29,15970.33,13,592,0.394,38386.92,36,3,1,9.9,Rent,Vehicle,1
CUST_01973,59,34015.79,34,683,0.564,10752.81,24,1,2,13.9,Mortgage,Home Improvement,1
CUST_01974,51,104136.21,1,618,0.192,30307.68,72,1,1,4.6,Mortgage,Debt Consolidation,0
CUST_01975,52,15000.0,24,842,0.121,40133.34,60,2,1,10.0,Mortgage,Debt Consolidation,1
CUST_01976,61,51539.77,15,699,0.2,39325.51,60,3,0,7.0,Own,Debt Consolidation,0
CUST_01977,32,25877.84,15,613,0.535,31616.67,84,1,0,8.6,Rent,Debt Consolidation,1
CUST_01978,28,30707.2,10,565,0.465,40787.67,48,1,0,3.6,Own,Home Improvement,1
CUST_01979,28,22723.4,34,723,0.592,61774.62,24,3,1,0.5,Rent,Debt Consolidation,0
CUST_01980,48,18329.75,22,694,0.472,34908.66,60,4,2,0.5,Rent,Debt Consolidation,1
CUST_01981,40,38669.97,4,725,0.502,24865.24,60,0,2,8.2,Mortgage,Debt Consolidation,0
CUST_01982,67,41415.14,34,610,0.372,65269.6,60,4,3,1.9,Rent,Other,1
CUST_01983,27,50724.79,28,811,0.311,96834.34,36,1,0,4.2,Rent,Debt Consolidation,0
CUST_01984,31,15636.73,4,686,0.475,30385.93,60,0,0,4.3,Own,Debt Consolidation,0
CUST_01985,40,56217.66,2,710,0.188,46778.25,60,1,0,4.6,Mortgage,Debt Consolidation,0
CUST_01986,36,56721.23,5,724,0.11,45820.93,24,3,3,3.2,Rent,Debt Consolidation,0
CUST_01987,24,44902.41,22,687,0.384,21305.3,36,2,1,13.7,Own,Home Improvement,0
CUST_01988,26,29422.62,1,771,0.176,56315.91,36,0,0,9.9,Rent,Debt Consolidation,0
CUST_01989,42,42370.83,17,643,0.161,14279.79,36,2,1,15.4,Rent,Debt Consolidation,0
CUST_01990,46,33515.91,29,752,0.22,20559.88,36,1,0,3.2,Own,Home Improvement,0
CUST_01991,23,58938.99,4,773,0.212,31890.25,36,1,0,0.5,Rent,Debt Consolidation,0
CUST_01992,61,30234.16,10,753,0.426,70263.91,36,1,3,2.5,Own,Vehicle,0
CUST_01993,62,38330.92,0,780,0.206,58260.49,36,2,0,4.1,Mortgage,Vehicle,0
CUST_01994,34,15227.21,9,629,0.215,35313.25,12,0,2,0.5,Rent,Debt Consolidation,0
CUST_01995,31,42304.55,25,715,0.402,90472.23,60,2,2,18.7,Mortgage,Debt Consolidation,0
CUST_01996,38,24964.82,32,709,0.435,19232.89,36,0,1,4.7,Mortgage,Medical,1
CUST_01997,32,46921.59,26,685,0.451,33023.65,36,0,1,6.1,Rent,Debt Consolidation,0
CUST_01998,43,53863.72,11,724,0.3,64795.65,72,0,1,2.9,Own,Medical,0
CUST_01999,32,26769.37,1,764,0.569,21534.99,60,1,2,6.6,Own,Vehicle,1
CUST_02000,33,36886.25,0,629,0.058,46205.45,72,0,2,4.7,Rent,Education,1
CUST_02001,45,39626.27,0,596,0.197,63764.5,72,1,2,5.4,Own,Vehicle,0
CUST_02002,65,43653.2,32,666,0.042,11977.52,60,0,1,9.8,Rent,Home Improvement,0
CUST_02003,39,53902.33,21,506,0.242,15317.74,24,3,2,0.5,Own,Home Improvement,1
CUST_02004,66,50488.74,11,675,0.121,33028.81,24,3,1,16.9,Rent,Debt Consolidation,0
CUST_02005,56,30033.08,20,780,0.595,7553.68,24,2,1,6.5,Mortgage,Vehicle,1
CUST_02006,65,80753.85,19,580,0.638,21330.43,36,3,4,6.3,Own,Home Improvement,1
CUST_02007,28,52891.28,25,651,0.284,51880.7,72,2,2,9.8,Rent,Other,0
CUST_02008,49,73318.79,30,600,0.729,69057.54,12,0,0,18.0,Rent,Vehicle,1
CUST_02009,52,43189.53,0,708,0.48,49299.6,24,1,1,13.6,Own,Education,0
CUST_02010,64,44484.8,13,725,0.12,10912.2,24,1,2,3.2,Own,Debt Consolidation,1
CUST_02011,38,34248.72,25,681,0.562,18178.98,60,0,0,2.8,Mortgage,Vehicle,0
CUST_02012,26,29088.92,6,632,0.303,29115.38,36,3,2,3.3,Mortgage,Debt Consolidation,1
CUST_02013,38,59140.37,11,693,0.581,41654.57,72,4,2,10.2,Own,Home Improvement,0
CUST_02014,39,41452.16,23,767,0.243,51400.16,24,1,1,2.1,Own,Other,1
CUST_02015,42,34003.48,18,742,0.241,54493.72,60,0,2,4.7,Rent,Vehicle,0
CUST_02016,57,21778.7,8,652,0.602,53480.3,60,3,1,13.3,Mortgage,Other,0
CUST_02017,52,79028.02,34,657,0.094,70618.76,60,0,1,9.1,Rent,Vehicle,0
CUST_02018,61,38419.2,3,655,0.342,35200.51,36,0,2,2.8,Rent,Vehicle,0
CUST_02019,23,19665.85,31,714,0.205,27888.98,12,1,1,3.1,Rent,Debt Consolidation,0
CUST_02020,48,37824.46,5,583,0.206,26515.95,36,1,2,11.8,Mortgage,Vehicle,0
CUST_02021,30,32844.51,27,718,0.38,18658.33,60,4,1,6.1,Rent,Debt Consolidation,0
CUST_02022,55,32177.63,27,642,0.121,116750.93,60,0,3,11.6,Own,Debt Consolidation,1
CUST_02023,49,48442.36,28,661,0.591,48485.49,60,2,2,6.0,Own,Home Improvement,0
CUST_02024,35,32867.19,4,629,0.255,22024.06,84,1,0,5.5,Own,Other,0
CUST_02025,53,31171.22,4,731,0.579,16140.37,60,0,2,8.7,Mortgage,Home Improvement,0
CUST_02026,27,71768.6,27,639,0.181,41918.67,24,5,0,23.7,Mortgage,Debt Consolidation,0
CUST_02027,32,15217.73,8,613,0.645,54209.84,72,1,1,0.5,Mortgage,Debt Consolidation,0
CUST_02028,69,35394.4,28,639,0.352,53452.0,60,1,2,5.4,Mortgage,Debt Consolidation,0
CUST_02029,50,57781.62,13,604,0.592,64451.89,48,3,1,3.9,Rent,Other,0
CUST_02030,41,49685.39,33,740,0.158,39648.45,60,1,1,5.0,Rent,Education,0
CUST_02031,51,60477.36,13,603,0.501,60285.19,60,1,3,7.2,Rent,Debt Consolidation,0
CUST_02032,44,99786.28,17,677,0.189,34084.02,72,3,1,3.5,Mortgage,Home Improvement,0
CUST_02033,40,84920.93,32,634,0.435,49949.55,48,1,3,1.4,Rent,Vehicle,1
CUST_02034,57,20378.44,33,790,0.443,23928.23,60,1,0,9.7,Own,Debt Consolidation,0
CUST_02035,24,16230.51,27,710,0.259,22555.83,48,3,2,11.5,Own,Vehicle,0
CUST_02036,48,42762.9,22,636,0.29,11517.5,36,1,1,5.9,Mortgage,Home Improvement,0
CUST_02037,64,18452.24,16,692,0.234,29946.9,36,0,1,12.6,Mortgage,Education,1
CUST_02038,40,15000.0,10,616,0.408,30057.2,60,2,1,8.1,Own,Vehicle,0
CUST_02039,44,42536.65,31,727,0.432,18339.35,36,3,0,10.7,Mortgage,Home Improvement,0
CUST_02040,69,48219.69,14,692,0.175,49634.93,48,0,1,8.3,Rent,Debt Consolidation,0
CUST_02041,52,85440.06,3,709,0.438,38339.32,60,0,3,1.4,Mortgage,Home Improvement,0
CUST_02042,61,53327.93,29,613,0.415,90948.1,48,1,1,10.6,Mortgage,Vehicle,1
CUST_02043,56,94824.21,9,583,0.131,54394.0,60,1,3,9.5,Mortgage,Vehicle,0
CUST_02044,54,43381.01,22,564,0.219,18275.27,36,1,1,5.9,Rent,Debt Consolidation,0
CUST_02045,56,20575.68,23,569,0.482,107457.21,60,1,1,2.0,Rent,Debt Consolidation,0
CUST_02046,22,54780.72,4,681,0.179,23823.59,60,0,3,11.7,Rent,Other,0
CUST_02047,35,70767.6,18,815,0.46,19891.31,48,1,0,8.3,Rent,Home Improvement,0
CUST_02048,54,44158.57,7,652,0.484,138131.69,60,5,2,11.0,Own,Debt Consolidation,0
CUST_02049,56,75002.39,6,639,0.364,51681.65,60,1,2,5.4,Rent,Home Improvement,0
CUST_02050,26,34145.11,12,676,0.204,25612.42,60,1,1,14.4,Rent,Other,0
CUST_02051,59,47712.54,26,625,0.335,73952.91,24,0,2,4.5,Mortgage,Vehicle,0
CUST_02052,62,33284.06,17,590,0.227,59337.71,60,1,2,5.7,Own,Debt Consolidation,0
CUST_02053,32,119314.94,23,634,0.204,92742.21,60,3,1,8.4,Mortgage,Home Improvement,1
CUST_02054,23,55305.65,1,664,0.192,16423.05,60,3,2,7.7,Own,Education,1
CUST_02055,65,20777.95,15,810,0.233,23786.43,36,2,2,3.9,Mortgage,Debt Consolidation,0
CUST_02056,38,91701.93,13,646,0.267,27445.08,12,2,0,12.0,Mortgage,Debt Consolidation,0
CUST_02057,60,25170.05,16,694,0.303,71887.3,60,0,0,15.7,Mortgage,Medical,0
CUST_02058,41,36565.04,5,584,0.363,20848.04,36,1,1,10.3,Mortgage,Home Improvement,0
CUST_02059,35,45896.79,34,729,0.204,10280.19,60,3,1,3.7,Mortgage,Vehicle,0
CUST_02060,53,47810.28,16,628,0.583,7403.46,72,1,0,6.7,Own,Home Improvement,0
CUST_02061,55,46252.05,5,601,0.568,23160.4,60,0,1,9.1,Mortgage,Debt Consolidation,0
CUST_02062,46,20608.88,20,608,0.617,50628.58,36,1,1,15.9,Mortgage,Debt Consolidation,0
CUST_02063,28,46328.72,34,635,0.72,36473.76,60,0,0,2.5,Own,Education,0
CUST_02064,56,62964.29,22,599,0.724,47381.86,36,0,0,8.4,Rent,Home Improvement,0
CUST_02065,68,62064.66,11,700,0.162,49642.03,36,0,1,11.7,Rent,Debt Consolidation,0
CUST_02066,50,18941.18,28,604,0.404,20972.47,60,0,1,3.3,Rent,Vehicle,0
CUST_02067,43,26164.89,26,725,0.176,34056.46,24,4,0,10.3,Own,Education,0
CUST_02068,62,21541.56,5,644,0.165,65554.21,36,0,3,15.6,Mortgage,Vehicle,0
CUST_02069,64,43040.92,20,616,0.373,43390.65,60,3,2,22.0,Mortgage,Home Improvement,1
CUST_02070,34,16716.91,6,632,0.089,21906.99,84,1,2,1.6,Rent,Home Improvement,0
CUST_02071,34,20715.32,15,609,0.297,33257.56,60,2,2,3.3,Mortgage,Debt Consolidation,0
CUST_02072,22,26041.13,4,682,0.345,20901.83,60,3,0,11.7,Rent,Home Improvement,0
CUST_02073,57,15000.0,14,642,0.448,51110.94,48,4,1,10.5,Mortgage,Debt Consolidation,0
CUST_02074,25,35814.23,20,758,0.407,47692.15,36,0,2,18.3,Mortgage,Home Improvement,0
CUST_02075,58,15000.0,3,519,0.232,67285.62,12,2,2,3.2,Mortgage,Vehicle,1
CUST_02076,65,46289.59,4,762,0.055,36729.77,48,1,1,15.7,Mortgage,Debt Consolidation,0
CUST_02077,61,29776.93,6,633,0.493,9454.48,60,0,2,5.4,Mortgage,Other,0
CUST_02078,67,26582.5,34,792,0.11,72914.07,72,5,2,16.0,Own,Vehicle,0
CUST_02079,34,28843.09,14,688,0.306,30268.85,48,1,1,8.8,Rent,Home Improvement,0
CUST_02080,59,35235.41,27,764,0.081,45608.65,72,4,1,10.2,Rent,Other,0
CUST_02081,45,48846.26,1,675,0.27,34268.11,60,1,1,13.6,Rent,Medical,1
CUST_02082,40,70161.05,4,670,0.221,37127.96,60,0,0,13.5,Own,Debt Consolidation,0
CUST_02083,22,60291.89,6,614,0.483,40634.63,48,1,0,9.1,Own,Debt Consolidation,1
CUST_02084,59,110840.13,21,674,0.176,9755.7,24,2,1,9.5,Rent,Vehicle,0
CUST_02085,26,50901.55,30,610,0.286,28489.92,60,1,1,6.5,Mortgage,Vehicle,0
CUST_02086,37,38954.81,31,693,0.448,48820.45,72,2,2,7.8,Mortgage,Home Improvement,1
CUST_02087,45,28896.74,7,691,0.219,42000.01,60,1,2,11.4,Own,Debt Consolidation,0
CUST_02088,48,29380.91,10,671,0.658,28353.83,48,2,1,16.6,Rent,Debt Consolidation,1
CUST_02089,22,47549.14,0,767,0.335,25447.15,72,2,4,6.6,Own,Education,0
CUST_02090,55,22032.59,18,715,0.115,31100.65,60,5,2,12.5,Mortgage,Home Improvement,0
CUST_02091,57,40720.55,6,616,0.169,32884.66,12,2,1,5.5,Mortgage,Home Improvement,0
CUST_02092,25,35974.57,24,720,0.451,92132.02,72,2,1,9.9,Mortgage,Home Improvement,0
CUST_02093,21,25234.1,21,747,0.205,24052.92,48,3,2,13.0,Mortgage,Home Improvement,1
CUST_02094,60,21469.85,26,512,0.131,149598.39,36,3,1,14.2,Own,Home Improvement,0
CUST_02095,32,128329.79,14,604,0.289,39121.42,36,0,1,8.4,Rent,Vehicle,0
CUST_02096,56,18064.69,1,647,0.556,75574.7,36,2,1,7.3,Mortgage,Vehicle,0
CUST_02097,65,35105.77,7,623,0.114,60083.49,12,1,0,7.4,Mortgage,Medical,0
CUST_02098,43,66922.59,5,725,0.137,40071.88,36,1,0,2.4,Mortgage,Education,0
CUST_02099,67,47312.43,19,618,0.472,41602.42,24,2,0,11.2,Rent,Vehicle,0
CUST_02100,51,28659.27,26,610,0.047,66851.89,36,1,0,6.6,Own,Debt Consolidation,0
CUST_02101,31,20008.78,22,697,0.31,102035.09,12,1,1,13.4,Mortgage,Vehicle,0
CUST_02102,30,38750.28,16,664,0.407,22611.53,60,2,0,15.5,Own,Debt Consolidation,0
CUST_02103,23,15000.0,12,759,0.322,19234.04,60,2,2,13.2,Rent,Education,0
CUST_02104,34,39534.68,3,706,0.235,32725.73,24,5,1,2.9,Mortgage,Vehicle,0
CUST_02105,36,36953.41,19,850,0.244,30258.48,60,2,2,9.0,Rent,Medical,0
CUST_02106,30,62010.62,24,604,0.163,55487.42,60,3,2,5.0,Own,Education,0
CUST_02107,49,20503.07,21,573,0.386,37837.59,36,2,0,7.2,Rent,Debt Consolidation,0
CUST_02108,30,30892.36,16,776,0.149,32453.86,12,0,1,5.7,Own,Debt Consolidation,0
CUST_02109,32,45181.85,10,850,0.159,17440.85,24,1,0,2.1,Rent,Debt Consolidation,0
CUST_02110,50,40246.72,24,664,0.116,62377.18,24,1,2,8.5,Mortgage,Vehicle,1
CUST_02111,61,18558.38,4,658,0.285,57646.44,60,1,1,16.7,Mortgage,Other,1
CUST_02112,21,26271.74,20,689,0.247,25814.25,24,0,1,9.8,Mortgage,Debt Consolidation,0
CUST_02113,25,73127.21,25,620,0.229,26165.86,36,1,3,17.1,Own,Debt Consolidation,0
CUST_02114,40,41343.2,15,544,0.172,61755.21,36,1,3,8.0,Rent,Vehicle,0
CUST_02115,28,15802.79,20,697,0.203,41854.55,24,0,3,5.6,Mortgage,Home Improvement,0
CUST_02116,63,56478.54,31,681,0.604,26223.88,36,3,1,15.8,Rent,Home Improvement,0
CUST_02117,32,16323.61,3,583,0.342,85585.1,60,2,1,14.7,Mortgage,Medical,0
CUST_02118,21,31147.52,7,637,0.145,15323.94,36,3,0,3.1,Own,Vehicle,0
CUST_02119,40,48128.91,8,582,0.103,63407.51,72,3,2,18.7,Own,Debt Consolidation,1
CUST_02120,48,66626.18,16,706,0.243,198087.58,36,3,1,4.0,Rent,Other,0
CUST_02121,63,15000.0,12,678,0.438,9401.62,60,2,1,5.0,Mortgage,Vehicle,0
CUST_02122,57,51833.66,8,691,0.209,15486.46,48,1,1,22.4,Mortgage,Debt Consolidation,0
CUST_02123,67,55874.44,5,716,0.298,117966.79,36,2,0,3.1,Mortgage,Medical,0
CUST_02124,57,27487.65,26,757,0.415,38665.69,84,5,2,18.3,Own,Vehicle,1
CUST_02125,32,38004.3,23,692,0.215,42319.42,72,2,1,4.6,Rent,Debt Consolidation,0
CUST_02126,57,15000.0,8,723,0.334,56126.26,36,3,2,0.5,Mortgage,Education,1
CUST_02127,69,15000.0,10,807,0.374,12412.09,84,1,0,12.6,Mortgage,Education,0
CUST_02128,69,63213.07,34,748,0.102,70660.14,12,2,2,6.0,Rent,Vehicle,0
CUST_02129,64,27737.83,28,695,0.124,17162.09,12,2,0,5.4,Rent,Home Improvement,0
CUST_02130,48,30543.09,7,691,0.271,65020.65,24,1,0,12.6,Mortgage,Debt Consolidation,0
CUST_02131,67,40836.77,16,622,0.234,8808.12,36,0,0,3.1,Mortgage,Home Improvement,0
CUST_02132,35,30243.42,6,635,0.631,50641.57,36,2,2,6.3,Mortgage,Debt Consolidation,1
CUST_02133,26,28872.76,11,673,0.094,41049.41,24,0,0,7.5,Rent,Other,0
CUST_02134,64,44233.8,14,655,0.146,48246.89,60,2,2,5.5,Mortgage,Other,0
CUST_02135,40,17192.56,28,812,0.279,111592.57,36,2,4,3.0,Rent,Home Improvement,0
CUST_02136,34,64858.21,23,706,0.144,31096.65,72,1,3,12.3,Rent,Vehicle,0
CUST_02137,22,32366.36,13,700,0.281,119939.86,84,4,0,3.0,Own,Vehicle,0
CUST_02138,29,21964.24,10,762,0.169,13340.03,60,0,1,8.9,Own,Education,0
CUST_02139,57,20535.19,34,693,0.226,168031.03,24,0,2,6.3,Mortgage,Debt Consolidation,1
CUST_02140,40,37098.28,16,661,0.683,23082.07,48,1,3,9.4,Own,Medical,0
CUST_02141,46,31157.84,26,698,0.182,59163.09,60,1,1,21.3,Mortgage,Vehicle,0
CUST_02142,49,16740.4,2,708,0.104,56692.7,72,4,2,22.6,Mortgage,Vehicle,0
CUST_02143,21,26878.51,1,778,0.631,28741.09,48,1,2,6.5,Own,Education,1
CUST_02144,55,24231.3,3,585,0.268,75536.26,12,3,2,7.8,Own,Medical,0
CUST_02145,26,68249.7,17,628,0.348,45423.96,48,3,1,13.8,Mortgage,Vehicle,1
CUST_02146,57,38763.18,19,675,0.091,53856.64,60,1,2,5.2,Mortgage,Vehicle,0
CUST_02147,25,79592.07,20,746,0.328,24586.78,24,1,2,9.1,Rent,Debt Consolidation,0
CUST_02148,53,25463.79,13,735,0.6,53726.96,60,1,3,15.6,Rent,Education,0
CUST_02149,69,31395.95,7,688,0.134,21635.61,60,1,2,21.0,Rent,Home Improvement,0
CUST_02150,34,44058.63,1,751,0.141,26788.61,48,2,2,2.2,Rent,Debt Consolidation,0
CUST_02151,32,49122.2,25,633,0.219,18594.56,48,0,2,8.3,Mortgage,Home Improvement,1
CUST_02152,62,52077.88,18,812,0.545,65224.99,12,0,1,12.2,Own,Debt Consolidation,0
CUST_02153,40,23297.36,27,622,0.162,35127.43,60,2,2,0.5,Rent,Debt Consolidation,0
CUST_02154,44,23627.36,28,560,0.251,19053.52,60,1,2,10.3,Mortgage,Debt Consolidation,0
CUST_02155,63,30402.8,4,722,0.125,72031.16,36,4,1,15.1,Mortgage,Home Improvement,0
CUST_02156,54,76149.47,27,580,0.143,8863.14,24,2,3,15.6,Mortgage,Debt Consolidation,0
CUST_02157,45,22018.94,25,644,0.32,21946.98,36,1,0,13.0,Rent,Medical,0
CUST_02158,49,27904.34,4,670,0.359,27664.24,60,0,1,6.2,Rent,Vehicle,1
CUST_02159,59,52309.27,14,709,0.198,23263.44,36,1,1,2.7,Own,Medical,0
CUST_02160,51,50928.46,8,751,0.32,74073.14,60,3,2,15.9,Own,Home Improvement,0
CUST_02161,67,47940.18,31,586,0.199,74876.1,60,2,0,7.0,Own,Vehicle,0
CUST_02162,63,37813.51,25,601,0.241,57050.77,12,1,1,3.3,Mortgage,Debt Consolidation,0
CUST_02163,43,21320.69,14,850,0.172,14759.51,36,2,0,17.9,Own,Vehicle,0
CUST_02164,64,25709.4,3,665,0.114,26008.78,84,0,2,14.9,Rent,Home Improvement,1
CUST_02165,58,63783.2,19,565,0.312,42033.5,12,4,1,5.4,Mortgage,Vehicle,0
CUST_02166,40,53466.93,26,609,0.148,62833.12,72,3,3,9.6,Own,Home Improvement,0
CUST_02167,43,18629.61,20,643,0.289,30925.37,24,1,0,8.1,Own,Debt Consolidation,0
CUST_02168,65,56090.9,21,680,0.175,44382.61,60,0,2,3.4,Own,Education,0
CUST_02169,36,69869.83,6,763,0.12,59661.52,72,5,1,3.9,Mortgage,Other,0
CUST_02170,62,37306.22,30,794,0.45,69677.74,60,2,0,0.5,Mortgage,Education,1
CUST_02171,28,44942.56,16,622,0.295,48048.24,36,2,1,14.4,Rent,Vehicle,1
CUST_02172,41,60218.96,6,640,0.347,27298.81,36,1,2,2.4,Mortgage,Debt Consolidation,0
CUST_02173,21,25645.97,18,690,0.236,32858.53,12,2,0,2.1,Mortgage,Debt Consolidation,1
CUST_02174,28,116401.29,27,629,0.299,26220.66,36,1,1,5.0,Own,Vehicle,0
CUST_02175,49,66939.13,9,763,0.591,66215.32,60,3,0,0.5,Own,Vehicle,0
CUST_02176,52,47193.62,26,850,0.525,32909.47,60,0,0,4.8,Rent,Debt Consolidation,0
CUST_02177,58,35694.29,12,681,0.274,153012.95,60,0,0,18.2,Mortgage,Home Improvement,1
CUST_02178,25,46508.42,1,703,0.362,30447.21,72,1,2,11.8,Mortgage,Debt Consolidation,0
CUST_02179,67,16644.89,21,639,0.126,16861.53,60,2,2,7.5,Rent,Debt Consolidation,0
CUST_02180,42,102851.75,19,704,0.134,200000.0,60,3,0,7.6,Mortgage,Debt Consolidation,0
CUST_02181,67,63859.83,4,606,0.454,72456.39,36,4,1,12.0,Rent,Vehicle,0
CUST_02182,54,75508.97,5,614,0.431,16835.38,60,0,0,5.0,Mortgage,Education,0
CUST_02183,21,36878.3,34,553,0.111,17590.68,36,0,1,5.7,Mortgage,Debt Consolidation,0
CUST_02184,46,30328.87,0,737,0.282,160379.94,36,3,1,7.7,Own,Vehicle,1
CUST_02185,63,25921.98,34,777,0.126,18599.53,24,2,4,12.8,Own,Debt Consolidation,0
CUST_02186,30,54545.33,2,752,0.338,35711.53,24,2,1,10.4,Rent,Other,0
CUST_02187,50,28105.67,6,687,0.106,51710.32,48,0,1,15.3,Own,Education,0
CUST_02188,38,33068.01,28,658,0.336,81428.54,24,1,0,4.4,Mortgage,Debt Consolidation,0
CUST_02189,37,47724.47,14,674,0.014,153587.71,36,0,3,3.4,Rent,Debt Consolidation,0
CUST_02190,46,26116.85,10,609,0.142,61140.45,60,3,1,7.5,Mortgage,Medical,0
CUST_02191,28,61204.34,17,746,0.341,134958.6,36,0,4,12.3,Rent,Debt Consolidation,1
CUST_02192,67,35994.79,3,753,0.647,81051.21,60,2,2,0.5,Rent,Other,0
CUST_02193,60,17084.73,23,606,0.436,81793.65,72,0,1,10.0,Mortgage,Debt Consolidation,1
CUST_02194,69,25977.83,10,615,0.096,58534.88,24,1,1,14.8,Rent,Vehicle,0
CUST_02195,32,69849.12,5,587,0.263,22769.78,72,5,1,7.4,Rent,Home Improvement,1
CUST_02196,47,22731.31,17,662,0.188,133843.03,60,5,0,9.8,Mortgage,Medical,1
CUST_02197,28,56785.64,14,678,0.293,29007.07,60,2,0,13.9,Own,Debt Consolidation,0
CUST_02198,45,38593.41,2,685,0.276,70022.56,72,1,0,6.6,Own,Debt Consolidation,0
CUST_02199,66,33327.89,16,587,0.319,9967.09,60,6,2,7.6,Rent,Vehicle,1
CUST_02200,24,127554.25,32,629,0.299,59009.94,36,1,3,5.0,Rent,Debt Consolidation,0
CUST_02201,53,19108.56,33,629,0.135,100847.73,36,4,2,7.4,Mortgage,Home Improvement,1
CUST_02202,21,25082.69,29,731,0.179,16400.97,36,1,0,4.1,Own,Vehicle,0
CUST_02203,39,35892.55,18,610,0.269,50855.46,36,0,0,0.7,Own,Other,0
CUST_02204,51,121524.93,8,684,0.273,10425.39,60,2,1,13.8,Mortgage,Home Improvement,0
CUST_02205,36,35934.37,30,630,0.225,37519.19,60,0,0,7.6,Rent,Medical,0
CUST_02206,34,41652.91,26,667,0.117,83568.39,24,3,1,10.0,Own,Medical,0
CUST_02207,68,30701.97,24,746,0.182,25377.44,36,1,2,10.8,Rent,Debt Consolidation,0
CUST_02208,25,43447.75,6,593,0.17,51246.46,24,1,0,1.9,Rent,Debt Consolidation,0
CUST_02209,61,31668.93,6,498,0.324,48414.33,60,2,0,9.0,Rent,Education,1
CUST_02210,46,51413.77,19,586,0.202,24914.98,60,1,0,13.4,Own,Other,0
CUST_02211,48,53481.64,18,709,0.166,26289.47,36,2,0,13.4,Own,Debt Consolidation,0
CUST_02212,22,32304.03,1,596,0.459,57051.46,60,3,0,6.8,Rent,Debt Consolidation,0
CUST_02213,26,20686.98,33,630,0.244,67639.89,72,2,0,15.5,Mortgage,Vehicle,0
CUST_02214,29,38054.89,16,712,0.139,12532.9,60,2,0,13.3,Mortgage,Other,0
CUST_02215,53,73208.07,23,736,0.205,180078.11,48,1,0,4.1,Mortgage,Debt Consolidation,0
CUST_02216,61,24020.66,8,752,0.223,27887.9,60,2,1,20.2,Own,Home Improvement,0
CUST_02217,45,42914.22,0,719,0.52,56901.26,36,5,2,3.5,Own,Home Improvement,0
CUST_02218,68,19873.25,27,601,0.406,54638.42,48,1,0,3.2,Rent,Vehicle,0
CUST_02219,33,21592.39,14,792,0.224,41779.6,48,2,1,14.6,Mortgage,Home Improvement,0
CUST_02220,29,69576.55,20,614,0.586,26551.96,84,0,1,7.1,Rent,Debt Consolidation,1
CUST_02221,33,51316.45,14,635,0.419,25981.7,36,1,2,3.0,Mortgage,Vehicle,1
CUST_02222,51,43238.33,22,680,0.555,28428.1,48,1,3,5.2,Mortgage,Debt Consolidation,0
CUST_02223,61,15000.0,1,700,0.318,24325.57,72,2,0,16.9,Own,Debt Consolidation,1
CUST_02224,31,27544.37,8,781,0.285,9916.25,24,1,1,16.8,Rent,Vehicle,1
CUST_02225,24,49188.1,1,636,0.215,61314.87,36,4,0,2.3,Mortgage,Debt Consolidation,0
CUST_02226,54,17596.71,1,707,0.339,20796.38,60,2,1,8.1,Mortgage,Debt Consolidation,0
CUST_02227,58,30426.14,17,636,0.374,200000.0,60,0,2,7.3,Rent,Home Improvement,0
CUST_02228,66,53280.56,16,793,0.188,56327.19,60,1,1,9.4,Mortgage,Medical,0
CUST_02229,24,17058.96,7,710,0.244,37423.22,60,3,3,9.8,Rent,Debt Consolidation,0
CUST_02230,58,15683.38,33,770,0.335,56334.39,36,2,0,5.5,Mortgage,Education,0
CUST_02231,39,17207.25,33,599,0.299,17088.44,60,1,0,9.0,Own,Vehicle,0
CUST_02232,26,42926.41,4,641,0.28,146749.25,12,0,1,16.5,Own,Other,0
CUST_02233,54,27487.89,28,697,0.292,29867.5,84,0,2,7.2,Rent,Debt Consolidation,1
CUST_02234,38,56332.35,27,771,0.535,99963.34,60,1,1,13.4,Own,Home Improvement,0
CUST_02235,33,38580.77,15,749,0.06,53515.74,36,1,0,14.4,Own,Debt Consolidation,0
CUST_02236,61,92991.87,13,785,0.133,133966.38,60,0,1,13.1,Rent,Education,0
CUST_02237,43,19560.33,1,774,0.358,45178.1,60,1,0,10.6,Mortgage,Debt Consolidation,0
CUST_02238,39,42868.21,3,735,0.124,21210.92,84,2,1,3.5,Mortgage,Education,1
CUST_02239,65,24401.32,30,691,0.343,53799.46,36,1,0,11.1,Own,Home Improvement,0
CUST_02240,31,49026.01,25,602,0.5,41362.15,24,2,1,4.7,Rent,Home Improvement,1
CUST_02241,21,38559.89,26,530,0.318,46452.57,36,1,1,5.4,Mortgage,Debt Consolidation,0
CUST_02242,44,22102.36,33,689,0.297,46659.53,48,2,3,13.2,Mortgage,Vehicle,0
CUST_02243,27,33571.2,30,736,0.207,14803.73,36,1,0,0.5,Mortgage,Debt Consolidation,0
CUST_02244,45,37667.35,10,489,0.301,59946.85,60,1,3,2.8,Own,Debt Consolidation,0
CUST_02245,41,26912.48,7,598,0.136,10547.55,12,1,1,11.9,Mortgage,Other,1
CUST_02246,35,52238.95,11,609,0.51,55092.18,24,3,2,0.5,Mortgage,Vehicle,0
CUST_02247,21,21686.68,34,667,0.467,53039.89,36,2,0,5.7,Own,Other,0
CUST_02248,32,103311.53,33,687,0.196,78696.15,60,1,3,4.6,Rent,Education,0
CUST_02249,27,58503.69,12,756,0.116,36908.32,36,1,1,0.5,Rent,Education,0
CUST_02250,35,43233.48,26,588,0.091,13156.59,60,2,3,6.6,Mortgage,Home Improvement,1
CUST_02251,41,150641.35,7,704,0.288,32382.28,36,4,0,10.5,Mortgage,Education,0
CUST_02252,39,31112.05,20,583,0.249,33966.35,60,4,1,7.6,Rent,Vehicle,1
CUST_02253,49,49300.42,10,739,0.136,70118.39,60,2,2,3.1,Rent,Home Improvement,0
CUST_02254,45,40592.57,21,646,0.523,116221.72,60,3,1,3.9,Rent,Medical,0
CUST_02255,53,54107.81,20,595,0.145,91747.37,84,1,0,9.3,Own,Other,0
CUST_02256,69,76730.78,27,633,0.338,30901.58,60,1,0,3.9,Own,Debt Consolidation,0
CUST_02257,52,47785.36,2,602,0.303,22882.96,60,1,1,4.0,Mortgage,Other,1
CUST_02258,69,61138.49,6,686,0.444,94114.25,36,2,2,6.4,Mortgage,Vehicle,0
CUST_02259,55,27578.89,13,724,0.575,19526.98,36,1,0,7.2,Mortgage,Other,0
CUST_02260,64,32758.74,14,752,0.468,19652.86,36,0,2,2.9,Rent,Home Improvement,0
CUST_02261,58,82383.77,8,644,0.431,60577.13,48,1,0,3.5,Own,Medical,1
CUST_02262,46,48943.8,6,777,0.418,17915.51,36,6,5,10.2,Own,Other,0
CUST_02263,31,41116.38,11,678,0.502,26176.69,36,4,0,0.5,Mortgage,Other,1
CUST_02264,55,24918.8,18,769,0.476,43256.14,12,4,1,15.6,Own,Debt Consolidation,0
CUST_02265,28,58882.43,26,669,0.334,57112.77,48,0,0,0.5,Mortgage,Debt Consolidation,0
CUST_02266,66,24569.65,17,664,0.451,51706.87,84,2,1,13.0,Mortgage,Home Improvement,1
CUST_02267,34,21203.41,12,720,0.417,29558.07,60,3,2,11.6,Rent,Home Improvement,0
CUST_02268,30,38463.42,0,702,0.235,21553.21,72,3,0,7.5,Rent,Vehicle,1
CUST_02269,22,15000.0,20,641,0.286,13056.59,48,2,0,10.0,Mortgage,Vehicle,0
CUST_02270,66,49293.05,33,761,0.096,37800.18,84,1,0,8.2,Mortgage,Debt Consolidation,0
CUST_02271,29,43847.46,12,613,0.133,28406.93,36,0,1,7.1,Own,Home Improvement,0
CUST_02272,23,30442.6,22,720,0.248,142215.02,60,1,0,4.1,Own,Home Improvement,1
CUST_02273,41,31854.72,0,717,0.339,20036.62,36,3,1,12.5,Rent,Vehicle,1
CUST_02274,46,34212.27,22,755,0.199,39918.65,36,1,5,3.2,Mortgage,Debt Consolidation,0
CUST_02275,28,24475.71,27,756,0.502,19876.4,72,1,2,7.2,Rent,Home Improvement,0
CUST_02276,68,39826.44,31,667,0.136,13387.61,60,1,0,11.3,Rent,Vehicle,0
CUST_02277,22,32058.02,7,682,0.274,41058.91,24,2,0,5.4,Mortgage,Other,1
CUST_02278,26,38415.88,25,678,0.256,14219.78,36,1,1,9.7,Own,Vehicle,0
CUST_02279,48,33595.11,13,802,0.085,39658.08,60,2,2,3.2,Mortgage,Education,0
CUST_02280,49,30446.78,23,726,0.585,25407.31,24,1,0,6.1,Mortgage,Vehicle,0
CUST_02281,46,41741.3,28,753,0.148,17765.8,12,2,2,8.7,Rent,Vehicle,0
CUST_02282,45,53666.8,3,662,0.199,41088.0,60,0,1,2.1,Rent,Debt Consolidation,0
CUST_02283,32,27934.43,17,601,0.198,51043.54,60,1,1,0.5,Mortgage,Debt Consolidation,0
CUST_02284,25,44255.58,13,615,0.214,100074.1,24,0,1,6.5,Rent,Education,0
CUST_02285,54,47085.26,26,751,0.311,14213.7,36,0,0,6.0,Rent,Medical,0
CUST_02286,68,19111.93,2,629,0.692,52827.99,24,0,3,8.8,Mortgage,Debt Consolidation,1
CUST_02287,57,59176.05,29,850,0.24,16005.7,24,1,0,7.4,Mortgage,Education,0
CUST_02288,35,101541.78,22,652,0.289,71881.91,72,0,1,7.6,Own,Education,0
CUST_02289,64,34750.6,17,705,0.209,42427.41,60,2,1,9.9,Mortgage,Debt Consolidation,0
CUST_02290,56,33336.3,9,704,0.52,68095.3,48,0,2,3.2,Rent,Debt Consolidation,1
CUST_02291,35,32646.63,11,693,0.255,30220.23,36,2,0,6.9,Mortgage,Home Improvement,1
CUST_02292,63,49528.47,7,595,0.176,86790.42,60,1,0,9.9,Mortgage,Debt Consolidation,1
CUST_02293,68,46882.01,31,697,0.265,17832.1,36,2,1,3.1,Rent,Home Improvement,0
CUST_02294,43,16393.98,16,697,0.218,39625.31,24,3,1,9.8,Own,Vehicle,0
CUST_02295,26,23551.37,13,659,0.307,63706.41,48,1,1,3.1,Rent,Debt Consolidation,0
CUST_02296,66,46800.84,8,810,0.482,70280.69,60,0,1,11.8,Mortgage,Vehicle,0
CUST_02297,64,33775.44,25,564,0.379,17121.26,60,1,0,2.3,Mortgage,Education,1
CUST_02298,63,20270.89,23,574,0.175,29115.51,60,3,1,11.8,Own,Vehicle,0
CUST_02299,65,76889.92,22,733,0.235,20852.73,36,1,0,4.7,Mortgage,Other,0
CUST_02300,41,24346.5,30,674,0.037,44525.85,84,1,0,13.1,Mortgage,Debt Consolidation,0
CUST_02301,43,36970.98,1,618,0.207,51044.31,24,2,0,0.5,Mortgage,Vehicle,0
CUST_02302,63,33330.91,17,694,0.315,39071.55,48,4,1,5.8,Own,Debt Consolidation,0
CUST_02303,36,21176.67,15,747,0.315,23352.53,36,2,1,14.4,Rent,Debt Consolidation,0
CUST_02304,67,39834.05,28,566,0.228,67045.88,60,1,2,9.0,Own,Medical,0
CUST_02305,35,44181.15,10,731,0.701,21576.9,72,1,1,7.1,Mortgage,Medical,1
CUST_02306,45,28743.36,1,703,0.315,12526.55,24,2,1,10.6,Rent,Home Improvement,0
CUST_02307,56,30696.5,13,664,0.274,23299.86,24,3,1,15.4,Mortgage,Home Improvement,0
CUST_02308,31,49032.74,3,697,0.517,22834.25,36,4,1,23.4,Rent,Home Improvement,0
CUST_02309,35,15000.0,33,698,0.344,23524.05,60,2,0,0.5,Own,Debt Consolidation,0
CUST_02310,24,23801.36,8,718,0.064,42908.79,24,0,5,16.5,Own,Other,0
CUST_02311,41,40405.35,6,611,0.253,20082.17,24,0,3,11.8,Rent,Home Improvement,0
CUST_02312,33,27906.94,16,756,0.107,64405.16,60,1,2,10.5,Own,Debt Consolidation,0
CUST_02313,42,27708.25,22,749,0.357,39508.39,60,0,2,8.7,Rent,Vehicle,0
CUST_02314,39,57002.26,10,752,0.254,29803.09,60,0,2,17.4,Own,Debt Consolidation,0
CUST_02315,54,26458.64,21,559,0.367,51299.45,48,0,2,8.5,Mortgage,Other,1
CUST_02316,34,97693.38,17,760,0.442,19031.54,60,3,1,9.5,Mortgage,Home Improvement,0
CUST_02317,24,15104.44,27,654,0.238,36428.67,60,2,3,5.1,Rent,Home Improvement,0
CUST_02318,68,15000.0,15,717,0.146,22827.73,60,1,0,13.1,Own,Vehicle,0
CUST_02319,66,56357.36,3,541,0.226,30865.29,36,2,2,14.0,Rent,Debt Consolidation,1
CUST_02320,47,22203.93,21,632,0.089,30353.44,48,2,2,15.7,Rent,Debt Consolidation,0
CUST_02321,49,22392.09,10,739,0.391,22661.96,84,5,0,6.4,Rent,Debt Consolidation,0
CUST_02322,67,59418.84,20,717,0.437,19912.08,36,1,0,3.2,Rent,Debt Consolidation,0
CUST_02323,48,28321.19,15,604,0.285,34956.7,24,1,0,0.5,Mortgage,Vehicle,0
CUST_02324,55,57249.88,8,728,0.03,35134.99,24,1,0,9.3,Rent,Home Improvement,0
CUST_02325,28,26763.49,34,623,0.189,83228.59,60,3,0,7.6,Own,Home Improvement,0
CUST_02326,36,43532.62,33,661,0.388,46664.23,60,3,1,7.9,Rent,Home Improvement,0
CUST_02327,62,28121.47,8,598,0.66,7524.39,36,2,1,1.0,Rent,Debt Consolidation,1
CUST_02328,56,22927.53,12,704,0.61,18546.33,12,4,2,6.6,Mortgage,Debt Consolidation,0
CUST_02329,50,86275.48,5,756,0.248,35557.61,60,1,0,1.5,Rent,Debt Consolidation,0
CUST_02330,38,63464.19,3,742,0.095,39857.76,60,2,2,2.7,Mortgage,Home Improvement,1
CUST_02331,22,25252.48,27,616,0.347,28726.16,36,1,0,1.2,Own,Vehicle,0
CUST_02332,69,33216.5,10,677,0.236,26564.55,12,2,0,9.8,Mortgage,Vehicle,0
CUST_02333,33,75971.49,33,570,0.228,36021.7,60,0,0,6.4,Rent,Debt Consolidation,0
CUST_02334,24,22156.58,34,776,0.459,86423.73,36,6,0,11.9,Own,Other,0
CUST_02335,46,22764.24,4,681,0.554,73351.82,48,1,0,0.5,Mortgage,Vehicle,1
CUST_02336,45,45937.19,10,725,0.207,38521.62,72,3,1,9.9,Mortgage,Other,0
CUST_02337,50,113011.77,11,694,0.134,44944.44,36,1,3,8.8,Rent,Medical,1
CUST_02338,31,37306.24,18,636,0.119,19019.87,24,1,1,10.6,Rent,Home Improvement,0
CUST_02339,27,61384.07,12,641,0.324,20808.54,60,1,1,9.2,Rent,Home Improvement,0
CUST_02340,51,21835.23,3,712,0.235,19518.0,60,0,0,11.1,Rent,Vehicle,0
CUST_02341,64,43500.43,13,795,0.342,34037.95,36,1,1,12.7,Rent,Vehicle,0
CUST_02342,30,30339.1,1,656,0.266,8560.83,12,1,2,15.1,Rent,Other,0
CUST_02343,59,92347.37,7,762,0.419,35114.36,24,2,0,14.2,Mortgage,Debt Consolidation,0
CUST_02344,33,80768.75,21,745,0.175,52441.03,36,0,2,9.3,Rent,Vehicle,0
CUST_02345,51,113517.05,12,658,0.223,67626.82,36,3,0,12.8,Own,Debt Consolidation,0
CUST_02346,27,25648.88,20,757,0.226,32721.64,36,1,1,0.8,Own,Debt Consolidation,0
CUST_02347,69,36965.82,20,751,0.568,11155.4,48,2,1,9.8,Mortgage,Debt Consolidation,1
CUST_02348,62,43808.51,27,530,0.15,20445.78,24,0,2,10.0,Mortgage,Education,1
CUST_02349,62,26154.23,32,729,0.404,53158.86,36,2,2,8.5,Rent,Home Improvement,0
CUST_02350,56,38774.87,28,770,0.294,9985.12,60,4,1,11.9,Rent,Education,0
CUST_02351,40,57210.29,21,598,0.38,32831.69,36,1,1,5.9,Rent,Vehicle,0
CUST_02352,24,27579.2,25,588,0.427,35831.37,36,0,0,0.5,Own,Debt Consolidation,0
CUST_02353,27,25548.19,10,695,0.34,69656.47,48,1,1,13.6,Mortgage,Vehicle,0
CUST_02354,21,24715.16,10,791,0.643,29929.79,36,1,0,8.3,Own,Vehicle,0
CUST_02355,64,18548.59,33,604,0.322,26862.66,60,2,0,1.2,Own,Medical,0
CUST_02356,65,55658.85,18,570,0.041,7088.26,12,0,2,9.9,Own,Vehicle,0
CUST_02357,62,25518.68,13,648,0.385,57234.47,48,2,2,8.0,Mortgage,Vehicle,1
CUST_02358,67,24208.19,28,639,0.201,15556.72,48,0,4,6.3,Mortgage,Home Improvement,1
CUST_02359,33,47312.74,18,563,0.222,17312.04,24,1,2,7.2,Rent,Debt Consolidation,1
CUST_02360,42,36123.25,20,639,0.311,42442.91,60,3,1,3.3,Mortgage,Other,1
CUST_02361,41,27923.8,23,704,0.468,12176.01,24,2,2,5.8,Own,Other,0
CUST_02362,42,54465.05,25,810,0.444,79787.36,60,2,0,4.2,Mortgage,Debt Consolidation,0
CUST_02363,48,27372.03,11,719,0.376,78849.77,72,3,0,14.5,Own,Home Improvement,1
CUST_02364,29,15000.0,18,736,0.374,23177.61,36,0,0,4.8,Own,Debt Consolidation,0
CUST_02365,46,70729.75,29,604,0.162,34202.23,60,0,1,14.4,Mortgage,Education,0
CUST_02366,29,24002.24,14,673,0.122,9575.29,60,2,0,6.3,Mortgage,Home Improvement,0
CUST_02367,35,25349.72,2,665,0.083,21458.88,36,1,2,7.4,Rent,Debt Consolidation,0
CUST_02368,30,25405.77,12,703,0.268,61466.99,12,1,1,4.4,Own,Home Improvement,1
CUST_02369,44,37414.01,8,722,0.12,68729.79,12,5,2,4.9,Mortgage,Education,0
CUST_02370,62,31662.2,12,747,0.376,22474.1,36,0,2,10.9,Rent,Debt Consolidation,0
CUST_02371,28,59518.09,15,682,0.696,27521.14,60,0,0,6.3,Mortgage,Education,1
CUST_02372,44,82665.45,13,643,0.156,30554.95,36,2,1,14.2,Rent,Home Improvement,0
CUST_02373,36,25858.65,7,766,0.185,7707.9,48,1,1,11.3,Mortgage,Education,0
CUST_02374,69,22719.9,18,731,0.15,26581.04,24,1,0,16.8,Own,Debt Consolidation,1
CUST_02375,46,27974.52,31,723,0.066,36733.28,72,4,3,0.5,Rent,Home Improvement,0
CUST_02376,47,45230.6,34,677,0.111,116461.57,48,2,1,13.8,Mortgage,Vehicle,0
CUST_02377,57,34262.94,22,765,0.203,89724.87,60,1,1,19.1,Mortgage,Other,0
CUST_02378,24,28276.72,20,592,0.145,90234.78,12,1,1,3.5,Mortgage,Debt Consolidation,0
CUST_02379,44,18986.71,17,743,0.458,101667.57,60,2,1,6.2,Rent,Debt Consolidation,0
CUST_02380,39,15000.0,13,742,0.188,72160.13,48,2,2,3.8,Rent,Education,0
CUST_02381,56,21974.57,15,617,0.756,24275.96,36,3,0,12.3,Mortgage,Education,1
CUST_02382,59,68337.09,23,632,0.039,22631.33,60,0,2,5.4,Own,Home Improvement,0
CUST_02383,30,45161.33,31,590,0.436,33742.96,48,1,2,12.0,Own,Other,0
CUST_02384,45,32998.99,10,716,0.131,15445.6,60,0,1,6.8,Mortgage,Vehicle,0
CUST_02385,38,52307.41,10,499,0.277,107011.13,60,2,1,5.0,Mortgage,Other,0
CUST_02386,39,19073.56,3,696,0.452,31501.18,24,1,1,13.7,Mortgage,Vehicle,0
CUST_02387,56,37360.71,25,627,0.168,53466.02,60,4,0,9.5,Own,Debt Consolidation,0
CUST_02388,30,15000.0,4,611,0.289,89315.89,48,3,2,3.6,Mortgage,Home Improvement,0
CUST_02389,53,43174.68,32,549,0.221,70873.56,72,0,0,6.8,Mortgage,Debt Consolidation,1
CUST_02390,25,41347.1,13,618,0.196,28256.76,72,2,1,7.7,Mortgage,Vehicle,0
CUST_02391,67,41841.93,31,780,0.093,8280.79,60,0,2,4.1,Mortgage,Home Improvement,0
CUST_02392,69,65108.41,6,630,0.336,50811.4,60,1,0,9.6,Mortgage,Vehicle,0
CUST_02393,55,53529.99,9,709,0.327,50197.3,72,3,2,16.9,Mortgage,Medical,1
CUST_02394,64,19841.74,1,604,0.199,57341.59,60,2,3,8.8,Rent,Education,1
CUST_02395,54,65601.88,9,752,0.286,24614.89,84,0,1,4.0,Rent,Vehicle,0
CUST_02396,53,32704.7,34,722,0.49,13668.94,72,1,1,1.2,Mortgage,Home Improvement,0
CUST_02397,41,15000.0,20,664,0.03,19356.04,36,1,2,4.5,Mortgage,Education,0
CUST_02398,37,34393.48,7,696,0.117,57960.86,60,2,2,9.4,Rent,Debt Consolidation,0
CUST_02399,42,50189.67,17,702,0.056,70329.03,72,2,1,13.0,Own,Home Improvement,0
CUST_02400,68,21874.44,8,610,0.19,83768.31,60,4,4,0.5,Own,Home Improvement,0
CUST_02401,57,70716.14,29,623,0.164,53219.66,60,0,0,2.2,Mortgage,Other,0
CUST_02402,35,22887.4,3,744,0.452,21348.66,48,1,1,9.3,Mortgage,Vehicle,0
CUST_02403,55,28551.19,34,788,0.445,42634.53,24,3,0,0.5,Own,Home Improvement,0
CUST_02404,48,26046.31,13,690,0.256,19391.48,36,0,2,10.8,Rent,Debt Consolidation,0
CUST_02405,27,15452.28,13,728,0.643,28311.69,60,2,1,14.8,Own,Other,0
CUST_02406,52,22102.22,19,764,0.144,54712.34,60,3,0,6.8,Own,Other,0
CUST_02407,31,25439.8,28,657,0.316,21101.38,60,2,2,11.6,Mortgage,Medical,0
CUST_02408,30,34028.28,22,675,0.597,35159.72,72,1,0,3.7,Mortgage,Debt Consolidation,0
CUST_02409,29,15000.0,20,730,0.125,104734.46,60,1,1,11.7,Mortgage,Debt Consolidation,0
CUST_02410,34,51962.44,30,833,0.351,200000.0,60,1,2,9.5,Rent,Debt Consolidation,0
CUST_02411,33,51706.4,31,732,0.473,63909.11,48,0,0,7.1,Mortgage,Debt Consolidation,0
CUST_02412,45,65560.63,6,701,0.221,13018.07,24,1,1,10.8,Mortgage,Vehicle,0
CUST_02413,22,17225.95,12,639,0.151,53916.19,36,0,0,15.2,Mortgage,Vehicle,0
CUST_02414,55,31369.28,22,676,0.038,29812.95,48,1,1,5.3,Own,Home Improvement,1
CUST_02415,27,58146.32,7,728,0.149,25866.38,48,0,2,1.8,Mortgage,Home Improvement,0
CUST_02416,41,60702.97,11,721,0.325,21395.87,60,1,1,4.3,Rent,Vehicle,0
CUST_02417,38,76074.28,15,638,0.181,17307.82,60,0,0,2.9,Mortgage,Other,0
CUST_02418,23,38229.3,25,772,0.58,56170.31,24,0,0,5.7,Rent,Medical,0
CUST_02419,62,35313.23,28,772,0.117,65046.51,12,2,0,1.3,Mortgage,Medical,0
CUST_02420,59,16664.32,28,672,0.124,61490.86,36,1,0,8.7,Rent,Education,0
CUST_02421,61,61848.19,5,700,0.397,21534.57,48,0,1,10.1,Mortgage,Home Improvement,1
CUST_02422,69,28849.35,32,635,0.516,26574.81,36,1,1,4.1,Own,Education,0
CUST_02423,31,36937.05,30,623,0.363,160309.27,60,5,1,22.3,Own,Home Improvement,0
CUST_02424,59,35724.26,17,704,0.027,17979.68,60,0,3,17.2,Mortgage,Home Improvement,0
CUST_02425,44,15000.0,30,625,0.474,38376.58,36,0,0,8.8,Mortgage,Debt Consolidation,0
CUST_02426,66,24203.97,15,725,0.303,18550.69,60,0,2,18.3,Own,Other,0
CUST_02427,39,45567.07,13,652,0.324,34915.82,84,1,0,10.9,Own,Vehicle,0
CUST_02428,24,35443.92,3,754,0.333,19525.37,84,1,0,21.5,Own,Debt Consolidation,0
CUST_02429,46,45748.37,29,674,0.389,29573.47,36,0,1,7.0,Mortgage,Other,0
CUST_02430,58,53740.57,32,545,0.541,62903.41,36,2,1,10.7,Rent,Vehicle,0
CUST_02431,62,24061.77,29,654,0.261,23870.36,72,0,0,16.6,Rent,Other,0
CUST_02432,52,28069.11,13,687,0.468,57381.8,60,2,1,1.4,Own,Home Improvement,0
CUST_02433,59,33840.26,22,559,0.348,14963.63,36,1,0,7.1,Own,Other,1
CUST_02434,65,53463.23,27,565,0.386,54399.55,36,2,0,12.3,Own,Education,0
CUST_02435,66,32304.15,6,667,0.122,14213.03,48,1,0,11.1,Mortgage,Debt Consolidation,0
CUST_02436,56,15000.0,9,750,0.248,26445.63,36,3,2,4.4,Mortgage,Home Improvement,0
CUST_02437,60,32889.49,3,724,0.63,44144.45,60,0,0,6.1,Mortgage,Home Improvement,0
CUST_02438,57,52398.6,12,679,0.311,68297.24,60,3,0,9.4,Rent,Home Improvement,0
CUST_02439,53,71575.61,20,620,0.554,29332.81,72,0,1,11.6,Rent,Vehicle,0
CUST_02440,56,41784.8,32,617,0.409,31814.33,36,0,0,7.7,Mortgage,Debt Consolidation,0
CUST_02441,23,17274.76,27,725,0.284,18375.11,36,1,1,0.5,Mortgage,Vehicle,0
CUST_02442,29,29638.06,22,694,0.122,54276.42,60,2,0,9.6,Mortgage,Medical,0
CUST_02443,28,46052.1,31,740,0.248,90990.92,60,0,1,10.6,Rent,Medical,0
CUST_02444,53,56000.02,4,764,0.223,15570.67,72,1,1,12.4,Mortgage,Home Improvement,0
CUST_02445,26,46795.19,25,648,0.524,22812.0,60,3,0,7.7,Rent,Other,0
CUST_02446,61,32022.57,25,711,0.317,39290.54,24,0,2,8.8,Own,Debt Consolidation,0
CUST_02447,59,55784.86,2,720,0.282,128843.1,60,2,3,9.6,Rent,Other,0
CUST_02448,24,26363.02,23,631,0.251,57095.94,12,2,0,9.7,Mortgage,Debt Consolidation,1
CUST_02449,33,39827.96,33,635,0.388,19728.78,60,0,1,12.6,Mortgage,Vehicle,0
CUST_02450,69,52833.13,33,731,0.18,17384.32,60,0,2,11.8,Mortgage,Vehicle,0
CUST_02451,22,48451.47,19,680,0.321,46790.06,60,2,2,10.5,Mortgage,Debt Consolidation,1
CUST_02452,25,48998.62,29,619,0.396,23468.46,60,1,1,10.4,Mortgage,Other,0
CUST_02453,64,48385.6,19,623,0.557,17522.3,60,0,2,6.5,Mortgage,Education,1
CUST_02454,47,21496.66,17,590,0.421,14502.65,36,0,2,0.5,Own,Home Improvement,0
CUST_02455,52,36635.71,19,655,0.359,76764.59,24,1,2,9.9,Mortgage,Education,0
CUST_02456,41,23048.99,5,608,0.602,21352.75,24,1,0,11.4,Mortgage,Home Improvement,1
CUST_02457,28,31421.98,24,687,0.093,8109.71,36,1,0,17.8,Rent,Medical,0
CUST_02458,58,20243.32,2,840,0.371,15064.21,48,2,1,0.8,Own,Other,0
CUST_02459,28,43151.97,18,712,0.659,30777.37,36,2,0,15.2,Rent,Home Improvement,0
CUST_02460,23,15000.0,9,755,0.318,48042.2,36,3,2,0.5,Mortgage,Other,0
CUST_02461,64,49446.21,4,708,0.355,52377.29,72,0,0,7.7,Mortgage,Vehicle,0
CUST_02462,23,36595.26,21,565,0.253,37697.67,24,1,1,4.1,Own,Debt Consolidation,1
CUST_02463,42,94002.8,8,689,0.051,66533.86,24,0,4,15.5,Mortgage,Education,0
CUST_02464,26,32784.13,32,632,0.276,81662.36,48,2,0,12.5,Rent,Other,0
CUST_02465,22,32779.27,14,622,0.422,62862.97,24,1,0,11.6,Mortgage,Home Improvement,0
CUST_02466,43,51086.02,23,664,0.361,113114.05,36,1,1,8.5,Rent,Education,0
CUST_02467,64,33750.61,29,724,0.213,61377.89,84,0,0,0.5,Rent,Debt Consolidation,0
CUST_02468,22,41664.99,5,659,0.215,6969.27,48,0,0,11.2,Rent,Medical,0
CUST_02469,58,59706.73,14,740,0.532,63505.02,24,2,0,5.4,Own,Home Improvement,1
CUST_02470,37,31768.88,21,693,0.253,35884.12,24,1,0,4.7,Mortgage,Vehicle,0
CUST_02471,55,66014.53,2,702,0.201,46953.32,60,1,2,5.0,Rent,Education,0
CUST_02472,54,15684.58,28,676,0.37,45763.59,36,3,1,3.6,Rent,Debt Consolidation,0
CUST_02473,43,80962.38,28,770,0.095,80585.25,36,3,1,1.3,Rent,Medical,1
CUST_02474,50,15000.0,30,631,0.177,24452.12,60,4,1,5.6,Mortgage,Home Improvement,0
CUST_02475,28,71402.89,1,635,0.145,28778.91,60,1,0,7.4,Rent,Home Improvement,0
CUST_02476,42,15000.0,34,658,0.409,30544.06,36,1,0,10.3,Mortgage,Debt Consolidation,0
CUST_02477,64,97762.08,8,715,0.056,56471.46,84,1,2,8.3,Rent,Education,0
CUST_02478,56,39357.35,21,725,0.186,74462.25,36,2,1,9.6,Own,Debt Consolidation,1
CUST_02479,25,22641.91,18,641,0.112,20041.13,36,0,1,13.5,Own,Other,0
CUST_02480,33,92277.89,9,743,0.256,93570.52,60,0,2,11.1,Rent,Vehicle,0
CUST_02481,49,21069.15,20,611,0.527,85807.14,60,1,0,11.5,Rent,Vehicle,0
CUST_02482,51,32413.27,16,730,0.578,27812.93,36,2,2,3.5,Mortgage,Vehicle,0
CUST_02483,67,133566.69,2,705,0.577,24588.2,60,3,4,2.8,Rent,Debt Consolidation,0
CUST_02484,36,44257.01,6,681,0.307,78611.13,60,0,4,6.8,Rent,Education,0
CUST_02485,62,15000.0,2,713,0.457,36000.13,12,4,2,8.7,Own,Medical,1
CUST_02486,50,31677.25,12,672,0.464,16882.89,36,0,1,17.5,Rent,Debt Consolidation,0
CUST_02487,36,30306.58,29,698,0.309,30960.53,24,1,1,6.8,Rent,Home Improvement,0
CUST_02488,32,39905.06,22,848,0.154,11970.93,72,2,0,8.5,Mortgage,Education,0
CUST_02489,37,35517.42,6,743,0.207,21357.71,84,1,3,3.1,Mortgage,Debt Consolidation,0
CUST_02490,36,47711.38,29,642,0.63,86108.27,60,0,1,11.4,Rent,Vehicle,1
CUST_02491,32,16915.28,28,659,0.388,138035.27,36,0,0,2.8,Own,Vehicle,0
CUST_02492,28,27613.18,7,765,0.168,32928.38,72,1,1,3.6,Mortgage,Debt Consolidation,0
CUST_02493,40,42443.19,9,652,0.305,33278.48,24,2,1,0.5,Mortgage,Home Improvement,0
CUST_02494,23,24808.19,32,799,0.208,64047.04,60,0,1,11.3,Mortgage,Debt Consolidation,0
CUST_02495,36,62816.42,19,734,0.303,95754.27,24,2,0,5.7,Mortgage,Debt Consolidation,0
CUST_02496,50,25057.58,28,585,0.101,19027.45,12,2,0,8.8,Own,Other,0
CUST_02497,65,39013.56,28,741,0.648,22244.27,36,2,0,9.6,Own,Home Improvement,0
CUST_02498,43,34458.86,20,529,0.278,66377.18,84,0,1,15.1,Rent,Home Improvement,0
CUST_02499,48,21865.37,0,656,0.07,27712.27,60,0,1,3.9,Mortgage,Education,0
CUST_02500,60,37430.66,33,740,0.451,29235.33,48,1,3,13.5,Own,Home Improvement,0
CUST_02501,25,18845.58,31,549,0.365,7563.96,72,1,0,14.3,Own,Home Improvement,0
CUST_02502,40,29091.3,13,822,0.427,57268.27,48,1,1,7.9,Mortgage,Vehicle,0
CUST_02503,60,36869.39,34,748,0.09,31116.53,12,3,1,8.9,Mortgage,Vehicle,1
CUST_02504,64,17788.92,23,611,0.281,99527.23,60,1,1,6.7,Own,Debt Consolidation,0
CUST_02505,21,49600.23,0,786,0.368,24563.81,60,4,1,6.3,Rent,Other,0
CUST_02506,50,41364.87,5,546,0.352,69039.28,36,1,0,7.4,Own,Debt Consolidation,1
CUST_02507,41,47382.13,3,609,0.246,42727.78,36,3,1,15.4,Mortgage,Vehicle,1
CUST_02508,40,36360.36,0,581,0.277,20083.7,60,7,5,15.7,Rent,Other,1
CUST_02509,26,20427.93,30,542,0.455,27753.56,60,0,0,5.8,Mortgage,Debt Consolidation,0
CUST_02510,42,36314.18,8,657,0.215,30010.1,48,3,1,10.8,Own,Medical,0
CUST_02511,38,49590.2,22,693,0.288,29081.83,24,1,1,2.6,Own,Education,0
CUST_02512,28,20027.18,30,691,0.355,44916.98,60,1,1,11.6,Own,Vehicle,0
CUST_02513,59,20839.11,28,689,0.342,91257.19,48,4,0,7.2,Rent,Home Improvement,0
CUST_02514,52,32111.12,20,684,0.37,17518.72,72,0,1,8.9,Rent,Home Improvement,0
CUST_02515,53,30161.91,2,597,0.33,39668.01,36,2,1,10.2,Mortgage,Education,0
CUST_02516,36,36023.19,25,645,0.267,25657.73,48,2,0,2.0,Rent,Debt Consolidation,0
CUST_02517,32,31387.06,5,487,0.303,24836.22,60,0,2,6.8,Rent,Other,1
CUST_02518,58,39340.11,19,756,0.348,64429.26,36,2,1,9.3,Mortgage,Other,0
CUST_02519,54,66896.97,12,687,0.037,76178.65,36,3,0,5.1,Mortgage,Education,0
CUST_02520,34,47533.7,22,685,0.263,19499.86,60,2,0,8.1,Own,Home Improvement,0
CUST_02521,56,37349.54,14,735,0.568,41374.54,36,3,0,7.6,Mortgage,Debt Consolidation,0
CUST_02522,53,20882.03,30,740,0.15,26109.17,24,2,1,0.5,Own,Vehicle,1
CUST_02523,43,25311.31,3,655,0.513,22692.83,36,2,0,11.5,Own,Debt Consolidation,1
CUST_02524,65,55318.74,10,672,0.393,52663.63,60,1,3,12.8,Mortgage,Medical,1
CUST_02525,22,28731.73,1,790,0.207,63144.7,72,4,1,13.1,Rent,Home Improvement,0
CUST_02526,61,22384.5,15,639,0.245,84456.33,24,1,2,12.4,Own,Debt Consolidation,0
CUST_02527,41,103675.03,30,789,0.33,92183.22,24,1,2,11.8,Rent,Other,0
CUST_02528,22,77825.91,3,655,0.292,68540.71,60,1,1,0.5,Mortgage,Vehicle,0
CUST_02529,47,34124.58,27,546,0.377,20083.79,72,0,0,10.3,Own,Medical,1
CUST_02530,29,21134.62,15,686,0.067,134776.24,48,1,0,0.5,Rent,Education,0
CUST_02531,21,52139.57,24,655,0.444,16914.45,60,0,0,0.5,Rent,Vehicle,0
CUST_02532,31,28423.34,12,586,0.064,67159.48,72,2,1,18.3,Rent,Other,0
CUST_02533,23,56628.43,4,674,0.251,44796.05,36,1,2,8.6,Own,Debt Consolidation,0
CUST_02534,43,28437.77,29,646,0.288,83311.41,48,3,1,9.8,Mortgage,Debt Consolidation,0
CUST_02535,46,82677.09,0,811,0.313,84750.14,60,4,1,4.2,Mortgage,Vehicle,0
CUST_02536,24,28018.75,4,748,0.626,19902.46,60,3,0,4.9,Own,Vehicle,0
CUST_02537,38,118464.28,13,613,0.241,41984.7,48,2,2,11.2,Mortgage,Debt Consolidation,0
CUST_02538,26,40035.78,10,628,0.231,27844.58,48,1,0,5.2,Mortgage,Debt Consolidation,1
CUST_02539,55,72558.82,33,750,0.352,9876.81,24,0,0,7.7,Rent,Vehicle,1
CUST_02540,42,27721.12,28,765,0.102,22541.89,24,2,0,7.9,Mortgage,Home Improvement,0
CUST_02541,63,18851.07,17,657,0.357,25437.3,60,2,2,4.0,Mortgage,Debt Consolidation,1
CUST_02542,35,15000.0,14,646,0.193,87921.12,48,2,0,5.2,Mortgage,Education,0
CUST_02543,42,68754.81,24,671,0.228,37453.55,24,1,2,11.6,Mortgage,Home Improvement,0
CUST_02544,57,37571.72,29,700,0.155,98513.45,36,2,1,3.4,Rent,Education,0
CUST_02545,62,19461.87,1,731,0.337,72212.46,60,2,2,8.5,Mortgage,Debt Consolidation,0
CUST_02546,32,70199.86,26,734,0.372,46051.59,48,1,1,11.9,Mortgage,Vehicle,0
CUST_02547,67,64731.1,14,606,0.476,27276.17,60,2,1,6.2,Own,Medical,0
CUST_02548,69,72489.2,31,655,0.458,28808.74,36,5,2,7.1,Mortgage,Medical,0
CUST_02549,62,18584.94,19,534,0.06,24021.96,24,2,0,6.2,Mortgage,Home Improvement,1
CUST_02550,58,67724.66,13,678,0.265,94014.58,36,1,1,0.5,Own,Home Improvement,0
CUST_02551,38,44003.35,26,583,0.598,19493.8,24,3,0,12.1,Rent,Vehicle,1
CUST_02552,65,74147.49,2,629,0.368,32134.35,48,2,0,10.7,Mortgage,Home Improvement,1
CUST_02553,55,47637.03,2,757,0.305,32069.98,48,1,1,5.4,Own,Medical,0
CUST_02554,50,39596.97,12,707,0.207,176518.94,24,1,0,5.1,Mortgage,Debt Consolidation,0
CUST_02555,44,68185.87,24,704,0.375,80593.77,36,2,1,3.8,Rent,Home Improvement,0
CUST_02556,62,55600.62,17,680,0.15,31931.08,84,1,2,7.6,Mortgage,Education,0
CUST_02557,50,62372.69,0,778,0.49,20773.91,84,3,1,7.7,Own,Vehicle,0
CUST_02558,34,28452.07,4,636,0.101,19956.14,36,3,1,4.4,Mortgage,Debt Consolidation,0
CUST_02559,26,33316.08,1,691,0.087,87341.32,24,2,1,3.8,Mortgage,Other,0
CUST_02560,23,15261.57,29,688,0.117,26405.26,36,3,3,8.8,Rent,Vehicle,1
CUST_02561,36,27444.96,16,656,0.586,29347.82,24,2,1,17.1,Mortgage,Home Improvement,0
CUST_02562,27,53916.77,28,830,0.378,59407.88,24,0,3,16.0,Rent,Other,0
CUST_02563,34,48150.84,3,595,0.526,34908.2,36,0,1,22.2,Rent,Debt Consolidation,0
CUST_02564,29,22253.04,8,551,0.344,23208.37,48,3,0,0.5,Rent,Other,1
CUST_02565,35,68952.47,20,688,0.488,40856.2,60,2,1,12.5,Rent,Debt Consolidation,0
CUST_02566,41,160578.41,11,638,0.399,66916.15,36,1,1,12.0,Own,Debt Consolidation,0
CUST_02567,55,23124.26,11,518,0.458,19664.02,48,2,2,9.6,Mortgage,Medical,1
CUST_02568,22,32763.13,3,706,0.094,23000.17,24,0,0,9.8,Own,Other,0
CUST_02569,47,26614.26,27,697,0.018,93342.68,60,0,2,6.0,Mortgage,Debt Consolidation,0
CUST_02570,22,34632.82,8,759,0.089,37966.59,48,0,2,1.3,Own,Debt Consolidation,0
CUST_02571,55,41645.68,31,641,0.498,21541.2,60,4,0,5.4,Mortgage,Debt Consolidation,0
CUST_02572,38,25625.25,12,550,0.166,19706.11,72,1,2,13.5,Rent,Debt Consolidation,1
CUST_02573,34,31619.84,33,614,0.452,84554.97,36,2,2,8.9,Rent,Education,1
CUST_02574,40,37934.7,18,545,0.208,23149.52,48,1,1,9.6,Mortgage,Debt Consolidation,1
CUST_02575,38,45972.61,13,785,0.263,77789.65,48,0,2,6.5,Mortgage,Other,0
CUST_02576,30,75602.64,4,750,0.446,49855.7,84,2,1,7.7,Own,Debt Consolidation,0
CUST_02577,45,36053.55,26,770,0.272,25564.1,72,2,0,1.4,Mortgage,Vehicle,0
CUST_02578,22,27421.49,27,727,0.396,27753.53,84,1,3,8.3,Rent,Vehicle,0
CUST_02579,45,51439.91,25,582,0.099,24706.25,48,4,0,6.0,Own,Vehicle,0
CUST_02580,53,44359.69,9,652,0.556,38296.91,84,3,1,17.2,Rent,Debt Consolidation,1
CUST_02581,56,32977.68,23,735,0.547,82496.15,12,4,2,8.6,Mortgage,Debt Consolidation,1
CUST_02582,51,46282.0,16,561,0.408,46606.88,84,0,0,11.2,Own,Debt Consolidation,0
CUST_02583,34,29984.2,15,711,0.14,17220.81,36,3,0,16.4,Mortgage,Vehicle,0
CUST_02584,21,27856.12,16,734,0.249,90177.24,84,2,1,10.3,Own,Other,0
CUST_02585,66,15000.0,0,838,0.152,166888.43,48,1,0,10.3,Own,Other,0
CUST_02586,36,30823.68,20,747,0.343,17932.17,60,2,0,13.1,Rent,Debt Consolidation,0
CUST_02587,66,15044.06,21,713,0.23,10877.58,72,2,2,13.2,Rent,Other,0
CUST_02588,23,26378.33,4,682,0.465,37217.04,84,1,3,0.5,Rent,Vehicle,0
CUST_02589,55,48520.44,20,718,0.037,36864.73,36,3,0,10.7,Mortgage,Education,0
CUST_02590,61,17109.95,8,723,0.331,59587.9,60,2,1,6.7,Mortgage,Other,0
CUST_02591,26,33026.9,26,535,0.437,39706.7,60,1,1,0.5,Rent,Vehicle,1
CUST_02592,45,37524.03,11,695,0.146,24669.73,60,4,0,10.9,Rent,Education,1
CUST_02593,33,32231.61,17,495,0.209,19987.99,36,2,0,12.4,Mortgage,Vehicle,0
CUST_02594,54,28547.73,34,522,0.153,35764.05,24,2,4,5.4,Mortgage,Other,0
CUST_02595,28,42731.62,14,683,0.107,72823.17,36,0,0,5.7,Rent,Debt Consolidation,0
CUST_02596,41,45800.47,29,714,0.179,25002.24,60,0,1,13.2,Mortgage,Debt Consolidation,0
CUST_02597,54,36343.22,32,587,0.421,53543.39,84,1,1,11.3,Own,Vehicle,1
CUST_02598,24,29352.1,29,757,0.29,24694.08,48,1,0,0.5,Rent,Education,0
CUST_02599,45,55958.63,25,786,0.279,22437.79,72,2,1,11.5,Own,Other,0
CUST_02600,35,18856.82,20,736,0.267,69212.8,60,0,1,18.2,Own,Vehicle,0
CUST_02601,24,51209.96,30,678,0.206,84962.95,24,1,2,12.0,Rent,Debt Consolidation,0
CUST_02602,65,44794.79,16,701,0.315,41828.86,36,1,0,20.5,Mortgage,Vehicle,0
CUST_02603,32,40115.31,16,688,0.114,18209.92,60,3,1,7.5,Rent,Other,0
CUST_02604,52,36136.27,33,695,0.055,23263.76,48,0,1,7.4,Own,Debt Consolidation,0
CUST_02605,52,15000.0,23,608,0.289,13054.97,60,1,2,10.8,Own,Other,0
CUST_02606,48,72669.44,32,654,0.227,51444.69,60,0,2,14.9,Rent,Medical,0
CUST_02607,33,55234.09,3,684,0.194,31504.65,84,1,1,13.0,Own,Home Improvement,0
CUST_02608,51,22455.82,8,704,0.175,36247.38,72,0,0,6.1,Own,Home Improvement,0
CUST_02609,34,53072.0,1,721,0.362,58198.52,36,0,0,8.1,Mortgage,Home Improvement,0
CUST_02610,40,39911.5,34,610,0.612,19797.98,60,0,1,12.5,Mortgage,Education,1
CUST_02611,38,27132.81,14,668,0.289,58750.6,36,0,0,9.7,Mortgage,Other,0
CUST_02612,49,65900.21,2,661,0.225,86731.25,60,0,0,9.8,Own,Vehicle,0
CUST_02613,26,29277.67,30,817,0.143,14892.52,24,2,0,14.2,Own,Debt Consolidation,0
CUST_02614,52,71543.67,22,697,0.297,56683.42,60,0,1,3.2,Rent,Education,0
CUST_02615,49,47436.16,11,727,0.537,43816.92,84,1,2,12.1,Own,Debt Consolidation,0
CUST_02616,63,58587.66,7,750,0.108,56791.12,48,1,0,4.8,Own,Education,0
CUST_02617,22,48510.85,20,740,0.157,50616.02,72,2,2,10.9,Mortgage,Debt Consolidation,0
CUST_02618,43,47399.43,20,538,0.242,24582.13,72,1,1,8.3,Rent,Debt Consolidation,0
CUST_02619,39,40441.64,31,668,0.593,63052.52,12,2,0,12.3,Mortgage,Debt Consolidation,0
CUST_02620,51,25250.23,16,727,0.034,25019.4,24,1,2,9.9,Own,Home Improvement,0
CUST_02621,25,37468.76,23,689,0.194,54065.02,48,0,1,12.0,Mortgage,Other,0
CUST_02622,39,57422.73,7,563,0.295,98574.34,36,1,0,7.6,Rent,Medical,0
CUST_02623,54,52032.81,17,607,0.257,16373.18,48,2,0,13.5,Mortgage,Vehicle,0
CUST_02624,30,46659.26,10,618,0.398,21899.93,48,4,2,8.0,Mortgage,Other,0
CUST_02625,45,15000.0,9,703,0.264,20681.84,48,2,0,5.7,Own,Vehicle,0
CUST_02626,22,32643.07,25,696,0.049,44523.2,36,0,0,8.3,Own,Vehicle,0
CUST_02627,31,30972.51,5,787,0.089,59517.0,24,0,1,10.6,Own,Debt Consolidation,0
CUST_02628,51,20918.12,16,681,0.268,30467.58,48,1,0,14.0,Rent,Other,0
CUST_02629,35,57061.15,22,694,0.305,22427.89,60,2,1,4.9,Own,Vehicle,0
CUST_02630,29,15000.0,27,586,0.297,91164.41,60,2,3,17.9,Own,Education,1
CUST_02631,43,55177.9,15,669,0.089,68785.1,24,0,1,14.0,Rent,Medical,0
CUST_02632,39,70588.26,11,839,0.157,11248.62,36,3,0,5.1,Own,Home Improvement,1
CUST_02633,29,32698.32,20,704,0.139,35809.28,48,1,0,7.4,Mortgage,Home Improvement,0
CUST_02634,55,34990.45,23,641,0.402,23746.67,36,1,2,9.2,Own,Debt Consolidation,0
CUST_02635,41,58910.79,27,709,0.224,43159.71,48,2,0,9.4,Mortgage,Debt Consolidation,0
CUST_02636,29,24789.43,20,753,0.046,57748.3,48,4,0,7.7,Rent,Education,0
CUST_02637,48,50533.32,32,715,0.407,61672.96,60,1,1,8.6,Rent,Vehicle,1
CUST_02638,66,22950.45,1,738,0.155,29807.43,60,1,0,10.8,Mortgage,Debt Consolidation,0
CUST_02639,27,19757.31,18,747,0.154,33009.34,72,1,1,0.5,Mortgage,Home Improvement,0
CUST_02640,36,42108.1,27,691,0.438,32703.01,48,1,2,6.2,Rent,Debt Consolidation,1
CUST_02641,36,35834.15,14,703,0.186,20201.68,36,1,1,16.3,Own,Debt Consolidation,0
CUST_02642,53,15359.63,0,638,0.11,30261.86,60,0,2,3.6,Own,Debt Consolidation,0
CUST_02643,24,73692.44,27,637,0.086,14641.3,60,1,3,15.5,Rent,Vehicle,0
CUST_02644,24,29514.63,34,674,0.226,34197.37,36,2,1,4.0,Mortgage,Vehicle,0
CUST_02645,59,46879.7,31,587,0.484,22763.82,60,3,7,9.1,Mortgage,Home Improvement,0
CUST_02646,60,81031.37,27,706,0.432,44440.22,60,2,1,0.5,Own,Debt Consolidation,0
CUST_02647,37,41101.59,8,624,0.41,57299.88,84,3,1,5.2,Mortgage,Medical,0
CUST_02648,57,68641.05,23,693,0.256,10820.18,36,1,2,9.6,Mortgage,Home Improvement,1
CUST_02649,59,23587.52,3,716,0.296,37775.76,72,2,1,10.7,Mortgage,Vehicle,0
CUST_02650,49,73901.82,2,588,0.652,104797.95,36,1,0,3.3,Rent,Education,0
CUST_02651,56,24030.23,21,709,0.507,28833.29,72,1,0,0.5,Rent,Other,0
CUST_02652,58,27294.19,24,535,0.038,12096.78,36,0,1,15.2,Rent,Debt Consolidation,1
CUST_02653,59,17547.51,21,721,0.353,20169.0,72,0,2,9.4,Rent,Debt Consolidation,0
CUST_02654,57,41531.7,33,722,0.181,45141.13,12,3,0,11.5,Rent,Home Improvement,0
CUST_02655,55,49784.74,19,727,0.187,54321.56,48,2,1,0.5,Own,Home Improvement,0
CUST_02656,27,53284.68,26,704,0.365,23404.05,24,3,2,3.6,Mortgage,Vehicle,1
CUST_02657,47,17751.17,31,644,0.049,41687.36,48,1,2,7.3,Own,Home Improvement,1
CUST_02658,48,43804.34,28,646,0.293,71726.31,48,2,1,6.1,Mortgage,Debt Consolidation,1
CUST_02659,42,44622.4,31,637,0.327,36370.67,72,5,2,9.7,Own,Debt Consolidation,0
CUST_02660,34,49384.2,23,752,0.263,52903.62,60,3,2,17.3,Mortgage,Medical,0
CUST_02661,27,24677.21,2,798,0.222,46752.05,36,0,2,15.6,Own,Home Improvement,0
CUST_02662,57,15000.0,26,686,0.186,39867.41,60,0,1,11.2,Mortgage,Vehicle,0
CUST_02663,42,51701.36,8,611,0.23,11629.84,36,4,3,4.5,Mortgage,Debt Consolidation,0
CUST_02664,25,33761.8,22,661,0.096,42249.84,60,4,1,0.5,Rent,Vehicle,1
CUST_02665,22,41777.81,6,749,0.682,5755.89,36,2,1,6.3,Own,Debt Consolidation,1
CUST_02666,47,34637.65,16,719,0.438,38520.84,84,1,2,10.3,Mortgage,Home Improvement,1
CUST_02667,41,40833.22,6,682,0.469,18471.58,72,3,0,5.9,Own,Home Improvement,0
CUST_02668,58,52499.54,29,661,0.544,31228.58,36,2,1,2.0,Rent,Education,1
CUST_02669,35,15000.0,12,562,0.642,42895.59,12,0,1,12.0,Own,Vehicle,1
CUST_02670,41,64248.27,17,665,0.192,159246.86,60,2,1,9.1,Rent,Home Improvement,0
CUST_02671,30,33154.33,30,653,0.183,23611.17,36,0,2,4.5,Rent,Medical,1
CUST_02672,43,81923.17,21,651,0.6,29941.33,24,2,3,14.9,Mortgage,Debt Consolidation,0
CUST_02673,59,28861.74,13,700,0.236,52747.55,72,1,5,7.1,Own,Debt Consolidation,0
CUST_02674,25,25827.65,17,803,0.173,14156.89,60,5,1,0.5,Rent,Debt Consolidation,0
CUST_02675,21,33719.46,34,681,0.387,74528.01,72,0,1,4.0,Rent,Medical,0
CUST_02676,33,46629.73,16,722,0.338,42158.04,36,5,1,9.5,Own,Home Improvement,0
CUST_02677,41,31660.46,18,676,0.295,38060.53,36,2,1,11.1,Own,Education,0
CUST_02678,46,48351.7,30,676,0.413,69498.92,72,2,2,3.6,Mortgage,Education,1
CUST_02679,65,29924.63,14,760,0.199,20197.16,48,0,0,5.9,Rent,Medical,0
CUST_02680,41,36954.63,28,706,0.24,22732.41,36,0,2,12.0,Mortgage,Education,0
CUST_02681,38,111110.05,15,735,0.047,33051.68,48,2,0,8.6,Rent,Vehicle,0
CUST_02682,57,43418.18,32,767,0.234,17551.14,36,0,0,9.8,Mortgage,Education,0
CUST_02683,65,45195.29,24,705,0.235,64313.54,60,2,3,1.5,Mortgage,Home Improvement,1
CUST_02684,52,17391.12,15,697,0.034,22283.67,48,2,0,2.1,Mortgage,Vehicle,0
CUST_02685,56,71477.91,29,732,0.044,40525.52,24,1,1,15.3,Mortgage,Medical,0
CUST_02686,37,61897.34,33,635,0.226,26883.91,60,4,4,12.1,Rent,Education,0
CUST_02687,55,25406.88,1,636,0.039,28861.26,72,2,1,7.9,Mortgage,Vehicle,0
CUST_02688,69,61289.45,17,627,0.638,18841.96,72,2,0,7.1,Rent,Other,1
CUST_02689,31,42826.0,4,646,0.21,22981.15,48,1,1,8.7,Rent,Debt Consolidation,1
CUST_02690,41,37168.17,5,597,0.327,23821.32,12,2,1,6.7,Rent,Education,0
CUST_02691,46,69249.96,11,564,0.135,27764.54,60,1,0,10.7,Rent,Vehicle,0
CUST_02692,24,28109.16,11,622,0.244,24525.79,48,1,0,9.9,Rent,Debt Consolidation,0
CUST_02693,54,25306.65,11,515,0.31,20323.27,72,3,0,13.2,Mortgage,Education,1
CUST_02694,68,40286.9,8,700,0.169,11615.75,72,2,0,14.3,Mortgage,Vehicle,0
CUST_02695,38,47292.85,21,687,0.434,26737.02,72,2,1,8.5,Rent,Debt Consolidation,0
CUST_02696,60,58874.18,15,732,0.419,51359.01,60,2,1,10.5,Rent,Vehicle,0
CUST_02697,55,33675.42,3,615,0.682,16424.88,36,3,2,9.3,Rent,Home Improvement,0
CUST_02698,61,23744.7,2,715,0.394,86633.29,60,1,4,6.4,Rent,Vehicle,0
CUST_02699,49,128577.08,15,623,0.453,11430.72,60,1,1,7.0,Rent,Home Improvement,0
CUST_02700,49,21093.13,13,734,0.088,12693.47,60,2,2,12.3,Rent,Other,0
CUST_02701,58,37330.24,3,552,0.252,10677.57,60,1,3,10.4,Own,Debt Consolidation,0
CUST_02702,62,53629.4,1,663,0.227,74078.33,48,1,2,1.7,Rent,Home Improvement,0
CUST_02703,41,64573.62,9,652,0.306,28271.11,36,0,0,5.8,Mortgage,Vehicle,1
CUST_02704,62,27348.58,10,736,0.367,98512.6,24,1,0,9.0,Rent,Debt Consolidation,0
CUST_02705,33,15000.0,25,735,0.236,11568.68,36,0,1,4.7,Mortgage,Education,0
CUST_02706,69,27034.45,25,765,0.314,195067.96,12,1,0,11.3,Mortgage,Home Improvement,0
CUST_02707,61,55863.21,3,539,0.396,19857.48,36,3,0,2.1,Rent,Vehicle,0
CUST_02708,37,49948.52,25,785,0.23,30559.37,84,0,1,10.9,Mortgage,Medical,0
CUST_02709,29,50770.01,27,615,0.118,31643.31,36,1,1,12.9,Own,Debt Consolidation,0
CUST_02710,61,51835.58,1,800,0.104,43456.79,72,0,1,5.2,Rent,Home Improvement,1
CUST_02711,21,70972.1,1,836,0.199,37558.21,84,2,2,13.8,Mortgage,Other,0
CUST_02712,22,24638.26,15,763,0.417,37429.31,24,2,2,20.6,Mortgage,Vehicle,0
CUST_02713,68,19951.33,22,620,0.155,78927.38,60,2,0,5.9,Own,Debt Consolidation,0
CUST_02714,49,43705.98,22,593,0.378,25885.89,72,2,2,8.5,Mortgage,Home Improvement,0
CUST_02715,53,21498.48,12,631,0.321,25368.78,36,3,1,8.1,Rent,Vehicle,0
CUST_02716,30,19332.49,20,720,0.275,99676.8,36,0,1,9.5,Rent,Debt Consolidation,0
CUST_02717,60,66968.66,24,606,0.248,39859.87,60,0,2,11.8,Mortgage,Medical,0
CUST_02718,41,41158.26,12,550,0.368,24077.74,24,3,3,17.8,Own,Medical,1
CUST_02719,48,36836.58,14,756,0.284,59120.02,60,3,0,4.6,Rent,Debt Consolidation,1
CUST_02720,31,37221.32,27,638,0.591,32054.66,36,0,1,8.0,Mortgage,Medical,0
CUST_02721,54,34438.5,2,744,0.15,132040.2,60,1,0,1.0,Mortgage,Home Improvement,0
CUST_02722,28,66744.04,22,734,0.341,18663.4,60,0,0,16.7,Rent,Home Improvement,0
CUST_02723,42,17029.32,3,694,0.112,45088.27,60,2,2,11.4,Own,Home Improvement,0
CUST_02724,28,16680.38,2,739,0.561,17781.14,72,1,0,5.2,Mortgage,Education,0
CUST_02725,69,22738.37,7,784,0.482,32066.3,60,0,3,8.2,Own,Medical,0
CUST_02726,35,41964.56,24,733,0.22,21873.92,24,2,1,9.5,Rent,Debt Consolidation,1
CUST_02727,37,89560.7,11,735,0.146,36422.67,36,0,2,0.5,Rent,Other,0
CUST_02728,43,56080.42,4,707,0.612,27578.07,36,2,0,9.2,Mortgage,Vehicle,1
CUST_02729,44,48835.92,32,650,0.109,20401.64,12,2,2,9.3,Mortgage,Home Improvement,0
CUST_02730,65,34893.87,24,702,0.148,17791.56,36,3,0,10.1,Mortgage,Debt Consolidation,0
CUST_02731,39,18652.49,24,695,0.666,37073.8,36,0,1,6.0,Rent,Education,1
CUST_02732,25,46980.83,34,714,0.254,28135.9,60,0,0,14.2,Mortgage,Home Improvement,0
CUST_02733,52,100005.81,14,703,0.283,56406.27,36,2,0,7.5,Own,Home Improvement,0
CUST_02734,64,32208.03,25,648,0.233,17055.15,72,3,0,1.1,Mortgage,Home Improvement,0
CUST_02735,21,27437.43,9,760,0.446,43345.89,36,2,0,15.4,Rent,Other,0
CUST_02736,43,32285.66,23,643,0.477,44161.69,84,2,3,1.0,Rent,Debt Consolidation,1
CUST_02737,57,49014.7,34,708,0.199,117803.08,48,3,1,6.6,Mortgage,Debt Consolidation,0
CUST_02738,28,38402.01,28,716,0.271,41398.44,72,2,2,8.9,Mortgage,Vehicle,0
CUST_02739,33,57239.93,4,607,0.503,49208.28,36,1,2,7.5,Mortgage,Other,1
CUST_02740,28,35713.16,23,789,0.11,12446.17,12,0,0,1.1,Mortgage,Debt Consolidation,0
CUST_02741,43,32192.67,18,677,0.418,40821.67,48,2,3,8.2,Rent,Other,0
CUST_02742,63,40721.15,8,610,0.408,16009.74,48,2,1,16.5,Own,Home Improvement,0
CUST_02743,21,27727.33,25,680,0.047,12715.03,84,3,1,16.5,Rent,Debt Consolidation,0
CUST_02744,65,86715.03,24,612,0.347,31370.16,36,1,2,2.0,Own,Debt Consolidation,0
CUST_02745,44,54806.12,34,639,0.53,46595.58,36,2,0,6.7,Mortgage,Debt Consolidation,1
CUST_02746,55,20955.38,13,638,0.641,56584.85,48,1,1,13.9,Rent,Debt Consolidation,1
CUST_02747,44,25012.24,5,670,0.3,111082.85,48,0,1,13.7,Mortgage,Home Improvement,0
CUST_02748,37,48178.52,31,776,0.174,24890.1,60,1,0,5.8,Rent,Home Improvement,0
CUST_02749,25,39801.46,25,687,0.487,21268.11,36,2,0,5.0,Own,Education,0
CUST_02750,40,42245.62,14,692,0.085,20162.29,36,2,1,8.7,Rent,Medical,0
CUST_02751,41,32989.22,30,647,0.086,24433.84,60,1,1,5.0,Mortgage,Home Improvement,0
CUST_02752,60,45596.51,18,700,0.498,22548.81,48,1,5,16.9,Rent,Debt Consolidation,0
CUST_02753,51,33379.49,13,678,0.526,75053.14,72,1,0,11.4,Mortgage,Other,0
CUST_02754,66,48131.39,10,674,0.351,119384.84,60,1,3,5.0,Own,Home Improvement,1
CUST_02755,56,53450.65,26,729,0.408,43033.48,24,2,0,0.5,Mortgage,Debt Consolidation,0
CUST_02756,31,81094.48,1,614,0.32,43296.69,24,0,1,3.2,Mortgage,Education,0
CUST_02757,35,28075.44,21,769,0.097,31938.03,72,2,0,0.8,Mortgage,Home Improvement,0
CUST_02758,39,36114.17,1,491,0.313,38695.72,36,0,1,10.1,Mortgage,Home Improvement,0
CUST_02759,27,19742.11,19,673,0.176,73777.66,36,2,1,21.6,Rent,Debt Consolidation,1
CUST_02760,48,90502.31,16,775,0.15,18510.32,72,1,2,6.3,Mortgage,Debt Consolidation,0
CUST_02761,63,15000.0,3,764,0.325,24200.47,84,3,0,6.4,Rent,Home Improvement,0
CUST_02762,25,84240.8,13,691,0.068,39063.39,60,2,0,5.9,Mortgage,Other,0
CUST_02763,25,38052.98,6,623,0.291,14677.52,24,2,0,16.5,Own,Debt Consolidation,1
CUST_02764,50,44766.44,14,671,0.465,38397.51,12,0,1,2.6,Rent,Vehicle,1
CUST_02765,52,33428.54,29,850,0.205,14552.44,60,0,1,7.8,Rent,Medical,0
CUST_02766,28,36884.63,15,730,0.245,42128.83,24,2,2,5.1,Mortgage,Home Improvement,0
CUST_02767,30,48729.62,1,561,0.178,34845.85,48,2,1,5.6,Mortgage,Debt Consolidation,0
CUST_02768,58,16021.33,18,686,0.434,37047.93,48,1,2,0.7,Own,Education,1
CUST_02769,67,26211.06,0,638,0.246,40574.75,12,3,2,2.0,Mortgage,Vehicle,1
CUST_02770,52,23800.73,30,591,0.442,63724.29,84,2,2,16.6,Own,Vehicle,0
CUST_02771,68,45419.75,3,714,0.428,26513.46,12,1,2,0.5,Mortgage,Education,0
CUST_02772,48,36394.87,26,612,0.44,34221.06,36,1,3,10.8,Rent,Vehicle,0
CUST_02773,37,49466.35,24,788,0.338,23219.29,60,4,2,4.2,Rent,Debt Consolidation,0
CUST_02774,51,39434.15,21,774,0.112,37798.71,84,1,2,11.9,Mortgage,Debt Consolidation,1
CUST_02775,28,61654.06,9,629,0.175,36721.81,12,1,1,4.4,Rent,Home Improvement,0
CUST_02776,60,25080.92,32,625,0.425,17610.88,84,0,0,0.5,Rent,Home Improvement,0
CUST_02777,45,37386.98,29,727,0.196,61448.2,36,2,1,7.4,Own,Debt Consolidation,0
CUST_02778,29,63239.33,29,751,0.564,48466.51,36,1,3,17.7,Rent,Vehicle,0
CUST_02779,22,57220.24,15,662,0.485,69347.36,60,0,0,3.2,Own,Education,0
CUST_02780,35,17329.71,8,748,0.375,48454.25,60,1,2,2.4,Own,Debt Consolidation,0
CUST_02781,23,21795.19,16,797,0.441,62104.96,24,0,1,6.8,Own,Home Improvement,0
CUST_02782,69,34860.32,34,703,0.278,20530.35,60,2,2,5.4,Mortgage,Debt Consolidation,1
CUST_02783,56,32292.22,14,608,0.286,28951.1,60,0,0,4.0,Rent,Debt Consolidation,0
CUST_02784,24,35146.72,27,735,0.217,18164.34,48,3,0,10.8,Mortgage,Debt Consolidation,0
CUST_02785,34,54073.26,19,690,0.227,56813.95,36,1,5,11.1,Own,Education,1
CUST_02786,61,41969.21,32,657,0.322,32301.69,36,0,0,7.1,Rent,Debt Consolidation,0
CUST_02787,61,43210.79,32,733,0.504,28407.61,60,2,0,4.8,Rent,Vehicle,0
CUST_02788,45,50782.48,12,764,0.312,42246.5,36,0,0,8.0,Mortgage,Home Improvement,0
CUST_02789,30,62136.39,3,693,0.313,37033.93,60,0,2,12.6,Rent,Debt Consolidation,1
CUST_02790,41,15000.0,22,520,0.395,35519.74,60,3,1,6.5,Mortgage,Other,0
CUST_02791,56,29932.1,7,688,0.442,108065.86,60,1,1,2.3,Rent,Debt Consolidation,1
CUST_02792,32,23353.83,12,696,0.481,18808.25,60,0,0,6.6,Mortgage,Education,1
CUST_02793,47,46058.06,23,850,0.401,21702.42,60,1,0,4.1,Mortgage,Vehicle,0
CUST_02794,60,28823.55,29,689,0.184,52654.08,60,2,0,8.0,Own,Other,1
CUST_02795,22,37719.44,29,668,0.165,27637.35,72,2,2,5.8,Mortgage,Vehicle,0
CUST_02796,33,55607.4,24,728,0.421,17591.22,36,3,1,10.6,Rent,Debt Consolidation,0
CUST_02797,52,26863.05,32,659,0.32,7808.12,36,2,1,14.7,Mortgage,Education,0
CUST_02798,51,43538.8,8,632,0.369,24462.17,48,5,1,0.6,Mortgage,Vehicle,1
CUST_02799,36,78977.15,25,568,0.346,40307.85,60,1,3,4.7,Rent,Debt Consolidation,0
CUST_02800,52,55039.57,23,638,0.128,28376.12,12,1,0,6.3,Mortgage,Home Improvement,0
CUST_02801,52,16434.06,32,546,0.352,35851.16,36,1,1,3.8,Mortgage,Vehicle,0
CUST_02802,54,31386.3,24,700,0.196,18878.75,12,1,1,8.6,Rent,Debt Consolidation,0
CUST_02803,31,43386.7,14,695,0.112,56865.73,60,1,2,0.5,Mortgage,Other,0
CUST_02804,30,47877.07,5,729,0.311,24291.03,60,2,0,6.9,Own,Debt Consolidation,1
CUST_02805,35,32010.7,19,608,0.568,72019.33,60,6,1,1.1,Rent,Vehicle,1
CUST_02806,37,26373.25,15,579,0.559,43389.35,60,0,1,12.1,Own,Medical,1
CUST_02807,60,37567.01,20,824,0.036,49101.85,12,0,0,9.4,Rent,Debt Consolidation,0
CUST_02808,38,21090.07,14,674,0.358,45054.97,60,1,1,4.8,Rent,Other,0
CUST_02809,29,62935.59,3,729,0.279,30866.94,36,0,0,1.8,Rent,Home Improvement,1
CUST_02810,45,92442.35,23,689,0.268,37642.84,60,1,0,18.6,Rent,Other,0
CUST_02811,60,44238.33,2,732,0.254,31491.27,48,0,4,5.7,Rent,Education,0
CUST_02812,34,32330.97,0,696,0.209,73776.71,60,0,0,2.8,Mortgage,Vehicle,0
CUST_02813,45,58130.78,29,624,0.217,15162.94,36,0,0,8.0,Rent,Education,1
CUST_02814,42,53421.29,12,718,0.318,98942.64,72,2,1,14.1,Mortgage,Debt Consolidation,1
CUST_02815,50,31641.65,17,701,0.247,21134.94,36,3,2,8.4,Mortgage,Education,0
CUST_02816,40,35457.08,10,562,0.256,40001.86,12,1,1,6.4,Rent,Education,1
CUST_02817,41,26775.24,28,701,0.179,30799.42,24,3,1,10.4,Own,Home Improvement,0
CUST_02818,64,39432.37,3,653,0.229,42901.85,36,1,0,11.2,Rent,Vehicle,0
CUST_02819,52,42169.59,24,633,0.369,45034.29,36,1,0,13.4,Mortgage,Debt Consolidation,0
CUST_02820,66,24586.03,27,748,0.561,56329.84,36,2,0,8.2,Own,Debt Consolidation,0
CUST_02821,69,21219.2,7,675,0.37,25893.22,60,2,3,1.9,Mortgage,Other,1
CUST_02822,41,18713.35,20,677,0.113,77849.81,48,3,2,11.4,Own,Debt Consolidation,0
CUST_02823,55,44724.08,34,686,0.54,65280.51,60,0,4,6.6,Rent,Education,0
CUST_02824,52,36107.6,17,678,0.514,28871.69,60,1,1,13.5,Rent,Debt Consolidation,0
CUST_02825,50,34829.25,24,673,0.266,112867.25,48,0,1,15.5,Rent,Debt Consolidation,0
CUST_02826,59,45810.24,4,782,0.148,22797.19,60,2,0,10.0,Own,Home Improvement,0
CUST_02827,69,23144.65,7,632,0.043,54066.46,60,1,1,5.0,Own,Medical,0
CUST_02828,32,21266.19,22,558,0.312,36284.43,24,0,5,7.6,Rent,Home Improvement,1
CUST_02829,61,40967.77,2,683,0.214,21576.44,48,3,2,11.1,Own,Other,1
CUST_02830,67,15300.8,30,614,0.394,155162.37,48,1,2,12.0,Rent,Debt Consolidation,1
CUST_02831,38,31904.67,28,603,0.373,40885.6,60,3,0,0.7,Rent,Debt Consolidation,0
CUST_02832,41,124644.78,19,679,0.208,27177.46,48,4,1,15.5,Own,Other,0
CUST_02833,33,18503.8,2,699,0.116,38501.52,36,1,0,14.1,Mortgage,Other,0
CUST_02834,41,29293.73,22,668,0.546,57589.76,36,2,4,5.7,Mortgage,Vehicle,0
CUST_02835,28,15000.0,20,648,0.293,19321.47,48,3,1,8.7,Own,Medical,0
CUST_02836,66,32310.13,12,666,0.135,33415.14,24,3,3,7.8,Rent,Home Improvement,0
CUST_02837,60,97077.82,7,676,0.269,49163.09,48,0,0,2.4,Own,Home Improvement,0
CUST_02838,66,45865.05,4,680,0.265,47993.58,84,2,0,0.5,Own,Education,0
CUST_02839,27,26718.47,24,555,0.186,37622.18,24,4,2,5.8,Mortgage,Education,0
CUST_02840,43,108088.47,4,741,0.47,9742.45,36,1,0,6.0,Mortgage,Other,0
CUST_02841,64,15196.55,7,578,0.296,25023.46,60,2,0,9.4,Rent,Debt Consolidation,1
CUST_02842,52,45568.48,3,633,0.36,58136.55,60,3,2,0.5,Mortgage,Vehicle,0
CUST_02843,31,37513.51,21,571,0.568,70844.63,48,1,3,8.2,Mortgage,Debt Consolidation,1
CUST_02844,42,32096.03,13,692,0.093,35985.12,72,2,0,18.0,Own,Medical,0
CUST_02845,42,54368.8,18,630,0.416,27061.89,48,5,1,19.0,Rent,Medical,1
CUST_02846,63,20110.76,12,667,0.406,38641.25,24,1,3,8.0,Rent,Vehicle,0
CUST_02847,45,42459.73,34,628,0.09,63429.1,48,0,1,7.0,Rent,Home Improvement,1
CUST_02848,42,39848.07,3,606,0.187,30284.03,48,0,2,11.9,Own,Vehicle,0
CUST_02849,48,23493.84,32,504,0.123,197205.75,48,2,1,0.5,Own,Medical,0
CUST_02850,49,96278.26,21,639,0.154,11339.12,72,5,2,11.2,Rent,Home Improvement,0
CUST_02851,33,33159.4,0,595,0.483,59275.8,48,1,1,11.6,Mortgage,Debt Consolidation,0
CUST_02852,38,33883.21,10,716,0.43,26260.61,60,1,2,0.5,Rent,Vehicle,1
CUST_02853,22,21723.75,15,826,0.196,14880.87,48,3,2,12.2,Mortgage,Home Improvement,0
CUST_02854,49,33467.49,3,808,0.328,42833.39,60,1,3,11.1,Mortgage,Other,0
CUST_02855,41,116701.81,28,674,0.293,32610.4,24,2,3,9.1,Mortgage,Other,1
CUST_02856,35,32004.89,23,625,0.197,26761.78,72,2,1,8.5,Mortgage,Vehicle,0
CUST_02857,47,47068.11,8,544,0.217,24037.54,60,2,3,12.0,Mortgage,Debt Consolidation,1
CUST_02858,51,58411.84,7,651,0.174,31464.01,36,2,1,9.2,Mortgage,Home Improvement,1
CUST_02859,35,33166.61,13,616,0.5,40306.16,36,1,2,11.2,Mortgage,Vehicle,0
CUST_02860,43,29590.39,14,628,0.612,46598.4,60,2,2,10.4,Rent,Debt Consolidation,1
CUST_02861,44,45987.82,21,566,0.267,93473.59,36,1,2,7.9,Mortgage,Debt Consolidation,0
CUST_02862,64,32188.7,14,729,0.131,77240.17,48,1,0,11.5,Mortgage,Debt Consolidation,0
CUST_02863,33,30763.29,5,716,0.146,33512.42,60,1,0,7.7,Own,Vehicle,0
CUST_02864,42,58101.39,0,616,0.154,12460.3,72,2,2,4.8,Mortgage,Vehicle,1
CUST_02865,63,35076.56,19,740,0.487,22507.09,60,2,1,1.8,Mortgage,Debt Consolidation,0
CUST_02866,57,66610.66,1,684,0.47,173342.56,60,0,0,4.3,Rent,Education,1
CUST_02867,53,34684.1,5,717,0.238,116301.6,36,3,1,15.6,Mortgage,Debt Consolidation,0
CUST_02868,23,18796.05,1,734,0.22,44324.6,36,0,2,2.9,Mortgage,Home Improvement,0
CUST_02869,39,15000.0,2,706,0.142,27904.78,48,2,0,2.7,Rent,Other,0
CUST_02870,43,15000.0,6,623,0.164,19036.04,72,2,0,9.2,Mortgage,Home Improvement,0
CUST_02871,49,15788.23,19,753,0.354,29222.77,48,1,1,12.2,Rent,Home Improvement,0
CUST_02872,50,41492.54,4,734,0.076,40243.94,60,1,0,17.6,Own,Vehicle,0
CUST_02873,59,22344.46,24,735,0.359,19318.13,60,0,1,8.0,Mortgage,Medical,0
CUST_02874,64,15000.0,17,587,0.494,12863.38,36,0,1,6.4,Rent,Vehicle,1
CUST_02875,67,34014.67,0,577,0.289,17729.42,84,1,0,11.6,Rent,Debt Consolidation,0
CUST_02876,45,21143.46,24,786,0.125,99444.5,36,1,1,4.9,Own,Debt Consolidation,0
CUST_02877,57,45777.57,16,635,0.106,31631.99,60,0,3,8.0,Rent,Debt Consolidation,0
CUST_02878,67,45212.75,14,698,0.421,42650.75,60,2,0,16.2,Own,Home Improvement,0
CUST_02879,28,47669.31,4,764,0.048,43982.26,60,1,0,5.0,Own,Debt Consolidation,0
CUST_02880,62,15000.0,16,794,0.186,42118.34,60,4,0,1.7,Own,Medical,0
CUST_02881,36,37149.46,20,720,0.499,15497.12,36,2,2,0.5,Mortgage,Home Improvement,0
CUST_02882,28,34176.68,22,643,0.658,104871.41,24,1,0,6.5,Mortgage,Other,1
CUST_02883,21,19715.84,9,660,0.442,43006.61,12,1,2,12.9,Mortgage,Education,0
CUST_02884,64,15000.0,16,706,0.304,25991.57,60,0,1,5.2,Mortgage,Debt Consolidation,0
CUST_02885,25,34394.69,0,692,0.486,31854.7,72,0,0,10.3,Mortgage,Medical,0
CUST_02886,23,61824.69,6,630,0.321,24813.06,60,2,1,1.6,Rent,Home Improvement,0
CUST_02887,21,15000.0,11,494,0.275,24003.83,60,1,2,11.1,Own,Debt Consolidation,1
CUST_02888,24,23950.38,0,628,0.448,45650.03,48,2,2,11.4,Rent,Education,1
CUST_02889,60,38784.17,19,665,0.203,3749.99,60,2,0,2.5,Own,Home Improvement,0
CUST_02890,55,63733.14,30,679,0.259,23277.61,60,3,0,7.4,Rent,Education,0
CUST_02891,52,31064.29,3,799,0.589,17614.33,36,3,2,6.9,Mortgage,Home Improvement,1
CUST_02892,62,95368.3,25,755,0.205,39754.83,60,2,3,10.9,Mortgage,Debt Consolidation,0
CUST_02893,54,15000.0,11,648,0.298,10885.46,36,2,1,12.2,Rent,Medical,0
CUST_02894,63,15000.0,21,715,0.276,11909.73,36,0,1,9.6,Rent,Home Improvement,1
CUST_02895,45,60406.83,0,493,0.2,23872.46,36,3,3,12.5,Mortgage,Debt Consolidation,1
CUST_02896,30,15000.0,0,766,0.53,51219.29,36,1,1,10.8,Own,Other,0
CUST_02897,41,45741.72,2,645,0.078,117054.94,48,2,0,19.1,Own,Vehicle,1
CUST_02898,66,31342.61,11,693,0.438,63413.57,60,3,3,0.5,Mortgage,Debt Consolidation,1
CUST_02899,59,23144.2,20,682,0.199,39459.88,60,0,1,3.3,Own,Vehicle,0
CUST_02900,47,29338.81,12,752,0.48,84717.37,60,1,2,2.7,Mortgage,Home Improvement,0
CUST_02901,47,19062.23,12,656,0.326,42178.94,84,1,0,13.2,Mortgage,Education,1
CUST_02902,22,30971.82,17,738,0.228,96732.89,60,1,1,6.2,Rent,Debt Consolidation,0
CUST_02903,61,36633.18,32,706,0.508,36476.4,60,2,0,0.5,Rent,Debt Consolidation,1
CUST_02904,68,29492.43,5,689,0.089,159085.58,84,1,1,10.4,Rent,Other,0
CUST_02905,33,27106.58,24,672,0.107,12147.29,36,1,4,1.3,Rent,Other,0
CUST_02906,29,41236.06,22,644,0.093,50592.39,60,2,0,6.5,Mortgage,Medical,0
CUST_02907,56,83265.19,23,668,0.207,15483.86,72,2,3,1.5,Rent,Debt Consolidation,0
CUST_02908,42,31789.72,25,653,0.245,51003.28,84,4,2,14.5,Rent,Vehicle,0
CUST_02909,62,54720.59,3,709,0.059,49007.1,48,0,1,16.2,Mortgage,Home Improvement,0
CUST_02910,46,22402.13,34,601,0.583,66363.84,48,3,1,12.7,Own,Education,1
CUST_02911,32,18638.03,10,685,0.441,53726.26,24,1,2,6.9,Rent,Education,1
CUST_02912,37,45554.18,24,786,0.072,61105.81,72,1,2,6.3,Rent,Debt Consolidation,0
CUST_02913,34,32313.25,19,649,0.573,60542.67,72,1,1,15.0,Rent,Debt Consolidation,0
CUST_02914,34,63879.17,0,711,0.1,33209.5,72,2,1,8.8,Rent,Education,0
CUST_02915,54,70453.75,29,517,0.055,34207.33,36,4,1,9.3,Mortgage,Debt Consolidation,0
CUST_02916,40,55245.51,3,569,0.345,175115.09,36,3,4,3.3,Mortgage,Debt Consolidation,1
CUST_02917,31,54648.62,22,671,0.254,26436.6,72,0,3,8.6,Own,Debt Consolidation,0
CUST_02918,36,15000.0,34,675,0.376,25919.13,60,2,0,15.6,Own,Home Improvement,0
CUST_02919,51,45354.34,21,683,0.091,76242.65,60,0,2,6.8,Rent,Other,0
CUST_02920,26,55906.72,30,833,0.517,36478.08,48,1,2,5.9,Mortgage,Vehicle,0
CUST_02921,39,19227.73,0,639,0.516,91338.98,60,2,2,12.1,Mortgage,Debt Consolidation,0
CUST_02922,57,36475.14,3,686,0.37,22744.98,36,1,0,4.6,Rent,Vehicle,0
CUST_02923,24,21560.88,18,630,0.068,59298.14,72,0,1,11.5,Mortgage,Debt Consolidation,0
CUST_02924,67,60703.42,29,732,0.434,21792.95,72,2,0,14.8,Mortgage,Vehicle,0
CUST_02925,24,22516.44,0,599,0.335,58170.28,72,2,2,9.4,Mortgage,Home Improvement,0
CUST_02926,40,24430.04,18,631,0.309,28988.27,36,3,2,8.7,Mortgage,Vehicle,1
CUST_02927,30,28795.51,20,617,0.577,42727.57,72,3,0,3.6,Own,Education,1
CUST_02928,44,111826.64,21,738,0.547,26520.16,60,1,1,0.5,Rent,Vehicle,0
CUST_02929,55,60014.18,1,689,0.371,34549.59,36,1,3,0.5,Mortgage,Home Improvement,1
CUST_02930,46,81332.58,5,700,0.256,68676.49,60,1,0,15.8,Rent,Debt Consolidation,0
CUST_02931,57,15000.0,20,666,0.42,60299.88,24,0,3,0.9,Rent,Medical,0
CUST_02932,58,19251.66,32,765,0.629,45362.6,60,1,1,14.0,Rent,Debt Consolidation,0
CUST_02933,41,70918.73,18,669,0.224,150861.95,84,2,0,14.6,Own,Vehicle,0
CUST_02934,60,15061.84,26,818,0.64,58876.08,48,1,1,6.3,Mortgage,Education,0
CUST_02935,59,25956.0,28,769,0.479,25642.84,60,3,2,4.1,Rent,Debt Consolidation,0
CUST_02936,41,101485.45,27,577,0.191,31836.92,36,2,0,10.8,Own,Debt Consolidation,0
CUST_02937,30,22432.53,33,725,0.253,38323.99,48,1,0,7.8,Rent,Education,1
CUST_02938,58,15000.0,0,769,0.806,84110.63,24,0,2,7.0,Rent,Debt Consolidation,1
CUST_02939,66,37187.85,24,651,0.341,73004.01,60,0,0,18.1,Mortgage,Debt Consolidation,0
CUST_02940,24,15000.0,20,709,0.456,27318.25,60,2,0,14.5,Rent,Vehicle,0
CUST_02941,65,67415.15,33,577,0.516,63970.18,60,0,0,11.7,Rent,Education,0
CUST_02942,40,23215.39,25,610,0.21,31734.24,60,0,0,12.7,Own,Vehicle,0
CUST_02943,37,21002.16,34,662,0.378,21061.13,60,0,0,8.7,Rent,Medical,0
CUST_02944,27,36852.96,22,585,0.101,56734.4,72,0,0,15.0,Own,Home Improvement,0
CUST_02945,24,29666.72,16,684,0.041,18625.24,48,3,1,5.0,Rent,Debt Consolidation,1
CUST_02946,49,41199.22,11,726,0.456,42615.23,48,0,0,10.3,Mortgage,Debt Consolidation,0
CUST_02947,34,47134.11,19,616,0.216,54110.69,36,1,0,8.0,Own,Medical,0
CUST_02948,23,32576.82,26,586,0.114,28184.87,36,0,1,4.0,Rent,Other,1
CUST_02949,44,20318.27,19,569,0.09,26981.49,60,1,0,11.2,Rent,Vehicle,0
CUST_02950,57,52326.29,10,765,0.135,34902.78,72,1,0,9.9,Own,Debt Consolidation,0
CUST_02951,36,25675.57,27,558,0.356,125084.2,36,1,3,9.4,Mortgage,Vehicle,0
CUST_02952,24,23516.45,1,701,0.088,24348.73,48,0,1,4.9,Rent,Debt Consolidation,0
CUST_02953,44,39000.52,23,771,0.376,50574.87,36,1,2,11.3,Mortgage,Debt Consolidation,0
CUST_02954,54,15000.0,15,612,0.296,26745.58,72,2,0,0.5,Mortgage,Vehicle,0
CUST_02955,50,44153.97,11,621,0.422,63393.32,72,2,2,10.7,Rent,Vehicle,1
CUST_02956,38,40049.88,15,692,0.288,17901.19,72,1,3,3.8,Own,Home Improvement,1
CUST_02957,39,63634.42,1,697,0.293,37762.58,12,1,0,7.2,Mortgage,Vehicle,0
CUST_02958,51,28277.0,24,645,0.296,14673.85,36,1,1,2.5,Mortgage,Debt Consolidation,0
CUST_02959,39,70432.9,28,659,0.163,13809.11,72,0,1,11.6,Mortgage,Other,0
CUST_02960,69,47326.3,27,686,0.584,33511.48,48,2,2,15.1,Mortgage,Home Improvement,1
CUST_02961,66,35832.31,9,652,0.185,30767.78,36,2,3,1.9,Mortgage,Medical,0
CUST_02962,39,90070.5,22,654,0.235,23187.73,48,1,2,5.3,Rent,Medical,0
CUST_02963,42,38086.16,31,816,0.24,17561.89,60,1,2,11.3,Mortgage,Vehicle,0
CUST_02964,44,28023.99,30,751,0.447,28905.89,60,4,0,7.6,Mortgage,Vehicle,0
CUST_02965,65,38635.24,18,756,0.396,27512.91,60,4,5,7.7,Own,Debt Consolidation,0
CUST_02966,32,27736.8,14,656,0.305,85084.04,60,2,0,11.1,Mortgage,Other,1
CUST_02967,50,43775.23,32,560,0.227,100589.29,24,0,1,6.3,Rent,Debt Consolidation,1
CUST_02968,58,70287.11,16,850,0.427,30860.96,60,2,2,6.4,Rent,Debt Consolidation,0
CUST_02969,51,36170.46,19,637,0.132,42035.24,60,1,2,5.1,Mortgage,Vehicle,0
CUST_02970,56,37989.68,8,702,0.481,48266.92,36,3,0,9.2,Mortgage,Debt Consolidation,1
CUST_02971,39,54117.65,2,735,0.13,29387.37,60,1,1,9.3,Own,Home Improvement,0
CUST_02972,68,65750.33,1,639,0.316,24081.53,60,1,1,9.6,Mortgage,Other,0
CUST_02973,65,28960.33,17,743,0.376,42705.81,60,3,1,5.2,Rent,Home Improvement,0
CUST_02974,56,39583.51,22,681,0.302,38252.38,36,2,0,5.7,Mortgage,Home Improvement,0
CUST_02975,50,54237.68,18,662,0.475,19312.29,36,0,1,7.4,Mortgage,Debt Consolidation,1
CUST_02976,69,42829.23,6,639,0.253,60780.16,24,1,2,7.3,Rent,Other,0
CUST_02977,53,15000.0,34,610,0.447,89366.84,24,2,1,6.2,Own,Education,0
CUST_02978,38,59359.26,19,550,0.094,60695.28,36,0,0,9.4,Mortgage,Debt Consolidation,0
CUST_02979,69,47166.57,19,850,0.104,129284.29,36,0,3,9.3,Mortgage,Debt Consolidation,0
CUST_02980,48,48872.71,18,782,0.323,103505.24,48,2,0,6.9,Own,Vehicle,0
CUST_02981,67,20008.74,15,687,0.225,58576.39,60,2,0,9.2,Mortgage,Debt Consolidation,0
CUST_02982,31,39190.71,20,789,0.139,10882.62,36,2,1,4.0,Rent,Medical,0
CUST_02983,65,55363.32,28,780,0.265,29847.08,36,1,3,8.8,Rent,Education,0
CUST_02984,53,23381.72,23,722,0.283,79849.64,60,0,0,5.8,Rent,Vehicle,1
CUST_02985,37,26628.24,28,656,0.274,51054.81,12,0,1,9.3,Mortgage,Debt Consolidation,1
CUST_02986,26,55839.66,30,755,0.272,60893.3,84,1,0,12.5,Rent,Home Improvement,0
CUST_02987,24,26015.52,11,744,0.372,13704.68,48,2,0,4.6,Mortgage,Home Improvement,0
CUST_02988,40,32720.12,29,735,0.254,59617.35,60,2,1,2.4,Rent,Debt Consolidation,0
CUST_02989,68,21648.48,3,656,0.349,41984.21,36,0,0,8.8,Rent,Medical,0
CUST_02990,67,90216.65,29,707,0.358,59480.38,36,4,2,8.1,Mortgage,Vehicle,0
CUST_02991,47,47113.34,4,699,0.181,54772.67,60,0,6,8.6,Rent,Education,0
CUST_02992,35,31961.99,15,653,0.255,114694.97,84,0,3,6.3,Rent,Debt Consolidation,0
CUST_02993,26,29109.28,26,706,0.26,51963.17,72,1,2,4.6,Mortgage,Debt Consolidation,0
CUST_02994,67,19649.71,3,768,0.056,50519.78,72,1,0,7.2,Rent,Other,0
CUST_02995,34,34370.36,7,787,0.456,12613.88,48,1,2,11.3,Mortgage,Vehicle,0
CUST_02996,31,50641.62,7,715,0.379,72204.77,36,4,1,16.2,Mortgage,Home Improvement,0
CUST_02997,59,24223.85,16,668,0.218,50724.3,60,1,1,4.5,Mortgage,Vehicle,0
CUST_02998,29,38283.36,2,740,0.15,25769.27,48,1,0,0.5,Mortgage,Home Improvement,0
CUST_02999,46,30221.51,26,619,0.092,18732.43,60,1,0,10.1,Own,Other,0
CUST_03000,36,72406.98,33,654,0.109,29110.5,60,4,1,4.0,Rent,Other,0
CUST_03001,25,26414.03,20,769,0.157,96761.53,36,5,1,8.8,Mortgage,Medical,0
CUST_03002,30,53561.08,23,811,0.097,190420.46,24,6,2,10.3,Rent,Debt Consolidation,1
CUST_03003,23,72912.2,28,760,0.266,29257.7,36,1,3,3.8,Rent,Other,0
CUST_03004,33,30074.55,5,674,0.271,18795.4,60,3,0,14.6,Rent,Medical,0
CUST_03005,63,27057.28,13,527,0.164,73632.15,48,2,1,2.8,Mortgage,Vehicle,0
CUST_03006,69,57604.22,13,735,0.454,28396.77,60,0,3,7.0,Rent,Education,0
CUST_03007,50,15000.0,23,717,0.422,70195.92,60,1,2,7.9,Own,Other,0
CUST_03008,65,45039.6,12,719,0.236,67315.57,36,0,2,13.9,Mortgage,Debt Consolidation,0
CUST_03009,26,16520.2,0,580,0.276,17334.97,48,2,0,2.5,Own,Education,0
CUST_03010,37,66916.83,11,657,0.377,39006.04,60,0,0,10.4,Own,Home Improvement,0
CUST_03011,65,32014.74,23,811,0.539,7504.85,72,0,0,3.5,Mortgage,Vehicle,0
CUST_03012,39,34704.03,19,608,0.382,67659.82,12,0,1,8.0,Mortgage,Medical,1
CUST_03013,62,25282.69,5,720,0.231,26937.34,84,5,1,0.5,Rent,Vehicle,0
CUST_03014,55,16459.31,11,634,0.35,21498.93,48,0,1,8.2,Mortgage,Education,0
CUST_03015,66,68386.47,20,716,0.066,36300.61,24,1,1,9.5,Rent,Debt Consolidation,0
CUST_03016,46,33338.6,2,666,0.467,32450.96,36,1,3,2.8,Own,Home Improvement,1
CUST_03017,25,180662.21,26,764,0.321,25109.57,60,1,2,2.2,Rent,Home Improvement,0
CUST_03018,49,24219.4,16,683,0.373,26080.34,60,1,1,13.4,Own,Other,1
CUST_03019,57,26282.35,14,750,0.269,33991.84,24,1,0,6.8,Mortgage,Debt Consolidation,0
CUST_03020,40,23187.72,3,828,0.243,36881.4,36,1,1,6.9,Mortgage,Debt Consolidation,0
CUST_03021,69,33253.65,16,749,0.481,83081.51,24,2,0,10.8,Rent,Medical,0
CUST_03022,41,79826.35,10,720,0.088,151530.21,24,1,4,3.4,Own,Debt Consolidation,1
CUST_03023,30,60178.39,11,761,0.426,56972.21,36,3,2,11.3,Mortgage,Debt Consolidation,0
CUST_03024,25,17115.21,31,719,0.325,39552.26,36,0,2,11.3,Mortgage,Vehicle,0
CUST_03025,56,66307.62,26,637,0.519,12687.82,60,1,2,17.5,Rent,Medical,0
CUST_03026,26,51092.64,26,621,0.683,26843.27,12,2,2,5.3,Rent,Vehicle,1
CUST_03027,46,46198.1,28,728,0.11,13510.43,36,0,1,6.8,Own,Home Improvement,0
CUST_03028,24,25793.55,8,636,0.383,14435.27,36,1,0,2.0,Mortgage,Debt Consolidation,1
CUST_03029,59,26770.21,2,629,0.139,56557.24,36,2,0,0.5,Rent,Debt Consolidation,0
CUST_03030,59,38891.6,28,667,0.422,28385.36,24,0,2,9.7,Rent,Medical,0
CUST_03031,55,27540.66,20,559,0.351,57416.01,72,4,1,10.2,Own,Medical,0
CUST_03032,21,70004.58,34,634,0.216,51214.22,36,2,1,8.8,Rent,Debt Consolidation,0
CUST_03033,44,26957.64,9,629,0.307,30939.8,60,0,0,11.5,Rent,Debt Consolidation,1
CUST_03034,56,15000.0,22,850,0.586,18004.43,36,2,2,8.7,Mortgage,Vehicle,0
CUST_03035,26,18944.55,24,733,0.42,29322.25,60,2,0,5.7,Own,Education,0
CUST_03036,61,19555.63,23,651,0.37,9870.08,36,0,3,9.4,Own,Education,0
CUST_03037,66,31835.14,19,626,0.476,20204.92,36,4,5,18.1,Rent,Education,0
CUST_03038,64,40458.54,14,509,0.37,200000.0,60,3,3,0.5,Rent,Home Improvement,0
CUST_03039,51,37305.66,20,577,0.12,33736.25,48,0,0,4.7,Mortgage,Education,1
CUST_03040,40,45727.47,11,564,0.223,85137.81,36,1,0,4.0,Mortgage,Education,0
CUST_03041,44,32011.8,17,612,0.205,18268.18,72,1,2,13.6,Rent,Debt Consolidation,1
CUST_03042,45,32583.02,22,679,0.295,65980.07,48,3,2,9.8,Rent,Debt Consolidation,0
CUST_03043,56,87197.42,28,667,0.119,25649.14,60,0,3,7.4,Mortgage,Debt Consolidation,0
CUST_03044,41,66348.66,4,617,0.316,37007.93,72,2,3,11.4,Mortgage,Vehicle,0
CUST_03045,50,44540.33,25,676,0.317,17673.99,48,1,3,4.1,Mortgage,Vehicle,0
CUST_03046,44,57430.75,10,580,0.162,61474.43,36,1,0,6.3,Own,Vehicle,0
CUST_03047,64,15000.0,10,711,0.2,42518.89,60,0,1,1.7,Rent,Vehicle,0
CUST_03048,62,24070.22,17,733,0.189,70771.78,24,3,2,13.6,Rent,Education,0
CUST_03049,50,29257.71,11,715,0.337,46120.28,60,1,0,12.9,Mortgage,Vehicle,0
CUST_03050,42,24212.32,15,757,0.222,142079.45,60,2,1,6.5,Rent,Vehicle,0
CUST_03051,48,16766.39,26,574,0.212,42648.71,24,4,1,9.2,Rent,Home Improvement,1
CUST_03052,27,44813.82,16,683,0.294,42526.14,36,3,0,6.8,Rent,Medical,0
CUST_03053,55,72611.16,20,613,0.179,52931.14,60,0,3,0.5,Rent,Home Improvement,0
CUST_03054,48,36083.65,30,599,0.142,200000.0,36,2,0,11.4,Mortgage,Vehicle,1
CUST_03055,34,50216.1,34,581,0.426,26064.83,60,0,1,3.7,Rent,Home Improvement,0
CUST_03056,30,35551.34,26,850,0.237,16358.55,60,2,1,9.1,Mortgage,Medical,0
CUST_03057,36,29120.0,22,744,0.409,30981.5,36,2,0,10.1,Mortgage,Home Improvement,0
CUST_03058,36,57503.34,31,794,0.275,26410.75,60,1,0,1.8,Own,Home Improvement,0
CUST_03059,51,17781.33,16,705,0.086,99284.46,48,1,5,0.5,Mortgage,Vehicle,0
CUST_03060,62,15000.0,10,622,0.247,44191.77,24,3,2,6.6,Own,Home Improvement,0
CUST_03061,45,17656.34,0,727,0.212,24588.7,24,3,2,13.7,Own,Debt Consolidation,0
CUST_03062,33,55647.59,27,844,0.103,27886.72,72,1,0,0.5,Rent,Other,0
CUST_03063,26,37934.09,17,717,0.256,43332.73,36,5,2,15.9,Own,Debt Consolidation,0
CUST_03064,64,43838.56,19,672,0.188,15721.95,60,1,2,14.1,Own,Home Improvement,1
CUST_03065,29,83990.71,6,699,0.307,5046.47,60,1,2,10.1,Own,Home Improvement,0
CUST_03066,65,20299.07,15,758,0.323,59556.91,60,1,1,7.5,Own,Home Improvement,0
CUST_03067,56,66309.28,22,679,0.382,23412.05,48,3,0,4.3,Own,Medical,1
CUST_03068,63,29787.31,31,672,0.088,200000.0,48,0,1,11.4,Rent,Other,0
CUST_03069,40,27606.86,16,633,0.486,76509.36,60,0,1,7.2,Rent,Vehicle,0
CUST_03070,38,37820.64,18,705,0.255,14791.96,60,0,0,7.4,Mortgage,Home Improvement,0
CUST_03071,63,40899.3,33,591,0.34,21999.45,60,2,1,5.8,Own,Home Improvement,1
CUST_03072,41,32686.88,13,653,0.519,40415.68,36,3,3,6.9,Own,Home Improvement,0
CUST_03073,24,49274.26,2,671,0.521,96942.2,84,1,0,10.2,Own,Medical,0
CUST_03074,53,37896.78,24,606,0.473,26852.05,36,1,1,10.1,Rent,Education,0
CUST_03075,47,32870.61,10,678,0.188,12599.46,24,3,3,2.0,Mortgage,Home Improvement,0
CUST_03076,27,29491.52,14,747,0.273,138619.02,36,0,0,18.0,Mortgage,Home Improvement,0
CUST_03077,26,40911.78,18,782,0.288,140777.76,36,0,0,9.6,Mortgage,Vehicle,1
CUST_03078,35,18428.82,14,663,0.337,15216.25,84,2,1,6.2,Mortgage,Home Improvement,0
CUST_03079,38,21221.46,14,648,0.1,42267.52,12,3,0,0.5,Mortgage,Debt Consolidation,0
CUST_03080,52,30220.48,14,662,0.499,9011.47,72,2,2,1.1,Own,Home Improvement,0
CUST_03081,31,47688.12,8,724,0.215,59618.33,48,1,2,8.3,Rent,Home Improvement,0
CUST_03082,40,106024.46,4,636,0.223,135174.3,60,3,1,3.4,Own,Medical,1
CUST_03083,44,33534.74,18,636,0.245,61673.58,60,2,0,9.5,Own,Medical,0
CUST_03084,35,15000.0,23,699,0.701,26750.14,12,1,2,1.9,Rent,Vehicle,1
CUST_03085,68,24462.0,28,716,0.356,29225.9,48,1,0,7.1,Own,Other,1
CUST_03086,27,50485.73,4,694,0.155,111022.79,12,1,0,10.4,Own,Medical,1
CUST_03087,41,22356.2,21,689,0.398,66465.05,24,1,2,6.4,Rent,Debt Consolidation,0
CUST_03088,62,18903.97,12,646,0.211,27684.89,60,1,0,14.1,Own,Vehicle,0
CUST_03089,46,50354.06,28,681,0.087,53687.52,36,2,2,12.5,Own,Vehicle,0
CUST_03090,64,45818.35,15,513,0.293,34030.04,24,1,0,6.7,Own,Education,1
CUST_03091,34,17391.37,16,788,0.44,25419.93,12,0,1,0.5,Mortgage,Vehicle,0
CUST_03092,57,23213.83,19,691,0.496,133289.69,60,0,1,10.8,Rent,Debt Consolidation,0
CUST_03093,41,67665.73,13,827,0.642,34865.97,60,6,0,13.8,Mortgage,Other,0
CUST_03094,38,55626.9,5,770,0.369,43142.98,12,2,1,15.0,Mortgage,Education,0
CUST_03095,25,19956.58,21,623,0.398,92109.82,60,3,2,0.5,Own,Other,0
CUST_03096,23,15000.0,8,655,0.185,76106.86,24,2,0,11.3,Own,Other,0
CUST_03097,43,41533.64,31,603,0.367,49608.9,36,0,3,8.8,Mortgage,Debt Consolidation,0
CUST_03098,46,31318.55,23,633,0.054,23905.62,60,0,0,8.5,Rent,Home Improvement,1
CUST_03099,57,39770.11,32,571,0.233,33530.88,36,0,2,6.6,Rent,Vehicle,0
CUST_03100,44,49877.78,12,615,0.38,38269.7,60,3,1,10.4,Mortgage,Medical,1
CUST_03101,69,22513.38,34,608,0.219,33500.46,48,1,1,15.5,Mortgage,Debt Consolidation,0
CUST_03102,39,29258.55,5,742,0.229,50182.9,36,2,5,10.7,Rent,Home Improvement,0
CUST_03103,45,23166.69,29,567,0.061,27974.92,60,0,4,6.1,Mortgage,Debt Consolidation,0
CUST_03104,41,23585.38,15,836,0.306,20057.93,12,2,2,17.6,Mortgage,Debt Consolidation,0
CUST_03105,32,48164.6,0,657,0.486,19724.24,48,0,1,8.6,Own,Vehicle,0
CUST_03106,61,39027.99,17,774,0.67,66468.02,36,1,2,11.6,Mortgage,Vehicle,1
CUST_03107,53,16622.78,21,613,0.101,104622.82,48,2,2,5.3,Own,Education,0
CUST_03108,24,52185.08,25,734,0.059,42548.29,60,1,0,17.3,Mortgage,Education,0
CUST_03109,62,30484.24,13,577,0.336,31464.88,48,1,4,6.7,Mortgage,Home Improvement,1
CUST_03110,27,53400.89,13,577,0.246,44795.59,60,2,0,9.6,Rent,Vehicle,1
CUST_03111,42,21864.75,25,757,0.195,10293.38,24,2,0,12.7,Own,Home Improvement,0
CUST_03112,53,22860.28,22,671,0.141,25837.39,36,3,2,4.7,Mortgage,Home Improvement,1
CUST_03113,37,41186.1,1,666,0.176,81576.01,48,2,1,8.8,Own,Other,1
CUST_03114,44,20989.34,6,610,0.26,55177.58,24,1,1,2.7,Mortgage,Education,0
CUST_03115,54,31652.09,21,619,0.334,27207.67,72,2,0,14.9,Mortgage,Debt Consolidation,0
CUST_03116,48,19830.24,27,568,0.249,42131.82,72,1,1,7.2,Mortgage,Debt Consolidation,0
CUST_03117,63,29861.2,19,643,0.392,23846.13,36,5,0,13.6,Rent,Debt Consolidation,0
CUST_03118,61,35741.68,17,698,0.444,51611.4,60,0,0,5.4,Rent,Home Improvement,0
CUST_03119,59,36593.61,23,686,0.276,63982.13,48,3,4,9.1,Mortgage,Debt Consolidation,0
CUST_03120,42,30261.34,32,686,0.431,51362.75,60,0,1,3.8,Rent,Vehicle,0
CUST_03121,69,42902.06,25,536,0.062,32968.14,24,3,0,3.5,Rent,Home Improvement,0
CUST_03122,37,39100.85,18,694,0.648,48598.83,48,2,2,10.0,Rent,Home Improvement,0
CUST_03123,54,34728.52,12,658,0.422,21991.89,36,0,4,9.3,Mortgage,Other,0
CUST_03124,26,26557.69,9,625,0.512,62381.39,60,3,3,1.3,Rent,Home Improvement,0
CUST_03125,66,61952.42,13,594,0.239,103797.55,60,2,1,11.2,Mortgage,Debt Consolidation,0
CUST_03126,26,44052.77,8,726,0.303,56494.71,72,0,0,9.7,Mortgage,Education,0
CUST_03127,54,21632.36,10,531,0.432,35808.88,12,2,0,0.5,Rent,Debt Consolidation,1
CUST_03128,21,50233.73,2,594,0.198,8739.22,48,1,0,1.6,Mortgage,Education,1
CUST_03129,30,56260.44,11,690,0.256,27250.99,48,1,1,11.0,Mortgage,Other,0
CUST_03130,41,34864.26,34,644,0.319,98236.75,36,1,3,8.3,Mortgage,Home Improvement,0
CUST_03131,25,36042.58,31,706,0.375,38151.55,36,0,1,12.3,Mortgage,Home Improvement,1
CUST_03132,22,15000.0,13,687,0.211,27266.16,60,0,0,8.4,Own,Medical,0
CUST_03133,42,23819.97,0,632,0.078,17226.22,60,3,1,7.1,Rent,Education,0
CUST_03134,68,55372.99,26,562,0.177,82750.12,72,0,2,0.5,Mortgage,Other,0
CUST_03135,22,24555.43,0,733,0.253,42516.5,60,3,0,0.5,Own,Debt Consolidation,0
CUST_03136,30,33526.08,28,668,0.23,78781.19,24,1,0,3.1,Rent,Debt Consolidation,0
CUST_03137,54,23639.87,23,588,0.352,7872.42,24,1,1,11.0,Rent,Home Improvement,1
CUST_03138,36,40758.02,16,533,0.305,58106.27,60,1,2,0.5,Own,Home Improvement,1
CUST_03139,68,44217.29,34,703,0.121,17577.23,60,1,2,3.4,Mortgage,Medical,0
CUST_03140,59,44812.27,30,636,0.331,46821.42,72,1,0,3.0,Own,Medical,0
CUST_03141,42,20543.9,31,600,0.437,29915.83,48,2,1,8.7,Own,Education,0
CUST_03142,32,38305.59,18,762,0.227,29795.53,60,1,1,21.1,Mortgage,Education,0
CUST_03143,44,79880.33,30,549,0.048,50839.97,48,0,2,9.8,Rent,Debt Consolidation,0
CUST_03144,67,52798.83,19,663,0.723,31531.6,60,4,3,9.7,Rent,Debt Consolidation,1
CUST_03145,60,38050.35,27,731,0.46,19369.13,36,1,1,5.4,Rent,Other,0
CUST_03146,58,15000.0,2,714,0.075,30953.11,60,1,1,6.7,Mortgage,Medical,0
CUST_03147,30,32058.63,31,589,0.044,40931.65,48,3,0,10.6,Mortgage,Debt Consolidation,0
CUST_03148,55,82717.2,21,772,0.179,30643.93,72,2,0,9.7,Rent,Debt Consolidation,0
CUST_03149,69,70214.03,14,779,0.504,27817.03,48,2,0,4.3,Own,Debt Consolidation,0
CUST_03150,52,45739.12,18,752,0.36,18512.09,24,2,3,1.5,Own,Medical,0
CUST_03151,27,25344.95,30,619,0.066,102050.58,60,3,1,8.6,Rent,Debt Consolidation,0
CUST_03152,41,37277.29,25,664,0.057,23659.2,48,0,0,0.5,Mortgage,Vehicle,0
CUST_03153,40,53462.75,4,768,0.149,105388.65,36,1,2,11.2,Rent,Debt Consolidation,0
CUST_03154,46,58120.26,19,711,0.143,75894.93,72,0,1,10.6,Mortgage,Debt Consolidation,0
CUST_03155,24,42459.68,1,635,0.524,100379.51,24,2,1,6.0,Own,Other,0
CUST_03156,66,55687.99,20,665,0.137,19995.44,24,0,0,10.7,Mortgage,Debt Consolidation,0
CUST_03157,42,35265.26,27,573,0.572,35981.52,36,1,2,12.8,Rent,Vehicle,1
CUST_03158,35,34494.21,19,760,0.326,35725.97,60,3,1,6.0,Rent,Home Improvement,0
CUST_03159,60,28869.54,10,673,0.423,45796.88,24,1,0,1.8,Mortgage,Debt Consolidation,0
CUST_03160,41,44903.38,2,802,0.131,33529.4,84,2,3,12.3,Own,Debt Consolidation,0
CUST_03161,35,59884.33,19,552,0.124,28750.85,48,0,1,11.3,Rent,Other,0
CUST_03162,42,51752.19,31,612,0.727,36508.41,60,1,1,3.2,Own,Education,0
CUST_03163,48,19751.44,24,676,0.365,25209.95,84,4,1,5.3,Rent,Debt Consolidation,0
CUST_03164,34,20287.55,20,838,0.327,25843.44,48,2,1,16.8,Rent,Education,0
CUST_03165,47,63058.61,15,685,0.168,60503.55,60,1,0,4.4,Rent,Home Improvement,0
CUST_03166,61,39667.46,0,627,0.079,44106.89,12,4,3,11.2,Mortgage,Debt Consolidation,0
CUST_03167,60,40450.09,22,681,0.048,8056.04,12,1,1,13.3,Own,Vehicle,1
CUST_03168,48,39996.9,23,633,0.413,79817.26,60,1,1,10.5,Own,Home Improvement,0
CUST_03169,46,87187.81,24,746,0.118,67269.56,72,1,2,12.7,Rent,Debt Consolidation,0
CUST_03170,69,29052.44,6,740,0.471,27017.16,60,0,2,2.1,Mortgage,Other,0
CUST_03171,22,63469.65,34,793,0.37,52864.82,36,3,2,5.0,Own,Debt Consolidation,0
CUST_03172,45,40814.94,13,565,0.146,17910.51,60,2,2,7.2,Rent,Education,1
CUST_03173,23,16313.42,8,554,0.403,23844.31,60,1,4,14.8,Rent,Other,0
CUST_03174,28,24042.39,2,664,0.281,38093.97,24,1,2,5.3,Rent,Other,0
CUST_03175,64,26808.78,19,737,0.281,18114.92,36,1,0,15.8,Rent,Home Improvement,0
CUST_03176,53,62727.42,32,752,0.65,99620.26,60,0,0,6.6,Mortgage,Debt Consolidation,0
CUST_03177,62,67080.52,31,697,0.207,21225.0,36,1,3,8.8,Mortgage,Debt Consolidation,0
CUST_03178,55,43344.15,25,737,0.08,78130.57,60,1,3,9.1,Mortgage,Debt Consolidation,1
CUST_03179,26,27962.33,4,786,0.143,8258.24,60,2,4,2.0,Rent,Vehicle,1
CUST_03180,59,23029.0,29,625,0.173,39316.69,48,0,1,9.1,Own,Medical,0
CUST_03181,43,64137.89,16,783,0.394,91665.83,12,2,1,8.5,Mortgage,Home Improvement,0
CUST_03182,45,19105.35,5,785,0.18,17212.42,36,1,1,0.6,Rent,Vehicle,0
CUST_03183,63,34477.25,14,641,0.174,31980.56,60,3,2,9.8,Own,Home Improvement,0
CUST_03184,39,118448.74,0,614,0.176,19250.34,24,1,2,4.7,Own,Education,0
CUST_03185,25,28004.11,12,733,0.363,39895.43,48,1,1,12.1,Rent,Education,0
CUST_03186,31,19228.54,33,819,0.227,33458.17,12,0,2,4.4,Own,Home Improvement,0
CUST_03187,32,15022.0,29,621,0.061,18708.68,36,0,3,12.2,Own,Vehicle,1
CUST_03188,30,120813.37,18,814,0.318,117135.06,36,2,0,4.6,Rent,Debt Consolidation,0
CUST_03189,28,43231.02,1,613,0.49,39821.21,48,2,0,1.8,Own,Home Improvement,0
CUST_03190,44,23516.61,11,665,0.173,168438.18,60,2,2,3.3,Own,Home Improvement,0
CUST_03191,48,33038.59,23,601,0.306,20965.45,48,1,0,11.8,Mortgage,Home Improvement,0
CUST_03192,61,26069.52,10,710,0.135,29172.68,60,1,1,4.5,Own,Vehicle,0
CUST_03193,56,15000.0,1,689,0.21,11172.43,36,1,0,2.3,Rent,Debt Consolidation,0
CUST_03194,57,53855.44,0,683,0.07,6325.33,60,1,1,6.9,Own,Vehicle,0
CUST_03195,41,36934.69,27,636,0.283,101341.38,72,3,0,10.0,Mortgage,Education,1
CUST_03196,28,51662.73,3,650,0.283,17142.1,60,3,2,1.9,Mortgage,Debt Consolidation,0
CUST_03197,29,36434.64,29,675,0.09,37744.64,48,3,2,10.9,Mortgage,Medical,0
CUST_03198,67,38778.55,6,662,0.548,13029.6,60,1,2,6.0,Mortgage,Home Improvement,0
CUST_03199,35,15000.0,21,677,0.134,78797.2,24,2,2,5.5,Own,Vehicle,0
CUST_03200,68,57177.97,25,575,0.102,29132.26,84,2,2,14.8,Mortgage,Other,0
CUST_03201,66,21075.05,28,529,0.162,43573.02,36,2,1,7.2,Rent,Home Improvement,0
CUST_03202,60,23955.62,24,704,0.388,31926.17,36,3,0,12.9,Mortgage,Debt Consolidation,0
CUST_03203,38,27891.13,9,707,0.13,73116.71,84,2,0,3.5,Mortgage,Other,0
CUST_03204,62,15000.0,19,696,0.429,99503.39,12,0,0,4.1,Mortgage,Education,0
CUST_03205,40,27138.86,13,717,0.127,25472.66,60,0,1,7.5,Own,Medical,0
CUST_03206,26,26210.31,32,648,0.21,62983.18,48,1,1,10.4,Rent,Education,0
CUST_03207,32,30063.99,4,655,0.51,26777.34,60,3,2,4.5,Mortgage,Debt Consolidation,1
CUST_03208,22,15512.64,5,647,0.177,71062.08,72,1,0,4.9,Mortgage,Vehicle,0
CUST_03209,27,57748.6,21,553,0.361,19044.5,36,2,1,2.5,Mortgage,Vehicle,0
CUST_03210,36,44312.77,16,720,0.151,39809.16,72,0,2,14.7,Own,Debt Consolidation,0
CUST_03211,23,23575.89,14,735,0.37,29644.01,84,1,2,0.5,Rent,Home Improvement,0
CUST_03212,65,27152.56,27,745,0.102,68000.06,72,0,0,13.6,Rent,Debt Consolidation,0
CUST_03213,23,55219.65,1,658,0.332,18847.28,48,1,0,13.0,Rent,Home Improvement,0
CUST_03214,47,31928.76,17,630,0.156,27691.1,36,2,0,7.7,Rent,Debt Consolidation,0
CUST_03215,63,19530.49,26,647,0.177,47520.66,60,4,2,6.5,Own,Debt Consolidation,0
CUST_03216,60,34828.94,20,644,0.266,52147.71,72,2,2,7.4,Mortgage,Vehicle,1
CUST_03217,58,21079.97,22,540,0.482,22211.2,84,1,0,6.2,Rent,Home Improvement,0
CUST_03218,53,25490.56,6,701,0.202,56876.86,72,1,0,9.1,Mortgage,Vehicle,0
CUST_03219,48,35407.82,18,739,0.479,200000.0,36,2,0,7.9,Rent,Debt Consolidation,1
CUST_03220,21,61550.04,8,695,0.105,36211.11,60,1,0,1.4,Rent,Education,1
CUST_03221,28,99873.77,11,682,0.461,11555.92,72,0,1,4.5,Rent,Education,0
CUST_03222,57,71776.17,29,636,0.564,39442.56,48,0,2,4.2,Rent,Other,0
CUST_03223,52,35033.92,6,733,0.117,60317.45,60,1,0,9.1,Own,Debt Consolidation,0
CUST_03224,68,112271.45,1,674,0.349,29086.89,24,2,0,6.5,Own,Other,0
CUST_03225,63,48008.56,16,595,0.134,48593.61,60,0,2,2.0,Own,Vehicle,0
CUST_03226,57,22251.3,10,773,0.322,24350.96,24,0,0,1.8,Rent,Medical,0
CUST_03227,24,38073.54,11,725,0.208,65983.29,60,2,0,4.2,Mortgage,Vehicle,0
CUST_03228,50,26148.36,2,796,0.644,49347.64,48,1,1,4.0,Rent,Vehicle,0
CUST_03229,26,19458.65,20,761,0.408,50717.36,36,0,2,4.3,Rent,Medical,0
CUST_03230,66,20188.9,13,636,0.154,60231.43,48,1,1,12.4,Rent,Education,0
CUST_03231,39,33738.1,14,660,0.276,35766.27,60,2,1,7.6,Mortgage,Other,0
CUST_03232,52,52949.98,9,751,0.253,38833.95,60,2,3,6.7,Mortgage,Vehicle,0
CUST_03233,29,61951.16,9,598,0.095,69624.1,72,2,1,0.5,Rent,Home Improvement,0
CUST_03234,32,19489.69,16,796,0.073,54817.34,60,2,0,14.7,Own,Debt Consolidation,0
CUST_03235,31,31206.16,24,703,0.151,35305.78,84,5,1,4.8,Mortgage,Debt Consolidation,0
CUST_03236,66,46318.44,26,738,0.374,25770.39,36,2,0,4.1,Rent,Debt Consolidation,0
CUST_03237,36,39180.3,32,703,0.591,10853.56,36,1,0,0.5,Own,Education,0
CUST_03238,21,51393.82,10,684,0.358,42799.6,24,0,0,0.9,Rent,Home Improvement,0
CUST_03239,65,29221.3,12,660,0.365,31579.14,60,1,0,6.9,Mortgage,Other,0
CUST_03240,41,68628.12,0,670,0.467,47628.07,36,2,0,14.0,Mortgage,Home Improvement,0
CUST_03241,50,36238.56,30,493,0.217,17888.0,36,3,3,13.6,Rent,Vehicle,1
CUST_03242,33,53043.21,32,719,0.576,82531.83,36,1,1,3.7,Rent,Medical,0
CUST_03243,54,30019.82,20,833,0.128,80909.35,36,0,0,0.5,Own,Home Improvement,0
CUST_03244,24,37391.38,15,622,0.279,60952.57,60,2,2,12.6,Mortgage,Debt Consolidation,1
CUST_03245,48,16350.06,22,577,0.366,44283.33,60,3,1,9.8,Mortgage,Debt Consolidation,0
CUST_03246,58,23899.73,9,790,0.349,21288.21,60,1,0,0.5,Mortgage,Vehicle,0
CUST_03247,51,32737.23,32,706,0.321,174135.62,36,2,1,8.1,Mortgage,Home Improvement,1
CUST_03248,47,38178.61,21,743,0.097,70718.28,60,1,1,3.8,Mortgage,Debt Consolidation,0
CUST_03249,25,138773.83,5,715,0.399,35850.15,72,1,2,4.9,Mortgage,Home Improvement,0
CUST_03250,45,30002.92,9,615,0.155,15326.3,60,1,1,0.5,Rent,Debt Consolidation,1
CUST_03251,23,18245.61,15,744,0.346,34379.74,60,3,1,9.0,Own,Vehicle,0
CUST_03252,53,85071.07,12,645,0.265,33041.86,60,1,1,9.1,Rent,Vehicle,0
CUST_03253,24,62281.45,19,622,0.051,57434.25,24,1,0,9.3,Mortgage,Home Improvement,0
CUST_03254,45,20368.48,3,725,0.342,32146.04,48,4,2,11.7,Mortgage,Medical,1
CUST_03255,40,45827.11,19,692,0.455,8104.09,36,2,2,8.0,Rent,Education,0
CUST_03256,54,55138.49,21,709,0.098,18462.15,48,3,1,0.5,Mortgage,Home Improvement,0
CUST_03257,46,39415.43,28,706,0.179,72102.5,24,2,2,4.1,Rent,Education,0
CUST_03258,25,42740.87,15,738,0.353,19773.54,24,1,1,10.9,Own,Home Improvement,0
CUST_03259,55,26472.77,22,771,0.292,17744.32,24,2,3,0.5,Mortgage,Debt Consolidation,0
CUST_03260,48,46718.46,29,695,0.121,57026.47,24,4,1,17.3,Rent,Vehicle,0
CUST_03261,49,28405.07,29,781,0.592,40181.28,48,2,1,5.4,Rent,Home Improvement,1
CUST_03262,29,15000.0,2,759,0.226,16341.32,24,1,2,6.7,Own,Debt Consolidation,0
CUST_03263,58,40059.98,23,732,0.289,72833.01,60,3,0,9.7,Mortgage,Education,0
CUST_03264,26,15709.57,12,640,0.424,18836.53,36,1,0,0.5,Own,Home Improvement,0
CUST_03265,39,60279.48,31,749,0.295,47000.07,84,1,0,11.6,Own,Vehicle,0
CUST_03266,64,20631.82,11,710,0.147,70711.27,60,2,1,12.3,Rent,Home Improvement,0
CUST_03267,31,15000.0,7,586,0.132,32040.19,60,0,2,6.7,Rent,Debt Consolidation,0
CUST_03268,22,15000.0,23,597,0.155,46958.05,60,2,1,0.5,Own,Other,0
CUST_03269,67,35570.14,15,595,0.25,11963.32,36,0,1,9.2,Rent,Home Improvement,0
CUST_03270,64,39865.0,31,596,0.1,65659.68,72,0,1,9.0,Rent,Other,0
CUST_03271,64,17920.16,33,603,0.353,34089.09,84,2,2,21.5,Mortgage,Home Improvement,1
CUST_03272,29,21243.49,34,739,0.255,87210.88,36,1,0,9.3,Mortgage,Home Improvement,0
CUST_03273,41,36169.28,31,686,0.16,13224.36,48,1,2,8.9,Rent,Education,0
CUST_03274,44,59048.47,16,742,0.563,16387.19,48,0,1,7.6,Rent,Debt Consolidation,0
CUST_03275,54,19830.15,1,602,0.338,41174.11,60,1,3,5.7,Rent,Vehicle,0
CUST_03276,42,43896.4,25,572,0.285,16360.06,48,0,0,7.7,Rent,Other,0
CUST_03277,23,15224.4,16,620,0.377,34358.19,60,2,2,1.0,Rent,Medical,0
CUST_03278,32,42529.12,1,729,0.103,23353.7,36,2,2,2.0,Rent,Home Improvement,1
CUST_03279,48,52991.99,7,732,0.284,29405.4,24,1,2,7.8,Own,Vehicle,0
CUST_03280,50,47197.84,5,664,0.098,24410.09,48,0,2,8.0,Mortgage,Education,0
CUST_03281,46,59706.66,8,703,0.529,15079.46,60,0,2,10.0,Own,Other,1
CUST_03282,68,57749.57,0,645,0.448,18333.89,60,2,2,9.0,Rent,Vehicle,0
CUST_03283,41,91442.52,4,629,0.488,45934.35,48,0,1,2.6,Rent,Education,0
CUST_03284,48,38342.31,8,708,0.115,13122.29,72,1,2,11.2,Own,Debt Consolidation,0
CUST_03285,46,91577.94,13,726,0.261,52823.25,48,4,1,5.8,Own,Debt Consolidation,0
CUST_03286,53,22650.8,26,805,0.255,18329.93,36,1,0,15.3,Rent,Debt Consolidation,0
CUST_03287,41,32771.98,8,610,0.142,74348.66,36,0,2,11.6,Mortgage,Vehicle,0
CUST_03288,55,34286.21,28,601,0.153,18326.8,60,1,1,13.6,Rent,Vehicle,1
CUST_03289,54,21560.27,19,645,0.155,68055.07,36,2,0,9.9,Own,Home Improvement,0
CUST_03290,61,15000.0,14,723,0.5,32812.81,60,0,3,20.0,Mortgage,Vehicle,0
CUST_03291,67,56086.43,2,821,0.175,39129.45,36,1,2,6.1,Rent,Education,0
CUST_03292,38,22811.79,22,690,0.281,65495.08,60,0,2,11.2,Own,Other,0
CUST_03293,31,29720.3,8,620,0.248,46135.16,36,1,3,12.2,Own,Vehicle,0
CUST_03294,43,80201.11,29,600,0.348,34534.72,36,2,0,0.5,Own,Vehicle,0
CUST_03295,68,48341.35,18,639,0.22,27833.61,48,0,1,9.2,Own,Debt Consolidation,0
CUST_03296,42,86691.03,2,696,0.107,9875.27,36,0,4,13.8,Rent,Vehicle,0
CUST_03297,37,38571.37,2,730,0.37,102733.86,24,3,2,13.0,Mortgage,Debt Consolidation,0
CUST_03298,25,47941.96,33,695,0.38,18797.63,36,1,2,12.6,Own,Debt Consolidation,0
CUST_03299,64,32198.15,1,630,0.34,60312.09,36,1,1,11.3,Own,Debt Consolidation,0
CUST_03300,31,23757.46,26,588,0.497,37658.26,36,0,0,8.7,Own,Debt Consolidation,1
CUST_03301,50,47853.35,22,726,0.6,10857.37,60,3,2,13.0,Rent,Debt Consolidation,0
CUST_03302,35,29203.66,31,641,0.198,20150.63,36,3,0,5.4,Mortgage,Vehicle,0
CUST_03303,47,50124.29,34,647,0.489,47193.43,36,3,1,14.7,Own,Vehicle,1
CUST_03304,55,27303.37,17,609,0.238,17189.86,72,3,1,11.1,Rent,Other,1
CUST_03305,53,33266.57,26,571,0.206,18363.25,60,2,3,18.0,Mortgage,Other,0
CUST_03306,40,34625.95,10,795,0.366,53075.05,36,3,2,12.9,Rent,Debt Consolidation,0
CUST_03307,36,62223.16,18,634,0.437,35851.63,36,1,3,6.9,Rent,Vehicle,1
CUST_03308,54,29372.84,24,542,0.227,74505.15,60,1,0,6.4,Rent,Debt Consolidation,1
CUST_03309,22,65742.12,6,691,0.116,29194.56,24,0,0,9.3,Rent,Education,1
CUST_03310,55,23099.68,30,670,0.069,11384.82,36,2,2,13.5,Own,Education,0
CUST_03311,60,41561.47,1,549,0.302,18900.2,36,3,0,12.3,Mortgage,Medical,1
CUST_03312,48,25750.25,4,760,0.38,43771.5,36,2,2,7.2,Rent,Debt Consolidation,0
CUST_03313,67,63441.46,13,726,0.672,25260.28,48,2,0,0.5,Own,Vehicle,0
CUST_03314,59,24116.9,17,739,0.488,73735.27,48,0,1,1.1,Rent,Debt Consolidation,0
CUST_03315,26,25377.89,3,699,0.123,17239.81,12,4,1,10.6,Mortgage,Medical,0
CUST_03316,29,19377.13,23,589,0.124,49725.64,60,0,0,9.8,Rent,Vehicle,0
CUST_03317,40,38235.52,12,676,0.372,24653.45,72,1,0,4.9,Own,Education,0
CUST_03318,21,48801.89,20,646,0.098,22509.58,36,3,2,7.8,Rent,Medical,1
CUST_03319,28,46238.34,32,634,0.329,21980.65,24,0,2,12.2,Own,Other,0
CUST_03320,43,33788.68,19,795,0.33,17687.61,72,0,1,3.2,Mortgage,Debt Consolidation,0
CUST_03321,23,26101.01,4,611,0.212,24831.05,48,3,1,4.8,Own,Debt Consolidation,0
CUST_03322,24,31592.03,23,648,0.313,77712.34,60,0,2,0.5,Own,Education,0
CUST_03323,45,32200.43,34,683,0.152,200000.0,60,0,0,0.5,Own,Debt Consolidation,0
CUST_03324,67,41204.6,29,708,0.419,45910.14,72,2,0,5.0,Rent,Other,0
CUST_03325,58,39812.11,27,798,0.221,38797.34,48,0,1,14.3,Mortgage,Home Improvement,0
CUST_03326,35,86669.69,6,669,0.577,29891.71,60,2,3,5.0,Own,Vehicle,1
CUST_03327,41,37042.38,34,700,0.261,19127.62,12,3,1,0.6,Own,Home Improvement,1
CUST_03328,55,43494.97,29,596,0.39,69336.43,12,1,3,10.5,Mortgage,Debt Consolidation,0
CUST_03329,66,37636.44,33,720,0.568,36286.58,60,0,2,6.8,Own,Education,0
CUST_03330,34,30842.02,8,815,0.571,16787.69,60,1,0,12.0,Mortgage,Medical,0
CUST_03331,56,43348.93,11,650,0.382,134519.27,36,0,1,4.0,Rent,Debt Consolidation,0
CUST_03332,32,29427.05,28,736,0.538,136611.4,60,1,2,16.1,Mortgage,Vehicle,1
CUST_03333,37,35273.65,9,581,0.061,56036.6,36,1,2,4.3,Own,Vehicle,0
CUST_03334,59,64837.17,26,656,0.19,16487.9,36,2,0,6.2,Mortgage,Home Improvement,0
CUST_03335,29,28490.34,18,659,0.163,20062.14,72,4,0,14.9,Own,Home Improvement,1
CUST_03336,55,44076.06,12,705,0.203,17100.4,72,1,1,4.5,Mortgage,Debt Consolidation,1
CUST_03337,33,15000.0,31,670,0.348,135693.01,60,2,2,12.7,Mortgage,Medical,0
CUST_03338,35,33101.31,14,759,0.36,16029.35,84,2,2,0.6,Own,Home Improvement,0
CUST_03339,38,28394.21,20,644,0.304,23785.75,36,2,1,0.5,Rent,Debt Consolidation,1
CUST_03340,53,38566.15,2,731,0.345,58233.81,60,1,3,13.2,Rent,Debt Consolidation,0
CUST_03341,26,32269.62,7,691,0.495,32809.71,60,0,0,10.7,Own,Vehicle,0
CUST_03342,47,38978.24,5,604,0.509,13527.9,36,2,0,3.3,Own,Vehicle,1
CUST_03343,43,30051.47,28,524,0.256,54246.96,60,3,2,16.6,Mortgage,Other,0
CUST_03344,47,44053.82,18,690,0.177,124689.24,84,2,0,2.5,Rent,Vehicle,0
CUST_03345,54,15408.57,16,632,0.516,20990.55,36,3,1,1.3,Mortgage,Home Improvement,0
CUST_03346,66,38395.91,9,699,0.156,22421.88,48,0,4,13.2,Rent,Home Improvement,0
CUST_03347,58,22730.44,32,592,0.219,79691.19,24,2,2,0.5,Rent,Home Improvement,0
CUST_03348,34,65116.5,12,717,0.339,61448.28,36,1,1,3.8,Mortgage,Education,0
CUST_03349,56,22547.81,26,790,0.533,16834.42,36,3,0,14.1,Rent,Education,0
CUST_03350,28,59731.23,11,663,0.433,152676.04,60,2,0,2.8,Rent,Debt Consolidation,1
CUST_03351,55,36106.7,1,540,0.241,19365.51,24,1,1,5.5,Mortgage,Debt Consolidation,1
CUST_03352,39,15000.0,9,676,0.207,52917.83,72,0,0,16.8,Own,Vehicle,0
CUST_03353,50,23432.2,20,630,0.435,14128.42,84,2,2,7.1,Own,Debt Consolidation,1
CUST_03354,34,55486.8,22,614,0.335,64247.27,60,2,2,12.5,Own,Vehicle,1
CUST_03355,40,53933.36,0,665,0.218,17908.82,60,2,2,0.5,Rent,Debt Consolidation,1
CUST_03356,69,18964.51,32,750,0.195,25848.92,36,2,3,18.3,Rent,Vehicle,1
CUST_03357,45,79334.46,25,640,0.252,20853.04,72,2,1,1.9,Rent,Debt Consolidation,1
CUST_03358,60,35872.2,14,729,0.355,10281.35,60,1,5,0.5,Own,Medical,0
CUST_03359,44,56524.13,21,665,0.116,17436.87,24,3,0,8.3,Mortgage,Vehicle,0
CUST_03360,34,19812.72,24,674,0.486,30942.99,60,1,0,5.2,Rent,Home Improvement,0
CUST_03361,46,28912.39,0,756,0.358,14568.5,24,2,0,16.0,Rent,Medical,0
CUST_03362,58,44709.99,25,660,0.329,10711.76,36,1,0,15.0,Mortgage,Other,0
CUST_03363,43,31051.99,20,734,0.52,37047.85,60,3,1,6.6,Rent,Other,0
CUST_03364,42,15000.0,23,664,0.512,168351.88,48,2,1,9.7,Rent,Vehicle,0
CUST_03365,68,33011.42,15,719,0.428,48159.0,48,1,1,4.6,Rent,Debt Consolidation,0
CUST_03366,39,15000.0,31,661,0.173,70665.46,36,1,4,11.4,Mortgage,Home Improvement,0
CUST_03367,66,21261.51,15,692,0.021,37570.49,60,3,1,12.3,Own,Debt Consolidation,0
CUST_03368,23,18007.9,12,698,0.182,39329.2,24,2,2,0.5,Rent,Vehicle,0
CUST_03369,62,63976.92,31,727,0.712,33345.93,60,1,2,5.9,Rent,Home Improvement,0
CUST_03370,39,74845.22,23,714,0.145,31117.81,48,2,1,8.0,Own,Education,0
CUST_03371,29,43078.61,12,621,0.076,16596.12,60,1,0,0.5,Mortgage,Other,0
CUST_03372,48,32369.3,10,807,0.457,45661.22,48,0,0,7.9,Rent,Vehicle,0
CUST_03373,40,36833.73,14,682,0.282,16978.1,36,2,0,2.1,Mortgage,Debt Consolidation,1
CUST_03374,65,63954.52,9,744,0.44,23352.04,12,0,3,11.0,Mortgage,Debt Consolidation,0
CUST_03375,27,15000.0,2,513,0.318,8773.86,48,2,0,4.3,Mortgage,Home Improvement,1
CUST_03376,34,21214.69,15,736,0.439,33877.27,72,0,0,0.5,Rent,Vehicle,1
CUST_03377,29,59995.28,16,734,0.51,15115.74,60,1,2,0.5,Own,Home Improvement,0
CUST_03378,39,66578.4,24,696,0.543,41299.93,84,0,0,4.4,Mortgage,Home Improvement,0
CUST_03379,67,48769.51,29,522,0.28,38946.55,36,4,1,9.7,Rent,Debt Consolidation,0
CUST_03380,34,21536.71,34,629,0.278,25204.68,60,1,0,11.7,Mortgage,Debt Consolidation,1
CUST_03381,58,59562.08,12,608,0.554,11006.29,24,0,1,1.0,Mortgage,Home Improvement,1
CUST_03382,56,71733.73,23,761,0.188,44699.21,72,0,0,6.3,Rent,Vehicle,0
CUST_03383,60,52006.56,25,596,0.128,100366.89,36,0,1,10.3,Mortgage,Home Improvement,0
CUST_03384,37,15000.0,8,719,0.581,64955.95,72,2,2,1.3,Rent,Debt Consolidation,0
CUST_03385,50,38649.82,18,660,0.194,59232.16,36,2,1,0.5,Own,Medical,0
CUST_03386,29,48660.36,27,756,0.316,24209.82,36,4,1,6.6,Mortgage,Vehicle,0
CUST_03387,53,28062.55,6,696,0.382,46472.37,36,1,0,20.9,Own,Home Improvement,1
CUST_03388,45,39868.37,21,635,0.217,11377.43,60,0,0,2.1,Mortgage,Debt Consolidation,0
CUST_03389,34,28092.85,29,626,0.087,16274.06,72,0,1,9.8,Rent,Medical,0
CUST_03390,31,23604.75,15,649,0.333,73403.49,12,1,0,9.3,Mortgage,Debt Consolidation,0
CUST_03391,55,77288.11,4,464,0.336,16395.95,24,4,3,9.4,Own,Education,1
CUST_03392,61,40438.37,28,804,0.261,36491.48,12,3,2,2.9,Mortgage,Vehicle,0
CUST_03393,34,20889.67,22,772,0.294,35078.19,24,2,0,19.5,Own,Other,0
CUST_03394,50,18245.98,5,685,0.376,11125.46,24,3,0,6.0,Mortgage,Home Improvement,0
CUST_03395,61,23611.97,32,746,0.196,49430.56,36,3,1,9.0,Own,Home Improvement,0
CUST_03396,24,23675.91,15,677,0.392,91069.81,36,3,0,0.5,Rent,Medical,0
CUST_03397,24,39076.05,33,711,0.383,152725.79,60,3,3,0.5,Own,Debt Consolidation,0
CUST_03398,48,46294.5,25,749,0.381,61690.2,84,2,0,14.8,Rent,Home Improvement,0
CUST_03399,28,46269.74,12,663,0.386,47417.44,60,2,2,6.2,Rent,Other,0
CUST_03400,22,24957.86,16,734,0.497,43926.61,12,2,3,10.0,Mortgage,Other,0
CUST_03401,61,57544.59,31,554,0.443,52950.45,24,2,2,19.9,Mortgage,Debt Consolidation,1
CUST_03402,66,67098.85,31,695,0.303,44079.02,24,1,0,8.3,Mortgage,Debt Consolidation,0
CUST_03403,42,31889.06,27,679,0.43,171225.47,48,4,0,3.4,Own,Home Improvement,0
CUST_03404,61,21676.08,28,656,0.33,60121.68,36,0,0,9.5,Rent,Debt Consolidation,0
CUST_03405,36,38182.83,24,666,0.113,67294.53,84,0,0,6.0,Own,Debt Consolidation,0
CUST_03406,49,106941.6,21,663,0.142,34706.65,36,0,0,16.5,Rent,Debt Consolidation,0
CUST_03407,69,21393.69,26,758,0.333,8025.27,60,1,1,0.8,Mortgage,Vehicle,1
CUST_03408,68,27914.97,19,676,0.57,5394.04,36,4,1,0.5,Rent,Vehicle,1
CUST_03409,50,37373.49,23,850,0.285,21836.07,48,0,0,8.8,Rent,Debt Consolidation,0
CUST_03410,32,47611.61,7,614,0.32,72535.14,12,1,0,7.3,Rent,Medical,0
CUST_03411,55,15000.0,13,719,0.308,54408.75,12,2,0,9.3,Rent,Debt Consolidation,0
CUST_03412,31,69768.92,13,743,0.131,33782.29,12,2,1,9.8,Own,Debt Consolidation,0
CUST_03413,66,69296.24,4,653,0.349,53021.97,36,2,2,10.4,Own,Debt Consolidation,1
CUST_03414,41,29366.3,20,595,0.156,53994.6,12,2,1,6.3,Rent,Other,0
CUST_03415,41,140548.67,14,648,0.677,126572.5,48,2,1,7.9,Rent,Debt Consolidation,0
CUST_03416,25,67094.19,32,588,0.272,24507.98,36,1,2,7.0,Mortgage,Home Improvement,1
CUST_03417,68,65331.2,16,622,0.336,19050.32,24,1,0,0.5,Rent,Vehicle,0
CUST_03418,40,65760.63,19,707,0.187,46523.91,24,1,2,2.8,Rent,Vehicle,0
CUST_03419,57,64819.26,0,850,0.398,48099.81,60,0,1,3.2,Mortgage,Home Improvement,1
CUST_03420,23,35919.85,15,801,0.648,37005.73,12,4,1,4.7,Rent,Medical,0
CUST_03421,64,34184.24,17,637,0.157,42670.01,72,3,0,12.3,Mortgage,Debt Consolidation,0
CUST_03422,53,22656.79,9,746,0.041,122741.78,36,2,1,3.1,Rent,Vehicle,0
CUST_03423,29,27209.3,22,655,0.218,37478.92,24,5,2,0.5,Rent,Education,1
CUST_03424,29,31087.19,17,619,0.537,28354.96,72,0,0,8.2,Rent,Other,0
CUST_03425,24,37523.78,8,674,0.192,25957.94,36,2,1,2.5,Rent,Education,0
CUST_03426,55,80752.81,29,527,0.064,15737.83,60,0,2,0.5,Own,Debt Consolidation,0
CUST_03427,37,15000.0,12,562,0.547,21197.45,48,1,2,9.4,Own,Home Improvement,0
CUST_03428,54,71144.42,30,744,0.256,97220.66,60,3,4,0.5,Mortgage,Home Improvement,1
CUST_03429,44,21896.06,12,775,0.215,34412.6,36,3,0,3.9,Own,Education,0
CUST_03430,52,34466.4,31,506,0.573,25921.11,36,0,0,12.8,Rent,Home Improvement,0
CUST_03431,21,25280.81,16,782,0.536,69587.26,36,2,1,8.8,Own,Medical,0
CUST_03432,28,91778.97,2,761,0.252,29670.96,60,0,1,7.5,Rent,Vehicle,0
CUST_03433,65,28283.14,0,656,0.412,89140.98,60,5,0,0.7,Rent,Education,1
CUST_03434,43,47132.78,4,712,0.141,54082.75,84,2,2,1.3,Own,Home Improvement,0
CUST_03435,67,48369.92,31,807,0.24,16131.55,84,3,4,10.6,Rent,Debt Consolidation,0
CUST_03436,60,20332.92,24,766,0.375,68452.66,24,0,0,10.5,Own,Vehicle,0
CUST_03437,32,34600.2,4,715,0.042,41654.3,48,1,0,11.4,Rent,Debt Consolidation,0
CUST_03438,32,66314.45,22,636,0.381,31590.17,60,0,1,0.5,Rent,Debt Consolidation,0
CUST_03439,66,23467.75,11,651,0.464,40164.17,60,1,3,0.5,Own,Vehicle,0
CUST_03440,67,54966.7,33,729,0.361,36950.21,48,0,4,10.3,Rent,Vehicle,0
CUST_03441,35,30775.06,22,718,0.277,13499.13,24,2,1,9.7,Rent,Education,0
CUST_03442,61,64979.49,15,761,0.638,30245.14,48,1,2,7.8,Rent,Vehicle,0
CUST_03443,39,87007.4,4,579,0.199,27999.39,84,3,0,4.2,Mortgage,Vehicle,0
CUST_03444,46,15000.0,27,711,0.374,11868.21,48,2,1,2.8,Mortgage,Education,0
CUST_03445,49,18600.29,5,730,0.288,28783.19,12,1,1,8.3,Mortgage,Home Improvement,0
CUST_03446,42,29165.6,12,663,0.553,34295.72,48,0,1,11.3,Rent,Medical,0
CUST_03447,60,75562.26,29,847,0.231,200000.0,48,3,1,11.2,Mortgage,Other,1
CUST_03448,41,47393.15,25,619,0.272,12325.68,60,2,2,12.0,Rent,Education,0
CUST_03449,58,19489.36,16,676,0.341,29948.22,36,2,1,7.7,Mortgage,Debt Consolidation,1
CUST_03450,40,50993.84,8,731,0.503,23896.55,60,3,1,0.5,Own,Vehicle,0
CUST_03451,49,22997.31,15,740,0.351,18780.41,36,1,1,0.5,Mortgage,Other,0
CUST_03452,24,56121.03,17,663,0.168,108155.24,60,2,1,8.8,Mortgage,Other,0
CUST_03453,27,47547.41,12,663,0.214,126592.47,48,1,2,6.0,Rent,Vehicle,0
CUST_03454,48,22947.04,28,729,0.452,21671.22,72,0,1,0.5,Mortgage,Debt Consolidation,1
CUST_03455,48,35137.45,23,713,0.353,74299.28,48,1,0,9.9,Rent,Debt Consolidation,0
CUST_03456,24,66992.9,12,686,0.122,57226.98,36,1,0,6.3,Own,Vehicle,0
CUST_03457,42,15000.0,24,550,0.112,46603.78,48,1,1,3.4,Rent,Debt Consolidation,0
CUST_03458,32,42215.99,0,690,0.357,33637.35,60,0,2,15.7,Mortgage,Debt Consolidation,1
CUST_03459,65,20880.07,8,793,0.398,80849.59,24,1,0,0.5,Rent,Education,0
CUST_03460,23,36022.76,3,721,0.178,72741.06,60,2,3,10.5,Own,Debt Consolidation,0
CUST_03461,42,45655.58,27,626,0.392,50917.99,60,3,0,7.0,Rent,Medical,0
CUST_03462,64,99367.91,11,578,0.412,12277.19,72,0,0,17.3,Own,Vehicle,0
CUST_03463,22,35841.12,23,747,0.475,60438.63,36,3,2,6.5,Rent,Other,1
CUST_03464,44,75566.08,8,648,0.11,120631.7,48,1,0,13.4,Mortgage,Vehicle,0
CUST_03465,54,23855.04,34,773,0.162,41035.39,24,0,2,5.1,Mortgage,Other,0
CUST_03466,47,28353.05,34,772,0.424,24670.71,36,4,0,12.4,Rent,Debt Consolidation,0
CUST_03467,61,48704.63,32,670,0.204,69378.4,72,0,6,10.5,Mortgage,Home Improvement,0
CUST_03468,21,40170.19,34,703,0.283,75685.54,72,0,1,7.4,Mortgage,Education,0
CUST_03469,28,30816.04,19,711,0.34,25223.22,12,1,1,12.1,Rent,Debt Consolidation,0
CUST_03470,43,30401.36,1,596,0.464,51084.16,48,2,3,7.3,Mortgage,Medical,0
CUST_03471,58,70731.57,25,799,0.264,67388.29,24,2,3,3.0,Own,Debt Consolidation,0
CUST_03472,26,31438.2,12,715,0.122,16622.12,60,3,0,13.9,Rent,Other,0
CUST_03473,42,21798.04,29,691,0.254,64637.78,60,2,1,6.5,Mortgage,Vehicle,0
CUST_03474,45,23684.17,31,749,0.263,30425.84,48,1,0,7.3,Mortgage,Home Improvement,0
CUST_03475,38,50764.4,18,701,0.263,45074.5,48,0,2,8.2,Mortgage,Debt Consolidation,0
CUST_03476,37,112225.02,21,604,0.126,35399.38,60,0,2,2.9,Mortgage,Home Improvement,0
CUST_03477,32,27945.42,0,624,0.088,45570.43,48,2,1,15.1,Mortgage,Debt Consolidation,0
CUST_03478,26,106331.07,10,530,0.145,57676.83,60,0,2,7.8,Rent,Medical,1
CUST_03479,46,36119.19,25,685,0.14,44847.92,60,8,0,9.7,Rent,Debt Consolidation,1
CUST_03480,47,31574.15,18,719,0.061,29435.27,36,1,2,11.1,Rent,Other,0
CUST_03481,28,23037.11,18,667,0.175,22894.15,60,0,3,14.8,Rent,Medical,0
CUST_03482,39,32892.27,11,599,0.444,88416.92,36,1,2,0.5,Rent,Medical,1
CUST_03483,62,24882.74,2,645,0.51,23670.81,60,2,2,0.5,Own,Education,0
CUST_03484,21,23904.2,17,654,0.229,20363.61,36,0,0,6.8,Rent,Debt Consolidation,0
CUST_03485,49,15898.42,4,741,0.14,12299.92,36,3,1,12.0,Own,Debt Consolidation,1
CUST_03486,65,87821.21,23,780,0.308,61388.02,36,0,0,6.3,Rent,Debt Consolidation,1
CUST_03487,69,61833.03,13,488,0.581,31148.03,84,2,1,5.0,Rent,Vehicle,1
CUST_03488,55,41597.7,2,674,0.187,41019.34,60,1,2,17.1,Rent,Medical,1
CUST_03489,60,33792.43,5,638,0.326,58428.76,60,0,2,0.5,Mortgage,Debt Consolidation,1
CUST_03490,34,36214.32,11,662,0.157,34917.32,60,0,2,14.2,Rent,Medical,0
CUST_03491,55,24625.69,10,739,0.461,19496.55,12,2,0,4.8,Rent,Other,0
CUST_03492,68,20600.57,25,645,0.115,26911.56,60,1,0,13.9,Rent,Debt Consolidation,0
CUST_03493,65,51984.82,0,728,0.303,11883.1,60,2,3,7.4,Mortgage,Debt Consolidation,0
CUST_03494,40,31853.06,15,819,0.272,110751.39,36,2,0,18.1,Rent,Medical,0
CUST_03495,69,42739.03,8,648,0.501,34924.14,60,1,0,0.5,Own,Vehicle,1
CUST_03496,33,15816.05,4,665,0.224,21912.14,12,2,0,3.4,Rent,Home Improvement,0
CUST_03497,58,31016.84,7,663,0.102,71788.03,36,0,1,8.7,Own,Vehicle,0
CUST_03498,69,20400.61,20,847,0.249,10892.36,36,3,0,0.5,Rent,Education,0
CUST_03499,66,46259.77,32,645,0.47,93251.38,36,1,1,6.0,Mortgage,Debt Consolidation,0
CUST_03500,69,59732.94,19,783,0.083,23127.06,36,2,1,0.5,Rent,Debt Consolidation,0
CUST_03501,28,75346.27,21,677,0.144,76942.29,36,1,0,8.5,Mortgage,Education,0
CUST_03502,63,26516.17,12,692,0.461,36463.97,36,2,0,16.3,Mortgage,Other,0
CUST_03503,40,20661.98,10,738,0.256,8312.06,84,0,1,13.8,Own,Debt Consolidation,0
CUST_03504,53,29457.48,17,654,0.441,16895.35,36,0,1,15.7,Own,Debt Consolidation,0
CUST_03505,46,25599.9,29,749,0.427,33249.89,60,1,2,1.9,Own,Home Improvement,0
CUST_03506,59,45053.98,32,661,0.527,37984.58,60,2,1,8.9,Mortgage,Vehicle,0
CUST_03507,41,18008.67,2,605,0.107,30919.6,36,0,0,0.5,Own,Debt Consolidation,0
CUST_03508,69,15105.32,0,751,0.067,44599.87,24,1,0,4.5,Mortgage,Debt Consolidation,0
CUST_03509,62,30539.49,5,723,0.269,8495.17,48,0,1,10.9,Mortgage,Home Improvement,0
CUST_03510,63,52221.68,28,639,0.089,45371.32,84,0,1,12.0,Rent,Other,0
CUST_03511,61,21726.15,10,761,0.244,13792.13,36,1,0,11.0,Own,Home Improvement,0
CUST_03512,29,55523.22,12,611,0.194,75410.01,12,1,4,0.5,Mortgage,Medical,0
CUST_03513,44,43593.74,10,710,0.064,11912.81,60,7,1,12.3,Mortgage,Home Improvement,0
CUST_03514,57,78699.95,24,562,0.134,115815.11,36,2,2,6.7,Mortgage,Debt Consolidation,0
CUST_03515,69,24315.58,14,653,0.158,25509.54,72,1,0,6.7,Rent,Vehicle,0
CUST_03516,61,16264.89,12,621,0.25,22191.75,36,4,2,4.1,Mortgage,Vehicle,1
CUST_03517,37,48985.07,32,592,0.332,97793.44,72,2,0,0.5,Own,Debt Consolidation,0
CUST_03518,44,41770.15,12,682,0.387,51446.12,72,1,1,5.4,Mortgage,Home Improvement,0
CUST_03519,41,40185.0,23,703,0.316,76406.76,60,3,2,11.1,Own,Debt Consolidation,0
CUST_03520,59,21505.98,19,723,0.335,36506.88,60,1,2,2.7,Mortgage,Education,0
CUST_03521,61,53507.4,16,680,0.147,44592.87,72,1,2,7.3,Own,Home Improvement,0
CUST_03522,59,26457.29,23,710,0.346,59324.11,36,1,1,4.2,Rent,Education,0
CUST_03523,33,40176.21,25,601,0.202,31390.95,60,2,2,0.5,Own,Debt Consolidation,0
CUST_03524,31,28860.12,31,618,0.394,120205.51,60,1,1,12.0,Rent,Debt Consolidation,1
CUST_03525,66,43355.58,28,679,0.454,15943.42,48,2,1,14.9,Rent,Debt Consolidation,0
CUST_03526,39,19978.96,13,619,0.308,32564.63,60,1,0,8.6,Mortgage,Vehicle,0
CUST_03527,31,46622.53,21,680,0.413,89497.73,48,3,1,4.6,Rent,Other,0
CUST_03528,33,50452.86,33,634,0.069,10663.78,36,3,0,14.3,Mortgage,Medical,0
CUST_03529,66,38483.66,26,669,0.22,25922.69,36,2,1,16.6,Mortgage,Home Improvement,0
CUST_03530,65,82615.15,27,563,0.34,8928.94,12,3,4,19.1,Mortgage,Vehicle,1
CUST_03531,21,40278.78,21,560,0.047,27520.25,24,2,1,5.1,Own,Debt Consolidation,1
CUST_03532,60,57490.61,2,630,0.364,34709.32,24,3,0,6.4,Rent,Medical,1
CUST_03533,64,38032.96,21,587,0.118,17036.33,60,0,0,6.9,Rent,Debt Consolidation,0
CUST_03534,39,54978.61,20,496,0.258,35368.38,24,1,1,8.7,Rent,Medical,0
CUST_03535,32,16870.94,15,714,0.32,17700.54,36,1,0,6.2,Rent,Education,0
CUST_03536,28,36918.66,8,748,0.089,48691.15,48,0,0,14.1,Rent,Home Improvement,0
CUST_03537,28,20671.94,12,741,0.311,47871.13,36,1,1,6.8,Mortgage,Debt Consolidation,0
CUST_03538,65,38956.99,9,670,0.145,53375.02,60,0,2,4.7,Mortgage,Education,0
CUST_03539,32,44006.66,20,668,0.559,33786.83,24,0,2,9.2,Mortgage,Vehicle,1
CUST_03540,68,54379.84,6,687,0.442,19557.01,84,0,3,13.6,Rent,Medical,1
CUST_03541,53,46395.37,21,634,0.454,15393.58,60,1,1,2.8,Mortgage,Home Improvement,0
CUST_03542,65,30686.36,17,551,0.559,42203.82,48,2,2,7.3,Rent,Vehicle,1
CUST_03543,46,24914.43,20,763,0.16,12516.94,24,1,4,6.7,Rent,Home Improvement,0
CUST_03544,59,15000.0,13,681,0.189,92588.95,24,1,0,10.7,Rent,Education,0
CUST_03545,48,37587.48,9,677,0.307,39646.5,36,1,2,15.4,Mortgage,Home Improvement,0
CUST_03546,25,64146.89,32,658,0.304,12649.9,36,0,0,0.5,Own,Vehicle,1
CUST_03547,28,38338.0,8,722,0.109,25132.24,60,2,3,7.5,Own,Medical,0
CUST_03548,45,34808.75,17,672,0.048,50330.45,84,1,4,1.7,Mortgage,Debt Consolidation,0
CUST_03549,47,39008.26,12,646,0.327,74755.61,60,0,1,5.1,Rent,Home Improvement,0
CUST_03550,66,29915.9,16,657,0.428,42902.62,60,2,1,1.8,Own,Education,0
CUST_03551,43,40033.98,22,685,0.373,16050.98,72,0,0,8.6,Own,Debt Consolidation,0
CUST_03552,50,29658.92,24,599,0.277,83856.53,24,1,1,13.9,Own,Vehicle,1
CUST_03553,65,23168.74,15,779,0.341,32954.14,24,4,1,13.7,Mortgage,Medical,0
CUST_03554,67,34973.67,23,638,0.484,91021.37,72,0,2,11.1,Own,Education,1
CUST_03555,43,34594.45,30,624,0.111,50051.23,60,2,0,15.0,Mortgage,Vehicle,0
CUST_03556,69,92742.77,10,654,0.133,47519.9,36,1,1,8.5,Mortgage,Debt Consolidation,0
CUST_03557,67,24273.85,22,744,0.276,35581.73,36,1,1,5.4,Rent,Home Improvement,0
CUST_03558,40,33532.79,21,661,0.66,48860.19,60,1,1,1.8,Rent,Home Improvement,0
CUST_03559,38,31941.69,32,761,0.594,89514.37,60,3,2,5.7,Rent,Education,0
CUST_03560,38,29032.13,17,657,0.345,24382.74,60,3,1,0.5,Mortgage,Education,0
CUST_03561,22,46936.58,13,581,0.116,72666.84,60,1,4,13.5,Rent,Home Improvement,0
CUST_03562,24,111188.42,27,622,0.123,34790.54,60,2,2,9.0,Rent,Debt Consolidation,0
CUST_03563,50,30933.23,10,632,0.188,46209.03,60,0,1,3.2,Mortgage,Debt Consolidation,0
CUST_03564,53,47002.09,23,725,0.107,86361.82,24,0,1,4.6,Rent,Home Improvement,1
CUST_03565,56,15000.0,18,648,0.502,24576.3,60,1,0,10.1,Own,Home Improvement,0
CUST_03566,38,29828.97,12,597,0.445,89717.89,36,0,2,2.0,Own,Debt Consolidation,1
CUST_03567,57,79032.98,32,579,0.383,56398.26,48,1,1,10.8,Mortgage,Debt Consolidation,1
CUST_03568,39,35330.78,18,552,0.211,55451.02,36,1,1,11.5,Rent,Medical,0
CUST_03569,67,46684.62,31,850,0.49,86374.02,60,0,2,14.8,Rent,Debt Consolidation,1
CUST_03570,48,26598.88,14,628,0.888,50907.17,36,1,2,6.8,Rent,Debt Consolidation,0
CUST_03571,60,41306.64,10,711,0.275,60713.14,72,1,3,13.6,Mortgage,Home Improvement,0
CUST_03572,40,82157.07,22,596,0.175,103361.93,12,1,3,6.5,Own,Vehicle,0
CUST_03573,69,20332.15,4,766,0.179,49527.83,48,1,0,0.5,Rent,Debt Consolidation,0
CUST_03574,53,108366.17,21,620,0.254,2707.85,48,2,2,10.7,Mortgage,Debt Consolidation,1
CUST_03575,32,16764.65,17,811,0.342,24780.22,36,4,0,12.5,Own,Vehicle,0
CUST_03576,35,28488.31,6,818,0.202,70132.18,24,0,2,3.3,Own,Vehicle,0
CUST_03577,61,23909.75,32,602,0.32,26796.23,36,2,3,0.5,Rent,Debt Consolidation,1
CUST_03578,59,31690.41,2,767,0.195,17518.04,24,2,0,8.6,Rent,Debt Consolidation,0
CUST_03579,22,23755.01,27,811,0.526,20162.65,36,0,1,4.2,Mortgage,Vehicle,0
CUST_03580,49,22871.35,0,568,0.149,57499.28,72,1,0,5.4,Rent,Vehicle,0
CUST_03581,61,20062.88,21,576,0.197,16270.44,60,1,1,3.0,Mortgage,Home Improvement,0
CUST_03582,30,50112.55,18,534,0.442,46472.26,24,2,1,20.4,Rent,Home Improvement,1
CUST_03583,22,32241.86,13,614,0.598,29684.28,72,0,2,7.4,Rent,Debt Consolidation,0
CUST_03584,31,28289.47,2,610,0.284,72216.81,72,1,1,4.4,Rent,Home Improvement,1
CUST_03585,33,41819.94,18,657,0.527,58092.85,36,1,1,0.5,Own,Home Improvement,0
CUST_03586,30,17200.3,32,591,0.202,42966.5,12,5,0,10.8,Mortgage,Education,0
CUST_03587,34,42327.25,20,728,0.626,24401.98,60,1,1,9.5,Rent,Debt Consolidation,0
CUST_03588,38,34652.16,0,682,0.251,34653.17,60,3,1,8.9,Rent,Debt Consolidation,0
CUST_03589,29,35188.73,25,710,0.354,18614.15,36,1,1,3.5,Mortgage,Debt Consolidation,1
CUST_03590,59,47079.05,9,752,0.179,24909.13,12,1,1,11.1,Own,Debt Consolidation,1
CUST_03591,48,82599.76,34,698,0.168,81028.61,24,0,1,3.4,Own,Home Improvement,0
CUST_03592,23,42680.07,12,664,0.567,17113.48,60,2,0,6.6,Mortgage,Vehicle,1
CUST_03593,40,32861.69,5,623,0.301,12910.02,60,0,0,9.9,Mortgage,Vehicle,0
CUST_03594,26,20104.07,5,743,0.143,29865.25,36,2,2,8.9,Mortgage,Vehicle,0
CUST_03595,47,15000.0,34,699,0.554,34648.93,48,0,1,3.9,Own,Medical,0
CUST_03596,22,38713.44,15,695,0.28,25499.36,72,0,0,9.0,Rent,Home Improvement,1
CUST_03597,49,19344.89,7,638,0.241,28391.84,36,0,2,2.4,Rent,Debt Consolidation,1
CUST_03598,58,15000.0,2,701,0.338,23856.35,72,3,0,6.0,Rent,Vehicle,1
CUST_03599,23,30472.04,4,625,0.441,82224.74,36,2,1,2.8,Rent,Vehicle,0
CUST_03600,36,40935.01,20,702,0.161,90405.59,72,1,0,2.9,Mortgage,Debt Consolidation,1
CUST_03601,50,52688.47,30,661,0.494,11577.97,60,1,1,5.9,Rent,Other,1
CUST_03602,60,61736.18,13,730,0.222,56617.96,60,2,0,9.4,Rent,Other,0
CUST_03603,22,56266.58,18,587,0.052,4872.29,36,3,0,9.9,Rent,Medical,0
CUST_03604,37,57027.42,19,683,0.166,82415.44,24,1,1,7.8,Rent,Education,0
CUST_03605,61,17430.29,1,729,0.242,40780.67,24,0,1,6.1,Mortgage,Home Improvement,0
CUST_03606,32,33698.28,6,685,0.047,29807.67,36,0,2,14.0,Mortgage,Debt Consolidation,0
CUST_03607,55,48529.05,32,580,0.392,13587.87,36,0,2,9.0,Mortgage,Debt Consolidation,0
CUST_03608,63,37167.4,5,628,0.451,56498.99,72,0,1,5.8,Own,Debt Consolidation,0
CUST_03609,21,33604.84,6,769,0.374,12043.02,48,0,1,4.8,Rent,Home Improvement,0
CUST_03610,65,36829.15,17,675,0.397,98913.79,36,2,0,15.8,Rent,Vehicle,0
CUST_03611,35,41059.07,28,623,0.246,44472.54,60,2,0,17.4,Mortgage,Education,0
CUST_03612,46,34945.79,18,768,0.169,49650.66,24,2,0,5.7,Mortgage,Debt Consolidation,0
CUST_03613,57,23786.19,24,788,0.322,26393.74,36,1,2,0.8,Rent,Vehicle,0
CUST_03614,41,15499.89,3,597,0.154,66616.67,60,2,1,5.7,Mortgage,Other,1
CUST_03615,69,32793.53,12,645,0.406,9532.44,48,1,2,10.5,Own,Home Improvement,0
CUST_03616,51,37374.4,31,656,0.528,33188.73,36,2,2,8.3,Rent,Home Improvement,0
CUST_03617,45,37171.21,26,717,0.377,12247.93,12,0,1,11.9,Rent,Vehicle,0
CUST_03618,43,58481.2,33,667,0.404,51723.53,60,0,1,3.8,Mortgage,Debt Consolidation,0
CUST_03619,44,63914.6,27,689,0.146,19213.94,72,1,1,11.5,Rent,Debt Consolidation,0
CUST_03620,58,34474.96,8,670,0.19,39380.67,60,0,2,3.3,Rent,Debt Consolidation,0
CUST_03621,48,34598.57,7,834,0.328,25225.39,36,1,2,3.6,Own,Education,0
CUST_03622,41,48366.58,20,720,0.303,51595.65,60,3,1,8.5,Rent,Education,1
CUST_03623,63,44948.57,29,659,0.128,45753.4,36,5,2,11.7,Rent,Home Improvement,0
CUST_03624,38,29106.62,28,661,0.33,24869.93,60,0,1,13.2,Mortgage,Vehicle,0
CUST_03625,56,50488.81,8,713,0.301,40002.46,60,0,2,4.2,Own,Education,1
CUST_03626,55,33752.6,12,613,0.279,17940.84,36,1,1,10.9,Own,Home Improvement,0
CUST_03627,65,34113.37,17,699,0.37,183639.8,12,1,3,3.1,Mortgage,Other,0
CUST_03628,29,45107.64,21,691,0.301,48798.8,48,0,2,7.5,Rent,Debt Consolidation,0
CUST_03629,58,31238.82,30,619,0.294,34875.7,60,1,1,4.9,Own,Home Improvement,0
CUST_03630,50,38075.88,34,518,0.28,6824.16,36,4,1,8.4,Mortgage,Education,1
CUST_03631,64,42140.82,9,558,0.092,54148.85,48,2,2,3.7,Rent,Home Improvement,0
CUST_03632,54,54643.7,8,664,0.223,10043.29,48,2,1,1.4,Mortgage,Vehicle,0
CUST_03633,52,52789.64,30,743,0.542,27300.03,60,2,0,13.2,Rent,Debt Consolidation,1
CUST_03634,23,41503.05,23,649,0.193,26307.33,36,2,2,8.1,Mortgage,Vehicle,0
CUST_03635,23,15000.0,7,741,0.306,132797.48,24,3,2,11.7,Own,Education,1
CUST_03636,48,41014.27,19,654,0.313,44262.34,36,3,0,2.1,Mortgage,Education,0
CUST_03637,64,44308.99,16,606,0.429,16591.06,48,0,0,9.3,Mortgage,Vehicle,1
CUST_03638,35,49043.57,27,591,0.131,15477.81,24,2,0,6.0,Rent,Debt Consolidation,0
CUST_03639,61,22516.14,5,615,0.337,46737.27,36,1,2,1.5,Mortgage,Home Improvement,0
CUST_03640,43,15000.0,32,690,0.307,69993.24,48,1,0,7.2,Mortgage,Home Improvement,0
CUST_03641,60,54343.76,27,677,0.293,34056.25,60,0,1,5.7,Rent,Debt Consolidation,1
CUST_03642,31,19687.45,0,663,0.306,30601.16,12,1,2,12.6,Own,Home Improvement,1
CUST_03643,68,66908.73,34,666,0.522,37107.6,60,0,2,9.6,Mortgage,Debt Consolidation,0
CUST_03644,52,27191.89,23,757,0.128,86322.03,36,1,2,7.2,Rent,Home Improvement,0
CUST_03645,56,21729.23,5,812,0.504,51592.79,60,2,2,8.6,Own,Debt Consolidation,1
CUST_03646,53,43252.53,6,628,0.095,36386.74,60,1,3,9.2,Mortgage,Medical,0
CUST_03647,44,49418.89,8,667,0.068,22167.11,12,3,0,9.2,Own,Debt Consolidation,0
CUST_03648,59,47967.98,15,595,0.525,65992.69,48,3,2,10.6,Rent,Education,1
CUST_03649,54,46667.59,33,679,0.548,58047.56,72,2,1,10.4,Own,Home Improvement,0
CUST_03650,48,25491.61,34,658,0.77,86743.0,48,2,0,15.7,Mortgage,Debt Consolidation,0
CUST_03651,57,16924.97,34,695,0.207,69232.39,72,1,1,3.6,Rent,Debt Consolidation,0
CUST_03652,27,29886.67,19,741,0.282,49242.67,84,1,1,11.1,Own,Other,0
CUST_03653,24,20478.81,22,595,0.359,42591.01,60,2,0,9.2,Rent,Debt Consolidation,0
CUST_03654,57,45083.62,34,665,0.161,21469.93,48,1,4,14.1,Own,Debt Consolidation,0
CUST_03655,21,56225.4,22,661,0.215,47845.63,60,0,1,11.4,Own,Debt Consolidation,1
CUST_03656,21,39590.65,3,691,0.3,25571.83,60,2,3,2.6,Mortgage,Education,0
CUST_03657,67,36298.35,9,778,0.57,12068.14,60,2,0,0.5,Rent,Home Improvement,0
CUST_03658,40,31094.42,10,634,0.509,137884.05,12,2,1,8.7,Own,Vehicle,1
CUST_03659,39,59288.74,8,723,0.299,18889.8,60,2,0,9.7,Own,Education,0
CUST_03660,49,15000.0,11,797,0.224,20592.18,72,2,2,8.6,Own,Other,0
CUST_03661,30,19869.17,16,621,0.38,40477.98,24,6,0,3.8,Rent,Debt Consolidation,1
CUST_03662,38,90523.67,31,690,0.494,41680.09,36,1,1,10.0,Rent,Vehicle,0
CUST_03663,48,19390.15,22,690,0.464,41472.58,72,1,4,4.0,Own,Debt Consolidation,1
CUST_03664,55,47359.3,14,589,0.165,27294.95,60,2,1,13.0,Own,Medical,1
CUST_03665,63,52490.9,27,721,0.185,51948.0,24,0,6,12.1,Mortgage,Debt Consolidation,1
CUST_03666,67,15000.0,4,759,0.37,80854.01,60,1,2,13.5,Mortgage,Debt Consolidation,1
CUST_03667,51,15257.88,17,633,0.206,19643.74,60,2,0,9.6,Rent,Debt Consolidation,1
CUST_03668,47,68347.29,20,660,0.201,15641.14,24,2,1,12.9,Mortgage,Home Improvement,0
CUST_03669,31,22326.47,14,558,0.502,7988.89,36,1,4,5.9,Mortgage,Education,0
CUST_03670,69,22633.45,2,754,0.308,26924.0,60,1,0,16.4,Own,Home Improvement,0
CUST_03671,69,27988.86,25,741,0.401,38641.45,48,0,2,7.5,Mortgage,Debt Consolidation,0
CUST_03672,58,22353.96,14,613,0.284,46436.94,36,3,0,8.2,Mortgage,Medical,1
CUST_03673,25,47246.5,19,621,0.609,24475.27,60,4,1,12.3,Mortgage,Debt Consolidation,1
CUST_03674,28,20110.18,20,652,0.428,94319.05,24,2,0,10.4,Mortgage,Debt Consolidation,0
CUST_03675,54,15000.0,25,770,0.12,64328.34,24,1,2,9.9,Own,Medical,0
CUST_03676,68,64742.83,22,675,0.175,41412.82,12,2,0,10.8,Rent,Home Improvement,0
CUST_03677,32,20610.27,24,691,0.154,29272.73,60,2,0,8.1,Rent,Home Improvement,0
CUST_03678,58,24934.07,3,691,0.267,16102.71,72,4,1,4.8,Rent,Vehicle,0
CUST_03679,21,54991.23,9,776,0.485,20583.21,12,0,3,10.3,Rent,Debt Consolidation,0
CUST_03680,51,37613.64,21,654,0.269,20647.8,48,1,2,4.4,Rent,Medical,1
CUST_03681,24,63333.56,2,671,0.374,43309.96,36,0,1,6.6,Rent,Other,0
CUST_03682,69,55413.09,18,762,0.364,45418.56,60,1,3,10.3,Mortgage,Vehicle,0
CUST_03683,65,28948.82,30,761,0.128,12134.9,48,1,0,4.4,Rent,Debt Consolidation,0
CUST_03684,25,60533.97,8,607,0.479,49487.8,60,2,0,10.0,Mortgage,Debt Consolidation,0
CUST_03685,50,39493.31,28,544,0.215,45919.82,60,4,1,12.3,Mortgage,Debt Consolidation,0
CUST_03686,44,26924.88,6,679,0.545,47448.3,60,0,1,5.5,Own,Debt Consolidation,0
CUST_03687,23,41990.59,23,725,0.099,34845.91,48,0,1,9.6,Mortgage,Vehicle,0
CUST_03688,31,18868.87,7,702,0.093,25686.3,24,1,1,19.2,Rent,Vehicle,1
CUST_03689,65,55101.04,33,637,0.359,95964.25,48,2,3,5.3,Own,Debt Consolidation,1
CUST_03690,24,51640.39,25,810,0.116,16290.91,60,0,1,9.2,Rent,Debt Consolidation,0
CUST_03691,46,38568.04,27,605,0.127,8557.93,60,2,1,3.4,Mortgage,Education,0
CUST_03692,47,15000.0,27,585,0.236,20372.25,24,2,1,0.5,Mortgage,Vehicle,0
CUST_03693,66,64679.68,6,761,0.259,80258.76,60,3,1,6.0,Rent,Vehicle,0
CUST_03694,63,45186.17,2,651,0.323,40200.7,36,3,3,6.2,Mortgage,Debt Consolidation,0
CUST_03695,47,35901.01,21,799,0.272,19084.44,60,4,0,13.1,Rent,Medical,0
CUST_03696,62,33178.81,17,663,0.52,54873.38,36,0,1,16.5,Own,Home Improvement,0
CUST_03697,26,27768.02,11,653,0.614,40519.89,60,1,0,3.8,Own,Medical,1
CUST_03698,35,30569.7,30,715,0.424,38984.89,36,1,3,6.8,Mortgage,Home Improvement,0
CUST_03699,50,53348.88,4,740,0.591,16721.36,84,0,3,7.7,Mortgage,Home Improvement,1
CUST_03700,62,28047.0,28,831,0.274,59056.07,60,2,1,9.0,Own,Home Improvement,0
CUST_03701,57,31661.25,13,740,0.116,21198.81,36,1,0,3.8,Rent,Education,0
CUST_03702,57,34071.05,17,755,0.382,90876.05,60,2,1,6.8,Rent,Home Improvement,0
CUST_03703,62,34540.97,6,639,0.388,13738.6,84,1,2,19.4,Rent,Debt Consolidation,0
CUST_03704,57,26664.65,22,747,0.495,44842.87,48,1,1,11.3,Mortgage,Vehicle,0
CUST_03705,55,33352.91,32,724,0.116,15490.21,36,1,0,2.2,Rent,Debt Consolidation,0
CUST_03706,43,43116.32,15,639,0.218,13746.79,36,2,2,13.9,Mortgage,Vehicle,1
CUST_03707,26,23100.23,24,584,0.201,49725.69,60,1,0,16.5,Mortgage,Debt Consolidation,1
CUST_03708,24,33430.19,8,617,0.183,19146.22,36,1,0,7.7,Rent,Home Improvement,0
CUST_03709,38,95367.4,27,644,0.206,26833.93,72,1,0,5.5,Own,Vehicle,0
CUST_03710,29,35186.85,8,666,0.396,17028.61,36,2,1,3.9,Rent,Home Improvement,0
CUST_03711,69,22806.22,11,732,0.359,103312.51,24,1,2,3.8,Rent,Vehicle,1
CUST_03712,49,21510.45,17,746,0.463,24029.29,84,2,1,0.5,Own,Debt Consolidation,0
CUST_03713,33,19291.16,26,802,0.196,63059.54,36,0,0,10.1,Mortgage,Debt Consolidation,0
CUST_03714,67,81924.9,25,710,0.249,22086.54,60,1,1,9.1,Rent,Education,0
CUST_03715,37,60114.79,25,578,0.268,11637.72,36,2,1,6.0,Rent,Other,0
CUST_03716,65,19056.96,9,617,0.295,34998.6,36,1,0,9.1,Mortgage,Vehicle,1
CUST_03717,52,40410.83,16,664,0.098,65315.02,48,1,2,19.6,Own,Debt Consolidation,0
CUST_03718,68,66998.0,31,755,0.114,31635.32,60,1,0,14.8,Own,Home Improvement,0
CUST_03719,42,35588.08,23,724,0.524,29462.87,60,2,0,10.2,Own,Debt Consolidation,0
CUST_03720,24,28401.38,7,627,0.605,41560.97,48,1,1,6.0,Rent,Education,1
CUST_03721,25,111351.8,29,602,0.446,59142.02,36,1,2,3.8,Mortgage,Debt Consolidation,1
CUST_03722,57,15000.0,25,636,0.395,41364.8,36,1,1,9.2,Mortgage,Medical,0
CUST_03723,61,135440.86,23,593,0.075,19532.72,60,2,0,3.4,Mortgage,Debt Consolidation,1
CUST_03724,69,37421.46,26,672,0.362,21817.47,12,1,5,13.0,Own,Debt Consolidation,0
CUST_03725,33,69231.76,14,711,0.439,53412.13,72,0,2,6.1,Mortgage,Education,0
CUST_03726,54,19924.26,27,701,0.059,19685.82,60,0,2,9.7,Mortgage,Home Improvement,0
CUST_03727,65,25265.82,10,647,0.31,29880.99,36,2,0,4.9,Rent,Vehicle,0
CUST_03728,42,21163.25,1,682,0.449,67676.53,60,0,3,2.2,Mortgage,Home Improvement,0
CUST_03729,43,34526.57,8,589,0.073,40658.29,36,0,1,3.3,Rent,Medical,1
CUST_03730,23,42355.9,22,632,0.187,33425.56,36,2,2,1.4,Mortgage,Debt Consolidation,0
CUST_03731,62,61907.77,32,702,0.336,14843.41,36,1,0,6.7,Own,Debt Consolidation,1
CUST_03732,54,15433.14,18,837,0.232,12075.11,48,4,0,9.4,Rent,Education,0
CUST_03733,52,39278.87,12,774,0.176,47925.2,60,0,0,0.5,Own,Vehicle,0
CUST_03734,65,56809.25,13,588,0.174,37992.66,36,1,2,4.3,Mortgage,Home Improvement,0
CUST_03735,69,62385.8,31,739,0.511,14338.82,60,0,1,10.5,Mortgage,Other,0
CUST_03736,41,29136.31,21,692,0.162,72668.45,36,3,1,12.6,Own,Vehicle,0
CUST_03737,66,29318.15,19,694,0.328,15486.19,84,2,0,12.3,Rent,Home Improvement,0
CUST_03738,64,34682.4,32,850,0.254,21508.82,36,2,0,14.5,Mortgage,Education,0
CUST_03739,41,39855.92,4,646,0.19,25006.79,60,4,1,2.5,Mortgage,Education,0
CUST_03740,64,69654.24,19,717,0.25,102594.37,36,2,1,16.9,Rent,Debt Consolidation,0
CUST_03741,31,19830.02,13,734,0.129,50246.12,48,0,1,5.5,Rent,Debt Consolidation,0
CUST_03742,59,24510.9,26,631,0.232,41424.39,36,1,1,12.9,Mortgage,Debt Consolidation,0
CUST_03743,24,18662.93,25,533,0.439,22675.1,60,2,1,7.9,Rent,Debt Consolidation,1
CUST_03744,21,44975.67,31,587,0.347,21828.15,60,1,1,10.1,Own,Home Improvement,0
CUST_03745,48,62987.03,29,698,0.218,18075.39,24,1,0,13.5,Mortgage,Other,0
CUST_03746,44,17845.68,26,743,0.25,130976.25,60,3,1,11.9,Mortgage,Other,1
CUST_03747,55,37962.41,25,718,0.248,18003.67,72,2,1,11.5,Mortgage,Home Improvement,0
CUST_03748,33,60748.74,17,717,0.433,15743.63,24,2,2,16.6,Mortgage,Debt Consolidation,1
CUST_03749,67,53759.38,22,703,0.125,28461.43,24,2,1,15.2,Mortgage,Vehicle,0
CUST_03750,54,53443.32,23,622,0.387,127016.32,24,3,0,5.0,Own,Education,1
CUST_03751,31,20031.52,3,678,0.297,39672.5,36,1,1,8.6,Rent,Education,1
CUST_03752,56,53354.69,2,724,0.536,27095.83,72,1,2,13.3,Rent,Debt Consolidation,1
CUST_03753,37,33091.68,29,713,0.195,18188.44,36,0,2,9.6,Own,Debt Consolidation,0
CUST_03754,55,62011.86,15,795,0.441,65397.17,84,3,3,8.1,Rent,Debt Consolidation,0
CUST_03755,38,45459.78,6,639,0.176,87715.69,36,4,1,6.8,Own,Other,0
CUST_03756,60,24155.07,21,641,0.137,16762.41,60,1,0,0.5,Own,Debt Consolidation,0
CUST_03757,42,41747.96,30,631,0.439,24361.18,60,1,0,10.0,Own,Vehicle,0
CUST_03758,44,54680.26,12,489,0.257,21739.83,36,0,2,11.9,Rent,Debt Consolidation,1
CUST_03759,39,28192.69,28,723,0.599,23590.29,72,2,1,7.6,Rent,Education,0
CUST_03760,57,38731.21,27,680,0.329,37410.79,12,2,0,6.4,Mortgage,Debt Consolidation,0
CUST_03761,59,18614.48,18,663,0.19,19926.46,12,2,0,2.1,Mortgage,Debt Consolidation,1
CUST_03762,41,47787.34,22,623,0.213,31678.47,48,1,1,9.8,Mortgage,Vehicle,0
CUST_03763,28,35308.12,7,719,0.556,21577.45,48,2,2,8.0,Mortgage,Debt Consolidation,1
CUST_03764,48,57356.6,24,681,0.225,26620.15,60,2,0,6.9,Own,Home Improvement,0
CUST_03765,25,47119.09,34,788,0.305,39981.7,12,3,1,11.8,Mortgage,Home Improvement,0
CUST_03766,37,29626.17,25,682,0.194,54726.34,60,2,2,14.4,Own,Debt Consolidation,0
CUST_03767,57,23785.12,2,709,0.384,42346.87,48,0,1,8.5,Mortgage,Vehicle,0
CUST_03768,56,21200.92,1,790,0.677,41061.71,36,1,1,13.7,Mortgage,Other,0
CUST_03769,39,28177.78,4,657,0.339,200000.0,48,1,3,10.7,Rent,Home Improvement,0
CUST_03770,47,56587.78,19,650,0.132,43502.71,24,0,2,3.9,Rent,Vehicle,0
CUST_03771,54,15091.19,11,780,0.185,97896.36,48,4,2,11.2,Mortgage,Other,1
CUST_03772,31,21636.51,15,571,0.312,44729.94,48,0,1,8.1,Own,Home Improvement,1
CUST_03773,65,55798.36,28,662,0.346,23993.99,60,1,1,8.9,Mortgage,Home Improvement,0
CUST_03774,67,70578.17,34,660,0.498,86682.21,12,1,1,17.6,Mortgage,Education,0
CUST_03775,32,22212.73,20,621,0.359,80326.24,60,0,0,15.0,Own,Home Improvement,0
CUST_03776,41,21516.93,20,717,0.458,46135.07,36,0,1,2.5,Rent,Debt Consolidation,0
CUST_03777,31,73392.73,27,640,0.253,51310.44,36,3,3,11.0,Rent,Vehicle,0
CUST_03778,59,34139.24,5,687,0.173,31172.31,60,1,0,3.7,Mortgage,Debt Consolidation,0
CUST_03779,48,23219.06,19,615,0.315,61846.46,84,2,2,3.0,Own,Debt Consolidation,1
CUST_03780,25,61224.88,12,700,0.296,44342.72,48,0,1,0.5,Mortgage,Vehicle,0
CUST_03781,37,46711.25,10,826,0.141,37255.68,24,2,1,10.5,Rent,Education,0
CUST_03782,40,52487.33,23,676,0.176,12154.78,60,1,0,20.9,Own,Home Improvement,0
CUST_03783,61,23831.9,18,679,0.65,129498.51,84,1,1,0.9,Rent,Vehicle,0
CUST_03784,66,43801.03,22,597,0.27,118767.01,12,1,3,7.9,Mortgage,Home Improvement,1
CUST_03785,32,67720.42,30,739,0.243,30855.95,24,3,1,5.2,Rent,Education,0
CUST_03786,26,50030.95,2,674,0.326,26250.99,48,0,1,8.0,Mortgage,Home Improvement,0
CUST_03787,37,57522.7,33,708,0.429,32963.68,12,2,2,14.5,Rent,Home Improvement,0
CUST_03788,39,73245.44,28,746,0.293,35371.0,36,4,1,4.0,Rent,Medical,0
CUST_03789,46,44973.78,2,667,0.118,66415.71,36,0,2,9.6,Mortgage,Vehicle,0
CUST_03790,68,27376.48,14,751,0.368,7569.23,60,0,2,9.7,Rent,Home Improvement,0
CUST_03791,64,56305.95,6,756,0.261,44948.47,36,2,1,13.1,Mortgage,Other,0
CUST_03792,64,20892.54,2,704,0.746,12097.05,36,1,4,3.7,Own,Medical,1
CUST_03793,52,32494.96,15,694,0.491,13421.99,72,3,1,15.6,Own,Debt Consolidation,0
CUST_03794,26,48729.49,33,682,0.102,51711.04,60,2,1,15.1,Rent,Debt Consolidation,0
CUST_03795,56,15000.0,19,719,0.307,36394.62,60,3,1,9.0,Mortgage,Other,1
CUST_03796,58,41201.57,32,716,0.37,52692.45,48,1,1,11.4,Mortgage,Debt Consolidation,1
CUST_03797,31,42184.71,13,580,0.225,15890.97,24,2,1,6.5,Mortgage,Vehicle,0
CUST_03798,53,20579.13,34,633,0.49,11495.95,48,5,2,5.7,Mortgage,Other,1
CUST_03799,44,42741.7,10,747,0.267,48056.29,36,2,3,3.9,Own,Home Improvement,0
CUST_03800,43,39933.64,19,697,0.201,11746.22,36,1,1,5.3,Mortgage,Debt Consolidation,0
CUST_03801,35,36937.62,29,665,0.413,10319.76,60,3,1,9.9,Own,Home Improvement,0
CUST_03802,47,65822.49,27,803,0.518,34076.03,72,2,0,6.7,Own,Vehicle,0
CUST_03803,31,56356.6,14,737,0.493,12075.88,36,1,0,12.0,Rent,Vehicle,0
CUST_03804,37,50010.66,12,756,0.143,25056.17,48,3,1,11.8,Rent,Home Improvement,1
CUST_03805,34,21761.32,34,665,0.248,24408.48,84,1,3,7.5,Rent,Vehicle,0
CUST_03806,47,36001.98,23,707,0.31,41609.54,60,1,1,10.3,Mortgage,Vehicle,0
CUST_03807,38,65658.17,0,674,0.526,43580.15,60,1,1,16.9,Own,Debt Consolidation,0
CUST_03808,48,32619.62,23,608,0.159,129356.26,48,1,1,6.8,Mortgage,Vehicle,1
CUST_03809,67,78994.3,26,694,0.223,14859.45,48,2,1,6.2,Rent,Vehicle,0
CUST_03810,67,50746.44,17,676,0.352,8490.97,60,1,1,21.3,Rent,Debt Consolidation,1
CUST_03811,24,85372.58,25,675,0.47,7315.35,36,2,1,3.9,Mortgage,Debt Consolidation,0
CUST_03812,27,21297.26,28,749,0.13,47264.14,60,1,0,10.3,Own,Debt Consolidation,0
CUST_03813,65,33613.1,7,672,0.112,54061.37,48,2,1,11.4,Rent,Home Improvement,0
CUST_03814,55,35239.91,25,685,0.382,51522.39,60,2,0,7.2,Mortgage,Debt Consolidation,0
CUST_03815,68,49172.35,4,688,0.253,86720.79,24,1,2,8.7,Rent,Vehicle,0
CUST_03816,29,25101.96,32,715,0.236,16243.57,60,0,2,5.7,Rent,Education,0
CUST_03817,28,16255.66,4,701,0.258,25552.57,60,2,3,11.2,Mortgage,Home Improvement,0
CUST_03818,65,43874.95,12,728,0.249,16220.29,72,2,1,9.2,Mortgage,Education,0
CUST_03819,37,30235.24,16,590,0.6,5430.35,36,3,0,15.5,Own,Debt Consolidation,0
CUST_03820,37,28699.97,12,690,0.281,45693.01,72,1,0,11.6,Mortgage,Vehicle,0
CUST_03821,69,25683.28,24,672,0.651,55659.15,12,1,1,10.7,Mortgage,Debt Consolidation,0
CUST_03822,53,38636.18,1,588,0.199,21805.1,36,2,2,7.1,Rent,Other,1
CUST_03823,52,21196.07,23,579,0.354,23345.39,24,1,0,10.3,Mortgage,Other,0
CUST_03824,28,32955.13,24,636,0.496,31538.32,36,2,0,12.8,Mortgage,Debt Consolidation,1
CUST_03825,39,23996.03,33,634,0.446,44245.3,36,0,3,9.5,Mortgage,Home Improvement,1
CUST_03826,58,26780.02,11,663,0.547,30339.28,60,2,2,9.9,Mortgage,Debt Consolidation,1
CUST_03827,23,43343.2,18,689,0.216,25816.39,24,2,2,0.5,Mortgage,Education,0
CUST_03828,25,50297.21,29,715,0.27,79163.83,36,1,1,6.3,Mortgage,Debt Consolidation,0
CUST_03829,33,31161.78,0,593,0.632,40652.09,60,2,1,8.5,Rent,Debt Consolidation,1
CUST_03830,67,58918.78,2,617,0.212,78506.48,60,1,1,9.0,Rent,Vehicle,0
CUST_03831,66,22329.04,25,619,0.151,59779.14,60,3,2,4.0,Mortgage,Vehicle,1
CUST_03832,51,16984.4,14,672,0.353,15790.02,60,1,2,8.4,Mortgage,Education,0
CUST_03833,36,18617.13,27,682,0.483,108943.79,60,0,0,0.5,Mortgage,Other,0
CUST_03834,52,21211.45,3,750,0.148,24687.36,36,4,5,8.3,Mortgage,Education,0
CUST_03835,42,18836.53,18,616,0.381,40032.46,48,1,0,8.0,Own,Education,0
CUST_03836,49,99765.42,23,734,0.086,50306.56,60,1,1,14.8,Rent,Home Improvement,0
CUST_03837,42,16728.84,5,576,0.189,21530.89,60,0,0,12.5,Mortgage,Debt Consolidation,0
CUST_03838,63,58029.95,15,681,0.253,36149.5,48,2,1,5.0,Rent,Home Improvement,0
CUST_03839,23,35862.07,31,719,0.599,75224.79,48,0,1,4.2,Mortgage,Home Improvement,0
CUST_03840,30,40631.55,29,724,0.376,56014.54,36,1,0,10.3,Mortgage,Vehicle,0
CUST_03841,62,23089.54,34,798,0.436,20735.98,36,0,1,19.3,Mortgage,Debt Consolidation,0
CUST_03842,41,42732.98,7,846,0.564,18454.87,60,4,0,13.2,Mortgage,Home Improvement,1
CUST_03843,36,22995.2,4,708,0.206,30539.99,36,0,2,8.8,Mortgage,Education,0
CUST_03844,32,57606.06,11,588,0.331,49523.76,60,0,0,5.2,Rent,Home Improvement,1
CUST_03845,22,60039.43,24,850,0.374,49524.42,72,1,1,14.0,Rent,Medical,0
CUST_03846,61,33947.45,32,760,0.533,54624.44,12,6,0,3.7,Mortgage,Debt Consolidation,0
CUST_03847,44,35077.6,23,752,0.137,45741.04,60,3,0,15.6,Rent,Vehicle,1
CUST_03848,55,45087.57,10,650,0.572,9600.63,60,1,0,5.7,Mortgage,Debt Consolidation,0
CUST_03849,50,43949.86,34,671,0.177,22886.1,48,2,4,9.6,Mortgage,Vehicle,0
CUST_03850,50,60601.39,0,622,0.534,22303.45,24,2,5,12.0,Own,Debt Consolidation,0
CUST_03851,67,59749.91,7,727,0.231,111117.2,36,1,2,5.3,Own,Debt Consolidation,0
CUST_03852,55,35795.57,22,648,0.445,120873.77,36,1,1,5.1,Rent,Home Improvement,0
CUST_03853,39,28606.46,19,730,0.035,27020.25,60,2,2,5.5,Mortgage,Home Improvement,0
CUST_03854,28,54492.04,31,628,0.318,89354.58,48,1,2,15.3,Own,Education,0
CUST_03855,46,33585.75,10,747,0.27,31830.67,36,1,0,4.0,Rent,Debt Consolidation,0
CUST_03856,69,38440.7,6,700,0.114,42812.65,60,2,0,6.6,Rent,Vehicle,0
CUST_03857,60,47342.24,29,769,0.539,39165.53,36,2,1,4.3,Rent,Medical,0
CUST_03858,27,59146.84,12,828,0.393,153063.02,60,3,1,10.8,Own,Home Improvement,0
CUST_03859,50,41374.67,2,700,0.224,51735.63,84,1,3,3.2,Rent,Debt Consolidation,1
CUST_03860,27,27075.95,6,776,0.135,28113.15,36,1,1,3.4,Mortgage,Debt Consolidation,1
CUST_03861,23,89188.3,12,776,0.216,186295.33,24,1,0,8.7,Mortgage,Medical,1
CUST_03862,21,78055.15,24,679,0.397,34349.57,72,3,1,13.4,Mortgage,Education,1
CUST_03863,56,21829.08,22,698,0.542,46690.75,36,1,1,14.7,Mortgage,Debt Consolidation,0
CUST_03864,45,23019.9,32,699,0.572,27180.56,60,2,2,4.1,Mortgage,Other,1
CUST_03865,57,24513.84,4,649,0.092,22507.03,36,4,1,7.2,Mortgage,Vehicle,0
CUST_03866,21,55507.61,31,650,0.277,37081.49,60,2,0,15.6,Own,Home Improvement,0
CUST_03867,35,90905.12,29,766,0.232,38336.9,48,3,1,10.8,Rent,Other,0
CUST_03868,57,28193.97,30,630,0.187,45800.62,36,0,2,6.7,Mortgage,Debt Consolidation,0
CUST_03869,33,39522.85,12,670,0.605,3379.71,60,3,1,3.3,Own,Debt Consolidation,1
CUST_03870,60,24926.76,4,657,0.148,27608.31,36,1,1,14.0,Mortgage,Vehicle,0
CUST_03871,28,84973.64,22,712,0.514,33151.89,60,5,1,10.5,Own,Vehicle,1
CUST_03872,25,54853.11,0,841,0.094,40832.11,36,0,1,12.5,Own,Debt Consolidation,1
CUST_03873,29,24045.0,9,667,0.323,60158.2,48,0,2,5.8,Own,Vehicle,0
CUST_03874,21,15000.0,26,579,0.261,7690.27,60,0,1,2.4,Rent,Other,1
CUST_03875,56,61010.03,7,687,0.33,30684.25,60,1,0,3.5,Rent,Education,0
CUST_03876,55,27275.87,2,612,0.342,45383.86,48,2,1,4.5,Mortgage,Other,0
CUST_03877,22,55346.36,18,698,0.067,147401.12,24,5,0,3.6,Mortgage,Debt Consolidation,0
CUST_03878,60,42059.69,1,627,0.118,41490.93,60,2,1,3.7,Mortgage,Home Improvement,0
CUST_03879,43,15000.0,30,691,0.499,82221.15,72,0,3,8.5,Rent,Debt Consolidation,0
CUST_03880,29,24260.67,9,596,0.676,13490.01,72,0,2,7.4,Own,Debt Consolidation,1
CUST_03881,54,30422.19,15,661,0.076,39013.93,24,1,1,6.7,Mortgage,Home Improvement,1
CUST_03882,66,25902.77,19,610,0.274,51659.26,60,3,2,12.0,Own,Home Improvement,1
CUST_03883,34,38487.32,2,768,0.181,21304.81,36,1,0,3.9,Rent,Debt Consolidation,0
CUST_03884,24,44386.5,34,629,0.268,65029.1,24,2,2,7.6,Mortgage,Debt Consolidation,1
CUST_03885,50,88847.79,33,719,0.401,16160.62,24,4,2,4.5,Mortgage,Vehicle,0
CUST_03886,51,45986.66,20,693,0.479,12468.8,12,0,0,18.1,Rent,Debt Consolidation,0
CUST_03887,58,76538.6,31,694,0.64,51511.99,72,2,1,3.1,Rent,Debt Consolidation,1
CUST_03888,31,28612.29,17,706,0.328,107327.52,60,4,4,0.5,Rent,Debt Consolidation,0
CUST_03889,55,65030.18,33,722,0.155,67580.02,60,1,3,4.6,Mortgage,Home Improvement,0
CUST_03890,28,30013.45,2,771,0.55,37394.18,60,1,2,4.7,Rent,Home Improvement,1
CUST_03891,23,22959.6,2,745,0.071,28535.19,72,0,2,12.7,Rent,Debt Consolidation,0
CUST_03892,34,22479.56,26,787,0.48,27641.76,12,1,1,3.7,Rent,Debt Consolidation,0
CUST_03893,33,15000.0,1,606,0.534,44021.04,60,2,0,0.5,Mortgage,Vehicle,1
CUST_03894,65,55661.35,2,586,0.063,12245.39,36,0,1,14.0,Mortgage,Debt Consolidation,1
CUST_03895,52,19051.53,16,796,0.495,20439.3,36,0,0,14.3,Mortgage,Vehicle,0
CUST_03896,54,73428.88,18,719,0.202,89047.98,60,3,2,1.6,Rent,Vehicle,0
CUST_03897,65,33285.92,18,606,0.274,58296.08,48,4,0,6.9,Mortgage,Home Improvement,0
CUST_03898,39,16690.04,4,660,0.454,36246.07,84,0,0,10.5,Mortgage,Vehicle,1
CUST_03899,58,20767.3,4,718,0.361,53087.79,60,0,1,1.4,Rent,Debt Consolidation,0
CUST_03900,36,39947.34,13,677,0.386,41676.53,36,1,3,0.5,Own,Home Improvement,0
CUST_03901,22,15000.0,26,723,0.207,128293.09,48,2,1,9.3,Mortgage,Debt Consolidation,0
CUST_03902,60,48774.97,34,598,0.342,15975.75,60,0,0,7.2,Mortgage,Debt Consolidation,0
CUST_03903,37,17014.72,20,678,0.393,24512.93,36,0,1,6.3,Mortgage,Debt Consolidation,0
CUST_03904,54,25097.21,4,688,0.437,41893.82,36,2,0,5.4,Rent,Debt Consolidation,0
CUST_03905,62,40109.17,23,631,0.418,70063.68,48,2,2,4.0,Rent,Home Improvement,0
CUST_03906,36,45880.95,23,660,0.22,89157.53,24,2,0,15.5,Rent,Vehicle,0
CUST_03907,58,54114.63,12,648,0.485,106854.25,36,3,0,8.6,Mortgage,Vehicle,0
CUST_03908,22,18896.41,0,602,0.197,21409.06,60,0,0,5.0,Own,Vehicle,0
CUST_03909,22,31125.22,9,637,0.416,16579.51,48,1,0,11.4,Rent,Debt Consolidation,0
CUST_03910,46,62724.02,1,693,0.116,32115.39,48,2,2,11.9,Own,Home Improvement,1
CUST_03911,33,31128.97,15,612,0.229,83455.43,60,0,1,10.8,Rent,Vehicle,0
CUST_03912,67,42071.98,15,633,0.184,35369.28,36,4,2,8.9,Rent,Home Improvement,1
CUST_03913,51,39388.12,22,561,0.354,29674.69,48,2,3,3.3,Own,Medical,0
CUST_03914,54,69606.87,25,781,0.284,52332.89,60,0,1,0.5,Mortgage,Debt Consolidation,0
CUST_03915,59,28768.76,15,745,0.216,27729.94,48,0,0,3.4,Rent,Vehicle,0
CUST_03916,23,18124.6,26,764,0.242,42199.18,60,1,2,8.6,Mortgage,Home Improvement,0
CUST_03917,28,22383.16,29,705,0.338,36449.89,60,1,2,3.6,Rent,Home Improvement,0
CUST_03918,43,39911.59,32,701,0.339,37732.15,48,0,1,1.3,Own,Education,1
CUST_03919,34,16568.02,31,665,0.141,25741.94,72,1,0,6.5,Own,Vehicle,0
CUST_03920,47,27661.39,8,771,0.63,34599.45,48,3,2,0.5,Own,Home Improvement,0
CUST_03921,49,37711.04,10,682,0.25,32849.07,84,3,1,17.3,Mortgage,Home Improvement,0
CUST_03922,59,24753.05,5,543,0.238,21355.55,72,2,1,8.5,Own,Education,0
CUST_03923,59,42762.92,29,545,0.711,18794.54,36,1,2,8.6,Mortgage,Other,1
CUST_03924,21,52167.03,14,705,0.243,13190.67,12,0,3,5.8,Mortgage,Medical,0
CUST_03925,37,45590.48,29,613,0.02,65783.91,36,0,0,9.0,Own,Other,0
CUST_03926,61,16751.57,17,687,0.517,80110.47,48,4,3,10.8,Own,Education,0
CUST_03927,50,37782.11,11,733,0.405,56178.66,72,1,0,4.4,Mortgage,Vehicle,0
CUST_03928,33,39289.84,3,622,0.429,48839.04,36,0,0,4.6,Mortgage,Debt Consolidation,0
CUST_03929,41,30017.47,15,659,0.363,200000.0,84,2,0,15.1,Mortgage,Education,0
CUST_03930,39,42474.34,22,662,0.235,26687.71,84,0,1,11.7,Own,Home Improvement,0
CUST_03931,39,41719.01,10,619,0.395,34486.14,48,0,0,19.4,Own,Debt Consolidation,0
CUST_03932,45,34702.34,23,580,0.448,36826.7,24,2,1,14.0,Mortgage,Debt Consolidation,1
CUST_03933,42,21979.47,21,604,0.406,37395.92,60,0,1,12.9,Rent,Vehicle,0
CUST_03934,51,35835.33,14,575,0.196,9711.63,36,0,1,12.0,Mortgage,Debt Consolidation,0
CUST_03935,37,92361.5,14,668,0.419,70092.5,36,1,0,10.5,Rent,Debt Consolidation,1
CUST_03936,43,29847.21,9,667,0.523,26439.02,24,2,0,1.0,Own,Vehicle,1
CUST_03937,52,61307.21,27,643,0.148,25097.4,84,0,2,16.3,Rent,Debt Consolidation,0
CUST_03938,30,37027.96,16,581,0.726,46546.35,72,4,1,4.0,Mortgage,Home Improvement,1
CUST_03939,30,24334.14,21,757,0.18,29141.84,36,1,1,17.7,Own,Education,0
CUST_03940,56,31310.28,22,636,0.203,30951.57,24,0,3,12.4,Own,Debt Consolidation,0
CUST_03941,28,36010.46,28,850,0.66,18031.24,48,3,2,4.9,Rent,Home Improvement,0
CUST_03942,40,50392.91,21,741,0.505,15482.2,36,3,1,11.6,Mortgage,Debt Consolidation,0
CUST_03943,52,119374.72,10,536,0.258,57426.87,48,1,0,17.3,Rent,Debt Consolidation,0
CUST_03944,34,37321.78,28,766,0.364,45957.1,60,5,1,8.9,Rent,Home Improvement,0
CUST_03945,48,19625.21,31,631,0.05,117147.97,36,5,2,13.6,Rent,Education,0
CUST_03946,66,15878.34,13,615,0.051,11999.75,60,2,2,9.5,Mortgage,Vehicle,0
CUST_03947,44,29410.52,17,661,0.659,33619.49,48,0,1,13.6,Rent,Home Improvement,0
CUST_03948,35,20660.03,33,759,0.28,28931.58,48,0,1,14.0,Own,Medical,0
CUST_03949,42,47999.85,22,717,0.387,26518.72,84,2,3,8.7,Rent,Vehicle,0
CUST_03950,50,48176.56,31,693,0.176,53060.97,36,0,1,0.5,Mortgage,Debt Consolidation,0
CUST_03951,24,33759.34,2,622,0.253,36469.4,12,0,2,10.4,Rent,Other,0
CUST_03952,33,50447.74,21,746,0.156,64521.08,60,1,2,13.8,Own,Education,1
CUST_03953,43,37510.63,22,611,0.334,16301.8,72,3,1,2.6,Mortgage,Home Improvement,0
CUST_03954,28,92391.19,3,753,0.072,28554.68,48,2,1,8.0,Rent,Medical,0
CUST_03955,38,49665.33,12,703,0.064,15608.21,24,3,2,4.5,Rent,Home Improvement,0
CUST_03956,32,56829.37,31,638,0.298,19497.79,24,1,4,3.7,Mortgage,Debt Consolidation,0
CUST_03957,51,17604.97,28,829,0.216,14777.38,60,0,0,15.8,Mortgage,Debt Consolidation,0
CUST_03958,34,20219.09,9,744,0.53,64469.9,24,0,0,3.5,Mortgage,Medical,0
CUST_03959,54,46139.25,12,719,0.481,28032.44,36,0,1,13.8,Rent,Home Improvement,0
CUST_03960,38,16737.19,16,687,0.609,40702.89,60,0,0,19.3,Rent,Education,1
CUST_03961,54,26575.95,1,600,0.469,8297.94,36,0,0,0.5,Rent,Vehicle,0
CUST_03962,31,65493.51,16,683,0.206,57163.24,36,0,2,9.2,Own,Debt Consolidation,0
CUST_03963,61,26293.37,25,792,0.347,34907.66,36,1,0,8.1,Mortgage,Home Improvement,0
CUST_03964,32,19833.62,4,584,0.093,39891.31,48,1,0,9.1,Own,Debt Consolidation,0
CUST_03965,69,50704.59,24,720,0.496,82333.07,48,4,0,10.4,Own,Home Improvement,0
CUST_03966,35,102412.71,8,778,0.542,44173.43,48,2,4,16.1,Mortgage,Home Improvement,0
CUST_03967,51,24238.01,27,781,0.384,12034.05,48,0,1,3.5,Own,Debt Consolidation,0
CUST_03968,69,66970.86,21,617,0.404,51308.19,36,1,0,13.9,Mortgage,Medical,0
CUST_03969,49,22774.86,28,642,0.134,68974.36,24,1,2,5.2,Rent,Education,1
CUST_03970,46,34329.7,34,687,0.201,11530.1,36,0,1,2.3,Rent,Vehicle,0
CUST_03971,38,35081.65,19,712,0.329,37809.88,36,1,1,0.8,Own,Home Improvement,0
CUST_03972,52,24563.31,4,770,0.422,13616.47,60,2,1,0.5,Mortgage,Debt Consolidation,0
CUST_03973,42,56257.67,31,666,0.055,70519.87,72,2,2,9.0,Rent,Debt Consolidation,0
CUST_03974,58,16816.9,9,746,0.167,41068.34,60,3,5,10.8,Own,Vehicle,0
CUST_03975,37,40035.58,16,501,0.348,33086.1,12,1,0,9.4,Mortgage,Vehicle,0
CUST_03976,43,62136.09,14,661,0.029,28549.99,60,6,2,7.4,Mortgage,Home Improvement,0
CUST_03977,44,53964.5,8,746,0.576,20592.19,60,3,0,9.1,Own,Debt Consolidation,0
CUST_03978,28,46425.66,31,738,0.269,24610.32,48,1,1,9.1,Mortgage,Home Improvement,0
CUST_03979,61,80229.75,22,613,0.452,25976.32,24,2,2,13.2,Rent,Debt Consolidation,0
CUST_03980,26,32538.89,10,752,0.231,47789.85,48,3,0,2.8,Mortgage,Home Improvement,0
CUST_03981,25,16943.46,12,581,0.661,36217.43,60,2,1,16.6,Rent,Debt Consolidation,1
CUST_03982,64,38855.44,17,764,0.478,30819.98,60,0,2,0.5,Mortgage,Home Improvement,0
CUST_03983,49,34102.26,8,666,0.501,6826.6,60,1,0,0.5,Own,Vehicle,1
CUST_03984,48,15000.0,4,648,0.207,97691.21,36,2,2,3.1,Own,Medical,0
CUST_03985,31,20690.9,21,659,0.326,73120.4,60,3,3,13.5,Mortgage,Vehicle,0
CUST_03986,21,19412.78,31,707,0.296,20542.07,36,0,3,14.9,Rent,Debt Consolidation,1
CUST_03987,63,24166.76,1,826,0.344,33978.19,60,3,0,4.7,Own,Vehicle,0
CUST_03988,39,30467.41,20,765,0.087,41382.91,48,1,1,5.0,Mortgage,Vehicle,1
CUST_03989,29,31056.49,27,600,0.093,84890.39,60,1,1,7.1,Mortgage,Home Improvement,0
CUST_03990,47,24602.36,23,607,0.54,85516.32,48,2,0,5.1,Mortgage,Other,0
CUST_03991,54,19400.05,23,547,0.2,33533.5,36,2,0,3.1,Own,Other,1
CUST_03992,64,43858.59,13,702,0.509,14260.33,84,4,1,2.8,Rent,Debt Consolidation,0
CUST_03993,24,38495.09,26,668,0.183,49983.05,36,0,3,3.6,Rent,Debt Consolidation,0
CUST_03994,56,39078.81,23,724,0.335,124284.68,48,1,0,6.6,Rent,Vehicle,0
CUST_03995,38,88389.25,5,645,0.729,22013.46,60,4,4,12.6,Rent,Debt Consolidation,1
CUST_03996,35,39396.69,25,652,0.367,36957.9,48,1,0,10.6,Rent,Debt Consolidation,0
CUST_03997,33,30232.45,14,578,0.034,39176.41,60,3,0,9.4,Own,Other,0
CUST_03998,39,34444.24,28,757,0.316,23144.86,48,4,1,2.9,Rent,Education,0
CUST_03999,69,38154.91,9,638,0.311,10651.85,60,1,1,1.0,Rent,Vehicle,0
CUST_04000,26,49409.43,27,622,0.384,15673.54,48,2,1,8.5,Mortgage,Education,0
CUST_04001,68,35512.49,8,748,0.056,50908.75,84,1,1,15.3,Rent,Education,0
CUST_04002,32,15000.0,20,577,0.429,35465.72,36,0,0,16.1,Mortgage,Medical,0
CUST_04003,57,29191.3,9,718,0.185,35043.38,72,0,4,10.7,Own,Debt Consolidation,0
CUST_04004,37,36342.63,3,626,0.404,16979.29,48,0,2,10.2,Own,Education,0
CUST_04005,43,69710.12,3,672,0.392,38979.31,12,2,2,13.5,Mortgage,Debt Consolidation,1
CUST_04006,46,24515.29,5,545,0.342,43679.75,84,4,1,6.7,Rent,Home Improvement,1
CUST_04007,49,16032.44,25,720,0.305,24809.57,72,1,1,17.9,Mortgage,Debt Consolidation,1
CUST_04008,53,37503.46,15,824,0.22,38047.16,24,1,2,7.1,Mortgage,Debt Consolidation,0
CUST_04009,47,56000.64,7,592,0.503,28155.05,36,0,2,11.9,Mortgage,Debt Consolidation,1
CUST_04010,45,29830.56,27,761,0.074,39976.67,72,1,2,15.6,Own,Other,0
CUST_04011,30,119554.16,15,677,0.576,90059.77,48,1,0,0.5,Mortgage,Education,0
CUST_04012,67,106271.14,0,717,0.435,21371.03,72,3,1,5.4,Rent,Debt Consolidation,0
CUST_04013,43,35023.12,18,597,0.297,164211.17,60,1,1,6.7,Rent,Debt Consolidation,1
CUST_04014,41,39869.09,16,608,0.336,200000.0,60,2,1,7.9,Rent,Vehicle,1
CUST_04015,41,71995.99,27,686,0.279,57697.0,48,2,0,11.2,Mortgage,Vehicle,0
CUST_04016,63,34720.4,11,665,0.156,76064.12,24,1,4,3.4,Mortgage,Vehicle,0
CUST_04017,33,24293.3,5,690,0.307,26462.24,36,2,1,13.8,Mortgage,Other,0
CUST_04018,57,56639.73,6,578,0.218,36446.6,24,2,1,2.8,Rent,Other,0
CUST_04019,53,45807.65,7,723,0.347,42475.64,60,0,2,10.4,Rent,Home Improvement,0
CUST_04020,44,24253.78,2,707,0.062,63400.22,72,1,2,0.5,Own,Debt Consolidation,0
CUST_04021,64,41755.32,20,757,0.478,36009.09,36,0,1,1.8,Own,Home Improvement,0
CUST_04022,31,33522.42,7,702,0.148,83992.13,36,1,3,8.5,Rent,Home Improvement,1
CUST_04023,37,29955.02,27,838,0.177,96991.69,60,2,2,8.0,Mortgage,Home Improvement,0
CUST_04024,24,24515.97,29,821,0.182,35877.24,48,0,0,2.0,Mortgage,Education,0
CUST_04025,67,38588.19,31,681,0.146,21854.37,60,2,0,7.5,Mortgage,Vehicle,0
CUST_04026,45,31795.22,10,678,0.188,84713.15,36,1,1,6.7,Rent,Education,0
CUST_04027,50,41871.19,19,622,0.276,47575.53,48,2,1,14.3,Rent,Home Improvement,0
CUST_04028,29,54716.4,15,585,0.265,38664.3,60,1,1,9.1,Rent,Home Improvement,1
CUST_04029,41,40773.32,24,664,0.475,20664.94,36,1,1,10.8,Mortgage,Home Improvement,1
CUST_04030,40,41123.8,8,635,0.222,40050.45,60,3,1,13.8,Rent,Debt Consolidation,1
CUST_04031,39,27706.2,2,625,0.4,32037.53,60,1,0,13.6,Mortgage,Other,0
CUST_04032,39,65328.13,15,705,0.338,11565.53,36,2,2,10.4,Rent,Debt Consolidation,0
CUST_04033,32,23759.44,11,570,0.242,53112.6,60,3,2,2.8,Mortgage,Debt Consolidation,1
CUST_04034,57,16220.06,14,597,0.247,60869.12,48,0,0,4.1,Rent,Medical,0
CUST_04035,62,21258.42,3,542,0.502,33807.85,60,0,2,10.9,Rent,Debt Consolidation,0
CUST_04036,37,60908.74,22,585,0.441,40945.42,36,1,0,10.7,Rent,Vehicle,0
CUST_04037,57,45681.51,26,638,0.216,104275.05,24,3,1,6.4,Rent,Education,1
CUST_04038,68,69980.46,12,737,0.355,43728.84,60,2,0,8.1,Rent,Debt Consolidation,0
CUST_04039,59,18741.1,20,815,0.185,48664.82,36,2,2,3.3,Mortgage,Home Improvement,0
CUST_04040,48,115856.67,28,559,0.471,41042.77,60,0,1,7.1,Own,Education,0
CUST_04041,61,31513.08,28,741,0.403,98442.81,72,2,0,9.9,Mortgage,Other,0
CUST_04042,55,15060.46,10,613,0.372,73399.74,60,3,1,9.0,Rent,Vehicle,0
CUST_04043,67,108868.02,27,691,0.455,95476.94,60,2,1,18.7,Mortgage,Other,0
CUST_04044,68,18862.84,9,720,0.226,54861.61,36,1,3,10.5,Own,Education,1
CUST_04045,38,29763.92,4,778,0.299,68282.31,48,1,2,0.8,Mortgage,Other,0
CUST_04046,34,32765.25,24,848,0.294,19840.48,36,0,0,13.3,Own,Home Improvement,0
CUST_04047,55,45344.38,32,753,0.144,36462.76,60,2,1,0.5,Rent,Other,0
CUST_04048,64,24449.09,16,647,0.252,54961.79,60,3,0,7.3,Mortgage,Education,0
CUST_04049,61,61062.71,32,572,0.18,95891.59,60,2,3,5.6,Mortgage,Other,0
CUST_04050,27,52934.9,24,696,0.229,80398.77,24,1,0,0.5,Mortgage,Home Improvement,0
CUST_04051,61,36663.37,32,725,0.263,31327.27,36,2,2,12.2,Rent,Vehicle,0
CUST_04052,33,70415.22,8,599,0.519,30198.13,36,1,1,8.4,Mortgage,Debt Consolidation,0
CUST_04053,38,35104.04,26,734,0.37,28490.71,36,0,1,3.5,Rent,Vehicle,0
CUST_04054,57,31639.99,24,650,0.175,13648.83,48,4,0,5.4,Mortgage,Home Improvement,0
CUST_04055,33,98622.17,3,601,0.226,46591.41,36,2,2,10.8,Mortgage,Home Improvement,1
CUST_04056,56,42102.74,8,690,0.39,30975.52,36,3,0,16.5,Mortgage,Medical,0
CUST_04057,51,22185.06,14,617,0.307,29613.88,60,3,1,11.4,Mortgage,Home Improvement,1
CUST_04058,22,23738.78,15,599,0.212,94291.01,60,1,1,0.5,Own,Home Improvement,1
CUST_04059,36,36661.38,15,700,0.241,30577.43,48,1,1,0.5,Mortgage,Debt Consolidation,0
CUST_04060,29,15000.0,12,709,0.156,24457.61,48,1,1,10.1,Rent,Vehicle,0
CUST_04061,29,26463.07,13,654,0.273,74151.13,60,4,0,4.7,Own,Education,0
CUST_04062,58,34537.57,21,699,0.188,105136.26,48,2,0,6.6,Rent,Debt Consolidation,1
CUST_04063,31,33403.01,20,760,0.105,36346.74,36,1,0,2.5,Rent,Medical,0
CUST_04064,42,19366.08,8,738,0.598,29518.85,60,2,2,6.1,Rent,Debt Consolidation,0
CUST_04065,53,29020.05,3,622,0.308,34914.28,36,0,1,13.4,Mortgage,Home Improvement,0
CUST_04066,56,65506.32,9,682,0.065,70444.17,12,2,1,19.0,Rent,Education,1
CUST_04067,65,59075.67,34,631,0.539,31453.52,24,3,2,13.4,Rent,Home Improvement,1
CUST_04068,43,38093.85,8,582,0.285,46765.34,36,4,1,2.5,Mortgage,Medical,0
CUST_04069,65,35085.56,15,725,0.07,21123.61,60,3,2,12.0,Mortgage,Other,0
CUST_04070,65,33496.18,17,750,0.332,200000.0,36,2,3,4.0,Mortgage,Medical,1
CUST_04071,54,40870.14,9,647,0.21,29784.09,60,2,1,3.7,Rent,Debt Consolidation,0
CUST_04072,29,38226.51,20,696,0.309,50889.38,36,2,1,12.1,Rent,Home Improvement,0
CUST_04073,44,42704.97,14,788,0.45,53614.75,24,1,0,10.6,Mortgage,Vehicle,0
CUST_04074,28,46671.88,14,752,0.204,65848.79,60,2,1,1.2,Own,Debt Consolidation,0
CUST_04075,27,19819.99,10,639,0.119,20046.39,72,0,0,1.8,Rent,Vehicle,0
CUST_04076,56,31096.97,19,674,0.375,46585.98,36,2,0,9.6,Mortgage,Education,0
CUST_04077,38,40092.97,33,630,0.363,47210.17,48,2,1,6.1,Own,Debt Consolidation,0
CUST_04078,23,22405.96,21,696,0.197,18439.68,36,2,2,6.7,Own,Home Improvement,1
CUST_04079,48,25928.27,17,683,0.102,33688.97,48,2,1,8.4,Own,Home Improvement,0
CUST_04080,26,32566.9,15,599,0.325,13667.63,60,0,2,2.9,Own,Debt Consolidation,0
CUST_04081,64,33375.68,4,648,0.594,20078.6,84,4,2,14.4,Own,Debt Consolidation,0
CUST_04082,64,40469.4,0,535,0.233,15015.13,36,1,2,6.2,Own,Medical,1
CUST_04083,41,23765.37,18,607,0.694,37362.08,36,1,1,11.7,Own,Debt Consolidation,1
CUST_04084,48,58924.38,9,709,0.584,45630.25,60,4,1,7.5,Rent,Vehicle,0
CUST_04085,60,33238.43,20,690,0.313,38880.33,60,1,0,12.4,Own,Home Improvement,0
CUST_04086,21,39050.03,12,746,0.672,73179.76,12,1,0,10.4,Own,Debt Consolidation,1
CUST_04087,56,30184.5,23,684,0.217,67092.43,12,0,3,13.2,Mortgage,Debt Consolidation,0
CUST_04088,41,40856.67,22,666,0.451,57372.82,60,1,0,0.5,Own,Vehicle,0
CUST_04089,63,83751.6,22,810,0.368,37515.34,24,3,0,7.0,Mortgage,Home Improvement,0
CUST_04090,55,30044.67,10,656,0.621,88079.12,60,2,1,8.0,Rent,Education,1
CUST_04091,33,27660.25,1,653,0.201,22675.45,60,1,3,6.7,Own,Vehicle,0
CUST_04092,69,23978.72,5,683,0.394,25786.7,60,1,2,19.7,Mortgage,Debt Consolidation,0
CUST_04093,30,35248.88,10,626,0.24,30658.57,60,2,2,11.6,Rent,Debt Consolidation,1
CUST_04094,64,35045.35,14,698,0.438,41098.49,60,3,2,5.7,Own,Vehicle,1
CUST_04095,67,37261.71,8,629,0.468,126236.94,72,2,1,14.2,Mortgage,Vehicle,1
CUST_04096,30,45895.76,11,650,0.507,72108.05,60,1,1,13.4,Rent,Home Improvement,1
CUST_04097,66,43091.63,27,628,0.494,20403.67,24,3,2,13.0,Mortgage,Vehicle,0
CUST_04098,33,35908.86,22,556,0.181,134928.32,72,2,0,6.2,Rent,Other,0
CUST_04099,57,96461.65,26,511,0.506,18982.39,84,4,1,10.9,Rent,Home Improvement,1
CUST_04100,58,51294.57,23,580,0.063,41669.95,12,0,2,11.2,Mortgage,Debt Consolidation,0
CUST_04101,44,21065.04,13,760,0.385,82038.31,60,4,2,6.2,Rent,Education,0
CUST_04102,22,16770.87,34,685,0.11,51047.33,36,1,2,8.3,Mortgage,Debt Consolidation,0
CUST_04103,42,25646.83,26,646,0.149,32978.17,36,2,1,0.5,Mortgage,Education,0
CUST_04104,37,39195.97,20,607,0.449,65340.69,60,2,3,3.3,Mortgage,Home Improvement,0
CUST_04105,56,24593.81,12,768,0.129,111109.77,36,2,0,8.5,Own,Medical,0
CUST_04106,34,26534.11,7,635,0.166,46470.75,24,1,2,5.0,Own,Debt Consolidation,1
CUST_04107,30,36791.92,33,621,0.213,40044.61,36,0,1,10.1,Mortgage,Debt Consolidation,1
CUST_04108,55,30607.91,22,548,0.326,74692.28,48,2,1,7.2,Own,Other,1
CUST_04109,45,15000.0,8,524,0.098,19277.23,36,1,0,13.9,Own,Debt Consolidation,0
CUST_04110,23,62229.74,0,712,0.333,20984.78,36,2,1,5.6,Rent,Other,0
CUST_04111,67,55407.95,15,798,0.371,49671.74,60,2,3,12.1,Own,Home Improvement,0
CUST_04112,58,19099.92,24,701,0.059,66063.72,60,2,0,11.6,Rent,Education,0
CUST_04113,37,37363.35,17,700,0.287,10365.42,24,2,1,5.6,Rent,Vehicle,1
CUST_04114,32,20779.54,33,806,0.422,55255.88,48,0,2,13.0,Mortgage,Vehicle,0
CUST_04115,44,26785.12,2,715,0.644,46429.82,60,2,2,9.9,Mortgage,Debt Consolidation,0
CUST_04116,49,46308.3,19,679,0.08,52715.99,36,3,4,7.6,Mortgage,Home Improvement,0
CUST_04117,63,54449.21,18,719,0.247,38932.98,60,2,0,4.5,Mortgage,Home Improvement,0
CUST_04118,45,53815.75,12,743,0.333,12223.91,36,2,0,8.7,Rent,Education,0
CUST_04119,56,41044.81,16,716,0.568,38706.19,60,1,0,0.7,Own,Home Improvement,0
CUST_04120,46,68706.76,13,646,0.192,120240.03,84,2,0,18.3,Rent,Vehicle,1
CUST_04121,58,26761.49,29,708,0.298,68811.69,48,1,0,15.5,Own,Other,1
CUST_04122,21,29902.14,21,631,0.419,21747.77,48,2,0,2.3,Mortgage,Home Improvement,1
CUST_04123,40,15000.0,28,678,0.22,74004.17,48,1,3,13.5,Mortgage,Debt Consolidation,0
CUST_04124,48,34664.51,1,708,0.508,84606.5,84,0,1,5.9,Own,Medical,0
CUST_04125,36,48525.6,7,809,0.372,25107.48,36,1,0,0.5,Rent,Other,0
CUST_04126,67,41882.77,13,711,0.323,28900.85,60,2,1,10.3,Rent,Debt Consolidation,0
CUST_04127,37,26582.01,33,681,0.116,10469.53,60,1,0,4.2,Own,Debt Consolidation,0
CUST_04128,60,55396.01,12,652,0.039,25130.08,60,1,0,1.4,Rent,Medical,0
CUST_04129,48,34999.34,9,639,0.131,27364.78,60,2,3,0.5,Mortgage,Vehicle,0
CUST_04130,32,53274.52,7,653,0.174,61583.38,36,0,0,7.1,Mortgage,Debt Consolidation,0
CUST_04131,47,46308.22,6,683,0.138,57487.23,72,2,3,0.5,Rent,Home Improvement,0
CUST_04132,62,74032.13,12,744,0.197,57917.36,72,1,0,10.0,Rent,Debt Consolidation,1
CUST_04133,67,43031.24,25,591,0.17,29636.12,36,2,0,11.0,Rent,Debt Consolidation,0
CUST_04134,50,49265.11,31,734,0.365,43704.49,48,2,3,9.1,Own,Debt Consolidation,0
CUST_04135,61,34948.87,18,640,0.131,147528.37,36,1,2,14.5,Rent,Home Improvement,1
CUST_04136,54,28241.7,14,631,0.177,103727.09,60,1,0,5.6,Rent,Other,1
CUST_04137,57,46414.45,1,716,0.716,125292.36,72,3,2,13.1,Mortgage,Education,1
CUST_04138,26,76984.96,18,654,0.351,58323.95,48,1,1,7.3,Rent,Home Improvement,1
CUST_04139,27,26690.41,32,713,0.278,128600.28,36,0,1,4.5,Rent,Debt Consolidation,0
CUST_04140,52,32078.2,32,707,0.047,130498.48,60,1,4,11.9,Mortgage,Other,1
CUST_04141,52,36802.65,0,736,0.489,101831.23,24,1,1,6.9,Mortgage,Education,1
CUST_04142,45,51146.44,27,772,0.293,80235.34,48,2,0,6.6,Mortgage,Medical,0
CUST_04143,53,43162.57,16,560,0.484,20825.8,60,1,3,14.7,Own,Home Improvement,1
CUST_04144,27,57327.26,5,694,0.055,94304.28,36,2,4,14.4,Own,Debt Consolidation,0
CUST_04145,32,97436.36,19,628,0.236,14526.52,36,0,1,11.9,Mortgage,Home Improvement,0
CUST_04146,36,26384.96,12,709,0.591,48907.08,60,0,1,12.0,Rent,Vehicle,0
CUST_04147,36,49259.84,11,582,0.604,118751.04,84,1,1,3.1,Rent,Debt Consolidation,0
CUST_04148,63,42630.27,29,684,0.323,49132.22,24,0,2,9.8,Rent,Vehicle,0
CUST_04149,56,36662.88,20,548,0.275,12995.49,36,1,0,9.8,Mortgage,Debt Consolidation,1
CUST_04150,33,49170.18,1,683,0.051,21319.66,24,2,2,10.3,Own,Other,0
CUST_04151,27,31780.19,17,680,0.325,45047.64,36,2,1,11.6,Own,Debt Consolidation,0
CUST_04152,56,42681.59,27,633,0.187,14398.64,24,1,1,8.6,Mortgage,Medical,0
CUST_04153,67,18908.25,3,652,0.352,67373.62,36,2,0,8.5,Own,Debt Consolidation,1
CUST_04154,29,27738.94,5,654,0.482,30756.16,36,1,0,0.5,Mortgage,Debt Consolidation,0
CUST_04155,52,61313.81,8,572,0.376,67728.6,36,3,2,7.2,Own,Vehicle,1
CUST_04156,31,60146.68,19,589,0.059,74930.0,36,1,0,12.7,Mortgage,Medical,1
CUST_04157,28,41345.41,29,693,0.125,28679.68,60,1,0,9.4,Mortgage,Education,0
CUST_04158,53,28954.33,3,755,0.611,200000.0,60,3,3,0.5,Own,Debt Consolidation,0
CUST_04159,43,54865.11,12,735,0.275,27539.07,72,2,1,15.6,Rent,Home Improvement,0
CUST_04160,45,67389.45,34,538,0.294,40591.22,36,0,3,9.2,Rent,Debt Consolidation,1
CUST_04161,28,29549.34,29,767,0.357,60078.17,24,1,1,7.9,Own,Debt Consolidation,0
CUST_04162,65,17544.4,3,771,0.188,109475.09,24,1,2,12.6,Mortgage,Debt Consolidation,0
CUST_04163,42,45459.06,24,628,0.254,51878.41,48,2,0,4.1,Own,Education,0
CUST_04164,24,57347.48,30,629,0.165,32538.35,60,0,1,5.2,Mortgage,Other,0
CUST_04165,60,48714.98,11,644,0.569,100556.5,36,2,3,7.9,Rent,Debt Consolidation,0
CUST_04166,23,79422.71,14,703,0.302,41532.6,60,3,0,10.1,Rent,Vehicle,0
CUST_04167,49,79590.53,25,659,0.66,31955.35,36,0,2,6.3,Mortgage,Home Improvement,0
CUST_04168,61,31172.8,9,707,0.49,50126.94,36,1,1,15.0,Rent,Debt Consolidation,0
CUST_04169,49,40114.66,11,589,0.225,32927.6,60,1,0,8.3,Own,Home Improvement,1
CUST_04170,54,28331.59,21,605,0.375,61170.81,84,1,2,11.7,Rent,Education,0
CUST_04171,54,21784.81,20,619,0.435,48437.1,72,1,0,21.7,Mortgage,Medical,1
CUST_04172,48,22432.82,34,623,0.139,40778.28,12,1,1,7.0,Rent,Other,0
CUST_04173,33,51974.61,6,710,0.143,49153.18,84,0,3,2.9,Mortgage,Debt Consolidation,0
CUST_04174,35,42253.55,17,697,0.35,22968.22,36,1,0,4.9,Rent,Education,0
CUST_04175,43,56668.88,26,726,0.206,55970.56,60,0,0,2.4,Rent,Debt Consolidation,0
CUST_04176,64,128773.55,34,756,0.312,13655.22,36,1,3,2.9,Rent,Other,0
CUST_04177,46,46626.94,1,708,0.613,11375.38,60,2,1,4.4,Mortgage,Vehicle,1
CUST_04178,24,24490.48,31,555,0.295,42636.7,60,2,3,5.1,Mortgage,Vehicle,1
CUST_04179,46,60935.02,14,651,0.054,15180.15,72,1,0,14.3,Own,Debt Consolidation,1
CUST_04180,60,24263.87,23,660,0.388,20014.54,36,1,0,2.6,Mortgage,Medical,1
CUST_04181,29,87043.95,19,698,0.195,65558.47,60,0,0,10.9,Rent,Home Improvement,0
CUST_04182,25,15000.0,9,614,0.147,63195.53,48,1,1,1.8,Own,Home Improvement,0
CUST_04183,52,27631.88,23,784,0.149,53400.31,60,0,2,13.9,Own,Debt Consolidation,1
CUST_04184,40,49566.43,23,652,0.392,54791.04,36,0,1,13.1,Rent,Debt Consolidation,0
CUST_04185,31,65431.59,23,657,0.427,55782.72,12,1,3,13.4,Rent,Education,0
CUST_04186,35,25887.32,33,666,0.387,82314.19,60,2,0,11.5,Mortgage,Debt Consolidation,0
CUST_04187,52,23644.15,10,644,0.129,38229.21,60,1,2,10.3,Mortgage,Debt Consolidation,0
CUST_04188,48,39111.96,25,559,0.37,20514.48,72,1,6,0.5,Mortgage,Medical,0
CUST_04189,42,94324.56,0,767,0.383,26005.02,84,2,1,16.4,Own,Education,0
CUST_04190,61,16828.2,29,636,0.343,37905.66,36,1,1,15.2,Mortgage,Vehicle,0
CUST_04191,37,31037.14,17,724,0.296,47168.12,24,3,4,11.4,Mortgage,Home Improvement,0
CUST_04192,46,41360.95,25,650,0.502,40634.08,60,1,0,6.0,Rent,Debt Consolidation,0
CUST_04193,64,24392.36,8,636,0.321,9709.45,72,2,2,8.7,Mortgage,Debt Consolidation,1
CUST_04194,27,24350.48,8,593,0.469,11388.4,36,1,2,10.2,Mortgage,Medical,0
CUST_04195,62,32315.56,0,555,0.156,72766.91,24,3,0,12.4,Mortgage,Home Improvement,0
CUST_04196,46,42039.08,6,649,0.284,20942.59,60,4,2,10.6,Mortgage,Education,1
CUST_04197,45,32940.86,15,646,0.143,17023.65,84,0,2,10.5,Rent,Education,0
CUST_04198,30,75567.59,10,781,0.151,66825.42,48,5,0,7.6,Rent,Home Improvement,0
CUST_04199,65,48839.85,24,685,0.219,57515.32,72,2,1,7.3,Mortgage,Home Improvement,0
CUST_04200,39,43984.04,28,760,0.362,12740.09,60,2,3,12.9,Mortgage,Vehicle,0
CUST_04201,31,60707.76,18,575,0.176,79046.4,36,1,2,5.9,Rent,Debt Consolidation,0
CUST_04202,33,44373.67,17,684,0.45,23170.32,36,2,1,7.2,Mortgage,Debt Consolidation,0
CUST_04203,28,29097.48,28,719,0.226,12834.74,36,1,1,4.5,Mortgage,Medical,1
CUST_04204,60,31838.25,15,688,0.221,153172.98,48,2,0,9.5,Rent,Vehicle,1
CUST_04205,24,20646.1,7,691,0.158,14398.04,36,1,0,11.5,Mortgage,Debt Consolidation,0
CUST_04206,67,98956.84,33,663,0.273,17558.82,84,1,1,2.1,Own,Debt Consolidation,1
CUST_04207,51,57835.73,5,596,0.319,104731.29,48,1,1,19.4,Rent,Debt Consolidation,0
CUST_04208,48,15000.0,29,584,0.063,32443.37,24,0,0,14.4,Rent,Vehicle,0
CUST_04209,31,70725.69,33,729,0.58,17894.27,24,0,0,11.5,Mortgage,Home Improvement,0
CUST_04210,63,17448.93,20,634,0.124,24884.54,72,0,2,11.3,Rent,Education,0
CUST_04211,21,47114.42,11,650,0.309,32246.19,48,2,3,6.3,Own,Debt Consolidation,0
CUST_04212,69,15000.0,5,634,0.196,27679.67,72,1,0,15.8,Mortgage,Home Improvement,0
CUST_04213,67,29317.37,5,617,0.208,14176.18,84,1,2,6.6,Mortgage,Home Improvement,0
CUST_04214,58,71002.24,3,578,0.108,128742.29,84,1,0,6.9,Own,Medical,0
CUST_04215,44,73007.46,8,788,0.173,163803.64,72,1,2,0.5,Mortgage,Debt Consolidation,0
CUST_04216,67,42335.77,4,537,0.703,22769.3,72,1,1,0.5,Mortgage,Home Improvement,0
CUST_04217,51,53837.87,9,728,0.407,22047.76,60,1,0,5.6,Rent,Home Improvement,1
CUST_04218,61,17911.8,7,756,0.149,18531.27,84,0,2,11.8,Rent,Debt Consolidation,0
CUST_04219,66,47532.39,22,690,0.078,88799.99,60,0,2,9.3,Rent,Debt Consolidation,0
CUST_04220,46,55574.81,3,668,0.166,31504.25,60,2,0,4.0,Rent,Debt Consolidation,0
CUST_04221,69,131251.8,6,696,0.381,14133.29,72,0,2,16.2,Mortgage,Home Improvement,0
CUST_04222,25,26592.66,5,652,0.101,13387.44,60,2,3,12.5,Own,Other,0
CUST_04223,40,36612.73,14,749,0.261,35509.12,36,2,1,7.0,Rent,Other,0
CUST_04224,61,37761.96,34,758,0.095,115177.56,36,3,1,10.1,Mortgage,Vehicle,0
CUST_04225,31,51497.67,31,718,0.493,31184.22,36,4,2,12.7,Own,Home Improvement,0
CUST_04226,53,56401.74,13,564,0.473,26402.89,84,0,2,8.1,Mortgage,Debt Consolidation,0
CUST_04227,58,61725.82,34,727,0.255,17283.15,24,1,0,3.5,Own,Vehicle,0
CUST_04228,47,59514.85,10,770,0.218,32343.56,60,0,1,3.5,Rent,Home Improvement,1
CUST_04229,54,17316.95,9,723,0.235,30881.19,36,1,1,11.6,Rent,Debt Consolidation,0
CUST_04230,35,15000.0,16,749,0.445,48302.35,48,2,2,12.9,Rent,Other,1
CUST_04231,52,28079.97,12,629,0.362,34865.22,24,0,1,17.0,Rent,Debt Consolidation,0
CUST_04232,41,35678.07,33,647,0.412,48372.25,24,2,0,10.9,Own,Education,1
CUST_04233,66,26725.3,4,772,0.297,41447.81,36,1,0,14.1,Mortgage,Home Improvement,0
CUST_04234,25,28858.24,9,727,0.155,10157.12,60,1,0,14.6,Rent,Medical,0
CUST_04235,26,30695.62,31,663,0.228,38744.03,36,0,4,0.5,Own,Education,1
CUST_04236,58,48470.98,11,661,0.171,45565.66,60,3,0,8.5,Rent,Debt Consolidation,0
CUST_04237,42,21658.52,12,681,0.039,78582.28,84,1,3,12.7,Rent,Home Improvement,0
CUST_04238,38,34929.47,20,659,0.357,38305.09,48,0,1,0.5,Mortgage,Home Improvement,0
CUST_04239,34,35063.4,32,680,0.365,19567.05,72,4,2,5.0,Rent,Education,0
CUST_04240,30,47922.94,31,850,0.173,8416.62,24,5,1,1.6,Rent,Home Improvement,0
CUST_04241,66,64922.69,11,631,0.652,61731.38,36,3,0,6.2,Own,Home Improvement,1
CUST_04242,33,84292.97,34,554,0.351,18373.78,60,0,1,6.7,Rent,Education,1
CUST_04243,51,25009.34,27,634,0.23,33685.74,36,4,0,3.9,Rent,Education,0
CUST_04244,50,15000.0,12,719,0.21,46468.28,36,5,1,0.5,Mortgage,Medical,0
CUST_04245,23,32177.92,11,722,0.55,36368.72,48,0,4,9.0,Mortgage,Debt Consolidation,0
CUST_04246,50,16410.74,21,605,0.523,43343.73,60,3,1,5.5,Rent,Debt Consolidation,1
CUST_04247,26,142527.25,1,654,0.287,40073.05,36,2,1,14.2,Mortgage,Debt Consolidation,0
CUST_04248,49,23471.91,28,741,0.132,21124.95,36,0,1,0.5,Own,Debt Consolidation,0
CUST_04249,28,48142.32,12,672,0.354,13019.39,84,1,2,17.4,Own,Debt Consolidation,0
CUST_04250,64,57932.46,34,608,0.421,89249.8,36,0,2,0.5,Own,Debt Consolidation,0
CUST_04251,65,43058.34,12,623,0.392,63523.69,60,0,1,10.0,Mortgage,Vehicle,0
CUST_04252,63,102576.09,33,779,0.292,17687.53,72,1,1,8.8,Mortgage,Debt Consolidation,0
CUST_04253,64,32818.89,18,648,0.045,14404.18,60,1,3,12.3,Mortgage,Vehicle,0
CUST_04254,53,23922.13,8,684,0.343,47732.12,60,2,1,11.9,Own,Debt Consolidation,0
CUST_04255,37,23311.16,30,568,0.52,20674.54,84,1,1,10.8,Own,Home Improvement,0
CUST_04256,68,52838.9,32,663,0.119,19193.72,36,0,0,6.7,Own,Education,0
CUST_04257,31,33027.67,26,850,0.586,27796.03,36,1,0,5.0,Own,Vehicle,1
CUST_04258,33,23312.75,1,805,0.426,40180.29,48,1,2,7.7,Mortgage,Debt Consolidation,0
CUST_04259,31,45281.44,14,698,0.367,50148.32,60,1,0,6.3,Mortgage,Other,0
CUST_04260,51,51773.03,18,793,0.552,112848.09,24,0,1,6.4,Mortgage,Home Improvement,0
CUST_04261,48,41591.56,30,722,0.25,83376.6,24,0,2,12.3,Rent,Other,0
CUST_04262,64,56942.55,15,843,0.129,16975.94,24,1,0,6.8,Mortgage,Home Improvement,0
CUST_04263,26,37950.93,14,727,0.425,21527.3,36,1,2,17.2,Rent,Other,1
CUST_04264,61,26989.07,5,774,0.397,58314.45,12,1,2,2.9,Rent,Debt Consolidation,0
CUST_04265,36,54486.05,13,532,0.422,37769.42,60,0,0,10.9,Mortgage,Debt Consolidation,1
CUST_04266,24,23270.83,26,707,0.169,72072.67,60,2,0,8.6,Mortgage,Home Improvement,0
CUST_04267,55,20651.79,18,637,0.356,18152.19,48,3,1,16.3,Mortgage,Other,1
CUST_04268,68,64729.66,3,719,0.167,37509.14,24,4,1,7.4,Mortgage,Home Improvement,0
CUST_04269,46,30518.12,25,717,0.319,49510.17,72,1,1,5.3,Own,Home Improvement,0
CUST_04270,32,83520.05,8,777,0.08,114081.77,60,2,0,15.8,Mortgage,Vehicle,0
CUST_04271,31,55731.31,14,753,0.304,30000.92,24,2,1,10.8,Mortgage,Debt Consolidation,0
CUST_04272,57,29380.33,3,581,0.211,73761.78,60,2,4,13.5,Mortgage,Debt Consolidation,1
CUST_04273,45,46309.88,25,550,0.255,26601.62,12,2,0,9.4,Rent,Debt Consolidation,1
CUST_04274,38,128565.03,17,666,0.144,40645.7,48,1,2,4.6,Rent,Vehicle,0
CUST_04275,39,52951.76,34,733,0.103,21537.07,60,2,2,8.7,Rent,Vehicle,0
CUST_04276,43,48574.28,28,724,0.18,36351.77,48,0,1,9.4,Rent,Vehicle,0
CUST_04277,58,26974.29,23,685,0.169,22887.74,24,2,3,5.9,Mortgage,Debt Consolidation,0
CUST_04278,38,91333.9,3,723,0.447,44338.37,60,2,2,4.1,Rent,Vehicle,0
CUST_04279,46,70190.54,20,738,0.327,18280.85,24,1,1,1.0,Own,Education,0
CUST_04280,26,27098.1,6,685,0.214,18119.96,48,0,1,9.6,Rent,Vehicle,0
CUST_04281,24,92986.2,22,724,0.109,13089.4,48,2,4,7.7,Own,Home Improvement,0
CUST_04282,64,39433.68,20,730,0.156,99477.16,60,4,1,9.0,Mortgage,Debt Consolidation,0
CUST_04283,49,23856.43,0,678,0.108,129067.75,84,2,0,7.8,Rent,Medical,0
CUST_04284,54,26923.12,24,784,0.136,88743.63,36,2,3,4.8,Mortgage,Vehicle,0
CUST_04285,37,56322.57,30,596,0.266,86045.13,60,3,0,6.7,Mortgage,Home Improvement,1
CUST_04286,63,23938.66,4,796,0.27,14465.64,48,3,2,6.2,Mortgage,Education,0
CUST_04287,63,20919.6,30,753,0.543,19872.93,24,2,1,8.8,Rent,Home Improvement,0
CUST_04288,36,29160.28,0,831,0.017,68866.82,60,1,0,10.1,Rent,Debt Consolidation,0
CUST_04289,22,31421.37,29,574,0.32,23952.96,48,0,3,6.5,Mortgage,Debt Consolidation,0
CUST_04290,54,25934.83,17,655,0.207,35031.05,60,1,1,7.4,Own,Debt Consolidation,0
CUST_04291,28,28941.38,7,714,0.612,14776.67,36,3,2,0.5,Mortgage,Debt Consolidation,0
CUST_04292,33,57438.24,25,698,0.195,44816.42,72,0,1,5.7,Own,Vehicle,0
CUST_04293,62,41284.86,14,650,0.125,184751.24,60,2,1,4.5,Mortgage,Education,1
CUST_04294,28,28062.22,18,701,0.453,84821.79,36,1,1,17.1,Rent,Vehicle,0
CUST_04295,50,29321.49,9,767,0.206,41500.93,48,3,2,13.0,Rent,Other,0
CUST_04296,52,34001.91,23,690,0.041,15878.8,36,3,3,11.5,Mortgage,Vehicle,0
CUST_04297,56,34989.14,15,584,0.266,14536.58,60,3,1,7.2,Rent,Vehicle,0
CUST_04298,67,35063.18,30,824,0.387,51866.99,60,1,0,10.6,Rent,Other,0
CUST_04299,50,56394.33,15,613,0.395,22565.61,36,3,0,5.3,Own,Vehicle,0
CUST_04300,21,40075.45,15,595,0.103,38904.85,60,2,0,9.4,Rent,Home Improvement,0
CUST_04301,63,40669.3,27,629,0.314,13096.02,72,2,1,9.7,Mortgage,Vehicle,0
CUST_04302,59,74116.44,19,637,0.356,27303.23,36,2,3,2.9,Mortgage,Medical,0
CUST_04303,37,92811.49,34,699,0.483,26937.4,36,0,5,6.7,Mortgage,Education,0
CUST_04304,40,19624.11,8,850,0.069,29183.9,72,0,1,8.1,Own,Home Improvement,0
CUST_04305,44,16490.6,9,617,0.329,116425.98,24,1,1,4.4,Rent,Vehicle,0
CUST_04306,42,30494.36,17,757,0.492,22850.35,48,0,2,8.5,Mortgage,Vehicle,0
CUST_04307,49,53721.27,14,817,0.257,28463.51,60,0,1,5.2,Own,Education,0
CUST_04308,42,43826.47,29,650,0.222,36863.46,12,2,0,8.8,Mortgage,Debt Consolidation,0
CUST_04309,64,61515.83,31,673,0.342,34628.19,60,0,0,3.9,Own,Debt Consolidation,0
CUST_04310,29,29846.36,26,701,0.188,200000.0,60,2,2,7.3,Mortgage,Education,0
CUST_04311,57,15000.0,26,648,0.428,40114.66,36,0,3,14.5,Rent,Vehicle,0
CUST_04312,30,18335.77,18,553,0.39,45278.92,36,1,0,9.4,Rent,Debt Consolidation,0
CUST_04313,56,48164.0,9,775,0.534,15888.12,12,3,0,15.8,Mortgage,Vehicle,0
CUST_04314,57,61751.7,5,691,0.187,39597.65,60,0,0,4.1,Rent,Medical,1
CUST_04315,48,15000.0,23,640,0.161,40069.34,24,1,1,17.6,Own,Debt Consolidation,1
CUST_04316,48,73521.18,8,677,0.351,63256.81,12,6,0,6.2,Rent,Home Improvement,0
CUST_04317,62,45812.68,26,658,0.468,40898.45,24,1,1,12.1,Rent,Vehicle,0
CUST_04318,63,35059.05,6,721,0.11,21464.32,48,1,2,4.2,Rent,Vehicle,0
CUST_04319,41,26544.78,5,617,0.089,68519.05,60,4,0,4.6,Mortgage,Education,0
CUST_04320,44,80465.24,32,654,0.308,31503.59,60,1,1,6.3,Mortgage,Debt Consolidation,0
CUST_04321,62,56868.86,20,690,0.21,61505.91,36,2,1,8.0,Rent,Home Improvement,0
CUST_04322,60,46416.57,16,542,0.259,26198.9,36,1,0,1.2,Mortgage,Vehicle,0
CUST_04323,22,25192.43,30,663,0.076,14589.21,60,2,0,11.1,Mortgage,Education,0
CUST_04324,28,81396.75,10,632,0.22,78903.78,60,2,2,16.4,Rent,Debt Consolidation,0
CUST_04325,68,36870.81,27,723,0.277,56662.27,60,1,1,5.3,Rent,Home Improvement,0
CUST_04326,47,42171.87,4,697,0.475,109495.11,36,1,1,8.6,Rent,Education,0
CUST_04327,42,37666.62,11,769,0.239,51587.28,24,2,1,5.6,Mortgage,Other,0
CUST_04328,57,24765.94,2,539,0.096,10103.46,48,1,0,7.4,Own,Debt Consolidation,1
CUST_04329,47,42610.69,1,637,0.339,32550.46,36,0,2,1.2,Own,Medical,1
CUST_04330,49,51455.33,25,694,0.318,66762.67,72,1,1,0.5,Mortgage,Vehicle,0
CUST_04331,23,29120.46,1,770,0.503,53318.07,12,2,1,4.0,Own,Debt Consolidation,1
CUST_04332,64,40824.53,11,603,0.3,22016.78,60,1,2,7.6,Rent,Home Improvement,0
CUST_04333,33,37393.41,1,624,0.076,10315.03,84,1,2,2.9,Rent,Other,0
CUST_04334,65,57386.57,15,772,0.162,19240.38,72,3,0,15.8,Mortgage,Other,0
CUST_04335,30,31273.59,29,841,0.376,27155.78,60,0,0,16.7,Mortgage,Medical,0
CUST_04336,56,40671.61,3,799,0.231,37875.56,12,1,1,4.1,Rent,Medical,0
CUST_04337,29,45187.9,10,800,0.151,110059.72,72,1,0,13.5,Rent,Debt Consolidation,0
CUST_04338,47,30921.79,23,710,0.126,26471.28,60,3,1,16.0,Rent,Home Improvement,0
CUST_04339,54,24036.35,17,689,0.305,18120.83,60,2,3,0.5,Mortgage,Home Improvement,0
CUST_04340,21,26074.08,26,813,0.408,22122.72,36,3,2,13.3,Mortgage,Other,1
CUST_04341,52,44560.14,1,657,0.326,96962.24,72,1,2,8.6,Rent,Debt Consolidation,0
CUST_04342,45,32284.48,14,609,0.265,92061.36,48,1,2,13.7,Rent,Debt Consolidation,0
CUST_04343,49,32070.93,10,700,0.214,104943.82,60,0,2,4.2,Rent,Debt Consolidation,0
CUST_04344,27,49122.57,26,655,0.363,28475.1,36,0,4,0.5,Own,Education,0
CUST_04345,69,60460.51,22,626,0.154,16252.21,60,0,1,12.5,Mortgage,Home Improvement,0
CUST_04346,23,65897.64,34,740,0.239,24060.15,36,2,1,3.2,Rent,Education,0
CUST_04347,40,26735.55,29,662,0.56,117370.45,24,2,1,12.8,Own,Home Improvement,1
CUST_04348,40,57605.47,23,693,0.235,10514.88,48,1,1,0.5,Mortgage,Vehicle,0
CUST_04349,50,103000.75,18,718,0.114,85562.48,60,0,0,1.7,Rent,Debt Consolidation,0
CUST_04350,55,38678.34,28,556,0.418,9720.53,72,1,0,9.0,Own,Vehicle,1
CUST_04351,55,35008.46,12,767,0.471,13842.76,72,2,0,6.6,Mortgage,Vehicle,0
CUST_04352,69,31543.4,22,841,0.156,31596.8,72,2,0,15.7,Mortgage,Home Improvement,0
CUST_04353,59,21335.37,11,770,0.238,35913.24,84,0,0,1.2,Mortgage,Home Improvement,0
CUST_04354,47,55333.11,28,429,0.207,17594.86,60,2,1,8.3,Own,Debt Consolidation,1
CUST_04355,46,35086.42,5,696,0.161,37531.84,24,2,0,12.6,Mortgage,Home Improvement,0
CUST_04356,34,33696.36,22,550,0.105,8084.13,60,1,1,10.6,Mortgage,Debt Consolidation,0
CUST_04357,37,51209.06,30,764,0.291,35034.72,60,1,1,5.4,Rent,Vehicle,0
CUST_04358,38,53623.44,20,764,0.25,20049.98,24,2,0,9.7,Rent,Vehicle,0
CUST_04359,65,26891.85,23,706,0.37,21182.88,60,1,3,8.9,Mortgage,Debt Consolidation,0
CUST_04360,49,27214.84,7,495,0.373,25485.65,48,0,1,14.9,Mortgage,Education,1
CUST_04361,40,26617.45,8,681,0.109,39356.79,24,0,0,11.8,Rent,Debt Consolidation,0
CUST_04362,47,104480.65,21,602,0.636,90798.81,72,1,1,2.7,Own,Vehicle,1
CUST_04363,38,76006.41,3,690,0.909,30860.26,36,4,0,5.1,Own,Debt Consolidation,1
CUST_04364,24,51715.88,12,679,0.432,61598.45,24,2,1,16.3,Mortgage,Education,1
CUST_04365,21,30100.42,33,753,0.264,12314.52,36,1,1,5.7,Own,Vehicle,0
CUST_04366,21,31937.48,2,669,0.534,30892.84,60,2,1,0.5,Mortgage,Home Improvement,1
CUST_04367,46,43552.34,27,797,0.089,86152.79,60,3,2,10.3,Rent,Debt Consolidation,1
CUST_04368,65,109596.98,25,708,0.346,35629.2,24,3,1,12.4,Mortgage,Debt Consolidation,0
CUST_04369,40,41958.6,33,643,0.506,19970.98,48,0,1,5.7,Rent,Debt Consolidation,1
CUST_04370,43,46836.25,14,674,0.191,36187.61,60,1,2,10.9,Rent,Medical,1
CUST_04371,30,15000.0,7,770,0.395,20833.67,60,3,1,13.6,Mortgage,Education,0
CUST_04372,31,41307.09,34,779,0.382,93385.06,60,0,2,11.2,Mortgage,Home Improvement,0
CUST_04373,61,18089.18,23,493,0.548,36006.09,48,0,0,18.7,Rent,Home Improvement,0
CUST_04374,61,28467.05,3,596,0.227,18967.95,48,1,1,12.6,Own,Home Improvement,1
CUST_04375,25,37176.9,11,636,0.335,39166.0,72,1,0,0.5,Mortgage,Education,0
CUST_04376,21,31224.21,18,778,0.145,119609.68,84,3,0,4.1,Mortgage,Home Improvement,0
CUST_04377,37,26423.79,14,768,0.286,29122.53,36,3,4,1.4,Own,Vehicle,0
CUST_04378,42,26541.81,29,750,0.46,35702.34,84,1,0,8.0,Own,Education,0
CUST_04379,54,32678.61,11,759,0.49,18459.09,24,2,4,7.7,Own,Medical,0
CUST_04380,65,31972.96,18,800,0.203,62262.12,60,0,3,13.5,Rent,Other,0
CUST_04381,61,36685.48,33,719,0.44,36535.91,24,3,0,11.3,Rent,Other,1
CUST_04382,49,35339.65,6,756,0.378,21933.32,60,2,0,10.2,Mortgage,Medical,0
CUST_04383,24,68832.96,27,710,0.1,62749.35,60,4,0,8.8,Mortgage,Debt Consolidation,0
CUST_04384,25,15000.0,27,754,0.332,29318.61,84,0,2,10.5,Rent,Medical,1
CUST_04385,31,41047.56,28,646,0.163,91507.12,48,0,0,6.8,Mortgage,Other,0
CUST_04386,41,37628.04,19,619,0.199,7149.29,60,2,3,4.7,Mortgage,Medical,0
CUST_04387,55,33958.85,10,634,0.196,35712.87,60,2,3,8.8,Mortgage,Debt Consolidation,1
CUST_04388,32,25516.86,22,661,0.218,28252.42,60,0,0,10.0,Mortgage,Debt Consolidation,0
CUST_04389,46,33696.38,19,737,0.376,23671.36,60,0,1,12.5,Rent,Home Improvement,1
CUST_04390,39,16046.5,19,795,0.243,104635.88,60,1,3,3.6,Own,Vehicle,0
CUST_04391,65,40269.87,10,638,0.278,43210.58,60,2,0,6.2,Mortgage,Medical,0
CUST_04392,27,44091.82,1,850,0.306,36622.06,36,2,0,11.4,Mortgage,Home Improvement,1
CUST_04393,67,25539.1,12,664,0.203,111249.88,24,3,3,9.7,Own,Home Improvement,1
CUST_04394,27,95831.39,12,681,0.541,39351.24,72,1,3,14.9,Own,Vehicle,0
CUST_04395,46,34193.05,14,700,0.367,28194.8,12,1,1,12.1,Own,Education,0
CUST_04396,60,37124.65,30,636,0.172,49078.94,36,2,3,0.5,Rent,Debt Consolidation,0
CUST_04397,25,70819.58,22,645,0.326,3798.8,60,1,1,8.9,Mortgage,Other,0
CUST_04398,41,105985.94,21,659,0.14,53402.39,60,3,1,6.7,Mortgage,Education,0
CUST_04399,34,20709.14,15,598,0.465,26309.12,36,1,2,6.2,Mortgage,Vehicle,1
CUST_04400,24,27212.15,28,623,0.201,12889.39,60,1,2,6.9,Mortgage,Home Improvement,0
CUST_04401,43,34498.17,19,675,0.236,36730.61,36,3,1,11.4,Rent,Home Improvement,0
CUST_04402,62,25048.36,27,652,0.255,43280.84,12,4,1,3.5,Rent,Debt Consolidation,0
CUST_04403,40,55439.98,26,635,0.272,123255.28,60,2,2,10.7,Mortgage,Debt Consolidation,0
CUST_04404,35,23706.6,28,752,0.517,18606.0,60,3,0,14.7,Rent,Home Improvement,0
CUST_04405,65,68411.87,4,557,0.149,40704.37,24,2,1,13.9,Own,Debt Consolidation,1
CUST_04406,49,49603.84,1,721,0.232,48295.1,72,1,0,6.8,Own,Debt Consolidation,0
CUST_04407,28,64992.14,19,691,0.32,42219.04,36,2,1,4.9,Mortgage,Education,1
CUST_04408,61,23759.74,12,700,0.2,40678.58,60,3,2,8.0,Rent,Debt Consolidation,1
CUST_04409,68,29979.01,25,594,0.404,42469.38,48,1,1,10.7,Rent,Vehicle,0
CUST_04410,39,56896.71,34,641,0.375,14828.05,36,1,0,6.4,Mortgage,Debt Consolidation,1
CUST_04411,68,51963.49,7,707,0.076,65356.97,60,0,0,12.0,Mortgage,Vehicle,0
CUST_04412,59,31463.1,27,642,0.473,73656.83,48,0,0,3.5,Rent,Home Improvement,0
CUST_04413,66,33783.7,14,572,0.104,26082.56,72,0,2,14.9,Rent,Debt Consolidation,0
CUST_04414,48,29226.35,7,661,0.137,30653.14,60,2,1,0.5,Mortgage,Vehicle,1
CUST_04415,66,33332.16,10,667,0.444,22877.04,60,1,0,5.9,Rent,Home Improvement,1
CUST_04416,47,22411.51,28,731,0.352,9782.72,12,3,1,14.0,Own,Vehicle,0
CUST_04417,24,20607.11,4,760,0.078,49969.8,48,2,3,3.0,Own,Other,0
CUST_04418,35,60036.94,6,690,0.034,31524.57,36,1,1,14.5,Own,Vehicle,0
CUST_04419,55,32770.95,17,711,0.347,54061.45,36,1,0,5.8,Rent,Home Improvement,0
CUST_04420,57,64580.25,27,754,0.395,42558.07,84,5,3,3.2,Rent,Vehicle,0
CUST_04421,21,48922.49,11,667,0.155,17430.59,60,0,1,8.1,Rent,Home Improvement,0
CUST_04422,23,42446.73,11,718,0.082,26935.34,36,2,1,11.1,Rent,Vehicle,0
CUST_04423,67,25460.64,28,581,0.261,42287.12,48,3,1,0.5,Mortgage,Other,0
CUST_04424,44,19823.24,10,641,0.2,12926.82,48,0,0,0.5,Mortgage,Debt Consolidation,0
CUST_04425,47,28898.52,5,800,0.248,97154.24,12,0,2,0.5,Rent,Debt Consolidation,0
CUST_04426,60,78116.67,20,752,0.28,45520.24,60,1,1,7.3,Mortgage,Other,0
CUST_04427,56,56640.44,9,739,0.399,19443.22,60,0,1,11.0,Mortgage,Education,0
CUST_04428,54,27578.53,31,618,0.506,21314.65,60,1,2,9.2,Mortgage,Medical,0
CUST_04429,49,29062.96,32,573,0.165,25020.94,36,1,1,8.5,Mortgage,Medical,0
CUST_04430,44,22821.43,16,613,0.271,31579.05,24,0,1,7.2,Mortgage,Education,0
CUST_04431,44,16755.09,2,687,0.206,20423.6,12,2,1,11.2,Rent,Education,0
CUST_04432,62,38207.99,17,717,0.775,43796.33,48,0,0,4.2,Rent,Home Improvement,1
CUST_04433,24,86037.52,9,791,0.098,38084.12,72,1,2,19.7,Own,Debt Consolidation,0
CUST_04434,23,86579.33,7,596,0.385,78461.98,48,0,1,17.4,Mortgage,Other,0
CUST_04435,54,49214.91,33,640,0.367,11978.79,72,2,0,7.9,Rent,Vehicle,0
CUST_04436,69,26867.26,32,794,0.311,67279.6,60,3,0,7.4,Own,Home Improvement,1
CUST_04437,43,17593.06,9,569,0.15,73231.24,60,0,1,9.6,Mortgage,Other,1
CUST_04438,43,61299.75,17,695,0.12,165710.67,60,0,0,11.9,Mortgage,Home Improvement,0
CUST_04439,65,45415.48,24,545,0.432,113769.52,36,1,2,7.3,Rent,Vehicle,1
CUST_04440,25,31004.45,1,656,0.683,23989.31,48,1,2,9.8,Rent,Home Improvement,1
CUST_04441,51,28519.8,18,818,0.094,34593.63,24,4,0,6.9,Mortgage,Other,0
CUST_04442,61,49031.5,9,718,0.203,200000.0,84,0,1,11.5,Rent,Vehicle,0
CUST_04443,26,24021.13,2,773,0.188,13668.67,84,2,1,3.8,Rent,Medical,0
CUST_04444,57,40929.9,18,718,0.419,92354.68,60,0,1,12.8,Mortgage,Other,0
CUST_04445,30,19733.82,25,717,0.485,50161.25,72,0,1,4.5,Own,Home Improvement,0
CUST_04446,60,110664.21,24,566,0.147,43874.43,60,2,0,6.8,Mortgage,Vehicle,0
CUST_04447,27,25757.38,16,825,0.435,49654.01,48,0,0,8.9,Own,Education,1
CUST_04448,59,50221.55,9,794,0.208,21190.62,60,1,1,7.3,Rent,Other,0
CUST_04449,58,19950.09,10,628,0.546,46166.93,60,1,3,5.3,Rent,Debt Consolidation,1
CUST_04450,41,33468.95,10,787,0.582,18459.19,36,3,2,5.9,Mortgage,Home Improvement,0
CUST_04451,40,56517.71,11,754,0.181,49435.32,36,0,2,10.2,Rent,Home Improvement,0
CUST_04452,23,62974.03,7,726,0.091,22470.06,60,1,2,3.7,Rent,Home Improvement,0
CUST_04453,42,53190.98,23,695,0.156,51471.94,36,1,1,8.8,Rent,Education,0
CUST_04454,67,33890.09,13,673,0.207,25619.33,36,1,2,9.6,Rent,Debt Consolidation,0
CUST_04455,24,26030.51,22,802,0.485,42110.07,60,1,0,3.6,Mortgage,Debt Consolidation,0
CUST_04456,48,21187.39,16,689,0.401,18044.25,36,1,1,2.9,Own,Debt Consolidation,0
CUST_04457,32,77026.08,4,713,0.036,12872.83,24,0,3,12.1,Mortgage,Debt Consolidation,0
CUST_04458,58,38241.85,2,796,0.158,16424.07,84,1,1,4.5,Mortgage,Debt Consolidation,0
CUST_04459,56,41945.21,8,761,0.419,16624.7,48,2,0,9.8,Mortgage,Medical,0
CUST_04460,67,65035.26,19,594,0.285,90542.36,84,0,0,0.5,Mortgage,Debt Consolidation,0
CUST_04461,61,48696.66,19,639,0.171,39798.23,48,2,1,12.5,Mortgage,Vehicle,0
CUST_04462,25,34074.05,18,622,0.135,23877.59,60,3,0,5.3,Mortgage,Medical,1
CUST_04463,33,52691.09,20,711,0.535,18464.51,60,0,2,7.5,Mortgage,Debt Consolidation,0
CUST_04464,43,26601.6,15,646,0.315,19639.26,36,3,2,15.4,Own,Other,0
CUST_04465,50,16721.14,32,653,0.45,115595.64,24,2,2,6.2,Mortgage,Home Improvement,0
CUST_04466,57,73564.74,4,664,0.228,103251.8,36,0,2,1.5,Mortgage,Debt Consolidation,0
CUST_04467,45,27733.55,23,706,0.125,33346.21,12,2,0,10.9,Rent,Vehicle,0
CUST_04468,68,31190.07,14,662,0.117,78418.54,60,1,1,16.1,Own,Home Improvement,0
CUST_04469,47,32596.44,25,748,0.123,126642.91,24,0,1,13.7,Own,Debt Consolidation,1
CUST_04470,34,26873.54,24,604,0.073,14299.85,36,0,1,6.3,Rent,Home Improvement,0
CUST_04471,68,62985.95,27,576,0.505,46533.81,24,0,2,13.5,Mortgage,Vehicle,0
CUST_04472,67,43792.95,32,634,0.195,28920.52,60,0,2,6.9,Mortgage,Debt Consolidation,0
CUST_04473,56,31197.92,17,609,0.323,21778.94,60,2,1,9.1,Mortgage,Education,0
CUST_04474,59,19190.4,17,684,0.284,53390.68,48,1,0,14.8,Mortgage,Medical,0
CUST_04475,36,42272.79,32,652,0.561,48672.0,84,2,0,5.3,Own,Debt Consolidation,0
CUST_04476,42,15000.0,26,589,0.212,26093.25,36,2,2,2.6,Own,Vehicle,0
CUST_04477,41,40797.37,14,588,0.56,48402.97,84,0,2,1.8,Mortgage,Debt Consolidation,0
CUST_04478,41,71082.06,12,693,0.165,31670.85,60,1,1,21.0,Rent,Vehicle,0
CUST_04479,28,37506.86,33,743,0.114,60470.34,72,1,0,13.6,Mortgage,Vehicle,0
CUST_04480,69,66380.83,3,631,0.285,48063.07,24,2,3,0.5,Rent,Debt Consolidation,1
CUST_04481,36,19641.72,34,674,0.165,76898.35,84,4,0,15.2,Mortgage,Vehicle,0
CUST_04482,51,100636.54,18,635,0.359,148091.27,60,0,2,6.2,Mortgage,Medical,1
CUST_04483,62,62858.58,30,669,0.399,15324.4,60,2,0,4.5,Own,Debt Consolidation,1
CUST_04484,30,46073.03,24,803,0.546,85903.69,12,0,1,3.4,Own,Medical,0
CUST_04485,52,26924.79,11,850,0.011,24656.04,12,0,1,0.5,Mortgage,Debt Consolidation,0
CUST_04486,54,24778.68,11,649,0.146,21672.08,36,0,1,10.1,Rent,Debt Consolidation,0
CUST_04487,29,35050.54,24,644,0.137,103538.28,48,0,1,11.7,Mortgage,Debt Consolidation,0
CUST_04488,37,66263.14,32,710,0.218,27390.12,36,2,2,7.2,Mortgage,Home Improvement,0
CUST_04489,31,18811.8,27,688,0.097,4886.96,60,1,1,10.7,Mortgage,Education,0
CUST_04490,52,36505.03,8,728,0.389,10055.73,60,3,0,0.5,Mortgage,Education,1
CUST_04491,30,52423.49,13,671,0.559,48399.53,72,4,0,3.6,Own,Other,0
CUST_04492,42,57795.97,2,667,0.218,27661.38,36,0,2,7.8,Own,Home Improvement,0
CUST_04493,37,52345.34,4,711,0.464,30018.47,60,1,1,3.3,Own,Debt Consolidation,0
CUST_04494,24,17875.8,25,697,0.36,33805.9,60,1,1,5.3,Mortgage,Debt Consolidation,0
CUST_04495,68,63952.06,17,646,0.693,16393.42,84,1,1,20.5,Mortgage,Debt Consolidation,0
CUST_04496,67,37556.32,20,689,0.328,86454.83,60,5,2,5.3,Own,Debt Consolidation,0
CUST_04497,45,21103.67,15,689,0.194,85802.49,72,0,3,12.4,Mortgage,Debt Consolidation,0
CUST_04498,41,35879.3,22,487,0.123,169588.72,36,1,1,5.3,Rent,Home Improvement,0
CUST_04499,57,15000.0,28,676,0.337,20652.23,60,0,1,18.2,Own,Home Improvement,0
CUST_04500,58,48491.75,9,743,0.171,27146.35,60,1,2,0.5,Mortgage,Other,1
CUST_04501,69,34069.07,4,649,0.246,22497.11,60,2,1,8.8,Rent,Home Improvement,0
CUST_04502,21,19243.76,10,628,0.139,32281.42,84,0,1,5.9,Mortgage,Vehicle,0
CUST_04503,45,31412.52,28,628,0.378,75030.31,48,2,3,5.8,Own,Other,0
CUST_04504,56,25495.76,26,703,0.303,20848.52,72,1,2,6.8,Rent,Education,1
CUST_04505,37,26323.26,33,611,0.243,28658.67,24,0,2,6.3,Mortgage,Vehicle,0
CUST_04506,61,15000.0,13,697,0.459,63128.49,48,0,1,11.1,Mortgage,Debt Consolidation,0
CUST_04507,44,15739.34,9,691,0.275,17908.32,24,1,3,9.8,Rent,Debt Consolidation,0
CUST_04508,22,32375.28,10,587,0.43,46108.2,60,1,1,6.9,Mortgage,Medical,1
CUST_04509,60,29706.61,10,746,0.466,33020.43,60,1,2,11.0,Rent,Debt Consolidation,0
CUST_04510,35,59100.17,34,768,0.499,129351.8,36,2,2,11.5,Own,Debt Consolidation,0
CUST_04511,52,26479.03,18,698,0.496,200000.0,72,2,3,7.2,Mortgage,Home Improvement,1
CUST_04512,59,27903.55,23,683,0.477,53398.72,36,3,0,18.3,Mortgage,Vehicle,0
CUST_04513,26,28563.36,0,645,0.506,54088.99,48,1,1,12.1,Own,Debt Consolidation,1
CUST_04514,21,32908.46,11,648,0.375,43946.29,60,3,1,13.3,Mortgage,Home Improvement,0
CUST_04515,67,38014.85,13,650,0.318,39297.01,36,1,1,9.4,Rent,Debt Consolidation,0
CUST_04516,43,29638.7,2,732,0.284,67360.48,60,0,2,7.8,Rent,Vehicle,0
CUST_04517,59,48320.48,31,720,0.394,41071.24,48,2,1,0.5,Mortgage,Debt Consolidation,0
CUST_04518,37,114704.04,15,542,0.155,110523.3,48,2,2,10.8,Mortgage,Home Improvement,0
CUST_04519,54,24035.28,9,576,0.312,32027.87,48,2,0,6.1,Mortgage,Medical,0
CUST_04520,61,44175.03,16,622,0.22,54122.06,60,1,3,7.1,Rent,Debt Consolidation,0
CUST_04521,49,36855.61,3,647,0.535,26829.94,60,0,1,11.5,Rent,Debt Consolidation,1
CUST_04522,29,61298.91,14,710,0.391,91275.35,36,2,2,13.9,Rent,Other,0
CUST_04523,33,40195.08,32,642,0.39,19921.77,36,1,1,6.1,Own,Debt Consolidation,0
CUST_04524,26,25254.87,9,709,0.319,44949.18,72,3,0,0.5,Mortgage,Education,1
CUST_04525,26,20281.68,6,792,0.406,33403.55,84,4,1,12.7,Own,Home Improvement,1
CUST_04526,40,49278.58,32,639,0.336,39508.27,36,1,4,14.0,Own,Debt Consolidation,0
CUST_04527,23,21122.6,16,616,0.248,13867.21,36,2,2,11.4,Rent,Home Improvement,1
CUST_04528,37,65635.39,11,601,0.277,62212.33,24,2,2,4.5,Own,Home Improvement,0
CUST_04529,69,47886.86,16,608,0.355,7109.49,36,1,0,6.9,Rent,Home Improvement,0
CUST_04530,32,37924.57,15,719,0.346,36865.95,48,2,0,8.4,Own,Home Improvement,0
CUST_04531,68,18842.54,13,733,0.108,12074.63,12,1,2,11.4,Rent,Vehicle,0
CUST_04532,67,50902.21,2,724,0.273,28256.56,36,2,1,5.7,Own,Debt Consolidation,0
CUST_04533,65,81502.02,29,607,0.22,25757.49,72,0,0,5.4,Rent,Debt Consolidation,0
CUST_04534,21,29361.88,34,653,0.303,28112.73,24,2,0,15.2,Rent,Home Improvement,0
CUST_04535,37,25060.45,25,653,0.394,149112.07,60,0,3,11.2,Rent,Debt Consolidation,1
CUST_04536,23,34682.38,11,800,0.177,62106.38,60,0,1,10.7,Mortgage,Education,0
CUST_04537,46,45865.62,30,701,0.248,36176.09,36,1,2,13.0,Rent,Vehicle,0
CUST_04538,35,27844.49,16,688,0.614,43689.96,48,2,0,15.0,Mortgage,Debt Consolidation,1
CUST_04539,56,56931.22,7,699,0.369,13123.15,36,1,1,8.7,Rent,Medical,0
CUST_04540,52,94405.91,18,650,0.209,6341.21,60,0,4,11.1,Own,Debt Consolidation,0
CUST_04541,52,42835.52,25,708,0.24,99059.93,24,1,1,3.3,Rent,Other,0
CUST_04542,24,30868.98,3,647,0.268,43252.18,60,1,0,10.5,Mortgage,Home Improvement,0
CUST_04543,38,45251.99,14,780,0.085,86054.96,48,0,4,6.3,Mortgage,Home Improvement,0
CUST_04544,69,65424.35,13,619,0.471,44376.23,12,0,1,9.2,Mortgage,Home Improvement,1
CUST_04545,39,39332.97,29,693,0.474,43408.34,72,1,0,12.5,Mortgage,Other,0
CUST_04546,63,46283.81,23,727,0.357,33975.9,12,4,0,0.5,Rent,Medical,0
CUST_04547,55,51657.11,33,674,0.054,111100.82,72,1,3,11.7,Mortgage,Debt Consolidation,0
CUST_04548,60,23441.82,18,689,0.319,24825.19,36,1,1,2.0,Own,Home Improvement,0
CUST_04549,34,45686.62,2,666,0.138,56986.1,84,0,0,5.3,Mortgage,Debt Consolidation,0
CUST_04550,53,18564.86,3,616,0.414,42611.51,84,1,2,9.1,Own,Vehicle,1
CUST_04551,34,26128.56,10,801,0.31,89956.14,36,2,2,0.5,Mortgage,Debt Consolidation,1
CUST_04552,54,64397.57,12,655,0.229,153280.53,36,0,0,11.8,Rent,Vehicle,0
CUST_04553,24,56135.16,17,589,0.449,11700.92,60,2,1,15.6,Mortgage,Home Improvement,1
CUST_04554,44,31726.58,18,629,0.381,18168.04,24,1,0,11.4,Own,Education,0
CUST_04555,49,85211.93,32,773,0.1,71221.26,12,2,1,12.1,Mortgage,Vehicle,0
CUST_04556,39,18862.01,2,839,0.659,40009.5,60,2,2,4.4,Own,Debt Consolidation,1
CUST_04557,26,32776.14,34,706,0.228,51535.64,36,3,2,3.7,Own,Debt Consolidation,0
CUST_04558,53,41670.64,0,735,0.174,22647.83,36,1,3,2.9,Rent,Debt Consolidation,0
CUST_04559,69,15000.0,34,809,0.101,36727.24,48,0,2,1.9,Mortgage,Home Improvement,1
CUST_04560,60,33562.64,24,613,0.217,10408.74,36,1,0,11.4,Mortgage,Vehicle,0
CUST_04561,39,20697.14,12,707,0.293,18782.59,24,2,3,8.6,Mortgage,Vehicle,0
CUST_04562,21,20934.03,3,808,0.117,102116.05,60,1,0,9.7,Rent,Debt Consolidation,0
CUST_04563,25,31694.08,5,739,0.151,20960.21,48,4,0,14.5,Rent,Vehicle,1
CUST_04564,47,15000.0,10,661,0.055,83859.96,60,1,3,5.6,Mortgage,Debt Consolidation,1
CUST_04565,36,24246.32,0,705,0.356,24370.39,72,2,3,6.9,Own,Debt Consolidation,0
CUST_04566,26,15000.0,7,810,0.149,36889.22,36,2,1,6.9,Mortgage,Vehicle,0
CUST_04567,60,38634.21,33,691,0.462,42877.5,72,2,2,8.5,Rent,Other,0
CUST_04568,33,38260.51,8,615,0.231,19648.71,84,4,1,11.3,Mortgage,Home Improvement,1
CUST_04569,68,30507.44,20,723,0.433,60924.2,36,1,3,3.9,Rent,Education,0
CUST_04570,55,59767.81,19,617,0.305,125585.21,72,4,3,0.5,Rent,Vehicle,0
CUST_04571,39,31317.07,0,629,0.607,60542.23,36,0,2,0.5,Mortgage,Other,1
CUST_04572,32,35898.82,34,647,0.22,15586.69,60,2,1,8.8,Mortgage,Medical,0
CUST_04573,36,23086.41,27,679,0.208,44932.27,72,0,2,3.9,Mortgage,Education,0
CUST_04574,63,15000.0,6,621,0.242,90783.93,84,0,1,7.6,Mortgage,Vehicle,1
CUST_04575,30,33770.07,8,709,0.186,23577.42,60,3,4,14.9,Mortgage,Vehicle,0
CUST_04576,45,31635.21,0,656,0.127,42320.68,48,3,3,17.8,Mortgage,Vehicle,0
CUST_04577,40,85387.44,33,737,0.139,20120.23,24,3,1,21.3,Rent,Home Improvement,0
CUST_04578,51,50702.12,33,683,0.306,23203.82,48,0,1,17.0,Rent,Medical,1
CUST_04579,24,29538.19,16,669,0.144,29565.92,60,1,0,6.3,Rent,Home Improvement,0
CUST_04580,64,38981.07,31,672,0.489,41506.8,12,3,1,0.7,Mortgage,Home Improvement,0
CUST_04581,43,57154.25,1,782,0.243,89183.58,72,2,1,14.5,Rent,Vehicle,0
CUST_04582,22,47022.31,24,742,0.494,29604.35,60,2,1,8.6,Mortgage,Debt Consolidation,0
CUST_04583,42,83654.7,25,580,0.391,30391.48,60,2,2,7.9,Rent,Education,1
CUST_04584,57,24472.41,25,645,0.141,83788.61,60,0,0,0.7,Mortgage,Debt Consolidation,1
CUST_04585,28,59131.38,20,687,0.419,30282.78,72,5,1,5.3,Own,Home Improvement,0
CUST_04586,27,29394.53,17,528,0.161,61763.37,60,1,0,15.1,Mortgage,Other,0
CUST_04587,34,40006.94,28,710,0.04,18451.23,48,0,1,0.5,Mortgage,Medical,0
CUST_04588,23,27478.56,23,621,0.242,35842.71,72,1,3,6.6,Rent,Debt Consolidation,0
CUST_04589,36,33826.37,27,629,0.553,103092.21,84,2,0,6.3,Mortgage,Home Improvement,0
CUST_04590,39,40367.53,11,631,0.217,12178.74,60,3,0,8.8,Own,Debt Consolidation,1
CUST_04591,38,48855.72,10,768,0.208,34522.77,60,1,0,1.9,Mortgage,Home Improvement,0
CUST_04592,36,37446.88,26,723,0.352,15549.03,60,1,2,12.9,Own,Debt Consolidation,0
CUST_04593,28,15000.0,22,648,0.14,51903.04,24,1,2,6.2,Own,Other,1
CUST_04594,53,34944.82,32,641,0.582,55866.22,60,4,1,11.7,Rent,Home Improvement,0
CUST_04595,69,75750.5,15,692,0.076,12570.46,60,0,1,2.6,Rent,Vehicle,0
CUST_04596,32,34806.66,27,792,0.266,29716.44,48,1,2,6.3,Rent,Vehicle,0
CUST_04597,31,76821.58,27,662,0.275,10579.04,60,3,2,8.3,Mortgage,Home Improvement,0
CUST_04598,25,34197.29,5,550,0.108,39457.43,36,1,1,3.0,Own,Debt Consolidation,0
CUST_04599,47,16547.81,28,692,0.107,53879.8,60,1,2,5.7,Rent,Home Improvement,0
CUST_04600,32,29246.72,33,699,0.156,65034.98,36,1,3,2.3,Own,Debt Consolidation,0
CUST_04601,37,27468.17,2,706,0.237,74624.89,48,2,2,4.4,Own,Debt Consolidation,1
CUST_04602,26,32377.97,5,677,0.619,53885.04,60,4,0,11.7,Rent,Other,0
CUST_04603,53,20077.21,12,690,0.292,18548.26,60,2,0,4.6,Rent,Debt Consolidation,0
CUST_04604,25,36155.68,14,611,0.22,50363.33,24,1,1,1.7,Own,Debt Consolidation,0
CUST_04605,48,30818.49,5,756,0.394,57494.12,48,2,0,4.9,Rent,Other,0
CUST_04606,34,69142.92,32,643,0.332,49415.23,60,1,1,4.6,Mortgage,Medical,1
CUST_04607,25,19828.62,11,662,0.115,19859.2,24,1,0,2.9,Mortgage,Education,0
CUST_04608,53,41061.83,12,708,0.194,56703.34,72,3,0,5.6,Mortgage,Home Improvement,0
CUST_04609,68,44601.11,32,695,0.204,170475.74,48,1,0,10.1,Own,Vehicle,0
CUST_04610,61,53502.86,27,790,0.465,149530.52,48,1,2,12.9,Own,Home Improvement,0
CUST_04611,39,30278.89,4,772,0.316,84669.42,60,1,1,4.5,Rent,Home Improvement,0
CUST_04612,42,40554.44,24,645,0.217,25018.84,36,2,1,1.6,Mortgage,Other,0
CUST_04613,25,43331.67,16,818,0.201,17863.7,36,2,0,0.5,Mortgage,Debt Consolidation,0
CUST_04614,22,15927.75,18,746,0.437,21951.79,60,2,0,4.6,Own,Education,1
CUST_04615,50,30827.11,34,689,0.343,41544.29,36,1,2,3.1,Rent,Vehicle,0
CUST_04616,67,35727.2,33,634,0.174,73324.31,72,1,0,13.4,Rent,Debt Consolidation,0
CUST_04617,59,37884.19,5,675,0.128,66266.6,72,0,0,14.1,Mortgage,Vehicle,1
CUST_04618,24,37653.06,18,546,0.187,26630.53,36,1,2,4.2,Mortgage,Medical,1
CUST_04619,53,45195.85,0,718,0.285,21770.69,36,1,1,13.0,Own,Other,0
CUST_04620,33,95683.63,6,588,0.241,22092.4,48,3,0,4.9,Own,Debt Consolidation,0
CUST_04621,40,26964.75,33,714,0.425,22908.42,60,0,2,5.7,Rent,Medical,0
CUST_04622,27,43940.24,18,646,0.164,91393.45,72,1,2,0.5,Rent,Vehicle,0
CUST_04623,35,69609.17,32,689,0.357,22396.67,24,2,2,2.9,Rent,Vehicle,0
CUST_04624,43,15000.0,25,637,0.01,67647.49,60,2,5,2.9,Rent,Debt Consolidation,0
CUST_04625,34,41525.61,26,629,0.301,6862.69,24,2,1,5.4,Own,Education,0
CUST_04626,43,15674.81,25,731,0.196,44267.93,60,0,2,14.6,Own,Vehicle,1
CUST_04627,39,108313.91,34,636,0.144,18904.58,60,2,3,7.7,Own,Vehicle,0
CUST_04628,49,47146.99,19,617,0.561,4676.68,84,3,0,5.5,Own,Home Improvement,0
CUST_04629,40,44070.47,23,606,0.304,12354.52,60,0,2,13.1,Mortgage,Home Improvement,0
CUST_04630,49,15000.0,20,740,0.753,32413.86,60,1,1,15.0,Mortgage,Vehicle,1
CUST_04631,44,28219.09,25,602,0.193,61153.38,12,0,0,12.8,Mortgage,Vehicle,0
CUST_04632,38,28285.43,19,680,0.526,60289.49,60,0,0,7.3,Rent,Other,0
CUST_04633,30,87836.09,5,835,0.151,103093.86,60,1,3,7.0,Mortgage,Debt Consolidation,0
CUST_04634,61,52292.1,2,632,0.308,22043.3,60,1,1,2.3,Own,Debt Consolidation,0
CUST_04635,28,15891.45,9,625,0.062,42277.54,24,1,0,6.1,Rent,Medical,0
CUST_04636,46,45924.37,11,756,0.278,83213.81,36,2,1,10.3,Mortgage,Vehicle,0
CUST_04637,49,17129.34,32,597,0.37,95596.28,24,1,2,11.4,Own,Debt Consolidation,0
CUST_04638,30,16080.03,21,756,0.11,65679.38,72,3,0,8.3,Own,Debt Consolidation,0
CUST_04639,37,45556.61,15,653,0.38,81384.93,36,3,1,8.8,Rent,Education,1
CUST_04640,22,52700.73,16,743,0.52,39865.13,72,1,2,12.7,Own,Debt Consolidation,1
CUST_04641,26,45678.22,9,711,0.261,33719.08,36,3,1,2.8,Mortgage,Other,1
CUST_04642,25,92947.61,11,720,0.203,17779.26,60,1,1,9.3,Mortgage,Home Improvement,0
CUST_04643,48,43668.24,18,649,0.318,19460.95,12,1,0,5.3,Mortgage,Vehicle,0
CUST_04644,61,39539.17,22,653,0.354,43333.34,60,1,0,12.9,Mortgage,Home Improvement,0
CUST_04645,25,19771.47,9,644,0.286,12663.33,60,3,1,5.7,Rent,Debt Consolidation,0
CUST_04646,38,55759.71,9,773,0.216,83154.28,24,0,2,0.5,Own,Home Improvement,0
CUST_04647,46,15903.24,9,680,0.165,38702.7,48,2,1,3.4,Mortgage,Education,0
CUST_04648,40,99726.28,29,816,0.176,99728.57,60,0,1,0.5,Mortgage,Home Improvement,0
CUST_04649,61,56128.5,3,696,0.284,29224.76,48,1,0,7.1,Rent,Debt Consolidation,0
CUST_04650,69,146517.28,0,667,0.294,30763.54,72,3,1,13.7,Mortgage,Debt Consolidation,0
CUST_04651,47,44119.81,18,665,0.306,22927.93,36,2,3,13.0,Own,Debt Consolidation,1
CUST_04652,69,57531.22,4,631,0.087,19502.02,84,3,0,4.3,Own,Education,0
CUST_04653,32,31615.87,29,696,0.193,33863.62,48,0,3,10.2,Rent,Debt Consolidation,0
CUST_04654,27,35538.08,25,674,0.178,57171.16,84,2,1,8.6,Rent,Debt Consolidation,0
CUST_04655,23,21466.16,33,637,0.55,28596.93,48,1,2,8.2,Rent,Debt Consolidation,0
CUST_04656,30,17608.65,1,676,0.041,49037.3,72,1,0,4.0,Mortgage,Vehicle,0
CUST_04657,54,39924.64,23,645,0.139,18517.49,60,3,1,7.9,Rent,Vehicle,1
CUST_04658,45,35433.35,13,700,0.096,12242.59,48,2,0,0.5,Mortgage,Home Improvement,1
CUST_04659,55,21205.44,12,730,0.405,69503.47,60,3,0,5.2,Mortgage,Debt Consolidation,0
CUST_04660,36,23170.48,28,636,0.284,106595.59,60,2,1,24.1,Own,Vehicle,0
CUST_04661,22,36909.9,0,648,0.249,54754.21,24,5,1,11.4,Mortgage,Debt Consolidation,1
CUST_04662,44,21024.4,33,617,0.273,12670.45,60,4,0,10.6,Mortgage,Debt Consolidation,0
CUST_04663,30,43404.68,3,759,0.32,31240.95,60,0,0,0.5,Mortgage,Medical,0
CUST_04664,58,21353.17,27,556,0.253,22332.93,48,0,2,10.4,Rent,Education,0
CUST_04665,42,41271.49,18,634,0.357,37921.99,36,1,0,7.4,Rent,Home Improvement,1
CUST_04666,46,20427.64,0,730,0.461,15934.43,48,2,0,6.3,Own,Home Improvement,0
CUST_04667,63,20470.54,12,636,0.259,81183.0,60,1,0,2.4,Mortgage,Vehicle,0
CUST_04668,59,15000.0,4,633,0.356,29005.2,72,1,2,5.6,Rent,Education,0
CUST_04669,47,33518.76,32,727,0.226,58066.06,36,2,2,7.6,Rent,Debt Consolidation,1
CUST_04670,49,75134.29,13,521,0.141,57344.8,36,0,1,12.2,Mortgage,Debt Consolidation,0
CUST_04671,67,73032.91,15,682,0.251,31261.36,36,2,0,14.4,Own,Home Improvement,0
CUST_04672,58,42703.4,31,641,0.387,13027.26,36,0,0,2.2,Rent,Education,0
CUST_04673,40,15000.0,26,643,0.163,101872.64,36,1,2,12.7,Rent,Education,0
CUST_04674,47,55378.0,34,755,0.19,135099.09,36,3,2,7.9,Rent,Debt Consolidation,0
CUST_04675,61,40653.21,2,679,0.658,23800.39,48,3,1,9.5,Own,Home Improvement,0
CUST_04676,40,29636.1,3,599,0.329,15053.63,60,1,2,11.4,Own,Debt Consolidation,1
CUST_04677,64,66415.32,6,576,0.171,97416.03,60,3,0,6.2,Rent,Medical,0
CUST_04678,39,49400.82,12,676,0.498,31483.1,84,0,1,9.2,Mortgage,Debt Consolidation,0
CUST_04679,40,96836.04,2,584,0.342,18252.44,24,4,0,14.8,Mortgage,Vehicle,1
CUST_04680,55,17982.97,16,764,0.532,15709.74,36,1,2,7.5,Mortgage,Debt Consolidation,0
CUST_04681,67,18700.11,9,603,0.389,66721.01,48,1,3,13.3,Mortgage,Education,0
CUST_04682,22,20343.37,0,679,0.374,28831.28,84,0,0,15.7,Own,Education,0
CUST_04683,50,31492.01,27,544,0.211,63073.4,36,0,1,9.4,Mortgage,Vehicle,1
CUST_04684,54,80345.08,9,547,0.327,28116.45,72,1,1,7.0,Mortgage,Other,0
CUST_04685,42,26587.69,6,665,0.274,14080.69,48,4,3,5.8,Own,Other,0
CUST_04686,23,26873.55,2,850,0.349,30059.54,84,1,1,1.0,Rent,Home Improvement,0
CUST_04687,26,44741.02,6,641,0.166,12145.57,12,3,0,2.1,Mortgage,Debt Consolidation,0
CUST_04688,35,55358.07,8,728,0.225,33180.97,36,2,1,8.2,Mortgage,Vehicle,0
CUST_04689,47,15000.0,34,645,0.148,20059.51,12,3,1,8.5,Mortgage,Education,0
CUST_04690,30,61074.97,25,751,0.453,19460.19,60,1,2,6.9,Own,Education,0
CUST_04691,29,26170.6,4,674,0.343,71947.93,60,1,1,4.6,Own,Medical,0
CUST_04692,53,34502.52,12,593,0.086,33622.63,36,3,2,20.5,Rent,Medical,0
CUST_04693,52,73801.33,29,663,0.438,8060.4,24,1,1,13.4,Mortgage,Home Improvement,0
CUST_04694,68,32590.57,9,555,0.229,31060.3,60,5,1,10.5,Rent,Other,0
CUST_04695,26,16883.04,22,618,0.151,82690.05,60,1,1,1.8,Mortgage,Home Improvement,0
CUST_04696,61,17379.51,10,707,0.233,92230.81,72,1,0,4.9,Rent,Education,0
CUST_04697,56,35790.72,11,634,0.467,49408.93,36,0,0,6.8,Own,Education,0
CUST_04698,22,30724.56,12,650,0.129,20729.22,60,2,2,8.1,Mortgage,Education,1
CUST_04699,49,37411.62,15,746,0.238,39758.09,72,1,1,3.4,Rent,Vehicle,0
CUST_04700,24,29713.63,8,645,0.457,50405.87,36,0,2,14.0,Rent,Education,0
CUST_04701,21,67556.09,9,716,0.452,128104.4,60,1,2,10.4,Mortgage,Education,0
CUST_04702,39,36768.02,28,638,0.235,18725.61,60,0,1,8.7,Rent,Education,0
CUST_04703,46,15040.64,8,744,0.435,24916.92,12,1,2,10.4,Rent,Other,1
CUST_04704,45,54626.07,32,772,0.263,36047.67,60,1,3,7.1,Rent,Other,0
CUST_04705,30,94196.23,23,542,0.094,20162.84,60,0,0,6.1,Own,Vehicle,0
CUST_04706,35,39240.53,34,611,0.307,29251.01,36,2,3,2.5,Mortgage,Education,0
CUST_04707,42,40793.38,10,664,0.102,24887.86,12,1,1,17.4,Mortgage,Education,0
CUST_04708,68,24589.07,12,632,0.633,88848.96,60,1,0,14.6,Rent,Debt Consolidation,1
CUST_04709,41,32169.52,22,740,0.189,40430.51,24,1,0,7.7,Own,Vehicle,0
CUST_04710,42,46696.99,24,695,0.198,41517.45,60,5,1,6.7,Mortgage,Education,0
CUST_04711,56,63952.44,15,614,0.339,33201.87,36,0,0,12.1,Own,Education,1
CUST_04712,54,45387.87,20,779,0.329,20497.08,72,2,4,6.9,Mortgage,Vehicle,0
CUST_04713,50,90131.09,9,778,0.404,84257.57,60,1,1,15.0,Rent,Vehicle,0
CUST_04714,45,38148.25,18,587,0.135,50290.1,60,1,3,11.2,Rent,Vehicle,0
CUST_04715,65,20726.17,34,638,0.189,44993.03,48,3,1,13.2,Rent,Vehicle,0
CUST_04716,48,21025.1,27,738,0.382,75988.66,12,4,2,0.5,Rent,Other,0
CUST_04717,21,67319.54,1,745,0.138,26559.72,60,2,1,13.7,Rent,Debt Consolidation,0
CUST_04718,69,60087.13,29,778,0.175,112734.56,48,2,1,5.3,Rent,Debt Consolidation,0
CUST_04719,65,15957.72,4,850,0.146,28191.76,36,2,0,6.6,Own,Debt Consolidation,0
CUST_04720,24,32703.78,14,709,0.44,74905.68,60,0,1,13.8,Own,Debt Consolidation,1
CUST_04721,27,33303.01,2,769,0.471,16644.51,48,4,0,10.9,Mortgage,Debt Consolidation,0
CUST_04722,69,24940.13,23,850,0.263,34881.49,36,0,1,4.5,Own,Other,0
CUST_04723,29,17940.45,11,679,0.123,76422.81,24,0,1,7.4,Mortgage,Debt Consolidation,0
CUST_04724,56,24666.42,7,625,0.388,44819.03,24,3,0,10.7,Rent,Medical,1
CUST_04725,39,22546.29,13,698,0.21,101806.35,36,2,0,16.7,Rent,Home Improvement,0
CUST_04726,21,18156.17,17,792,0.197,26662.32,72,3,0,10.7,Mortgage,Debt Consolidation,0
CUST_04727,30,54969.44,19,807,0.132,54741.89,24,2,1,8.2,Mortgage,Home Improvement,0
CUST_04728,56,41834.36,22,690,0.247,16467.53,60,1,2,11.6,Mortgage,Home Improvement,0
CUST_04729,29,28794.47,4,668,0.054,56007.86,72,1,0,9.0,Rent,Home Improvement,1
CUST_04730,65,15000.0,0,591,0.479,34159.36,60,2,0,9.0,Rent,Debt Consolidation,0
CUST_04731,66,31271.49,1,686,0.165,15579.66,72,3,4,1.9,Mortgage,Debt Consolidation,1
CUST_04732,62,47123.53,15,598,0.076,39273.74,36,4,1,6.5,Rent,Home Improvement,1
CUST_04733,52,25134.03,4,612,0.25,102262.23,84,4,0,11.8,Rent,Debt Consolidation,0
CUST_04734,52,20435.26,21,697,0.356,35036.77,48,2,0,7.6,Mortgage,Debt Consolidation,0
CUST_04735,26,34149.01,0,591,0.037,46848.75,60,2,1,11.1,Rent,Education,0
CUST_04736,68,42938.94,11,705,0.125,39921.6,48,1,3,5.6,Rent,Medical,0
CUST_04737,58,15000.0,18,746,0.351,36657.37,36,1,1,12.5,Rent,Vehicle,0
CUST_04738,37,71467.96,21,606,0.322,19502.65,60,1,2,6.4,Mortgage,Other,0
CUST_04739,30,19446.77,16,639,0.462,50047.33,48,0,4,10.2,Rent,Home Improvement,0
CUST_04740,47,29395.85,12,579,0.628,19909.04,84,3,0,13.2,Mortgage,Debt Consolidation,1
CUST_04741,55,65554.39,27,722,0.272,132371.78,60,2,1,5.6,Own,Debt Consolidation,0
CUST_04742,41,38664.59,2,576,0.478,18382.0,60,0,0,0.5,Rent,Debt Consolidation,0
CUST_04743,45,62821.06,4,729,0.232,92565.21,60,2,2,7.7,Mortgage,Education,0
CUST_04744,48,78971.28,14,700,0.302,12627.81,60,1,1,7.2,Own,Vehicle,0
CUST_04745,67,17503.6,16,831,0.389,35562.23,72,0,0,0.5,Mortgage,Vehicle,0
CUST_04746,35,57012.28,28,797,0.651,25631.81,60,1,1,12.8,Mortgage,Debt Consolidation,0
CUST_04747,24,70455.98,3,597,0.449,20203.88,84,3,1,11.4,Rent,Vehicle,1
CUST_04748,49,30094.49,31,808,0.286,58370.76,48,1,3,1.7,Own,Other,0
CUST_04749,29,31316.27,3,643,0.47,56735.56,24,0,1,11.7,Mortgage,Medical,1
CUST_04750,47,15000.0,12,624,0.162,14206.11,60,3,1,2.8,Rent,Other,0
CUST_04751,46,53666.26,19,644,0.154,41376.03,12,0,0,9.7,Own,Home Improvement,1
CUST_04752,39,15000.0,17,660,0.472,45136.57,36,0,1,2.5,Rent,Medical,1
CUST_04753,48,58947.58,11,831,0.465,43616.29,48,1,2,5.7,Mortgage,Debt Consolidation,0
CUST_04754,37,17875.12,24,483,0.662,31760.15,72,2,0,3.5,Mortgage,Debt Consolidation,0
CUST_04755,63,72790.76,29,810,0.245,19504.65,60,0,0,9.4,Own,Education,0
CUST_04756,61,44273.28,14,738,0.175,94313.8,72,2,0,10.0,Rent,Debt Consolidation,0
CUST_04757,62,60143.21,7,692,0.133,42573.84,36,2,0,11.8,Own,Home Improvement,0
CUST_04758,40,24187.99,27,638,0.36,15820.83,36,4,2,8.2,Mortgage,Medical,1
CUST_04759,65,18643.88,21,674,0.26,126550.56,36,0,1,13.1,Rent,Other,1
CUST_04760,60,15035.79,15,740,0.074,6715.54,60,0,2,10.2,Rent,Other,0
CUST_04761,59,62667.7,4,747,0.544,15284.86,60,0,0,0.7,Own,Debt Consolidation,1
CUST_04762,69,50588.02,33,622,0.264,44858.89,36,1,1,2.3,Rent,Debt Consolidation,0
CUST_04763,43,51493.28,10,734,0.448,27568.07,48,2,1,13.5,Mortgage,Vehicle,0
CUST_04764,67,42012.45,1,639,0.523,41242.93,36,1,1,12.7,Mortgage,Vehicle,1
CUST_04765,52,47664.2,24,668,0.382,26955.24,60,1,0,4.0,Mortgage,Education,0
CUST_04766,67,31387.58,24,772,0.493,30185.48,36,2,1,12.1,Rent,Debt Consolidation,0
CUST_04767,53,43702.05,0,736,0.225,16414.9,60,2,2,7.5,Rent,Debt Consolidation,0
CUST_04768,66,23660.96,30,567,0.662,42775.02,48,4,0,10.6,Mortgage,Vehicle,1
CUST_04769,25,30596.27,4,689,0.251,18408.63,72,7,2,1.9,Mortgage,Home Improvement,0
CUST_04770,63,166319.31,3,709,0.376,42502.53,84,1,1,6.0,Own,Other,1
CUST_04771,68,37029.15,4,690,0.359,64877.96,60,3,3,13.1,Mortgage,Education,0
CUST_04772,54,15000.0,4,504,0.435,56260.99,72,2,1,12.9,Rent,Education,0
CUST_04773,60,29605.19,15,585,0.496,32634.09,60,0,1,7.3,Own,Medical,0
CUST_04774,31,21401.98,17,556,0.38,17606.8,60,2,2,15.5,Rent,Education,1
CUST_04775,23,39324.75,16,636,0.301,19855.76,48,1,1,10.8,Rent,Debt Consolidation,0
CUST_04776,53,23279.31,34,690,0.116,24874.64,60,1,1,2.2,Mortgage,Debt Consolidation,0
CUST_04777,31,32665.81,17,643,0.306,91419.84,36,0,0,8.5,Rent,Vehicle,1
CUST_04778,36,25086.37,3,637,0.369,29763.17,36,3,1,0.5,Rent,Debt Consolidation,0
CUST_04779,38,40078.37,30,558,0.213,10660.65,72,2,1,13.7,Mortgage,Vehicle,1
CUST_04780,50,26537.14,30,593,0.087,19587.65,36,1,0,9.0,Rent,Debt Consolidation,0
CUST_04781,68,43409.78,8,613,0.541,71470.39,48,0,2,12.3,Own,Debt Consolidation,0
CUST_04782,30,96210.21,30,742,0.117,48635.31,60,3,1,6.9,Own,Home Improvement,0
CUST_04783,38,20389.88,4,710,0.333,75096.62,60,2,2,7.3,Own,Debt Consolidation,0
CUST_04784,58,52152.51,15,735,0.566,19475.38,36,1,2,7.0,Own,Education,1
CUST_04785,39,15000.0,15,712,0.235,35392.58,60,2,4,9.5,Mortgage,Debt Consolidation,1
CUST_04786,56,32325.58,19,738,0.088,12786.42,48,4,1,17.5,Mortgage,Debt Consolidation,0
CUST_04787,33,40719.09,29,584,0.051,26402.18,60,2,0,12.3,Rent,Education,0
CUST_04788,66,24984.07,25,774,0.445,165360.07,60,2,1,4.0,Own,Medical,0
CUST_04789,23,15000.0,30,753,0.255,39714.21,12,1,3,7.3,Mortgage,Home Improvement,0
CUST_04790,30,35631.31,14,654,0.139,72263.35,60,1,0,7.7,Mortgage,Home Improvement,0
CUST_04791,58,78124.4,19,748,0.485,24342.52,60,1,1,5.7,Rent,Other,1
CUST_04792,21,33751.34,34,765,0.336,28037.71,72,1,1,8.5,Rent,Debt Consolidation,0
CUST_04793,47,48015.87,22,676,0.137,52042.43,24,2,3,14.4,Mortgage,Home Improvement,0
CUST_04794,66,63795.65,24,718,0.477,143091.56,60,4,1,5.7,Rent,Debt Consolidation,0
CUST_04795,28,124958.54,21,644,0.377,25114.54,48,3,2,14.0,Rent,Debt Consolidation,0
CUST_04796,66,21458.07,7,772,0.349,105362.25,60,0,2,16.5,Mortgage,Vehicle,0
CUST_04797,62,22594.11,8,648,0.271,126012.49,60,0,3,8.0,Mortgage,Other,0
CUST_04798,37,31378.64,14,702,0.039,23953.43,24,2,1,12.8,Own,Home Improvement,1
CUST_04799,29,49400.62,19,677,0.193,26122.93,48,0,0,6.9,Rent,Home Improvement,0
CUST_04800,26,15000.0,34,639,0.229,34485.1,48,1,2,6.4,Mortgage,Debt Consolidation,0
CUST_04801,63,50356.32,2,561,0.348,25651.2,48,1,4,9.6,Mortgage,Debt Consolidation,1
CUST_04802,45,39109.94,33,742,0.099,49643.35,48,2,1,6.3,Rent,Debt Consolidation,0
CUST_04803,59,27806.58,33,678,0.211,10033.15,60,3,0,19.5,Rent,Home Improvement,0
CUST_04804,69,44925.24,34,808,0.079,12155.95,24,1,2,1.8,Own,Education,0
CUST_04805,48,56660.05,8,765,0.2,61579.67,36,2,2,7.7,Rent,Education,0
CUST_04806,53,60718.94,29,764,0.575,162442.52,60,0,3,9.0,Mortgage,Vehicle,0
CUST_04807,57,36584.56,25,731,0.715,75601.76,72,0,1,0.5,Mortgage,Home Improvement,0
CUST_04808,29,42745.38,11,733,0.164,12307.86,60,2,2,14.2,Mortgage,Medical,0
CUST_04809,38,41946.95,23,691,0.374,18234.22,24,3,1,10.9,Own,Debt Consolidation,1
CUST_04810,41,67211.43,18,738,0.309,26022.33,60,0,1,0.8,Mortgage,Debt Consolidation,0
CUST_04811,22,43941.22,15,649,0.277,12149.76,36,0,1,0.5,Own,Debt Consolidation,0
CUST_04812,63,50141.87,25,509,0.072,6523.67,60,1,0,9.4,Own,Debt Consolidation,0
CUST_04813,58,56745.42,22,730,0.468,53168.73,60,1,2,5.7,Rent,Education,0
CUST_04814,60,96691.62,32,731,0.109,12058.48,36,0,3,11.1,Rent,Education,0
CUST_04815,56,27094.68,29,587,0.056,26806.82,60,4,2,5.1,Own,Debt Consolidation,0
CUST_04816,63,81867.25,22,716,0.264,15122.72,48,2,1,10.6,Mortgage,Debt Consolidation,0
CUST_04817,57,124935.13,9,715,0.218,65240.68,36,2,4,4.5,Own,Vehicle,0
CUST_04818,35,27972.54,30,756,0.389,28826.19,36,1,3,2.4,Rent,Other,0
CUST_04819,48,32584.92,21,673,0.334,21995.05,72,0,0,5.1,Rent,Home Improvement,0
CUST_04820,38,29312.65,1,573,0.157,125007.94,36,2,0,6.5,Own,Debt Consolidation,0
CUST_04821,54,50435.18,22,646,0.253,33864.02,72,1,1,3.2,Own,Education,0
CUST_04822,42,15000.0,34,646,0.192,24963.77,48,2,0,3.2,Own,Debt Consolidation,0
CUST_04823,31,28289.64,31,672,0.562,35946.16,48,2,1,20.2,Rent,Debt Consolidation,1
CUST_04824,33,31671.7,11,689,0.542,72544.82,48,1,0,13.8,Mortgage,Debt Consolidation,1
CUST_04825,24,30316.66,34,663,0.347,60838.82,72,0,0,14.8,Own,Vehicle,0
CUST_04826,42,30164.43,2,708,0.595,44839.69,60,2,1,3.1,Rent,Education,0
CUST_04827,27,28434.83,33,603,0.208,24876.56,60,1,0,2.9,Mortgage,Home Improvement,0
CUST_04828,63,53567.23,23,705,0.188,16534.76,48,2,1,9.1,Rent,Debt Consolidation,0
CUST_04829,44,47530.27,16,627,0.233,111739.83,60,1,2,7.6,Mortgage,Other,0
CUST_04830,24,85110.06,0,666,0.223,57399.67,36,2,1,13.1,Rent,Debt Consolidation,0
CUST_04831,48,53635.51,7,552,0.455,69167.72,48,0,1,10.1,Own,Home Improvement,1
CUST_04832,35,20977.49,14,746,0.261,104566.58,24,0,1,12.3,Rent,Education,0
CUST_04833,21,33355.62,24,659,0.274,47987.83,24,1,1,8.3,Rent,Vehicle,0
CUST_04834,23,31630.72,7,704,0.758,149590.14,60,2,0,5.6,Own,Home Improvement,1
CUST_04835,34,41258.78,31,623,0.021,15791.22,72,2,2,2.2,Rent,Debt Consolidation,0
CUST_04836,58,62731.87,12,641,0.396,34829.16,60,1,0,9.7,Own,Debt Consolidation,0
CUST_04837,21,39851.59,14,612,0.048,24518.1,72,2,1,2.1,Rent,Vehicle,1
CUST_04838,58,39904.56,5,691,0.505,62595.54,36,2,3,7.6,Rent,Debt Consolidation,1
CUST_04839,58,36498.3,32,720,0.388,7029.91,36,2,2,4.7,Mortgage,Vehicle,0
CUST_04840,41,54463.82,6,610,0.061,13283.64,48,1,1,11.9,Rent,Home Improvement,0
CUST_04841,68,27324.73,32,690,0.151,14096.33,36,1,2,5.9,Own,Debt Consolidation,1
CUST_04842,49,17526.95,28,663,0.385,14169.03,36,0,1,12.2,Own,Debt Consolidation,0
CUST_04843,25,50125.72,31,694,0.377,23495.82,36,3,0,4.9,Mortgage,Education,0
CUST_04844,69,43808.52,2,617,0.129,49822.64,72,2,3,9.5,Mortgage,Other,1
CUST_04845,30,70383.15,19,713,0.373,23211.33,36,1,1,4.6,Own,Vehicle,0
CUST_04846,48,15000.0,13,660,0.104,25829.56,72,0,1,0.5,Rent,Debt Consolidation,0
CUST_04847,41,34538.34,27,670,0.333,43822.85,48,2,4,7.3,Own,Home Improvement,0
CUST_04848,27,38305.81,3,844,0.175,172092.15,72,2,1,6.3,Rent,Medical,0
CUST_04849,23,17061.18,14,557,0.578,35142.17,12,4,3,2.8,Mortgage,Other,0
CUST_04850,65,34776.66,16,718,0.231,28900.14,36,2,1,11.8,Own,Debt Consolidation,0
CUST_04851,67,65739.9,23,710,0.079,53360.84,48,2,2,7.5,Own,Debt Consolidation,0
CUST_04852,40,103059.04,7,724,0.301,66549.6,24,4,3,9.9,Mortgage,Home Improvement,0
CUST_04853,39,59349.77,2,721,0.267,22014.11,36,1,0,2.4,Mortgage,Debt Consolidation,0
CUST_04854,55,30876.92,29,694,0.603,14264.6,48,0,1,14.3,Mortgage,Debt Consolidation,0
CUST_04855,24,68238.05,21,709,0.476,27374.12,60,2,2,8.1,Mortgage,Vehicle,0
CUST_04856,25,57279.69,32,850,0.316,140070.58,60,3,0,8.4,Own,Other,0
CUST_04857,21,28504.14,24,668,0.111,17781.06,60,1,1,3.1,Rent,Vehicle,0
CUST_04858,24,27149.18,29,667,0.322,59602.47,72,0,0,12.0,Own,Debt Consolidation,1
CUST_04859,32,33381.23,2,605,0.082,86927.1,60,2,0,3.4,Rent,Other,0
CUST_04860,47,21473.51,3,622,0.422,67881.99,12,0,2,6.1,Mortgage,Debt Consolidation,0
CUST_04861,62,31088.84,28,696,0.345,34453.73,48,4,3,4.4,Rent,Vehicle,0
CUST_04862,43,46322.19,31,706,0.107,11458.93,84,1,0,11.3,Mortgage,Vehicle,0
CUST_04863,45,61038.11,22,672,0.379,34147.86,60,1,3,0.5,Own,Education,0
CUST_04864,41,30048.68,18,726,0.678,11018.42,60,0,1,6.6,Mortgage,Debt Consolidation,0
CUST_04865,44,72708.27,14,652,0.557,24587.07,24,0,1,12.4,Own,Home Improvement,0
CUST_04866,45,50264.42,15,850,0.145,33303.78,36,3,0,10.0,Own,Vehicle,0
CUST_04867,65,51422.26,22,691,0.485,34199.04,60,0,0,1.5,Mortgage,Home Improvement,0
CUST_04868,66,22936.71,0,727,0.372,27715.62,24,3,2,11.1,Mortgage,Vehicle,0
CUST_04869,52,89668.97,18,691,0.435,13115.64,60,2,2,8.1,Own,Debt Consolidation,0
CUST_04870,52,47890.97,34,638,0.464,30396.02,60,2,1,5.3,Mortgage,Home Improvement,1
CUST_04871,25,30750.65,29,644,0.294,32132.33,36,5,1,7.6,Rent,Debt Consolidation,0
CUST_04872,56,28153.91,16,600,0.076,49737.56,72,2,0,13.3,Rent,Home Improvement,1
CUST_04873,66,31094.12,25,559,0.261,30363.46,12,2,0,8.9,Mortgage,Other,0
CUST_04874,62,21825.43,12,746,0.253,20658.31,72,4,1,10.3,Mortgage,Debt Consolidation,1
CUST_04875,69,59524.92,21,637,0.67,61977.25,72,0,1,9.0,Mortgage,Debt Consolidation,1
CUST_04876,62,22972.17,22,676,0.118,75317.28,84,0,1,15.9,Own,Education,0
CUST_04877,59,41978.48,32,787,0.385,45230.19,48,1,0,7.5,Rent,Debt Consolidation,0
CUST_04878,36,28999.72,26,762,0.267,28464.62,48,1,1,5.5,Mortgage,Debt Consolidation,0
CUST_04879,53,50787.13,34,690,0.289,57902.01,60,0,2,1.5,Mortgage,Debt Consolidation,0
CUST_04880,69,54358.29,11,665,0.252,52643.89,24,1,0,6.3,Rent,Education,0
CUST_04881,41,26319.03,8,669,0.518,25440.81,36,2,2,9.0,Rent,Vehicle,1
CUST_04882,29,35705.61,33,834,0.172,43403.38,48,3,1,6.0,Rent,Other,0
CUST_04883,26,17646.7,13,692,0.22,20185.03,60,3,1,6.7,Mortgage,Vehicle,0
CUST_04884,65,84988.53,2,850,0.48,45910.25,48,4,1,10.2,Own,Education,1
CUST_04885,55,61944.96,20,589,0.139,19667.53,36,2,1,10.6,Rent,Vehicle,0
CUST_04886,59,18074.01,6,683,0.208,23140.01,36,1,2,8.3,Mortgage,Debt Consolidation,0
CUST_04887,42,23542.15,32,762,0.112,40902.11,60,1,1,8.9,Mortgage,Medical,0
CUST_04888,61,33948.19,34,756,0.558,56230.31,60,1,0,6.1,Mortgage,Debt Consolidation,0
CUST_04889,25,37026.17,10,724,0.098,31504.61,48,0,2,4.9,Mortgage,Home Improvement,0
CUST_04890,62,25770.21,31,637,0.105,40769.88,36,5,1,25.0,Mortgage,Home Improvement,1
CUST_04891,43,20486.8,21,588,0.266,12244.96,60,2,3,10.3,Mortgage,Education,1
CUST_04892,37,44245.8,18,667,0.113,60398.85,48,5,0,6.3,Rent,Vehicle,0
CUST_04893,32,86659.53,10,753,0.417,30167.3,60,2,1,15.8,Own,Medical,0
CUST_04894,43,37321.79,12,799,0.459,5270.75,60,0,1,15.4,Mortgage,Debt Consolidation,1
CUST_04895,36,31386.84,27,688,0.161,81201.67,48,0,2,5.2,Mortgage,Vehicle,0
CUST_04896,23,29779.64,14,673,0.404,44612.77,72,0,0,4.2,Own,Vehicle,0
CUST_04897,50,20986.57,12,695,0.242,63498.07,36,2,1,7.5,Mortgage,Debt Consolidation,1
CUST_04898,42,25952.1,32,695,0.397,31353.54,48,0,0,14.6,Mortgage,Vehicle,0
CUST_04899,29,64090.76,7,763,0.537,47075.58,60,2,1,11.2,Rent,Vehicle,0
CUST_04900,49,15000.0,31,654,0.165,50715.33,60,2,0,8.1,Mortgage,Education,0
CUST_04901,67,37610.99,3,672,0.227,22225.46,48,1,1,7.9,Own,Debt Consolidation,0
CUST_04902,57,36826.66,17,712,0.234,12672.1,60,1,1,5.5,Rent,Vehicle,1
CUST_04903,43,38530.28,22,636,0.267,16133.7,60,2,0,8.5,Rent,Other,0
CUST_04904,33,52245.49,28,616,0.435,16962.95,36,0,1,6.1,Mortgage,Home Improvement,0
CUST_04905,52,37443.21,1,778,0.126,41059.82,60,3,0,7.0,Rent,Vehicle,0
CUST_04906,66,28941.17,12,678,0.311,33391.89,36,0,1,6.2,Rent,Education,0
CUST_04907,67,26152.2,15,742,0.256,10410.05,60,1,3,19.8,Mortgage,Debt Consolidation,0
CUST_04908,68,69506.24,7,728,0.726,185107.42,60,1,0,16.0,Rent,Debt Consolidation,1
CUST_04909,43,61115.82,18,584,0.361,22941.08,36,0,1,11.4,Rent,Home Improvement,1
CUST_04910,65,153095.74,31,634,0.442,18747.59,60,1,0,11.3,Rent,Education,0
CUST_04911,37,31555.58,2,684,0.21,12483.34,24,2,1,10.6,Rent,Debt Consolidation,1
CUST_04912,60,26394.04,31,663,0.283,41285.26,24,1,0,11.9,Own,Debt Consolidation,0
CUST_04913,41,45550.8,20,697,0.176,24940.17,60,2,2,7.3,Rent,Vehicle,0
CUST_04914,22,45004.07,24,693,0.343,24011.96,36,2,1,4.2,Mortgage,Other,0
CUST_04915,57,49920.03,16,735,0.752,36293.03,36,2,1,9.3,Own,Vehicle,1
CUST_04916,26,55468.22,24,677,0.243,10904.09,84,0,1,12.5,Rent,Vehicle,0
CUST_04917,64,49678.96,32,685,0.356,37195.67,72,3,0,9.4,Rent,Home Improvement,0
CUST_04918,38,62163.03,30,579,0.526,25495.25,36,3,0,6.3,Mortgage,Vehicle,0
CUST_04919,50,66436.55,22,638,0.094,54440.64,72,2,1,0.5,Mortgage,Debt Consolidation,0
CUST_04920,42,67031.8,24,641,0.376,37429.63,60,2,1,12.4,Rent,Education,0
CUST_04921,53,15000.0,29,649,0.411,20169.95,48,1,1,4.3,Mortgage,Vehicle,0
CUST_04922,50,40789.93,12,654,0.306,38453.31,36,0,3,3.2,Mortgage,Other,0
CUST_04923,37,22888.62,28,722,0.185,18413.65,36,3,0,10.2,Rent,Debt Consolidation,0
CUST_04924,63,61557.31,15,804,0.297,47520.35,24,1,1,2.9,Own,Home Improvement,0
CUST_04925,52,15000.0,26,586,0.194,75439.68,36,1,1,0.5,Mortgage,Vehicle,1
CUST_04926,62,75706.0,25,666,0.629,36019.05,36,2,1,15.4,Own,Home Improvement,1
CUST_04927,34,23568.12,10,619,0.22,46153.12,60,2,2,6.4,Mortgage,Education,0
CUST_04928,30,21016.61,2,586,0.398,13945.98,84,4,1,10.9,Own,Home Improvement,0
CUST_04929,67,43396.09,25,643,0.139,15084.25,48,1,1,13.0,Mortgage,Other,0
CUST_04930,56,30132.65,33,606,0.136,9649.27,36,1,5,14.0,Own,Vehicle,1
CUST_04931,54,88405.96,32,696,0.151,14052.02,72,1,0,9.6,Mortgage,Education,0
CUST_04932,29,71791.16,14,669,0.099,40780.74,60,4,0,17.0,Rent,Debt Consolidation,0
CUST_04933,62,28129.74,1,659,0.22,108778.16,36,1,3,0.5,Rent,Vehicle,1
CUST_04934,48,61159.62,27,702,0.196,30430.91,48,3,1,18.5,Rent,Medical,0
CUST_04935,31,27649.32,19,580,0.526,19528.75,72,1,3,8.1,Rent,Vehicle,0
CUST_04936,34,27530.31,15,609,0.282,21012.09,60,1,1,1.9,Rent,Vehicle,0
CUST_04937,59,51900.95,3,705,0.41,13727.23,36,2,0,11.5,Own,Medical,0
CUST_04938,67,75201.06,7,608,0.138,42560.27,48,4,2,8.3,Mortgage,Education,0
CUST_04939,39,29128.25,19,537,0.439,87236.89,72,4,3,5.6,Mortgage,Home Improvement,1
CUST_04940,35,30258.6,25,792,0.236,40669.07,60,3,1,0.5,Own,Debt Consolidation,0
CUST_04941,48,42218.02,31,704,0.24,200000.0,48,1,2,2.1,Own,Home Improvement,0
CUST_04942,44,23225.47,12,751,0.071,58339.31,60,0,1,13.5,Own,Other,0
CUST_04943,28,79435.86,4,629,0.268,15764.42,60,1,1,3.7,Own,Medical,0
CUST_04944,63,23114.69,12,583,0.212,40982.91,60,2,1,7.0,Rent,Medical,0
CUST_04945,29,26460.36,10,700,0.113,20245.0,60,2,0,7.6,Rent,Vehicle,1
CUST_04946,67,87870.51,31,603,0.135,22743.76,36,0,1,2.5,Own,Home Improvement,0
CUST_04947,53,40428.66,17,751,0.365,34087.67,36,1,1,9.6,Mortgage,Debt Consolidation,1
CUST_04948,53,95970.08,28,697,0.736,143025.77,36,3,1,8.8,Mortgage,Medical,0
CUST_04949,39,32544.42,14,694,0.373,13187.84,12,1,2,8.3,Rent,Education,0
CUST_04950,23,127996.66,19,694,0.522,30944.3,60,0,0,10.8,Own,Vehicle,0
CUST_04951,30,49405.89,4,822,0.328,26009.14,36,1,1,14.3,Rent,Home Improvement,0
CUST_04952,60,24928.87,32,726,0.378,55414.71,24,0,0,1.2,Mortgage,Home Improvement,0
CUST_04953,67,24737.64,17,666,0.772,39944.74,48,3,2,13.6,Own,Debt Consolidation,0
CUST_04954,62,17525.22,18,690,0.417,36892.59,48,2,1,8.0,Mortgage,Vehicle,0
CUST_04955,21,18510.48,31,619,0.122,51965.11,36,0,1,5.8,Mortgage,Education,0
CUST_04956,49,26114.19,21,643,0.275,39117.95,84,1,1,6.1,Own,Medical,0
CUST_04957,54,22119.19,0,768,0.136,34542.89,36,2,1,13.4,Mortgage,Medical,0
CUST_04958,33,15000.0,24,683,0.13,15802.79,60,1,2,13.7,Rent,Vehicle,0
CUST_04959,21,55312.85,19,733,0.362,39517.99,60,0,1,3.8,Rent,Medical,1
CUST_04960,54,53512.41,34,618,0.393,12519.52,60,1,0,13.1,Rent,Vehicle,1
CUST_04961,49,42369.69,5,739,0.756,16676.44,60,1,0,2.8,Own,Home Improvement,0
CUST_04962,68,20589.09,5,666,0.2,21264.36,72,2,2,7.6,Rent,Debt Consolidation,1
CUST_04963,67,82734.84,2,696,0.641,30129.04,36,1,2,0.5,Mortgage,Debt Consolidation,0
CUST_04964,33,33220.28,30,684,0.362,121693.93,84,2,1,7.4,Mortgage,Debt Consolidation,1
CUST_04965,68,23941.86,34,693,0.274,6080.31,48,2,2,1.7,Rent,Education,0
CUST_04966,69,40794.11,14,672,0.332,50853.12,60,0,1,18.2,Own,Debt Consolidation,0
CUST_04967,49,39641.01,16,770,0.238,82048.89,12,2,1,14.2,Own,Debt Consolidation,0
CUST_04968,59,15000.0,14,575,0.236,102579.31,60,1,3,10.6,Mortgage,Education,1
CUST_04969,44,35757.93,4,717,0.125,30255.55,60,2,3,12.6,Rent,Medical,0
CUST_04970,46,38571.52,21,633,0.306,36117.4,24,1,0,17.8,Mortgage,Home Improvement,0
CUST_04971,37,30050.34,10,613,0.399,64449.57,36,2,4,13.4,Mortgage,Debt Consolidation,0
CUST_04972,27,18756.07,27,830,0.236,23457.19,48,0,2,6.1,Mortgage,Home Improvement,0
CUST_04973,33,19034.39,13,613,0.891,12436.58,60,2,1,0.5,Rent,Other,0
CUST_04974,25,46959.12,2,553,0.213,133673.64,48,2,2,11.8,Mortgage,Debt Consolidation,0
CUST_04975,46,53146.13,10,747,0.513,13497.88,60,1,4,14.4,Mortgage,Home Improvement,0
CUST_04976,69,29027.39,29,645,0.682,137264.2,36,2,0,11.5,Own,Debt Consolidation,1
CUST_04977,23,43965.43,4,769,0.183,13642.32,72,1,1,13.4,Mortgage,Education,0
CUST_04978,27,28883.94,21,522,0.189,33969.38,36,1,0,6.5,Rent,Vehicle,0
CUST_04979,69,23703.56,12,810,0.343,28204.56,48,0,2,8.5,Rent,Debt Consolidation,1
CUST_04980,59,40426.81,20,746,0.211,21515.34,48,3,2,4.4,Rent,Debt Consolidation,0
CUST_04981,21,20444.16,24,665,0.366,45551.48,60,1,0,6.0,Own,Vehicle,0
CUST_04982,69,93609.96,20,559,0.055,59297.53,60,2,2,13.0,Rent,Other,0
CUST_04983,37,17698.64,27,587,0.139,19825.45,72,2,1,12.3,Rent,Vehicle,0
CUST_04984,63,41852.79,3,632,0.049,15217.28,36,3,1,0.5,Rent,Debt Consolidation,0
CUST_04985,45,39148.59,28,730,0.327,90086.89,72,2,3,0.5,Own,Home Improvement,1
CUST_04986,23,37449.1,34,620,0.135,21271.51,36,4,1,9.1,Own,Debt Consolidation,0
CUST_04987,35,76244.21,22,536,0.468,15505.6,72,0,1,10.0,Mortgage,Medical,0
CUST_04988,49,15000.0,6,696,0.201,28311.93,72,3,3,1.3,Mortgage,Other,0
CUST_04989,63,44616.81,8,750,0.586,42330.41,48,0,1,9.4,Rent,Home Improvement,0
CUST_04990,52,31675.89,22,834,0.589,62703.43,60,0,0,1.4,Rent,Education,0
CUST_04991,46,48629.61,2,608,0.277,12398.66,60,2,0,12.2,Own,Debt Consolidation,0
CUST_04992,36,37322.11,8,616,0.529,31829.15,12,1,1,14.1,Mortgage,Debt Consolidation,0
CUST_04993,45,34978.53,3,470,0.109,77306.21,12,2,1,13.1,Rent,Debt Consolidation,1
CUST_04994,48,19857.61,24,572,0.084,12435.46,24,1,0,3.3,Rent,Vehicle,0
CUST_04995,29,25937.14,5,605,0.039,15397.27,72,0,2,3.9,Rent,Other,0
CUST_04996,21,173816.42,17,617,0.58,38347.4,60,2,3,13.6,Rent,Education,1
CUST_04997,49,48852.02,6,643,0.296,24321.29,48,1,4,11.8,Own,Debt Consolidation,0
CUST_04998,42,61469.51,34,721,0.241,49229.87,36,2,0,2.7,Rent,Medical,0
CUST_04999,36,30456.4,30,716,0.533,46645.45,72,1,1,4.6,Mortgage,Debt Consolidation,0
CUST_05000,61,23675.48,31,644,0.407,9155.0,36,2,0,5.5,Mortgage,Debt Consolidation,0
CUST_05001,64,53541.58,34,681,0.405,19969.75,48,3,2,3.8,Rent,Other,0
CUST_05002,61,15000.0,27,585,0.181,38799.77,36,1,2,7.8,Mortgage,Vehicle,0
CUST_05003,27,26229.26,4,640,0.092,16724.04,60,1,5,3.4,Own,Debt Consolidation,1
CUST_05004,34,30415.64,29,590,0.446,49219.41,36,2,3,6.9,Own,Other,1
CUST_05005,49,58249.72,21,628,0.318,19043.28,60,2,1,0.5,Own,Vehicle,0
CUST_05006,39,44661.02,16,810,0.263,23321.65,60,3,0,11.6,Mortgage,Education,0
CUST_05007,39,28668.38,9,690,0.26,59224.7,84,1,0,16.9,Rent,Debt Consolidation,0
CUST_05008,22,43673.05,6,638,0.306,63126.28,60,3,1,15.0,Mortgage,Other,1
CUST_05009,61,31207.82,3,713,0.149,89908.82,48,2,0,4.9,Own,Other,0
CUST_05010,65,62008.01,26,652,0.156,20342.14,36,1,0,7.4,Mortgage,Home Improvement,0
CUST_05011,35,40867.01,6,798,0.213,23441.99,24,2,1,11.9,Own,Education,1
CUST_05012,23,86527.83,22,705,0.506,30296.34,60,0,1,5.2,Rent,Vehicle,0
CUST_05013,31,31606.02,10,599,0.409,45585.31,36,0,1,8.1,Rent,Home Improvement,0
CUST_05014,66,67016.73,7,772,0.102,30875.76,36,1,0,2.9,Mortgage,Vehicle,0
CUST_05015,50,37994.89,7,723,0.617,24934.76,12,2,1,7.4,Rent,Debt Consolidation,1
CUST_05016,60,25626.4,4,713,0.297,41218.43,60,1,1,9.7,Rent,Vehicle,0
CUST_05017,38,133357.3,6,738,0.377,65950.79,60,1,0,8.8,Mortgage,Debt Consolidation,0
CUST_05018,68,69902.34,21,731,0.093,19057.69,24,2,0,11.0,Rent,Education,0
CUST_05019,22,40829.56,1,716,0.347,59899.36,24,2,1,11.2,Mortgage,Debt Consolidation,1
CUST_05020,52,53263.05,23,669,0.401,101677.23,60,1,2,8.9,Mortgage,Home Improvement,1
CUST_05021,28,21141.45,1,743,0.381,35536.37,60,3,4,15.9,Mortgage,Education,1
CUST_05022,42,21516.91,11,668,0.267,97900.6,24,0,1,11.5,Own,Debt Consolidation,0
CUST_05023,26,63388.97,25,773,0.249,19986.21,48,3,0,6.6,Rent,Vehicle,0
CUST_05024,32,36402.72,5,715,0.18,10430.32,36,1,0,5.3,Own,Debt Consolidation,0
CUST_05025,67,33593.61,22,693,0.405,68228.21,36,0,1,2.0,Mortgage,Home Improvement,0
CUST_05026,60,31446.13,1,724,0.319,107976.79,48,0,3,8.2,Mortgage,Vehicle,0
CUST_05027,56,39184.39,25,691,0.255,24384.29,72,2,0,17.1,Mortgage,Other,0
CUST_05028,35,31980.3,13,769,0.316,50207.63,60,2,1,11.9,Rent,Home Improvement,1
CUST_05029,48,15000.0,17,746,0.153,44615.62,60,3,2,22.2,Own,Medical,1
CUST_05030,69,73713.23,31,685,0.76,7162.55,60,2,1,8.9,Rent,Home Improvement,0
CUST_05031,65,34362.45,13,452,0.154,111844.5,60,1,0,9.5,Mortgage,Other,0
CUST_05032,38,90740.98,29,740,0.161,25026.86,84,0,2,2.3,Mortgage,Medical,0
CUST_05033,22,15046.52,12,709,0.506,90877.14,60,0,2,5.7,Rent,Debt Consolidation,0
CUST_05034,33,15017.03,30,850,0.461,100149.49,36,3,2,0.5,Rent,Other,0
CUST_05035,65,31643.66,21,589,0.219,52216.11,48,1,0,12.9,Own,Vehicle,0
CUST_05036,35,59205.14,27,665,0.129,20074.78,60,0,1,8.3,Rent,Medical,0
CUST_05037,40,19735.34,18,572,0.052,83921.71,60,0,2,1.6,Rent,Debt Consolidation,0
CUST_05038,49,19356.06,15,629,0.118,46076.39,24,2,1,7.8,Mortgage,Education,0
CUST_05039,62,43738.16,4,789,0.157,22357.42,60,3,1,6.3,Rent,Debt Consolidation,0
CUST_05040,49,31056.49,1,563,0.289,19514.19,36,0,1,10.9,Mortgage,Vehicle,1
CUST_05041,23,47669.16,9,583,0.446,16343.54,24,0,1,17.8,Mortgage,Other,0
CUST_05042,39,31336.07,18,721,0.257,15167.85,60,0,1,4.6,Mortgage,Debt Consolidation,0
CUST_05043,23,44027.45,19,694,0.263,27417.41,60,3,0,7.3,Rent,Debt Consolidation,0
CUST_05044,34,71902.52,28,657,0.466,27381.78,60,1,0,4.1,Own,Home Improvement,0
CUST_05045,60,19756.28,24,500,0.303,16564.48,12,1,0,11.9,Own,Other,0
CUST_05046,24,65669.74,16,769,0.243,25251.62,36,0,0,2.5,Own,Debt Consolidation,0
CUST_05047,31,15489.63,12,664,0.179,32836.85,48,3,0,7.0,Rent,Home Improvement,1
CUST_05048,51,49250.18,15,609,0.181,82992.05,72,3,4,16.6,Own,Vehicle,0
CUST_05049,63,73838.43,34,703,0.38,21914.42,48,1,1,14.1,Mortgage,Home Improvement,0
CUST_05050,52,27944.23,2,768,0.381,55044.41,48,2,1,4.4,Own,Education,1
CUST_05051,47,50125.12,8,661,0.195,42096.17,12,2,3,8.8,Mortgage,Home Improvement,0
CUST_05052,50,28465.65,28,635,0.291,59474.19,60,1,2,8.1,Rent,Vehicle,0
CUST_05053,63,48663.79,4,682,0.457,27941.9,60,1,1,11.1,Mortgage,Debt Consolidation,0
CUST_05054,22,15000.0,2,707,0.169,38530.21,36,0,2,19.9,Mortgage,Vehicle,0
CUST_05055,69,39382.56,9,713,0.255,34326.29,36,0,1,8.8,Rent,Debt Consolidation,0
CUST_05056,29,44253.75,30,663,0.372,86606.25,48,4,0,0.6,Rent,Home Improvement,0
CUST_05057,48,71135.44,10,766,0.444,29860.98,36,0,2,10.8,Own,Debt Consolidation,0
CUST_05058,51,57677.81,16,619,0.733,12449.74,48,4,3,0.5,Mortgage,Home Improvement,1
CUST_05059,54,33502.72,7,668,0.238,56333.21,36,2,1,4.6,Mortgage,Other,0
CUST_05060,35,41524.23,1,668,0.381,51126.41,12,1,1,2.5,Mortgage,Home Improvement,1
CUST_05061,68,17622.68,3,572,0.079,50155.9,84,0,0,10.3,Rent,Vehicle,0
CUST_05062,45,82622.51,15,705,0.264,35848.95,48,1,1,8.5,Own,Other,1
CUST_05063,56,51306.86,20,687,0.08,127567.58,60,2,2,6.2,Mortgage,Home Improvement,0
CUST_05064,28,15000.0,4,667,0.174,40386.96,24,2,1,13.5,Own,Other,1
CUST_05065,29,41068.37,34,715,0.145,61444.08,60,3,3,9.7,Rent,Vehicle,0
CUST_05066,57,42666.54,13,666,0.257,45422.45,48,4,1,9.8,Own,Other,0
CUST_05067,68,24662.23,14,779,0.202,15163.47,84,1,0,4.2,Mortgage,Other,0
CUST_05068,65,38117.65,5,713,0.261,135449.02,60,2,1,3.1,Rent,Debt Consolidation,0
CUST_05069,59,23453.15,15,706,0.234,74089.52,48,1,0,11.1,Rent,Debt Consolidation,1
CUST_05070,52,17992.34,22,633,0.438,44698.07,60,3,3,1.4,Rent,Vehicle,0
CUST_05071,37,26724.25,30,548,0.193,23363.99,48,3,1,15.4,Mortgage,Home Improvement,0
CUST_05072,55,39568.76,11,736,0.315,116555.05,60,2,3,6.7,Mortgage,Other,0
CUST_05073,57,57766.59,18,548,0.594,13083.36,36,1,0,9.4,Mortgage,Vehicle,1
CUST_05074,39,37605.64,11,661,0.34,30898.11,36,2,1,7.4,Rent,Medical,0
CUST_05075,64,58049.17,12,742,0.271,55341.63,60,3,1,9.3,Rent,Other,0
CUST_05076,49,50229.19,1,619,0.059,105059.7,48,0,2,7.0,Rent,Debt Consolidation,0
CUST_05077,27,21640.05,19,648,0.18,44513.43,36,1,2,6.2,Rent,Vehicle,0
CUST_05078,48,50038.68,30,582,0.224,28865.71,72,3,1,7.5,Rent,Debt Consolidation,0
CUST_05079,29,50735.02,8,615,0.439,19995.13,48,0,2,9.2,Rent,Medical,1
CUST_05080,48,86759.96,20,624,0.315,38656.08,60,0,1,3.0,Mortgage,Education,0
CUST_05081,26,44592.78,7,648,0.307,33965.01,48,1,1,4.4,Rent,Debt Consolidation,0
CUST_05082,49,19587.82,28,689,0.456,21847.05,60,1,0,0.5,Own,Vehicle,0
CUST_05083,37,27528.02,18,696,0.334,77178.98,60,1,0,4.9,Rent,Other,1
CUST_05084,36,15000.0,34,781,0.484,34396.81,48,4,0,12.0,Mortgage,Education,0
CUST_05085,43,46874.95,25,646,0.249,27375.47,12,3,1,4.9,Rent,Home Improvement,0
CUST_05086,51,83032.2,10,719,0.407,22847.55,48,1,0,2.7,Mortgage,Debt Consolidation,0
CUST_05087,23,15000.0,34,636,0.129,21944.91,72,3,3,4.8,Own,Vehicle,0
CUST_05088,41,84805.46,3,797,0.353,79547.69,24,1,1,5.0,Mortgage,Debt Consolidation,0
CUST_05089,46,46565.67,2,689,0.241,74049.09,60,2,0,9.3,Rent,Home Improvement,0
CUST_05090,56,21199.0,11,666,0.337,67099.11,12,2,4,11.7,Own,Debt Consolidation,1
CUST_05091,62,41288.83,31,625,0.222,53939.46,48,0,2,2.5,Mortgage,Medical,0
CUST_05092,57,21543.65,25,743,0.164,52695.13,60,7,1,5.0,Own,Home Improvement,0
CUST_05093,42,45261.4,12,689,0.186,85714.78,36,1,2,14.0,Mortgage,Vehicle,0
CUST_05094,62,37484.41,28,694,0.337,22979.39,24,0,0,20.4,Rent,Debt Consolidation,0
CUST_05095,32,42816.2,18,606,0.304,15465.25,72,1,2,1.0,Own,Debt Consolidation,0
CUST_05096,62,22937.54,34,625,0.177,114783.78,72,2,3,6.4,Mortgage,Vehicle,0
CUST_05097,33,24669.91,26,557,0.152,22230.15,60,1,3,8.3,Mortgage,Debt Consolidation,0
CUST_05098,31,46672.51,30,644,0.347,116892.2,36,6,1,5.2,Mortgage,Debt Consolidation,0
CUST_05099,36,28244.01,2,646,0.587,43284.64,60,0,0,11.5,Rent,Debt Consolidation,0
CUST_05100,28,39124.69,34,586,0.182,26207.04,36,4,1,14.1,Rent,Home Improvement,0
CUST_05101,60,45546.62,23,675,0.614,23962.79,60,2,1,14.6,Own,Debt Consolidation,0
CUST_05102,60,32494.37,6,656,0.341,39537.67,48,2,0,10.9,Mortgage,Home Improvement,0
CUST_05103,65,64702.21,34,629,0.141,23339.07,36,1,0,9.0,Mortgage,Debt Consolidation,0
CUST_05104,22,33097.89,20,620,0.127,37568.28,60,2,0,13.1,Own,Medical,0
CUST_05105,50,32604.72,0,692,0.344,52208.8,60,4,2,0.5,Rent,Medical,0
CUST_05106,50,26480.06,5,626,0.242,53160.3,48,1,0,6.3,Rent,Home Improvement,0
CUST_05107,32,61083.13,33,795,0.224,14540.75,36,0,1,3.9,Rent,Vehicle,0
CUST_05108,30,25499.03,17,667,0.223,62173.1,48,1,1,4.3,Mortgage,Debt Consolidation,0
CUST_05109,64,67998.78,24,744,0.271,125882.06,60,2,0,8.0,Own,Education,0
CUST_05110,31,39401.39,14,600,0.218,78273.42,60,1,4,5.0,Mortgage,Home Improvement,0
CUST_05111,35,138835.83,31,669,0.601,26958.86,12,1,0,17.5,Own,Debt Consolidation,0
CUST_05112,36,26102.07,17,613,0.418,44668.87,36,1,1,7.5,Mortgage,Education,1
CUST_05113,37,68706.35,30,710,0.285,36186.4,72,1,0,4.5,Mortgage,Debt Consolidation,0
CUST_05114,46,46869.43,28,676,0.079,21070.45,60,2,1,8.9,Own,Home Improvement,0
CUST_05115,22,28088.71,14,819,0.5,21920.51,60,0,2,7.1,Mortgage,Medical,0
CUST_05116,32,47185.4,22,654,0.425,32232.42,24,3,0,21.4,Own,Home Improvement,1
CUST_05117,46,46049.72,10,557,0.355,21998.56,12,3,2,11.0,Own,Home Improvement,0
CUST_05118,43,30761.85,14,676,0.219,58363.64,60,3,3,1.5,Mortgage,Other,0
CUST_05119,38,44987.52,22,694,0.094,25383.44,72,0,1,0.8,Rent,Education,0
CUST_05120,52,64972.59,2,636,0.205,22058.37,24,0,4,11.6,Own,Medical,0
CUST_05121,69,46895.5,18,627,0.318,37146.18,24,3,0,4.5,Mortgage,Debt Consolidation,0
CUST_05122,58,29448.77,0,596,0.158,95199.45,84,0,2,8.2,Mortgage,Home Improvement,0
CUST_05123,67,28631.1,23,714,0.453,17992.63,36,2,3,6.6,Mortgage,Medical,0
CUST_05124,23,34762.52,10,721,0.379,7832.65,60,2,1,9.6,Rent,Vehicle,0
CUST_05125,58,63337.38,29,850,0.369,31371.27,60,0,2,6.5,Own,Debt Consolidation,0
CUST_05126,23,24912.01,10,668,0.033,49693.34,48,3,1,4.0,Mortgage,Home Improvement,0
CUST_05127,50,44181.68,0,691,0.561,18897.22,60,0,3,9.9,Mortgage,Debt Consolidation,0
CUST_05128,21,16626.72,11,663,0.233,41921.35,36,3,1,4.9,Mortgage,Medical,0
CUST_05129,50,48888.9,3,850,0.404,32050.41,36,1,0,0.5,Rent,Other,0
CUST_05130,65,52885.55,24,723,0.331,37006.35,36,1,1,8.2,Own,Debt Consolidation,0
CUST_05131,52,100088.57,7,680,0.449,43260.71,48,3,5,9.0,Rent,Vehicle,0
CUST_05132,48,57678.89,14,827,0.233,46411.02,60,3,3,12.3,Mortgage,Vehicle,0
CUST_05133,41,29714.77,29,676,0.335,21890.86,24,2,2,12.7,Mortgage,Vehicle,0
CUST_05134,66,16860.19,31,850,0.314,91401.96,24,1,1,18.2,Mortgage,Home Improvement,0
CUST_05135,33,46962.2,34,796,0.188,47296.4,24,2,2,2.5,Rent,Vehicle,0
CUST_05136,47,30834.48,20,679,0.531,50687.04,60,2,2,11.4,Mortgage,Other,1
CUST_05137,56,42918.2,30,716,0.669,180205.6,60,1,1,3.8,Rent,Education,0
CUST_05138,27,25334.12,26,689,0.131,119407.64,60,1,0,1.1,Rent,Home Improvement,1
CUST_05139,42,33302.97,7,733,0.355,41168.15,36,0,1,2.6,Rent,Home Improvement,0
CUST_05140,30,15521.9,22,639,0.236,32592.84,60,1,2,5.5,Mortgage,Other,0
CUST_05141,59,21523.42,22,827,0.254,42399.95,36,3,1,11.9,Mortgage,Home Improvement,0
CUST_05142,35,20057.63,32,634,0.31,13030.69,60,0,0,11.5,Rent,Debt Consolidation,0
CUST_05143,35,56184.43,12,698,0.134,73597.45,60,2,1,12.6,Mortgage,Home Improvement,0
CUST_05144,24,24013.41,34,706,0.57,20364.01,48,1,1,14.2,Rent,Debt Consolidation,0
CUST_05145,52,72327.89,15,658,0.079,39663.81,60,0,0,11.7,Own,Medical,0
CUST_05146,43,24131.61,11,590,0.468,72785.68,60,0,3,0.5,Own,Debt Consolidation,0
CUST_05147,26,103566.48,30,697,0.288,42098.01,36,2,2,17.9,Mortgage,Medical,0
CUST_05148,44,15000.0,4,697,0.78,19580.49,60,0,2,5.8,Rent,Home Improvement,1
CUST_05149,40,44898.11,24,657,0.202,16137.82,84,5,0,3.9,Rent,Education,0
CUST_05150,57,37023.16,20,660,0.092,26934.96,60,1,2,9.0,Rent,Home Improvement,0
CUST_05151,40,19816.68,2,691,0.27,28924.43,36,0,1,0.5,Own,Education,0
CUST_05152,32,27571.4,9,767,0.474,42152.55,60,1,2,8.0,Rent,Medical,0
CUST_05153,53,31868.05,22,762,0.177,24975.13,48,3,1,11.1,Mortgage,Vehicle,0
CUST_05154,48,41146.87,16,714,0.264,24476.85,60,0,1,3.2,Own,Debt Consolidation,0
CUST_05155,28,22737.97,34,650,0.484,8561.28,24,0,1,9.9,Rent,Medical,1
CUST_05156,21,44920.98,24,656,0.151,80970.55,72,3,1,3.3,Mortgage,Home Improvement,0
CUST_05157,57,38555.8,1,663,0.081,20230.21,84,3,2,5.3,Mortgage,Medical,0
CUST_05158,42,53615.44,26,648,0.598,80071.49,48,3,0,19.7,Rent,Debt Consolidation,0
CUST_05159,26,23595.68,8,603,0.394,86824.49,48,3,0,6.0,Rent,Debt Consolidation,0
CUST_05160,41,29594.19,3,625,0.294,49959.25,36,1,1,4.1,Mortgage,Home Improvement,1
CUST_05161,52,74686.84,25,722,0.393,100933.23,60,1,1,5.9,Rent,Other,1
CUST_05162,55,23085.98,31,635,0.233,32295.06,24,0,2,5.6,Own,Debt Consolidation,0
CUST_05163,35,18101.71,28,683,0.354,19688.38,60,1,1,6.0,Own,Debt Consolidation,0
CUST_05164,25,26490.0,21,680,0.189,16673.5,48,0,0,7.6,Rent,Education,0
CUST_05165,66,15000.0,12,712,0.217,14689.72,36,0,1,0.7,Own,Debt Consolidation,0
CUST_05166,68,83821.66,22,634,0.459,26401.17,60,0,2,3.5,Rent,Debt Consolidation,0
CUST_05167,26,31527.59,30,448,0.526,27284.42,60,1,0,9.6,Own,Vehicle,0
CUST_05168,45,31680.2,30,637,0.506,50639.69,36,1,2,3.0,Rent,Home Improvement,0
CUST_05169,66,52641.68,14,615,0.444,35463.64,36,2,0,8.6,Rent,Vehicle,1
CUST_05170,60,25266.17,13,533,0.241,33988.22,36,1,0,9.4,Rent,Other,0
CUST_05171,49,32598.93,34,641,0.266,45031.28,36,0,3,7.8,Own,Vehicle,0
CUST_05172,27,24935.01,23,632,0.205,14910.32,36,1,1,12.6,Rent,Home Improvement,0
CUST_05173,60,15100.52,29,678,0.494,65636.24,24,2,3,3.5,Rent,Medical,0
CUST_05174,33,37248.95,29,717,0.628,14797.89,36,1,2,2.8,Mortgage,Home Improvement,0
CUST_05175,58,60649.32,26,811,0.265,40769.19,60,1,1,20.4,Mortgage,Debt Consolidation,0
CUST_05176,38,37784.24,13,687,0.134,12943.86,36,1,1,9.3,Rent,Education,0
CUST_05177,22,57520.44,10,682,0.416,200000.0,60,3,0,11.3,Rent,Debt Consolidation,0
CUST_05178,28,20996.35,25,820,0.316,48928.72,60,2,5,10.7,Own,Debt Consolidation,0
CUST_05179,31,24908.9,20,591,0.225,50428.34,36,2,1,2.4,Mortgage,Medical,0
CUST_05180,53,19012.49,8,596,0.27,24885.77,24,0,1,2.6,Rent,Education,1
CUST_05181,58,43620.34,0,722,0.617,33090.92,60,3,2,4.6,Rent,Debt Consolidation,0
CUST_05182,68,30983.05,5,772,0.154,32806.71,24,1,1,14.7,Mortgage,Debt Consolidation,1
CUST_05183,47,30408.29,0,780,0.652,21397.39,36,1,0,14.3,Own,Home Improvement,0
CUST_05184,40,50741.18,21,554,0.549,200000.0,60,1,0,9.1,Rent,Home Improvement,0
CUST_05185,32,28667.19,12,556,0.262,13688.02,72,1,0,2.1,Mortgage,Education,0
CUST_05186,63,62307.42,30,672,0.069,29043.46,60,0,1,5.9,Mortgage,Medical,0
CUST_05187,51,40856.81,14,730,0.482,53065.56,36,3,3,1.7,Rent,Debt Consolidation,0
CUST_05188,47,30240.16,1,653,0.762,31334.07,60,2,0,7.6,Mortgage,Vehicle,1
CUST_05189,52,16717.28,30,598,0.456,74709.93,48,2,1,1.2,Own,Home Improvement,0
CUST_05190,30,50596.47,25,591,0.368,34360.47,24,0,0,13.7,Own,Vehicle,0
CUST_05191,23,41834.13,1,753,0.301,104318.0,36,3,0,3.2,Rent,Debt Consolidation,1
CUST_05192,65,42853.14,10,755,0.314,12861.34,60,1,0,11.0,Mortgage,Vehicle,1
CUST_05193,47,43542.02,32,724,0.024,17559.13,36,0,3,3.5,Own,Debt Consolidation,0
CUST_05194,55,27874.2,17,676,0.406,21562.33,36,2,0,5.2,Rent,Debt Consolidation,0
CUST_05195,51,33668.33,20,619,0.241,120470.66,84,4,2,8.0,Mortgage,Medical,0
CUST_05196,35,28874.8,30,546,0.483,17851.59,48,1,1,3.9,Own,Debt Consolidation,1
CUST_05197,36,67848.48,25,575,0.387,127985.1,48,0,0,18.3,Mortgage,Vehicle,1
CUST_05198,33,31648.3,29,537,0.416,12947.76,60,1,1,0.5,Mortgage,Other,0
CUST_05199,69,26645.62,20,659,0.115,16517.86,84,3,1,0.5,Mortgage,Vehicle,0
CUST_05200,55,70219.55,15,713,0.323,38694.57,84,1,2,9.4,Rent,Debt Consolidation,0
CUST_05201,31,66501.89,6,685,0.284,40126.86,60,0,1,9.2,Own,Debt Consolidation,1
CUST_05202,41,40871.45,21,779,0.179,90046.12,72,0,2,2.6,Mortgage,Debt Consolidation,0
CUST_05203,31,34032.32,6,693,0.153,85101.97,72,0,2,11.0,Mortgage,Education,1
CUST_05204,50,30038.2,1,565,0.328,31053.81,60,2,0,2.8,Rent,Vehicle,0
CUST_05205,68,35525.75,13,670,0.206,29036.13,60,3,1,15.1,Mortgage,Vehicle,0
CUST_05206,55,23450.43,7,673,0.336,34805.91,36,1,2,13.2,Rent,Education,0
CUST_05207,42,46243.84,28,715,0.378,31124.35,60,1,3,11.5,Mortgage,Education,0
CUST_05208,58,82971.42,6,739,0.338,66171.72,48,2,0,7.5,Mortgage,Education,0
CUST_05209,51,48113.11,21,713,0.372,25908.66,72,1,2,18.2,Rent,Home Improvement,1
CUST_05210,34,20918.35,16,646,0.212,77933.99,12,2,0,6.3,Mortgage,Debt Consolidation,0
CUST_05211,44,45594.87,15,777,0.209,56100.82,72,1,1,13.2,Rent,Debt Consolidation,1
CUST_05212,69,40025.39,32,739,0.162,42612.2,72,0,0,2.0,Own,Education,0
CUST_05213,52,45394.55,34,499,0.514,16450.11,36,1,1,5.1,Mortgage,Vehicle,1
CUST_05214,56,24105.99,31,733,0.183,5351.53,72,0,2,5.4,Own,Vehicle,0
CUST_05215,52,36376.52,2,618,0.217,27847.13,60,2,1,13.8,Own,Home Improvement,1
CUST_05216,35,56474.78,2,557,0.157,35838.78,36,3,2,8.7,Rent,Education,0
CUST_05217,63,21268.9,7,698,0.427,41025.35,60,1,3,10.7,Mortgage,Debt Consolidation,0
CUST_05218,55,29011.23,30,843,0.265,42815.56,60,2,1,11.3,Own,Education,0
CUST_05219,23,31447.45,8,676,0.207,44960.11,48,0,0,14.3,Rent,Vehicle,0
CUST_05220,36,59825.28,4,660,0.149,52358.3,60,0,1,7.0,Own,Education,0
CUST_05221,25,64456.74,27,687,0.424,26496.85,36,1,4,8.7,Rent,Debt Consolidation,0
CUST_05222,41,15000.0,14,847,0.248,17404.84,12,0,3,10.4,Own,Other,0
CUST_05223,30,59799.61,26,661,0.131,23127.84,72,1,1,3.0,Own,Education,0
CUST_05224,39,65478.53,30,749,0.356,47816.38,36,1,3,12.9,Mortgage,Debt Consolidation,0
CUST_05225,45,63407.9,17,652,0.345,29429.71,48,1,1,10.7,Rent,Home Improvement,0
CUST_05226,24,27866.66,3,639,0.233,25431.45,24,1,0,10.9,Rent,Debt Consolidation,0
CUST_05227,49,32373.62,20,779,0.371,83496.97,72,0,4,11.5,Mortgage,Other,0
CUST_05228,39,16585.59,22,603,0.339,53411.52,60,2,1,4.9,Mortgage,Education,0
CUST_05229,63,15000.0,21,732,0.166,44185.63,36,1,2,2.8,Rent,Home Improvement,0
CUST_05230,22,30310.3,0,656,0.308,153384.4,60,1,1,0.5,Own,Debt Consolidation,0
CUST_05231,30,37730.89,24,627,0.619,54622.68,36,1,1,9.8,Mortgage,Debt Consolidation,1
CUST_05232,63,39671.36,27,651,0.371,104563.53,60,2,5,13.9,Rent,Home Improvement,1
CUST_05233,45,54752.04,10,522,0.222,8692.19,36,1,0,5.9,Mortgage,Education,0
CUST_05234,40,167806.68,21,606,0.156,9264.22,48,2,0,11.2,Mortgage,Education,0
CUST_05235,68,29792.28,24,689,0.338,28468.14,36,1,0,13.5,Mortgage,Medical,0
CUST_05236,39,21422.89,20,663,0.225,35897.78,60,4,2,9.0,Rent,Medical,0
CUST_05237,43,47718.16,19,614,0.313,59037.33,24,2,0,5.3,Rent,Other,0
CUST_05238,44,40583.68,15,784,0.448,31608.98,60,3,2,7.3,Rent,Debt Consolidation,0
CUST_05239,31,27248.11,27,610,0.139,42112.11,60,0,2,8.6,Rent,Vehicle,0
CUST_05240,66,57263.92,28,781,0.065,37589.6,36,0,1,6.1,Mortgage,Home Improvement,0
CUST_05241,54,24198.18,25,690,0.276,24730.0,36,3,2,5.7,Rent,Vehicle,0
CUST_05242,48,34054.47,1,662,0.172,181912.19,60,1,2,6.2,Mortgage,Vehicle,0
CUST_05243,25,35050.36,9,687,0.216,65277.51,48,0,2,7.3,Own,Other,0
CUST_05244,25,22609.91,12,701,0.474,33407.96,60,0,1,7.7,Mortgage,Other,0
CUST_05245,41,15446.65,14,613,0.22,30465.13,48,3,0,6.6,Mortgage,Debt Consolidation,1
CUST_05246,32,40516.92,8,615,0.23,200000.0,48,1,5,5.1,Own,Debt Consolidation,0
CUST_05247,24,71995.42,26,666,0.32,21618.1,36,0,1,17.2,Mortgage,Debt Consolidation,0
CUST_05248,69,58715.02,7,711,0.186,29429.04,60,5,1,4.4,Mortgage,Debt Consolidation,0
CUST_05249,62,60712.19,5,726,0.223,50417.7,60,2,2,8.7,Rent,Other,1
CUST_05250,40,24355.8,23,767,0.17,14144.58,60,1,1,15.7,Mortgage,Home Improvement,0
CUST_05251,58,40418.17,2,594,0.185,65398.86,48,2,3,6.4,Rent,Debt Consolidation,1
CUST_05252,45,17817.21,25,705,0.195,36538.15,60,2,1,0.7,Rent,Home Improvement,1
CUST_05253,34,39515.86,20,679,0.268,57016.21,60,1,0,5.3,Rent,Other,0
CUST_05254,31,72721.49,12,643,0.527,27893.76,12,5,1,4.6,Mortgage,Home Improvement,1
CUST_05255,52,73859.4,10,820,0.333,81611.06,48,2,3,16.0,Mortgage,Debt Consolidation,0
CUST_05256,31,100230.15,7,710,0.355,27829.21,24,0,5,0.5,Rent,Other,0
CUST_05257,38,59551.04,13,780,0.179,33939.83,60,1,2,3.6,Mortgage,Other,0
CUST_05258,47,46068.03,32,445,0.484,159789.55,72,0,2,12.1,Mortgage,Debt Consolidation,0
CUST_05259,38,56238.77,1,753,0.152,23909.22,48,1,1,6.5,Mortgage,Home Improvement,0
CUST_05260,43,51036.03,0,718,0.675,31187.27,60,1,4,4.8,Mortgage,Home Improvement,0
CUST_05261,31,24254.87,10,729,0.474,30369.87,36,5,1,2.0,Own,Medical,1
CUST_05262,41,17023.24,5,659,0.284,35013.23,60,0,1,5.4,Own,Debt Consolidation,0
CUST_05263,64,56465.18,31,828,0.486,67881.83,60,1,1,9.5,Rent,Home Improvement,0
CUST_05264,25,103432.46,14,666,0.519,27436.62,60,1,1,12.5,Own,Education,0
CUST_05265,43,57640.79,11,679,0.16,27733.38,36,1,1,12.6,Own,Debt Consolidation,0
CUST_05266,61,15000.0,28,612,0.23,126447.89,12,1,1,12.6,Mortgage,Home Improvement,0
CUST_05267,45,28010.9,21,677,0.437,46223.41,60,3,2,6.1,Mortgage,Other,0
CUST_05268,61,32914.01,13,668,0.361,32145.97,24,2,1,13.9,Own,Debt Consolidation,0
CUST_05269,30,15000.0,18,755,0.257,62713.7,24,0,2,6.2,Mortgage,Other,1
CUST_05270,42,18243.27,4,724,0.225,50541.36,36,0,1,7.1,Mortgage,Home Improvement,0
CUST_05271,39,35648.5,34,762,0.295,31804.98,36,0,2,9.3,Rent,Debt Consolidation,0
CUST_05272,21,41390.94,24,672,0.672,85491.99,36,2,2,10.9,Mortgage,Education,0
CUST_05273,27,22181.04,8,656,0.26,5234.16,84,0,1,9.1,Mortgage,Vehicle,0
CUST_05274,24,17828.08,6,742,0.091,105881.31,60,2,1,1.7,Rent,Other,0
CUST_05275,21,65950.05,17,691,0.049,29657.87,36,0,1,10.3,Mortgage,Debt Consolidation,0
CUST_05276,35,29993.49,1,515,0.185,48406.61,60,4,0,8.8,Rent,Debt Consolidation,0
CUST_05277,60,32218.43,9,648,0.454,33973.64,36,1,0,14.6,Rent,Other,1
CUST_05278,32,27630.21,1,527,0.387,29838.77,60,2,1,16.5,Rent,Home Improvement,1
CUST_05279,42,24696.39,7,623,0.53,9708.02,48,1,2,12.2,Rent,Vehicle,1
CUST_05280,42,69660.7,6,752,0.759,92357.62,48,1,2,9.0,Own,Debt Consolidation,1
CUST_05281,67,23390.89,34,656,0.292,28557.63,36,1,3,5.7,Own,Home Improvement,0
CUST_05282,37,39729.2,22,661,0.242,81766.67,36,1,0,3.8,Rent,Debt Consolidation,0
CUST_05283,49,36473.9,7,666,0.506,93731.04,60,3,2,2.2,Rent,Home Improvement,1
CUST_05284,66,15000.0,20,681,0.458,163812.5,48,0,2,11.1,Rent,Home Improvement,1
CUST_05285,34,40965.0,32,657,0.366,29175.02,12,0,0,14.3,Mortgage,Debt Consolidation,0
CUST_05286,40,16781.22,0,807,0.285,65022.78,36,2,1,9.5,Own,Home Improvement,1
CUST_05287,68,49897.69,11,561,0.322,49019.97,60,1,0,10.8,Own,Medical,1
CUST_05288,53,20066.19,10,696,0.316,67848.75,36,1,0,0.7,Rent,Debt Consolidation,1
CUST_05289,63,47146.23,29,719,0.657,23573.47,60,0,2,0.5,Rent,Vehicle,0
CUST_05290,35,29297.2,3,617,0.402,28176.52,36,2,0,1.9,Own,Debt Consolidation,1
CUST_05291,32,25921.75,33,725,0.401,36301.36,60,2,1,10.8,Own,Vehicle,0
CUST_05292,60,40347.44,22,633,0.576,43004.92,48,1,0,3.9,Own,Debt Consolidation,1
CUST_05293,40,17397.3,31,714,0.441,30551.28,12,2,2,7.9,Own,Education,0
CUST_05294,50,35080.11,2,592,0.347,19110.19,60,0,1,0.5,Rent,Debt Consolidation,0
CUST_05295,58,53697.68,27,686,0.348,17451.31,60,2,0,6.9,Mortgage,Home Improvement,1
CUST_05296,23,61163.28,3,836,0.281,67577.65,60,2,2,8.7,Mortgage,Medical,0
CUST_05297,48,28815.96,11,617,0.38,79660.81,84,0,1,9.0,Mortgage,Debt Consolidation,0
CUST_05298,46,30997.87,23,651,0.057,119117.26,36,4,0,11.3,Own,Debt Consolidation,0
CUST_05299,50,17223.82,32,795,0.128,28100.21,72,0,1,20.0,Mortgage,Vehicle,0
CUST_05300,33,24950.36,2,767,0.317,15762.3,12,1,1,10.9,Rent,Medical,0
CUST_05301,33,16646.32,3,802,0.094,48567.39,84,0,1,4.6,Own,Home Improvement,1
CUST_05302,22,45253.57,29,654,0.347,30320.52,60,1,0,0.5,Rent,Vehicle,0
CUST_05303,57,55330.71,5,704,0.277,33110.15,48,3,0,9.8,Mortgage,Debt Consolidation,0
CUST_05304,69,28937.34,29,712,0.146,26634.92,72,2,0,11.7,Rent,Vehicle,0
CUST_05305,58,21394.39,7,626,0.413,40645.45,60,3,1,4.0,Own,Vehicle,0
CUST_05306,22,42365.77,17,602,0.322,42548.72,48,3,0,8.8,Own,Other,0
CUST_05307,56,23529.66,15,593,0.276,117245.47,36,1,2,5.1,Mortgage,Debt Consolidation,0
CUST_05308,46,50816.15,5,645,0.165,152716.17,60,3,2,6.8,Own,Vehicle,0
CUST_05309,31,95579.64,23,591,0.244,14642.6,24,2,0,9.9,Mortgage,Vehicle,0
CUST_05310,28,23336.72,27,633,0.627,88892.47,36,2,2,5.8,Mortgage,Debt Consolidation,0
CUST_05311,64,25063.36,31,610,0.195,128987.14,24,1,2,14.5,Rent,Home Improvement,0
CUST_05312,60,17504.52,24,716,0.252,67619.11,48,1,1,2.1,Own,Home Improvement,0
CUST_05313,63,39067.83,27,708,0.318,96203.49,24,0,2,13.8,Mortgage,Vehicle,0
CUST_05314,42,37762.13,20,640,0.349,89442.77,60,2,1,10.1,Mortgage,Home Improvement,0
CUST_05315,40,31720.56,7,656,0.356,34673.34,36,1,1,3.5,Rent,Home Improvement,0
CUST_05316,28,36609.88,8,722,0.448,38285.1,60,0,0,10.8,Mortgage,Medical,1
CUST_05317,49,21550.68,20,655,0.68,45351.55,36,1,1,5.8,Own,Debt Consolidation,1
CUST_05318,60,15810.04,0,638,0.238,38237.86,60,0,2,3.4,Mortgage,Vehicle,0
CUST_05319,46,24846.32,3,587,0.085,132565.31,36,1,1,0.5,Own,Vehicle,0
CUST_05320,50,15000.0,9,771,0.278,75120.38,36,2,0,11.5,Mortgage,Debt Consolidation,0
CUST_05321,37,23335.61,25,567,0.293,29742.33,48,1,2,9.4,Own,Vehicle,1
CUST_05322,40,42398.31,2,658,0.318,55537.87,36,0,0,9.7,Rent,Vehicle,0
CUST_05323,36,37415.21,8,618,0.32,18368.33,36,1,1,8.6,Rent,Home Improvement,0
CUST_05324,66,15000.0,31,690,0.498,47501.66,48,1,3,8.6,Own,Other,0
CUST_05325,63,61369.81,2,649,0.19,25200.91,60,2,2,18.3,Own,Education,0
CUST_05326,27,32948.95,3,686,0.63,53702.81,36,0,0,4.4,Rent,Medical,1
CUST_05327,36,18964.77,5,621,0.417,13765.82,60,0,0,2.9,Rent,Medical,0
CUST_05328,65,30267.28,8,648,0.134,54030.35,60,0,3,8.5,Rent,Home Improvement,0
CUST_05329,67,27132.68,25,586,0.332,46894.16,36,2,2,2.3,Own,Debt Consolidation,0
CUST_05330,68,23532.33,1,609,0.378,28239.2,36,2,1,13.9,Rent,Education,0
CUST_05331,47,54518.55,1,648,0.185,44587.61,12,0,0,13.0,Rent,Debt Consolidation,0
CUST_05332,43,20886.07,20,692,0.368,57256.25,36,2,1,7.7,Own,Other,0
CUST_05333,44,39827.91,21,670,0.327,25025.63,72,1,0,3.7,Mortgage,Debt Consolidation,0
CUST_05334,29,18570.71,2,775,0.279,36857.51,60,3,0,10.7,Rent,Medical,0
CUST_05335,55,35651.69,34,574,0.263,28230.46,84,2,1,4.0,Own,Debt Consolidation,1
CUST_05336,40,41469.41,32,662,0.359,27063.16,36,2,3,11.4,Mortgage,Vehicle,1
CUST_05337,57,41509.15,14,521,0.151,50210.7,60,1,1,10.1,Mortgage,Home Improvement,0
CUST_05338,62,37812.8,10,668,0.434,29719.69,36,3,1,8.5,Mortgage,Vehicle,0
CUST_05339,37,32224.82,9,633,0.422,29024.1,60,2,1,9.7,Mortgage,Vehicle,0
CUST_05340,67,21331.77,13,644,0.309,30130.65,60,2,3,3.0,Own,Education,0
CUST_05341,51,21455.24,1,632,0.441,31640.09,24,1,1,12.6,Mortgage,Debt Consolidation,1
CUST_05342,28,42167.89,28,710,0.078,24713.71,24,1,1,8.0,Own,Medical,0
CUST_05343,35,19327.72,34,700,0.323,28950.29,24,0,1,9.0,Own,Debt Consolidation,1
CUST_05344,51,17234.12,19,596,0.201,35950.43,36,1,1,6.9,Rent,Vehicle,0
CUST_05345,50,74227.12,20,664,0.244,32872.11,60,1,0,0.7,Own,Home Improvement,0
CUST_05346,66,31892.99,33,574,0.8,20481.21,60,3,0,1.7,Mortgage,Home Improvement,0
CUST_05347,40,49886.58,32,560,0.164,77835.01,36,1,0,0.5,Rent,Other,0
CUST_05348,59,56204.05,18,708,0.379,16422.5,72,2,3,15.3,Rent,Debt Consolidation,0
CUST_05349,32,37255.82,7,600,0.28,22186.51,60,2,2,12.0,Mortgage,Medical,0
CUST_05350,69,30079.88,30,637,0.252,103951.91,84,0,1,11.9,Rent,Vehicle,1
CUST_05351,37,30336.52,10,695,0.36,48033.96,60,3,1,20.2,Mortgage,Home Improvement,0
CUST_05352,62,81146.81,7,679,0.07,85409.99,60,0,3,9.8,Rent,Education,0
CUST_05353,50,27463.03,24,778,0.173,36648.18,60,1,0,10.9,Mortgage,Debt Consolidation,0
CUST_05354,49,39664.66,19,592,0.181,21172.3,72,1,1,5.1,Rent,Vehicle,0
CUST_05355,39,50953.03,6,765,0.343,34609.11,36,0,4,5.2,Rent,Debt Consolidation,0
CUST_05356,66,41165.46,12,720,0.022,107258.48,60,2,4,3.8,Own,Home Improvement,0
CUST_05357,31,62454.39,9,733,0.281,61317.37,48,2,2,11.7,Mortgage,Other,0
CUST_05358,54,29932.26,7,653,0.501,38040.08,36,2,1,1.9,Mortgage,Debt Consolidation,1
CUST_05359,27,50852.02,19,613,0.164,17303.19,36,3,1,10.6,Own,Education,0
CUST_05360,64,15000.0,16,687,0.465,57724.52,24,2,0,6.8,Mortgage,Vehicle,0
CUST_05361,54,71214.93,10,613,0.318,17480.2,60,1,2,6.1,Mortgage,Medical,0
CUST_05362,40,63676.77,15,611,0.232,21507.77,12,0,0,1.8,Rent,Debt Consolidation,0
CUST_05363,58,31187.95,31,691,0.178,10954.21,84,2,2,17.1,Rent,Education,0
CUST_05364,44,45225.63,25,754,0.337,33607.33,84,2,0,7.8,Mortgage,Home Improvement,1
CUST_05365,30,56700.17,8,568,0.261,17583.43,48,2,1,3.5,Rent,Home Improvement,1
CUST_05366,52,21614.58,34,771,0.113,13477.72,60,1,0,7.0,Rent,Home Improvement,0
CUST_05367,35,33783.81,2,593,0.153,110467.18,48,1,1,3.4,Rent,Vehicle,0
CUST_05368,57,18903.93,30,659,0.364,36246.8,36,3,1,7.7,Rent,Education,0
CUST_05369,40,64164.68,6,660,0.201,25439.9,60,1,0,2.8,Mortgage,Other,0
CUST_05370,23,54796.43,1,646,0.267,45227.41,48,2,2,7.8,Mortgage,Debt Consolidation,0
CUST_05371,57,31556.21,24,663,0.298,34867.1,72,0,1,10.1,Rent,Debt Consolidation,0
CUST_05372,60,29778.54,11,689,0.248,41988.28,72,4,1,9.2,Mortgage,Vehicle,1
CUST_05373,28,33709.05,29,769,0.151,62173.21,84,1,0,3.4,Mortgage,Education,1
CUST_05374,60,23187.56,29,666,0.403,200000.0,60,1,1,6.9,Mortgage,Vehicle,0
CUST_05375,64,33288.96,28,616,0.413,19444.88,48,3,1,6.7,Mortgage,Debt Consolidation,0
CUST_05376,43,21614.82,10,605,0.092,8381.6,60,1,0,4.4,Mortgage,Debt Consolidation,0
CUST_05377,60,56906.54,22,702,0.169,25835.03,36,3,1,7.9,Rent,Debt Consolidation,0
CUST_05378,31,64117.19,16,737,0.485,57878.98,60,2,1,4.5,Rent,Other,1
CUST_05379,66,58255.66,12,635,0.522,40926.72,24,2,4,15.8,Rent,Education,1
CUST_05380,28,19988.25,32,744,0.407,17166.19,84,3,2,0.8,Own,Debt Consolidation,0
CUST_05381,49,32721.07,0,832,0.113,50976.57,24,0,1,1.5,Mortgage,Debt Consolidation,0
CUST_05382,50,48647.93,12,772,0.387,14683.18,60,2,0,12.7,Rent,Education,0
CUST_05383,30,53336.65,2,629,0.111,33971.76,36,1,2,5.1,Mortgage,Vehicle,0
CUST_05384,59,15000.0,15,752,0.222,28459.25,60,0,1,11.1,Own,Debt Consolidation,0
CUST_05385,48,52588.08,6,745,0.366,21065.49,60,2,0,9.1,Rent,Debt Consolidation,0
CUST_05386,69,19503.83,2,684,0.342,25738.73,60,2,3,5.9,Mortgage,Vehicle,0
CUST_05387,56,33624.75,13,743,0.271,59364.4,60,2,2,10.0,Own,Home Improvement,0
CUST_05388,33,68100.77,15,733,0.573,40110.23,24,1,2,15.7,Rent,Education,0
CUST_05389,52,63642.4,3,767,0.6,19843.16,36,2,0,23.8,Own,Education,1
CUST_05390,56,70478.65,30,721,0.468,20487.26,48,0,0,4.8,Rent,Home Improvement,0
CUST_05391,57,21308.57,12,733,0.426,20286.54,36,1,3,9.2,Rent,Debt Consolidation,0
CUST_05392,46,24109.35,26,609,0.291,14397.69,24,0,1,4.6,Rent,Medical,0
CUST_05393,42,27408.25,0,680,0.266,182803.73,36,1,1,12.6,Rent,Medical,1
CUST_05394,24,33751.49,24,628,0.399,8865.81,48,4,2,2.0,Mortgage,Vehicle,0
CUST_05395,51,40471.39,10,764,0.289,38326.08,24,0,0,4.4,Rent,Vehicle,0
CUST_05396,38,68777.19,8,585,0.353,14141.97,60,5,1,2.7,Mortgage,Debt Consolidation,0
CUST_05397,58,22826.88,6,527,0.169,25247.09,24,1,0,6.6,Mortgage,Debt Consolidation,0
CUST_05398,44,26517.85,13,581,0.249,71611.38,72,0,1,1.1,Mortgage,Medical,1
CUST_05399,43,74000.01,29,664,0.376,59234.2,36,1,3,8.7,Own,Education,0
CUST_05400,42,20342.67,23,538,0.593,27487.14,36,1,0,6.5,Rent,Home Improvement,1
CUST_05401,22,52230.73,2,547,0.159,30068.36,36,0,0,6.1,Mortgage,Home Improvement,1
CUST_05402,51,34741.01,26,727,0.361,42608.81,48,0,2,14.4,Mortgage,Vehicle,0
CUST_05403,31,44092.14,0,582,0.192,9865.71,60,3,3,11.4,Mortgage,Home Improvement,1
CUST_05404,48,24205.0,25,750,0.32,17307.95,60,4,2,3.8,Rent,Debt Consolidation,0
CUST_05405,66,51719.4,5,587,0.168,28119.86,60,3,2,10.4,Rent,Medical,1
CUST_05406,52,26183.79,11,530,0.137,36452.4,84,1,1,12.8,Rent,Vehicle,0
CUST_05407,25,17857.89,34,608,0.21,26527.5,60,0,3,3.8,Mortgage,Vehicle,0
CUST_05408,58,46166.96,9,590,0.187,43501.93,36,1,1,8.5,Mortgage,Home Improvement,1
CUST_05409,30,15000.0,8,589,0.783,73211.88,36,0,3,3.2,Rent,Medical,1
CUST_05410,60,27337.07,22,672,0.412,46759.13,60,2,1,17.6,Mortgage,Debt Consolidation,0
CUST_05411,66,42006.05,29,692,0.487,51534.9,60,1,0,9.6,Rent,Debt Consolidation,0
CUST_05412,44,53044.69,21,777,0.384,18276.0,60,0,0,9.8,Rent,Education,0
CUST_05413,55,67054.41,8,655,0.308,10503.64,60,1,2,7.5,Mortgage,Medical,0
CUST_05414,64,88324.47,18,700,0.167,48780.85,72,4,0,11.5,Rent,Other,0
CUST_05415,68,75801.56,7,587,0.256,61118.83,48,2,3,1.0,Mortgage,Debt Consolidation,0
CUST_05416,43,39965.58,3,616,0.483,56629.07,60,1,1,14.6,Mortgage,Debt Consolidation,1
CUST_05417,37,63755.38,4,771,0.12,38522.25,36,1,1,11.1,Own,Home Improvement,0
CUST_05418,21,39658.34,18,778,0.109,78679.97,36,2,0,11.7,Mortgage,Vehicle,0
CUST_05419,51,51172.26,17,791,0.384,14182.65,36,0,0,7.9,Rent,Home Improvement,0
CUST_05420,51,26911.98,28,671,0.749,30756.64,60,1,2,1.3,Mortgage,Home Improvement,1
CUST_05421,62,45754.16,18,587,0.687,58245.6,36,1,1,17.4,Rent,Debt Consolidation,1
CUST_05422,62,28663.42,5,625,0.579,8738.7,36,1,0,1.8,Mortgage,Home Improvement,1
CUST_05423,54,33297.18,4,657,0.422,34912.8,24,1,2,16.4,Rent,Medical,0
CUST_05424,29,45826.35,4,640,0.217,21944.6,60,2,4,13.5,Mortgage,Debt Consolidation,1
CUST_05425,42,103330.67,7,688,0.272,47972.67,24,0,0,14.2,Rent,Debt Consolidation,0
CUST_05426,33,44240.02,26,733,0.205,62964.41,24,2,1,5.1,Own,Debt Consolidation,0
CUST_05427,45,36103.53,17,608,0.184,59636.96,60,1,0,3.6,Mortgage,Education,0
CUST_05428,68,23959.3,25,814,0.161,32625.19,36,2,1,8.3,Own,Debt Consolidation,0
CUST_05429,38,56845.98,15,685,0.772,22837.8,72,1,0,16.4,Rent,Debt Consolidation,0
CUST_05430,32,30707.74,21,775,0.387,24221.47,72,1,1,16.0,Own,Debt Consolidation,0
CUST_05431,60,43786.3,22,710,0.193,44200.42,48,1,0,8.4,Rent,Home Improvement,0
CUST_05432,37,51584.22,2,831,0.392,54159.99,24,1,3,8.7,Rent,Education,0
CUST_05433,35,68326.61,2,599,0.182,82707.38,60,2,0,14.3,Mortgage,Debt Consolidation,0
CUST_05434,62,55336.4,11,644,0.296,19275.22,84,2,1,10.3,Rent,Medical,0
CUST_05435,35,19697.97,22,644,0.223,34281.93,60,3,2,3.1,Own,Debt Consolidation,0
CUST_05436,35,15388.88,10,693,0.69,34995.08,60,2,1,13.9,Own,Home Improvement,0
CUST_05437,59,51572.09,28,689,0.406,34121.68,48,2,0,8.1,Own,Education,0
CUST_05438,33,37911.21,5,707,0.496,43833.12,24,1,1,10.0,Mortgage,Other,1
CUST_05439,37,44167.07,15,690,0.14,41773.53,72,2,3,10.7,Mortgage,Medical,1
CUST_05440,52,85808.97,33,719,0.386,20443.97,36,1,1,9.3,Rent,Debt Consolidation,0
CUST_05441,29,26680.97,10,646,0.248,17306.03,36,3,3,8.8,Own,Home Improvement,0
CUST_05442,60,69265.67,10,713,0.5,52180.82,36,2,0,1.2,Rent,Vehicle,1
CUST_05443,40,26813.7,24,850,0.103,19087.32,24,3,1,11.5,Mortgage,Debt Consolidation,0
CUST_05444,46,79430.24,18,680,0.206,68745.59,48,1,1,0.5,Mortgage,Debt Consolidation,0
CUST_05445,47,52852.44,31,579,0.258,21355.98,72,1,2,8.4,Own,Vehicle,0
CUST_05446,41,17093.2,7,636,0.105,27938.1,24,3,0,9.9,Own,Vehicle,0
CUST_05447,38,29476.85,11,648,0.235,23400.1,60,2,0,18.1,Rent,Home Improvement,0
CUST_05448,33,94639.86,34,618,0.374,94108.22,24,2,1,3.4,Mortgage,Vehicle,0
CUST_05449,36,88884.75,5,689,0.309,134792.47,24,1,1,9.0,Mortgage,Vehicle,0
CUST_05450,29,49124.38,20,736,0.175,37118.52,24,2,0,11.8,Mortgage,Education,0
CUST_05451,32,43352.4,25,589,0.334,23602.23,48,3,1,10.3,Own,Debt Consolidation,0
CUST_05452,64,40940.18,0,561,0.359,25361.27,72,2,1,0.5,Rent,Vehicle,0
CUST_05453,58,45184.7,16,850,0.36,66083.54,60,1,0,7.8,Rent,Home Improvement,0
CUST_05454,39,33846.8,34,614,0.577,30799.63,72,4,3,2.3,Rent,Medical,0
CUST_05455,27,66536.74,26,779,0.239,90181.51,72,1,1,20.6,Own,Debt Consolidation,0
CUST_05456,55,48480.89,1,733,0.402,33772.35,24,2,2,9.2,Own,Debt Consolidation,1
CUST_05457,68,22411.34,0,638,0.078,85438.92,60,1,0,4.9,Rent,Home Improvement,0
CUST_05458,38,50387.37,9,625,0.248,32512.24,60,2,1,4.6,Rent,Debt Consolidation,1
CUST_05459,36,39438.28,30,638,0.532,19198.86,72,1,0,9.7,Mortgage,Debt Consolidation,0
CUST_05460,59,31062.89,4,649,0.282,12512.37,60,1,2,8.6,Mortgage,Vehicle,0
CUST_05461,24,93832.21,12,723,0.303,52383.74,72,2,0,9.2,Mortgage,Vehicle,0
CUST_05462,45,38249.48,23,583,0.188,13742.45,36,1,2,21.2,Own,Other,0
CUST_05463,52,15000.0,26,770,0.115,79032.76,60,3,3,12.2,Own,Medical,0
CUST_05464,60,32187.42,0,635,0.129,17781.37,36,0,3,13.8,Mortgage,Home Improvement,0
CUST_05465,33,59679.52,19,578,0.676,50582.42,36,3,1,6.3,Own,Debt Consolidation,1
CUST_05466,65,22851.28,7,693,0.421,112374.05,24,1,1,2.1,Own,Medical,0
CUST_05467,37,58674.04,2,848,0.45,66173.59,72,2,2,9.7,Mortgage,Vehicle,0
CUST_05468,69,22051.94,31,621,0.11,27303.12,24,1,3,10.1,Mortgage,Debt Consolidation,0
CUST_05469,57,70851.18,24,689,0.295,200000.0,84,8,3,17.1,Own,Home Improvement,0
CUST_05470,26,27274.75,24,690,0.241,100641.65,48,1,3,16.9,Mortgage,Education,1
CUST_05471,39,30458.01,13,812,0.254,71575.65,48,2,2,11.3,Mortgage,Debt Consolidation,1
CUST_05472,33,29349.7,26,614,0.586,35811.52,24,0,1,9.6,Own,Home Improvement,0
CUST_05473,46,48958.4,31,746,0.266,25047.19,24,0,4,3.4,Mortgage,Vehicle,0
CUST_05474,34,91314.03,26,580,0.273,192099.85,60,1,1,0.5,Own,Medical,0
CUST_05475,51,36585.84,3,696,0.262,34869.31,48,3,0,3.3,Mortgage,Home Improvement,0
CUST_05476,24,36118.05,10,732,0.604,24084.94,36,2,1,14.5,Rent,Home Improvement,1
CUST_05477,59,27265.18,2,750,0.142,31742.38,36,3,2,20.4,Rent,Debt Consolidation,0
CUST_05478,28,16096.01,24,584,0.15,17063.68,36,1,0,10.7,Own,Home Improvement,0
CUST_05479,45,28659.45,23,539,0.311,22603.38,60,2,1,11.1,Rent,Home Improvement,0
CUST_05480,33,19350.99,8,666,0.367,46643.29,60,1,3,4.3,Rent,Debt Consolidation,0
CUST_05481,52,15000.0,7,640,0.169,43859.42,24,1,2,7.8,Own,Education,0
CUST_05482,58,34943.99,30,581,0.21,47662.08,60,2,0,0.5,Mortgage,Medical,0
CUST_05483,58,27686.56,16,589,0.217,16128.89,48,0,2,7.4,Rent,Debt Consolidation,0
CUST_05484,48,72278.81,30,647,0.067,51474.39,60,1,1,16.1,Mortgage,Home Improvement,0
CUST_05485,50,23675.57,3,800,0.217,26522.97,36,2,2,7.1,Rent,Debt Consolidation,0
CUST_05486,23,50776.23,3,594,0.337,49216.15,12,0,1,5.3,Rent,Vehicle,0
CUST_05487,48,50282.45,7,742,0.1,99591.13,48,2,2,12.9,Mortgage,Medical,0
CUST_05488,23,70867.45,5,577,0.572,90088.84,60,1,1,9.2,Own,Home Improvement,1
CUST_05489,65,33119.82,8,627,0.177,63399.52,60,0,1,4.5,Mortgage,Vehicle,0
CUST_05490,54,70229.32,7,573,0.191,37316.95,48,1,0,4.0,Rent,Vehicle,0
CUST_05491,36,48072.87,31,832,0.122,37495.27,60,1,1,8.1,Rent,Education,0
CUST_05492,42,64192.54,14,747,0.549,24525.05,48,2,2,11.2,Mortgage,Vehicle,0
CUST_05493,52,120219.96,17,729,0.333,60610.95,36,2,0,11.7,Rent,Vehicle,0
CUST_05494,58,34145.58,22,726,0.087,18924.92,60,2,3,4.1,Mortgage,Debt Consolidation,1
CUST_05495,28,39553.31,4,623,0.276,11891.6,48,4,0,13.0,Mortgage,Education,0
CUST_05496,28,30305.73,26,682,0.092,27696.97,36,1,0,0.5,Own,Education,0
CUST_05497,26,78523.63,32,607,0.43,11588.37,12,1,4,3.3,Rent,Debt Consolidation,0
CUST_05498,34,133562.71,1,850,0.48,20821.46,36,1,1,12.7,Mortgage,Vehicle,1
CUST_05499,52,52422.05,27,601,0.396,51750.85,24,2,1,12.2,Mortgage,Debt Consolidation,0
CUST_05500,55,16235.56,23,620,0.064,8331.04,48,0,0,7.4,Rent,Vehicle,0
CUST_05501,30,23352.17,20,792,0.414,38826.25,36,1,0,0.5,Mortgage,Medical,0
CUST_05502,23,64847.58,30,673,0.299,53101.49,36,2,3,10.5,Mortgage,Vehicle,1
CUST_05503,32,20492.66,10,722,0.281,70470.27,24,2,1,11.4,Mortgage,Vehicle,0
CUST_05504,69,26896.02,27,674,0.295,21312.1,60,1,2,9.6,Mortgage,Home Improvement,0
CUST_05505,51,26428.45,3,632,0.453,12662.72,84,1,2,14.7,Mortgage,Home Improvement,0
CUST_05506,49,34941.3,15,632,0.435,9437.16,72,1,1,7.0,Own,Vehicle,0
CUST_05507,25,41289.15,11,740,0.371,52184.14,60,0,1,11.5,Own,Home Improvement,0
CUST_05508,45,15000.0,21,696,0.018,24821.17,48,1,1,3.6,Mortgage,Home Improvement,0
CUST_05509,61,16920.49,34,764,0.268,24071.24,60,1,0,9.6,Mortgage,Home Improvement,0
CUST_05510,51,17123.61,15,763,0.452,35018.08,48,1,3,19.7,Rent,Vehicle,0
CUST_05511,41,18178.34,23,720,0.316,83446.03,36,2,1,0.5,Own,Vehicle,1
CUST_05512,40,36607.32,34,753,0.14,7040.75,36,2,0,10.1,Own,Debt Consolidation,0
CUST_05513,59,40026.18,27,718,0.376,23957.29,36,1,0,0.5,Mortgage,Other,0
CUST_05514,42,60270.14,28,707,0.467,63238.96,48,0,1,11.6,Mortgage,Debt Consolidation,0
CUST_05515,24,47928.46,20,657,0.158,52823.84,60,0,1,5.9,Mortgage,Home Improvement,0
CUST_05516,33,27142.91,24,562,0.183,33261.96,36,2,0,1.7,Rent,Other,1
CUST_05517,65,40739.94,30,636,0.357,128232.69,12,2,1,11.7,Mortgage,Debt Consolidation,0
CUST_05518,62,61519.78,14,781,0.326,41661.24,12,1,1,12.6,Rent,Vehicle,0
CUST_05519,69,32412.8,34,700,0.344,13585.68,36,1,1,2.9,Rent,Education,1
CUST_05520,40,31094.64,21,652,0.432,23711.12,60,3,0,13.1,Rent,Vehicle,0
CUST_05521,33,22641.08,4,764,0.387,110462.71,12,0,3,0.9,Rent,Home Improvement,0
CUST_05522,37,24284.34,12,649,0.391,40265.75,48,3,3,11.9,Own,Debt Consolidation,0
CUST_05523,56,51163.78,31,730,0.057,58539.76,36,1,2,13.9,Mortgage,Medical,0
CUST_05524,53,36246.12,2,773,0.42,107874.65,72,0,1,4.2,Own,Debt Consolidation,1
CUST_05525,21,96683.26,14,723,0.053,198465.05,84,2,1,10.2,Rent,Education,0
CUST_05526,35,25890.89,26,754,0.48,15293.74,36,1,2,6.0,Mortgage,Vehicle,0
CUST_05527,33,53140.07,26,713,0.266,33579.64,84,2,3,16.5,Own,Education,1
CUST_05528,37,44055.46,29,547,0.275,40472.81,84,2,0,1.4,Rent,Medical,0
CUST_05529,44,34728.39,5,772,0.329,41297.31,60,0,3,6.9,Rent,Vehicle,0
CUST_05530,28,29209.49,24,736,0.273,66159.97,36,1,0,1.9,Own,Other,0
CUST_05531,47,49023.3,27,659,0.292,78192.84,24,0,2,10.6,Rent,Vehicle,0
CUST_05532,65,47635.66,21,639,0.624,40693.64,60,2,1,14.2,Mortgage,Education,1
CUST_05533,43,40174.76,3,689,0.286,36037.02,60,0,3,4.7,Own,Vehicle,0
CUST_05534,66,44928.03,14,596,0.606,11515.58,36,2,2,11.1,Own,Vehicle,0
CUST_05535,28,36984.1,25,746,0.4,27270.74,48,1,1,11.3,Mortgage,Other,0
CUST_05536,28,15985.06,17,669,0.295,86160.49,36,3,1,13.0,Rent,Education,0
CUST_05537,46,37880.31,8,617,0.108,18616.0,60,1,0,0.5,Rent,Education,0
CUST_05538,67,31752.44,3,727,0.178,75400.75,60,1,1,8.6,Mortgage,Education,0
CUST_05539,33,96097.81,4,713,0.236,15342.76,48,1,4,9.5,Mortgage,Debt Consolidation,0
CUST_05540,59,49845.96,5,737,0.44,52833.38,36,2,1,12.2,Mortgage,Education,0
CUST_05541,57,40165.13,11,590,0.216,44140.8,60,0,0,7.8,Own,Home Improvement,1
CUST_05542,69,45771.41,30,732,0.473,20945.19,48,6,1,10.9,Mortgage,Vehicle,0
CUST_05543,48,21773.33,8,805,0.533,4279.77,60,0,2,8.1,Own,Education,0
CUST_05544,45,26772.1,6,677,0.162,39224.24,60,0,1,9.3,Rent,Debt Consolidation,1
CUST_05545,36,30718.04,28,673,0.324,34747.67,36,1,3,10.5,Mortgage,Debt Consolidation,1
CUST_05546,22,44099.83,13,583,0.207,61580.31,60,0,1,12.5,Mortgage,Home Improvement,1
CUST_05547,38,29220.44,19,686,0.099,43695.48,60,2,0,9.0,Rent,Medical,0
CUST_05548,37,28262.21,31,608,0.319,16728.61,60,0,1,2.6,Mortgage,Home Improvement,0
CUST_05549,50,21291.61,21,762,0.188,15446.46,48,1,0,3.1,Mortgage,Debt Consolidation,0
CUST_05550,59,36774.52,17,850,0.478,162085.85,60,0,0,0.5,Own,Vehicle,0
CUST_05551,33,39449.75,24,850,0.541,35870.45,48,1,0,8.4,Mortgage,Debt Consolidation,0
CUST_05552,52,44992.98,30,620,0.214,30118.73,36,0,1,8.3,Rent,Other,0
CUST_05553,49,25642.13,34,628,0.36,29673.65,60,0,1,7.4,Rent,Other,0
CUST_05554,66,43712.43,25,722,0.215,46930.83,12,2,1,14.6,Own,Home Improvement,0
CUST_05555,50,21587.35,3,664,0.138,44986.95,24,2,5,7.1,Mortgage,Debt Consolidation,0
CUST_05556,38,32547.9,19,681,0.151,13844.11,36,1,1,6.5,Mortgage,Medical,0
CUST_05557,33,42225.77,33,850,0.297,15194.07,84,1,3,11.8,Mortgage,Home Improvement,0
CUST_05558,63,31909.02,11,604,0.198,109202.7,36,2,1,11.5,Rent,Other,0
CUST_05559,41,16631.9,15,699,0.262,46508.8,48,1,1,5.8,Mortgage,Other,0
CUST_05560,50,17653.4,4,707,0.167,22209.27,60,2,4,16.2,Rent,Home Improvement,0
CUST_05561,41,40556.34,34,754,0.188,13064.64,12,2,0,6.0,Mortgage,Home Improvement,0
CUST_05562,68,48524.58,26,620,0.352,21350.43,24,3,2,7.4,Own,Debt Consolidation,0
CUST_05563,37,43030.24,0,784,0.285,13507.35,36,1,1,14.5,Own,Other,0
CUST_05564,60,49112.61,33,698,0.658,21252.48,36,2,0,5.9,Own,Debt Consolidation,0
CUST_05565,39,31562.62,31,622,0.489,49653.91,24,4,1,6.5,Mortgage,Vehicle,0
CUST_05566,35,52534.27,32,667,0.557,76786.72,60,2,0,4.3,Mortgage,Home Improvement,1
CUST_05567,29,42960.23,30,750,0.343,31109.26,24,0,1,13.3,Mortgage,Debt Consolidation,0
CUST_05568,30,26377.63,12,826,0.427,21071.68,72,1,0,10.2,Rent,Debt Consolidation,0
CUST_05569,64,46968.24,1,655,0.172,24823.65,48,0,0,5.9,Mortgage,Other,0
CUST_05570,51,42109.35,29,828,0.192,20325.72,36,4,0,12.6,Own,Education,0
CUST_05571,43,83804.92,9,767,0.408,6683.14,36,2,1,6.4,Own,Home Improvement,0
CUST_05572,50,72378.17,22,644,0.157,24282.73,60,2,2,10.8,Rent,Education,0
CUST_05573,53,34677.57,32,722,0.135,40539.07,24,3,1,12.8,Rent,Other,0
CUST_05574,29,29470.93,28,741,0.258,49835.47,12,0,4,14.0,Mortgage,Debt Consolidation,0
CUST_05575,67,79186.07,29,663,0.102,140510.5,60,0,1,9.4,Own,Debt Consolidation,0
CUST_05576,21,47847.29,33,635,0.199,38191.61,48,0,3,12.4,Mortgage,Vehicle,0
CUST_05577,64,33287.13,16,671,0.159,59843.16,60,1,0,14.5,Mortgage,Debt Consolidation,1
CUST_05578,55,15000.0,21,653,0.094,26775.77,84,3,0,13.7,Mortgage,Home Improvement,0
CUST_05579,31,24890.72,4,699,0.331,34048.33,48,2,1,0.5,Mortgage,Vehicle,0
CUST_05580,54,24040.28,10,833,0.164,47655.36,36,3,1,8.6,Rent,Other,0
CUST_05581,36,33752.5,21,712,0.203,46030.66,36,1,1,14.3,Rent,Home Improvement,0
CUST_05582,29,49476.8,31,807,0.266,117489.5,72,0,1,15.9,Own,Other,0
CUST_05583,52,53403.24,23,720,0.546,47440.82,84,0,1,9.3,Mortgage,Debt Consolidation,0
CUST_05584,35,76881.29,10,850,0.681,176218.4,36,3,0,0.5,Rent,Debt Consolidation,0
CUST_05585,32,57855.16,10,623,0.156,27652.68,84,3,2,15.5,Own,Home Improvement,0
CUST_05586,53,18953.92,16,535,0.314,4468.53,48,2,1,0.5,Own,Vehicle,0
CUST_05587,65,60779.25,31,699,0.307,128661.99,12,0,0,3.9,Rent,Home Improvement,0
CUST_05588,34,86393.04,18,708,0.393,26610.63,36,2,0,3.9,Own,Vehicle,0
CUST_05589,28,84280.35,26,790,0.358,49544.37,36,0,5,3.5,Own,Medical,0
CUST_05590,28,19802.6,31,813,0.403,128579.1,36,1,0,12.4,Rent,Debt Consolidation,0
CUST_05591,47,33006.23,24,571,0.383,21011.6,60,1,1,1.8,Mortgage,Debt Consolidation,0
CUST_05592,32,58717.14,27,668,0.198,37337.85,60,3,1,10.4,Own,Home Improvement,0
CUST_05593,21,20349.84,26,690,0.128,43825.7,24,0,0,16.5,Mortgage,Vehicle,0
CUST_05594,63,15329.62,13,599,0.533,50719.03,24,0,1,5.6,Rent,Education,0
CUST_05595,60,42488.04,1,670,0.453,200000.0,60,2,1,9.4,Own,Debt Consolidation,0
CUST_05596,62,25905.34,16,756,0.088,40360.29,48,1,2,7.0,Own,Medical,1
CUST_05597,31,16063.01,0,761,0.178,26538.62,36,4,1,0.5,Own,Debt Consolidation,0
CUST_05598,59,67155.1,31,706,0.439,79946.16,24,3,1,13.1,Rent,Education,0
CUST_05599,63,39425.04,18,799,0.337,14658.55,36,0,0,1.4,Mortgage,Other,0
CUST_05600,51,27991.43,13,704,0.075,157481.76,84,2,2,6.0,Rent,Home Improvement,0
CUST_05601,37,22430.07,30,770,0.315,37589.62,24,3,5,2.1,Rent,Debt Consolidation,0
CUST_05602,53,39627.68,17,621,0.049,21898.39,60,0,1,8.4,Mortgage,Vehicle,1
CUST_05603,52,46990.87,13,626,0.28,33188.58,12,1,1,11.1,Mortgage,Debt Consolidation,1
CUST_05604,49,42743.24,13,825,0.325,7286.72,72,1,0,3.4,Rent,Debt Consolidation,0
CUST_05605,41,16992.77,23,646,0.086,10460.53,48,1,2,14.7,Own,Vehicle,1
CUST_05606,41,46093.45,4,751,0.334,27973.04,72,1,1,5.3,Mortgage,Home Improvement,0
CUST_05607,60,51391.33,15,643,0.268,57853.98,36,2,2,13.3,Rent,Home Improvement,0
CUST_05608,43,30586.01,4,707,0.495,13255.29,48,0,1,6.2,Mortgage,Medical,1
CUST_05609,26,61071.78,12,670,0.198,25540.69,60,0,0,1.5,Mortgage,Vehicle,0
CUST_05610,42,23719.23,15,730,0.291,54902.71,72,1,0,11.6,Rent,Home Improvement,0
CUST_05611,58,69237.12,14,730,0.365,55568.72,24,2,0,2.5,Rent,Vehicle,0
CUST_05612,57,38799.31,30,634,0.438,23850.18,36,0,0,9.4,Rent,Home Improvement,0
CUST_05613,65,28336.76,4,732,0.197,59185.3,84,1,0,5.3,Mortgage,Home Improvement,0
CUST_05614,28,30970.05,20,600,0.191,31302.72,36,2,1,3.9,Own,Debt Consolidation,0
CUST_05615,61,59852.74,29,801,0.169,38542.12,72,1,2,14.3,Rent,Debt Consolidation,0
CUST_05616,69,40889.2,22,705,0.433,27506.48,60,2,1,8.5,Own,Debt Consolidation,0
CUST_05617,55,50137.96,28,468,0.275,57341.82,48,1,1,11.1,Rent,Vehicle,0
CUST_05618,31,62151.77,12,588,0.013,39329.12,36,0,0,5.4,Rent,Debt Consolidation,0
CUST_05619,44,27917.57,31,728,0.561,24732.69,48,2,2,11.3,Mortgage,Home Improvement,1
CUST_05620,69,38702.1,26,747,0.53,44270.02,60,3,0,15.2,Own,Vehicle,0
CUST_05621,41,32460.27,33,653,0.15,89072.36,60,4,1,1.9,Rent,Medical,0
CUST_05622,22,60386.99,32,691,0.523,4813.52,24,0,0,7.5,Own,Education,0
CUST_05623,60,29994.59,3,731,0.181,43245.05,60,1,3,9.7,Rent,Vehicle,0
CUST_05624,39,37194.49,17,772,0.425,16862.02,72,0,0,8.6,Own,Home Improvement,0
CUST_05625,59,114446.45,5,744,0.204,14664.81,48,3,5,0.5,Rent,Education,0
CUST_05626,48,69048.07,27,641,0.253,9163.98,36,2,1,6.4,Mortgage,Home Improvement,0
CUST_05627,37,21641.89,26,775,0.202,44110.12,60,1,0,5.8,Rent,Debt Consolidation,0
CUST_05628,26,57010.35,25,528,0.115,49395.74,24,1,1,6.6,Rent,Vehicle,0
CUST_05629,39,51245.58,19,660,0.299,81237.67,72,2,1,0.5,Own,Education,0
CUST_05630,58,20945.56,12,723,0.129,27054.24,48,2,1,10.2,Mortgage,Education,0
CUST_05631,48,34371.13,27,596,0.112,116754.79,60,3,0,17.0,Rent,Vehicle,0
CUST_05632,22,22610.02,33,684,0.378,40085.37,36,1,3,4.3,Mortgage,Education,0
CUST_05633,58,15000.0,22,719,0.449,19260.58,48,1,2,1.6,Rent,Vehicle,0
CUST_05634,57,33759.4,9,626,0.155,40543.12,60,1,2,8.5,Mortgage,Home Improvement,0
CUST_05635,24,28196.55,29,693,0.15,11069.75,84,3,2,12.7,Own,Debt Consolidation,0
CUST_05636,42,20942.77,21,594,0.216,43125.34,60,2,1,7.6,Mortgage,Debt Consolidation,0
CUST_05637,46,36141.85,4,750,0.344,28592.63,72,0,0,13.8,Mortgage,Vehicle,0
CUST_05638,69,15000.0,8,717,0.197,116456.42,84,1,0,9.7,Rent,Education,0
CUST_05639,63,37072.75,3,732,0.502,17857.3,60,2,0,14.4,Own,Vehicle,0
CUST_05640,56,36596.18,0,675,0.393,3879.5,12,3,2,3.1,Mortgage,Medical,0
CUST_05641,33,50989.23,33,563,0.336,21775.32,36,1,1,0.5,Own,Education,1
CUST_05642,52,16291.69,25,671,0.216,28524.05,60,0,2,3.0,Mortgage,Home Improvement,0
CUST_05643,37,105843.0,17,801,0.286,6918.17,12,2,3,0.5,Mortgage,Home Improvement,0
CUST_05644,61,87369.46,15,751,0.502,14295.78,48,2,0,7.9,Mortgage,Home Improvement,0
CUST_05645,56,24671.22,22,802,0.205,53149.01,60,0,2,4.8,Mortgage,Debt Consolidation,0
CUST_05646,66,75347.76,25,684,0.556,33320.94,72,3,1,7.5,Rent,Medical,0
CUST_05647,39,55744.61,1,632,0.292,131070.94,48,0,2,8.5,Mortgage,Medical,1
CUST_05648,55,29152.25,4,721,0.338,24783.04,60,3,0,12.0,Own,Home Improvement,0
CUST_05649,66,26811.16,28,667,0.263,185067.88,48,1,0,4.9,Mortgage,Home Improvement,0
CUST_05650,60,27844.42,3,641,0.156,25906.02,24,1,0,4.5,Mortgage,Vehicle,0
CUST_05651,48,149221.11,34,559,0.05,18778.35,48,3,1,13.5,Rent,Home Improvement,0
CUST_05652,21,71686.64,21,703,0.172,17805.1,48,3,2,9.8,Mortgage,Home Improvement,1
CUST_05653,62,32814.1,7,746,0.422,10957.47,48,0,0,16.5,Own,Other,0
CUST_05654,38,34261.89,20,598,0.809,81309.36,72,1,0,6.7,Own,Debt Consolidation,1
CUST_05655,68,55477.02,7,784,0.158,15760.3,60,0,1,7.7,Rent,Debt Consolidation,0
CUST_05656,60,54275.17,4,697,0.424,115704.3,24,1,1,0.5,Mortgage,Education,0
CUST_05657,53,22506.56,20,688,0.044,59170.36,48,2,1,0.7,Rent,Education,0
CUST_05658,32,42140.7,26,595,0.213,48678.7,48,1,2,6.5,Mortgage,Education,0
CUST_05659,28,27549.19,4,717,0.399,47960.45,60,1,1,7.8,Rent,Debt Consolidation,1
CUST_05660,44,39186.98,20,599,0.38,45271.71,48,1,0,8.9,Own,Medical,1
CUST_05661,36,35454.07,7,613,0.272,18900.75,48,0,0,9.9,Rent,Debt Consolidation,0
CUST_05662,24,60404.7,21,563,0.265,51446.16,24,1,1,3.5,Rent,Vehicle,0
CUST_05663,58,31756.78,17,850,0.115,21701.4,60,1,0,4.5,Mortgage,Debt Consolidation,0
CUST_05664,64,38528.7,3,677,0.203,44373.35,60,2,2,5.6,Own,Home Improvement,0
CUST_05665,47,15000.0,3,637,0.177,40792.46,36,1,2,12.7,Rent,Vehicle,0
CUST_05666,29,42694.55,14,677,0.685,32836.81,60,1,0,7.4,Own,Medical,0
CUST_05667,67,24605.84,26,645,0.374,36205.73,24,1,1,5.9,Own,Education,0
CUST_05668,36,17007.89,20,667,0.326,33439.17,60,2,1,0.5,Mortgage,Debt Consolidation,0
CUST_05669,32,63866.94,3,706,0.15,42397.67,48,1,3,1.4,Mortgage,Other,1
CUST_05670,51,35564.93,10,652,0.326,56489.03,24,1,2,17.1,Rent,Education,1
CUST_05671,44,15000.0,18,689,0.285,9233.35,60,4,4,14.9,Mortgage,Other,0
CUST_05672,34,24543.15,18,843,0.357,27958.0,24,1,1,11.3,Rent,Debt Consolidation,1
CUST_05673,65,36406.44,26,552,0.449,20259.84,60,2,3,6.0,Mortgage,Home Improvement,1
CUST_05674,45,36951.98,27,600,0.231,84422.31,36,1,0,5.0,Mortgage,Debt Consolidation,0
CUST_05675,54,28290.95,4,715,0.207,55245.33,48,2,1,5.9,Mortgage,Other,0
CUST_05676,23,15000.0,24,776,0.172,16543.76,72,0,1,12.5,Mortgage,Debt Consolidation,0
CUST_05677,44,27557.88,2,850,0.279,197006.34,24,0,2,12.4,Own,Debt Consolidation,0
CUST_05678,62,62038.89,25,709,0.231,15583.47,60,4,1,13.4,Own,Debt Consolidation,0
CUST_05679,29,73218.05,9,595,0.231,22167.63,60,1,0,12.5,Mortgage,Education,0
CUST_05680,46,26802.61,23,785,0.819,33972.79,36,1,0,8.4,Mortgage,Education,0
CUST_05681,40,93122.12,28,689,0.361,10753.02,72,2,0,6.7,Mortgage,Vehicle,1
CUST_05682,60,16179.41,6,686,0.352,45998.68,72,1,1,11.3,Rent,Home Improvement,1
CUST_05683,30,24221.22,22,544,0.296,33181.08,60,2,0,0.5,Own,Education,0
CUST_05684,39,56712.39,26,762,0.134,40398.88,60,0,3,10.2,Own,Debt Consolidation,0
CUST_05685,23,52419.17,8,616,0.078,15589.4,24,1,3,11.3,Rent,Debt Consolidation,0
CUST_05686,44,36141.26,2,720,0.336,46866.74,48,2,0,9.6,Rent,Education,1
CUST_05687,25,20752.81,12,685,0.178,40513.37,84,2,5,1.4,Own,Debt Consolidation,1
CUST_05688,23,20725.1,5,694,0.221,21251.43,24,1,0,5.4,Own,Debt Consolidation,0
CUST_05689,47,25264.57,20,684,0.478,17352.14,48,0,3,4.6,Mortgage,Home Improvement,1
CUST_05690,36,21180.35,18,627,0.392,28705.02,84,1,1,16.4,Mortgage,Other,0
CUST_05691,69,38768.04,24,621,0.397,20952.3,60,0,1,0.9,Rent,Home Improvement,0
CUST_05692,35,34678.19,3,746,0.376,29625.9,12,3,1,0.5,Mortgage,Debt Consolidation,0
CUST_05693,55,20319.15,21,679,0.48,82287.55,72,1,0,9.9,Rent,Vehicle,1
CUST_05694,32,30410.97,4,634,0.225,36008.29,36,3,1,10.8,Own,Debt Consolidation,0
CUST_05695,61,15000.0,0,644,0.293,37804.22,12,2,0,11.8,Mortgage,Debt Consolidation,0
CUST_05696,64,43028.17,16,728,0.328,21978.2,60,2,1,9.3,Mortgage,Home Improvement,0
CUST_05697,46,51966.93,8,633,0.734,108043.58,60,3,2,0.5,Mortgage,Home Improvement,0
CUST_05698,67,23019.45,8,792,0.258,22704.54,48,3,3,15.5,Own,Vehicle,0
CUST_05699,54,24509.4,23,669,0.21,24787.5,36,0,1,6.6,Mortgage,Vehicle,0
CUST_05700,43,41313.49,9,656,0.109,50576.78,60,1,0,12.7,Own,Debt Consolidation,0
CUST_05701,51,38297.24,19,723,0.343,17320.18,60,1,1,3.9,Rent,Medical,0
CUST_05702,40,53453.06,16,660,0.424,41886.87,36,2,2,7.6,Mortgage,Education,0
CUST_05703,32,24628.51,12,707,0.112,23394.08,72,0,0,7.5,Own,Education,0
CUST_05704,43,26100.8,28,676,0.326,125964.85,48,1,2,11.8,Own,Debt Consolidation,1
CUST_05705,24,32521.31,22,558,0.17,19053.49,72,1,0,5.9,Own,Home Improvement,0
CUST_05706,43,21310.15,26,605,0.288,25181.02,24,0,1,8.5,Mortgage,Vehicle,0
CUST_05707,68,32169.06,17,700,0.209,25900.94,36,4,3,11.4,Rent,Education,0
CUST_05708,68,21485.07,17,648,0.441,40819.06,36,3,1,3.1,Own,Medical,0
CUST_05709,21,44747.24,8,824,0.267,41417.16,60,1,0,11.3,Mortgage,Medical,0
CUST_05710,45,22750.61,2,625,0.526,18175.05,72,1,3,12.1,Own,Vehicle,0
CUST_05711,22,41210.42,6,588,0.315,30854.52,60,1,0,11.4,Rent,Home Improvement,0
CUST_05712,50,75230.21,14,683,0.13,41723.86,60,2,3,4.2,Mortgage,Vehicle,0
CUST_05713,23,44986.25,29,698,0.756,70079.49,48,0,2,15.2,Mortgage,Home Improvement,0
CUST_05714,41,39653.84,8,742,0.245,21973.19,24,2,0,13.4,Rent,Home Improvement,1
CUST_05715,45,18364.6,26,505,0.15,8728.34,60,1,0,0.9,Mortgage,Vehicle,1
CUST_05716,40,72730.58,17,786,0.283,41176.96,60,1,0,11.6,Rent,Medical,0
CUST_05717,69,63440.9,30,588,0.247,20793.78,72,2,2,17.3,Mortgage,Vehicle,0
CUST_05718,42,33584.75,16,756,0.506,66295.47,36,2,1,8.4,Own,Debt Consolidation,0
CUST_05719,41,29969.68,5,817,0.416,16375.92,60,0,3,5.0,Mortgage,Home Improvement,0
CUST_05720,53,24173.44,24,732,0.247,20768.51,72,5,0,2.5,Mortgage,Vehicle,0
CUST_05721,58,88848.55,30,600,0.336,72008.51,72,3,1,4.0,Own,Debt Consolidation,0
CUST_05722,35,53743.73,28,666,0.517,9167.32,36,3,0,2.5,Own,Vehicle,1
CUST_05723,66,24854.55,8,733,0.336,21596.71,36,2,1,13.4,Rent,Other,0
CUST_05724,35,62920.97,0,682,0.448,50276.98,24,1,1,4.5,Own,Vehicle,0
CUST_05725,66,70938.91,15,607,0.204,5607.29,60,1,3,18.2,Rent,Debt Consolidation,0
CUST_05726,45,35932.36,22,687,0.248,11698.03,60,3,2,7.1,Rent,Vehicle,0
CUST_05727,41,30571.59,7,644,0.378,30344.5,60,0,0,0.5,Own,Vehicle,1
CUST_05728,44,22102.77,11,722,0.378,25092.39,36,1,1,4.9,Own,Other,0
CUST_05729,25,51725.92,9,606,0.306,17665.27,60,2,1,6.0,Mortgage,Debt Consolidation,0
CUST_05730,26,29332.81,15,545,0.465,24739.62,36,1,1,7.8,Rent,Medical,0
CUST_05731,69,28732.61,23,609,0.467,92996.82,84,0,0,9.9,Rent,Debt Consolidation,1
CUST_05732,63,36106.76,7,561,0.335,74027.35,72,4,0,9.7,Mortgage,Debt Consolidation,1
CUST_05733,68,24124.82,10,636,0.373,27375.62,12,1,1,4.3,Rent,Other,0
CUST_05734,64,77980.31,25,727,0.344,18314.52,60,0,3,6.9,Mortgage,Debt Consolidation,0
CUST_05735,67,58921.18,6,652,0.112,184159.45,36,0,0,1.4,Own,Home Improvement,0
CUST_05736,43,37732.56,14,678,0.157,70330.63,60,1,0,4.0,Mortgage,Debt Consolidation,0
CUST_05737,24,23727.18,14,610,0.238,150347.21,36,1,1,13.1,Mortgage,Debt Consolidation,1
CUST_05738,47,24376.4,2,681,0.299,8218.06,36,0,1,5.5,Own,Medical,1
CUST_05739,38,23844.78,15,613,0.389,15948.65,12,1,2,11.9,Own,Education,0
CUST_05740,41,19626.8,14,597,0.192,34245.51,36,1,2,4.9,Own,Home Improvement,0
CUST_05741,48,42673.91,24,664,0.222,39010.6,60,1,2,2.8,Rent,Debt Consolidation,0
CUST_05742,55,26338.34,32,633,0.434,48138.21,72,1,1,9.2,Mortgage,Vehicle,0
CUST_05743,42,25596.85,13,483,0.408,26351.96,36,0,2,6.6,Mortgage,Medical,1
CUST_05744,60,24173.97,23,674,0.834,60271.06,72,2,1,11.5,Own,Home Improvement,0
CUST_05745,43,59981.37,10,612,0.181,26450.98,60,2,1,15.6,Rent,Home Improvement,0
CUST_05746,23,24852.48,2,607,0.208,79057.12,60,1,2,12.3,Mortgage,Debt Consolidation,1
CUST_05747,60,68495.43,8,778,0.142,52592.12,72,0,0,6.8,Own,Other,0
CUST_05748,30,31449.96,5,740,0.437,14665.07,36,4,3,9.7,Own,Home Improvement,0
CUST_05749,45,19486.16,30,706,0.152,26734.18,72,2,0,6.4,Own,Debt Consolidation,1
CUST_05750,69,45918.98,15,684,0.221,31802.32,36,2,2,7.2,Rent,Vehicle,0
CUST_05751,28,56592.86,10,722,0.142,16158.45,60,0,1,0.5,Mortgage,Home Improvement,0
CUST_05752,31,23646.81,16,653,0.594,19086.23,48,3,1,7.5,Rent,Debt Consolidation,0
CUST_05753,25,37482.16,2,686,0.168,26479.12,60,1,1,0.5,Rent,Other,0
CUST_05754,65,42583.9,18,652,0.709,105410.31,36,1,2,8.8,Rent,Debt Consolidation,0
CUST_05755,57,38094.19,23,688,0.452,54757.69,72,2,1,9.2,Own,Home Improvement,1
CUST_05756,65,28880.67,7,700,0.196,44422.95,24,1,2,11.1,Rent,Education,1
CUST_05757,58,56433.05,1,696,0.065,12371.94,60,3,1,4.1,Rent,Debt Consolidation,0
CUST_05758,49,32030.43,22,654,0.487,54853.62,24,3,0,0.5,Rent,Debt Consolidation,0
CUST_05759,25,26826.89,29,728,0.656,16875.55,84,0,0,11.1,Rent,Debt Consolidation,0
CUST_05760,29,15024.82,24,666,0.304,36928.07,36,2,4,7.1,Mortgage,Vehicle,0
CUST_05761,68,15095.03,6,664,0.469,139219.66,60,0,2,7.9,Mortgage,Other,1
CUST_05762,22,40455.26,27,553,0.383,87271.75,60,1,1,3.8,Rent,Debt Consolidation,0
CUST_05763,21,34943.06,16,620,0.267,75057.95,84,0,2,16.5,Own,Debt Consolidation,0
CUST_05764,60,56597.64,31,741,0.226,20779.62,72,3,2,17.3,Rent,Home Improvement,0
CUST_05765,50,63904.32,0,735,0.344,23588.19,72,1,1,4.3,Rent,Education,1
CUST_05766,31,32126.88,26,678,0.231,36735.12,60,3,1,10.1,Own,Debt Consolidation,0
CUST_05767,48,58356.44,6,641,0.325,39686.14,48,1,0,4.5,Mortgage,Education,0
CUST_05768,64,27421.34,2,691,0.457,43839.84,36,1,1,5.1,Rent,Medical,0
CUST_05769,32,33693.33,29,512,0.205,15198.62,60,2,3,2.0,Mortgage,Debt Consolidation,1
CUST_05770,59,33215.02,0,690,0.359,68684.43,60,5,0,1.7,Rent,Debt Consolidation,0
CUST_05771,46,79979.95,33,593,0.268,53252.41,72,1,1,14.2,Mortgage,Vehicle,0
CUST_05772,33,19163.39,32,674,0.57,49675.14,36,0,0,5.2,Rent,Debt Consolidation,0
CUST_05773,28,37405.34,15,695,0.568,10952.74,36,1,1,4.1,Own,Debt Consolidation,1
CUST_05774,48,25641.89,10,656,0.216,26291.9,48,0,0,9.6,Rent,Debt Consolidation,0
CUST_05775,50,31272.44,7,732,0.17,10053.85,60,1,1,3.0,Mortgage,Home Improvement,0
CUST_05776,29,30610.82,0,636,0.146,14054.18,60,1,0,0.5,Rent,Home Improvement,0
CUST_05777,59,37647.88,13,629,0.273,26677.45,36,2,1,6.3,Own,Education,1
CUST_05778,51,71215.0,29,724,0.235,17769.27,48,2,1,16.2,Own,Home Improvement,0
CUST_05779,41,93995.31,20,655,0.143,19768.16,36,2,1,7.2,Rent,Medical,0
CUST_05780,67,50427.19,20,774,0.476,28200.29,48,1,0,8.1,Mortgage,Debt Consolidation,0
CUST_05781,54,22257.48,33,681,0.551,45351.87,72,1,1,1.9,Mortgage,Medical,1
CUST_05782,51,33279.16,25,719,0.407,34392.8,72,0,3,4.1,Rent,Debt Consolidation,0
CUST_05783,45,41369.58,13,745,0.19,47167.46,48,1,0,1.5,Mortgage,Debt Consolidation,0
CUST_05784,32,29629.87,34,675,0.142,60336.69,36,4,0,8.5,Rent,Debt Consolidation,0
CUST_05785,21,31617.39,17,573,0.306,21371.93,48,1,4,10.4,Rent,Vehicle,0
CUST_05786,42,35046.1,19,724,0.076,19169.47,60,1,1,7.8,Mortgage,Debt Consolidation,0
CUST_05787,60,53428.85,8,763,0.286,25126.8,24,4,1,3.7,Rent,Home Improvement,0
CUST_05788,57,47339.05,32,661,0.168,45064.92,36,1,1,10.2,Mortgage,Education,1
CUST_05789,67,26766.79,3,749,0.203,79286.32,24,2,0,13.6,Own,Debt Consolidation,0
CUST_05790,21,48845.48,3,598,0.204,9907.74,12,2,1,8.9,Own,Debt Consolidation,0
CUST_05791,21,86006.72,15,690,0.164,46560.01,60,1,0,6.1,Rent,Other,0
CUST_05792,62,17043.53,25,660,0.489,105090.4,36,2,1,1.5,Own,Home Improvement,0
CUST_05793,62,29182.81,5,570,0.607,36398.73,60,3,0,16.2,Rent,Debt Consolidation,1
CUST_05794,41,28094.31,21,708,0.084,177599.07,48,1,0,5.6,Mortgage,Medical,0
CUST_05795,35,37795.99,6,618,0.217,27500.55,60,1,2,12.6,Mortgage,Vehicle,1
CUST_05796,37,15000.0,29,706,0.211,38882.22,48,2,0,3.4,Own,Debt Consolidation,0
CUST_05797,42,71721.34,9,610,0.533,25877.86,48,2,2,4.6,Rent,Medical,0
CUST_05798,58,37175.15,14,563,0.278,61930.55,72,1,0,2.5,Rent,Vehicle,0
CUST_05799,55,42153.23,5,630,0.498,19719.86,60,2,0,11.5,Mortgage,Home Improvement,1
CUST_05800,65,39781.54,23,752,0.547,16387.98,24,1,0,9.9,Rent,Vehicle,1
CUST_05801,36,28049.71,1,669,0.269,17659.07,60,0,0,9.6,Rent,Home Improvement,1
CUST_05802,28,51499.49,14,682,0.363,18491.58,24,3,1,11.2,Mortgage,Medical,1
CUST_05803,67,36410.59,20,690,0.36,31231.58,60,1,2,8.3,Own,Home Improvement,0
CUST_05804,37,15000.0,17,687,0.272,58372.09,60,3,3,7.5,Rent,Vehicle,0
CUST_05805,37,34403.66,4,811,0.326,92930.45,36,1,1,10.3,Own,Debt Consolidation,1
CUST_05806,46,31609.53,24,677,0.37,69690.1,36,1,2,10.0,Mortgage,Vehicle,0
CUST_05807,33,51450.26,9,547,0.05,21486.81,36,2,1,4.7,Mortgage,Home Improvement,0
CUST_05808,37,140183.36,22,654,0.291,11362.77,60,1,0,0.5,Mortgage,Debt Consolidation,0
CUST_05809,58,43863.71,23,685,0.205,22366.63,36,2,0,1.4,Mortgage,Other,0
CUST_05810,37,104809.46,9,592,0.141,32461.37,60,1,2,13.4,Mortgage,Vehicle,0
CUST_05811,68,25767.95,5,663,0.297,105193.66,12,3,0,0.7,Mortgage,Vehicle,1
CUST_05812,34,26607.23,12,664,0.177,37676.01,60,2,1,19.3,Mortgage,Home Improvement,0
CUST_05813,65,32105.51,20,804,0.313,17671.75,36,4,1,13.7,Own,Home Improvement,1
CUST_05814,26,44918.1,31,633,0.192,173115.94,36,1,1,16.6,Own,Education,0
CUST_05815,55,26362.52,14,746,0.354,52231.86,60,1,1,0.5,Rent,Education,0
CUST_05816,66,16221.24,1,670,0.604,18859.13,72,1,1,4.3,Rent,Vehicle,1
CUST_05817,34,36736.56,14,740,0.074,37876.43,60,2,1,13.0,Rent,Vehicle,0
CUST_05818,67,20506.62,16,778,0.79,13586.97,60,0,0,12.3,Own,Debt Consolidation,1
CUST_05819,28,63444.1,19,707,0.179,94580.11,36,2,1,5.1,Mortgage,Home Improvement,1
CUST_05820,35,50107.96,5,676,0.45,72814.08,48,3,0,5.8,Rent,Vehicle,0
CUST_05821,47,24840.67,14,760,0.118,153524.5,72,3,0,15.9,Rent,Home Improvement,0
CUST_05822,33,45610.63,16,578,0.67,43275.63,60,1,0,6.7,Mortgage,Medical,0
CUST_05823,69,27609.65,25,692,0.116,21387.37,36,1,2,4.1,Rent,Vehicle,0
CUST_05824,51,35380.07,21,593,0.673,14724.71,72,2,2,10.7,Mortgage,Education,0
CUST_05825,55,35566.67,8,736,0.532,91104.21,36,3,1,9.2,Mortgage,Other,0
CUST_05826,26,30705.12,11,687,0.519,35653.02,84,1,1,19.5,Mortgage,Debt Consolidation,1
CUST_05827,25,55013.83,21,675,0.236,9480.6,60,2,2,10.5,Own,Home Improvement,0
CUST_05828,42,20752.42,22,654,0.357,22121.09,60,3,1,2.2,Rent,Other,1
CUST_05829,69,47500.15,13,727,0.237,54085.87,60,0,2,6.4,Rent,Education,0
CUST_05830,43,42288.25,23,555,0.217,22974.79,72,2,2,7.2,Rent,Vehicle,0
CUST_05831,45,17992.54,7,813,0.359,13778.35,72,0,3,12.8,Own,Debt Consolidation,0
CUST_05832,54,24411.01,25,670,0.08,52045.65,36,1,2,8.3,Mortgage,Home Improvement,0
CUST_05833,46,21016.44,31,589,0.116,118701.81,60,2,1,12.0,Mortgage,Education,0
CUST_05834,67,30235.94,27,496,0.386,45915.44,36,1,0,3.6,Mortgage,Home Improvement,0
CUST_05835,25,37205.55,31,668,0.098,35576.93,36,4,1,17.2,Rent,Debt Consolidation,1
CUST_05836,46,22829.45,21,696,0.303,200000.0,72,3,0,10.7,Mortgage,Home Improvement,0
CUST_05837,40,58957.04,8,701,0.497,20390.36,36,2,3,13.7,Mortgage,Vehicle,1
CUST_05838,26,61629.21,2,578,0.294,31252.2,48,0,3,13.2,Rent,Home Improvement,0
CUST_05839,26,67319.81,24,594,0.135,27595.24,48,3,0,13.6,Own,Vehicle,0
CUST_05840,38,15000.0,11,775,0.395,18376.16,60,1,2,12.2,Mortgage,Education,0
CUST_05841,24,96190.33,28,571,0.352,21801.36,60,0,1,10.4,Rent,Education,0
CUST_05842,37,39459.38,2,688,0.234,32662.97,48,2,1,8.9,Mortgage,Vehicle,0
CUST_05843,34,37184.59,22,653,0.17,9700.56,72,1,1,12.0,Mortgage,Debt Consolidation,0
CUST_05844,34,34512.02,22,642,0.29,47572.76,72,1,0,3.3,Mortgage,Debt Consolidation,0
CUST_05845,33,18758.0,17,661,0.676,70578.37,60,1,2,3.0,Own,Home Improvement,1
CUST_05846,27,43472.29,10,642,0.347,34855.04,48,2,0,0.5,Rent,Debt Consolidation,1
CUST_05847,64,81305.76,25,640,0.307,99239.42,36,0,1,4.2,Mortgage,Debt Consolidation,0
CUST_05848,35,39222.74,7,750,0.43,21773.97,60,1,0,15.8,Rent,Medical,0
CUST_05849,39,20794.66,27,652,0.317,39366.98,60,3,0,4.3,Rent,Home Improvement,0
CUST_05850,63,16938.54,17,595,0.312,42083.2,48,2,2,19.5,Rent,Other,0
CUST_05851,67,31350.58,12,674,0.398,30958.38,72,2,3,6.5,Own,Education,1
CUST_05852,64,25033.91,11,606,0.293,30228.46,36,2,0,3.6,Mortgage,Vehicle,0
CUST_05853,55,51600.54,21,604,0.398,46338.48,72,2,0,3.8,Own,Vehicle,0
CUST_05854,37,72056.76,1,782,0.282,18899.32,60,1,1,0.5,Rent,Vehicle,0
CUST_05855,55,45927.79,27,667,0.338,46989.38,36,3,0,15.3,Mortgage,Home Improvement,1
CUST_05856,39,34802.83,12,591,0.429,21123.87,48,1,0,9.9,Mortgage,Vehicle,0
CUST_05857,40,33987.03,32,673,0.274,49866.19,12,0,0,15.5,Mortgage,Debt Consolidation,0
CUST_05858,56,37629.43,2,684,0.136,15016.15,72,0,1,0.5,Rent,Home Improvement,0
CUST_05859,55,20333.59,33,666,0.07,25664.01,60,0,2,6.6,Mortgage,Vehicle,0
CUST_05860,52,49076.36,22,646,0.48,71021.28,60,0,1,14.1,Mortgage,Education,0
CUST_05861,68,21154.15,31,583,0.493,17787.7,84,1,2,8.6,Mortgage,Education,0
CUST_05862,64,63454.88,19,651,0.321,19166.05,72,2,1,11.8,Mortgage,Home Improvement,0
CUST_05863,60,30284.05,27,624,0.62,40082.67,72,0,1,4.2,Rent,Vehicle,1
CUST_05864,44,55017.39,7,671,0.277,46495.16,36,3,1,13.3,Own,Debt Consolidation,0
CUST_05865,37,17385.04,2,710,0.476,80687.22,36,2,1,5.9,Rent,Home Improvement,1
CUST_05866,27,54823.81,29,803,0.575,21921.35,60,2,2,9.3,Own,Debt Consolidation,0
CUST_05867,63,71773.0,24,734,0.248,12231.1,36,0,1,9.9,Own,Debt Consolidation,0
CUST_05868,21,19133.79,29,490,0.581,28484.83,36,2,3,6.6,Rent,Medical,1
CUST_05869,55,34311.92,28,696,0.225,61822.87,36,0,2,7.9,Mortgage,Education,1
CUST_05870,52,42935.02,29,786,0.545,19385.44,24,1,1,11.6,Rent,Debt Consolidation,0
CUST_05871,56,43999.52,33,670,0.32,22509.28,60,3,2,0.5,Mortgage,Debt Consolidation,1
CUST_05872,33,30644.96,24,789,0.655,22478.01,12,0,4,11.3,Mortgage,Home Improvement,0
CUST_05873,26,28059.49,16,603,0.395,63862.56,60,0,1,0.5,Rent,Home Improvement,0
CUST_05874,34,41218.05,23,619,0.15,29978.28,36,2,0,2.7,Rent,Education,0
CUST_05875,57,43315.98,27,668,0.076,35950.53,60,2,2,0.5,Own,Medical,0
CUST_05876,68,26537.06,32,670,0.591,14412.34,72,2,1,8.5,Own,Home Improvement,1
CUST_05877,35,24040.11,6,739,0.24,75454.38,60,2,2,5.2,Rent,Other,1
CUST_05878,67,66548.6,22,680,0.652,30244.82,36,2,3,9.4,Rent,Home Improvement,1
CUST_05879,24,38324.11,25,672,0.534,14440.24,36,1,1,10.1,Rent,Home Improvement,0
CUST_05880,60,15000.0,13,850,0.07,68118.28,36,1,1,3.8,Mortgage,Home Improvement,0
CUST_05881,36,66753.07,27,626,0.334,78821.79,48,0,2,9.8,Rent,Vehicle,0
CUST_05882,48,26941.64,23,770,0.112,78915.84,72,3,0,5.3,Rent,Debt Consolidation,0
CUST_05883,36,37547.8,6,709,0.165,61275.02,84,4,1,14.7,Mortgage,Education,0
CUST_05884,24,43801.89,14,654,0.388,13454.17,72,1,0,8.8,Mortgage,Medical,0
CUST_05885,65,17294.75,2,698,0.264,47412.25,48,1,0,3.0,Own,Education,1
CUST_05886,46,31432.53,1,623,0.102,51233.15,48,2,1,1.4,Mortgage,Home Improvement,0
CUST_05887,48,70177.78,6,686,0.365,39142.52,36,2,1,2.8,Rent,Other,1
CUST_05888,52,62609.96,15,680,0.415,82320.65,36,4,1,3.9,Rent,Home Improvement,0
CUST_05889,65,31408.08,20,713,0.49,21299.47,72,0,0,12.6,Own,Home Improvement,0
CUST_05890,22,51943.76,8,672,0.192,119389.81,72,2,1,0.5,Mortgage,Home Improvement,0
CUST_05891,51,55479.15,11,797,0.523,25205.95,24,2,1,9.1,Mortgage,Other,0
CUST_05892,23,54081.68,28,618,0.352,32077.06,36,2,1,3.4,Rent,Other,0
CUST_05893,28,20475.56,23,632,0.198,24334.41,60,0,2,25.4,Mortgage,Vehicle,0
CUST_05894,44,82501.78,32,697,0.157,60627.86,24,0,1,11.7,Rent,Vehicle,0
CUST_05895,35,28798.5,13,624,0.309,50728.55,36,0,5,4.7,Rent,Home Improvement,1
CUST_05896,63,38356.08,17,727,0.355,92632.87,60,2,3,8.1,Mortgage,Debt Consolidation,0
CUST_05897,51,30465.79,4,772,0.294,7909.99,48,0,1,10.7,Mortgage,Vehicle,0
CUST_05898,29,40736.53,14,644,0.263,35082.02,72,3,0,2.1,Rent,Vehicle,0
CUST_05899,59,23573.25,6,686,0.436,51922.75,60,2,3,4.9,Rent,Vehicle,0
CUST_05900,65,32449.44,24,726,0.535,53966.98,60,2,0,9.6,Rent,Home Improvement,1
CUST_05901,22,39790.31,13,742,0.196,27164.24,48,1,1,13.6,Rent,Debt Consolidation,0
CUST_05902,28,66991.73,34,850,0.041,41105.44,36,0,1,4.3,Mortgage,Home Improvement,0
CUST_05903,27,63067.71,23,585,0.234,50454.57,60,5,1,6.9,Mortgage,Debt Consolidation,0
CUST_05904,64,64684.48,14,785,0.206,19640.1,84,1,3,3.9,Mortgage,Home Improvement,0
CUST_05905,59,56068.31,10,635,0.181,19152.66,36,1,3,11.4,Mortgage,Debt Consolidation,0
CUST_05906,62,91430.8,23,638,0.403,61452.21,60,3,0,7.1,Own,Vehicle,0
CUST_05907,36,31411.51,10,690,0.075,36555.16,60,4,0,6.7,Own,Vehicle,0
CUST_05908,55,33560.86,16,684,0.33,33923.36,60,4,0,10.2,Mortgage,Vehicle,1
CUST_05909,50,32877.0,5,768,0.394,56311.59,48,1,1,11.9,Rent,Education,0
CUST_05910,30,35222.3,20,577,0.395,18153.05,12,2,3,2.0,Mortgage,Vehicle,1
CUST_05911,58,17710.09,7,472,0.167,12114.67,72,2,1,0.5,Mortgage,Home Improvement,1
CUST_05912,38,41455.69,14,815,0.264,23250.97,36,4,2,7.8,Mortgage,Debt Consolidation,0
CUST_05913,25,46538.14,31,579,0.545,25280.08,48,1,1,13.7,Rent,Debt Consolidation,0
CUST_05914,49,31929.85,9,750,0.559,16513.89,60,0,1,2.0,Rent,Debt Consolidation,0
CUST_05915,59,15083.09,27,778,0.201,66397.63,72,2,1,3.2,Rent,Other,0
CUST_05916,54,36706.73,14,759,0.19,25195.82,60,2,2,4.1,Mortgage,Medical,0
CUST_05917,63,19008.6,11,716,0.454,58546.09,48,0,1,11.6,Mortgage,Vehicle,0
CUST_05918,65,44965.71,17,732,0.127,126415.33,60,1,1,11.0,Rent,Debt Consolidation,0
CUST_05919,43,38547.86,23,643,0.154,48902.8,48,1,4,9.6,Rent,Medical,0
CUST_05920,25,40484.97,28,546,0.172,20751.84,36,1,1,14.9,Mortgage,Education,0
CUST_05921,50,21364.41,9,656,0.28,45295.65,36,1,1,5.7,Rent,Debt Consolidation,1
CUST_05922,26,68240.39,13,642,0.505,123296.58,60,3,2,5.4,Own,Debt Consolidation,1
CUST_05923,66,39541.44,15,614,0.485,93931.14,24,4,2,5.1,Own,Debt Consolidation,1
CUST_05924,64,22991.53,10,683,0.615,174661.97,12,2,3,14.7,Rent,Medical,0
CUST_05925,24,48524.34,25,544,0.127,27315.47,12,3,1,1.8,Own,Home Improvement,0
CUST_05926,49,38134.23,18,768,0.225,26506.04,24,2,0,0.5,Rent,Education,0
CUST_05927,43,90985.78,17,675,0.398,56984.17,24,0,1,6.2,Mortgage,Other,0
CUST_05928,26,27544.63,29,645,0.637,16730.89,60,4,3,16.6,Rent,Home Improvement,1
CUST_05929,52,19462.28,31,658,0.378,39389.85,48,2,1,7.1,Mortgage,Debt Consolidation,0
CUST_05930,62,41968.45,22,669,0.266,21245.01,12,4,2,0.5,Own,Debt Consolidation,0
CUST_05931,38,60241.27,11,607,0.168,17522.66,36,1,1,8.6,Mortgage,Debt Consolidation,0
CUST_05932,35,116016.13,12,607,0.378,21395.99,48,0,0,9.9,Rent,Debt Consolidation,0
CUST_05933,60,200647.74,20,588,0.089,49888.01,60,1,0,23.1,Mortgage,Debt Consolidation,0
CUST_05934,52,16713.56,20,581,0.088,24255.57,84,2,0,16.6,Mortgage,Vehicle,1
CUST_05935,29,33941.07,28,620,0.297,44133.87,48,0,1,8.5,Mortgage,Other,0
CUST_05936,57,19494.62,28,670,0.489,76678.91,24,1,1,11.1,Mortgage,Vehicle,0
CUST_05937,30,32090.27,26,757,0.449,58372.88,60,1,2,9.0,Mortgage,Debt Consolidation,1
CUST_05938,40,125319.51,28,570,0.1,84328.94,60,1,0,0.5,Mortgage,Debt Consolidation,0
CUST_05939,26,24104.27,14,744,0.2,54640.67,36,5,1,12.5,Rent,Debt Consolidation,0
CUST_05940,68,35919.1,11,567,0.272,31148.38,60,4,1,2.2,Own,Education,0
CUST_05941,23,27161.87,18,687,0.236,127718.97,72,1,1,6.8,Own,Debt Consolidation,0
CUST_05942,62,21990.2,11,574,0.657,22445.19,12,3,0,0.7,Rent,Other,1
CUST_05943,31,89000.3,22,591,0.587,27090.98,36,0,0,12.2,Rent,Home Improvement,1
CUST_05944,63,16820.8,4,702,0.393,8084.11,24,2,2,4.1,Own,Debt Consolidation,0
CUST_05945,37,34847.72,25,701,0.204,33824.06,60,0,0,3.9,Rent,Medical,0
CUST_05946,52,37948.36,9,732,0.469,8161.93,60,1,3,5.2,Rent,Home Improvement,0
CUST_05947,24,35720.32,21,615,0.301,22808.86,24,2,1,7.5,Rent,Debt Consolidation,0
CUST_05948,24,31012.5,22,750,0.313,40003.18,24,2,2,7.4,Mortgage,Debt Consolidation,0
CUST_05949,37,81403.33,10,789,0.118,81205.26,72,2,2,3.0,Rent,Vehicle,0
CUST_05950,61,15000.0,27,696,0.586,22843.67,60,0,1,14.0,Own,Home Improvement,1
CUST_05951,39,45171.69,30,555,0.086,71146.92,48,1,2,7.9,Mortgage,Education,0
CUST_05952,25,46189.13,7,545,0.418,12315.24,48,0,2,7.6,Mortgage,Home Improvement,1
CUST_05953,52,41919.02,27,691,0.219,21309.59,36,4,1,16.7,Mortgage,Education,0
CUST_05954,42,23970.47,15,640,0.231,35004.91,36,2,2,13.0,Mortgage,Other,0
CUST_05955,26,66337.83,30,610,0.307,49886.0,60,3,2,8.7,Own,Education,1
CUST_05956,55,64698.29,15,668,0.312,81047.85,48,3,1,3.5,Own,Other,1
CUST_05957,42,23551.76,4,655,0.315,29342.06,48,2,0,5.8,Mortgage,Other,0
CUST_05958,21,19951.48,34,669,0.084,41963.32,36,1,0,0.5,Mortgage,Education,0
CUST_05959,40,18114.15,24,618,0.67,39672.25,36,1,1,7.6,Mortgage,Debt Consolidation,1
CUST_05960,42,40647.91,12,819,0.331,21567.32,60,2,1,10.9,Mortgage,Home Improvement,0
CUST_05961,68,37174.97,28,604,0.169,86378.96,84,0,3,8.6,Own,Debt Consolidation,1
CUST_05962,31,30316.46,26,661,0.218,76659.04,72,2,1,7.0,Mortgage,Debt Consolidation,1
CUST_05963,33,102812.13,16,537,0.065,16281.0,60,1,0,4.8,Own,Other,0
CUST_05964,62,28838.25,28,599,0.116,53425.0,60,0,2,6.9,Rent,Debt Consolidation,1
CUST_05965,23,39884.77,33,589,0.327,83816.26,48,2,2,15.6,Mortgage,Other,0
CUST_05966,29,32953.32,29,642,0.384,58040.04,36,0,2,9.3,Own,Vehicle,0
CUST_05967,32,96912.04,30,663,0.286,16685.58,60,2,1,6.8,Rent,Home Improvement,1
CUST_05968,43,15000.0,21,650,0.495,16650.72,36,2,1,10.5,Mortgage,Vehicle,0
CUST_05969,34,31102.55,24,642,0.108,18245.97,72,0,1,4.8,Rent,Debt Consolidation,0
CUST_05970,53,49371.46,3,695,0.217,37691.35,24,5,2,11.3,Rent,Other,0
CUST_05971,38,32493.84,34,700,0.108,10460.53,24,1,1,0.5,Mortgage,Other,0
CUST_05972,69,18917.33,8,513,0.482,77442.06,36,1,0,12.1,Mortgage,Debt Consolidation,1
CUST_05973,61,39667.94,25,754,0.174,39947.4,24,2,0,0.5,Own,Debt Consolidation,0
CUST_05974,29,16144.56,26,698,0.434,3541.92,24,4,2,11.1,Own,Vehicle,0
CUST_05975,43,50772.87,26,543,0.098,168197.12,36,3,1,10.2,Rent,Education,0
CUST_05976,30,29536.1,17,743,0.238,13971.43,36,1,0,2.7,Own,Debt Consolidation,0
CUST_05977,39,27153.58,29,751,0.474,97415.41,60,1,3,5.6,Own,Medical,1
CUST_05978,67,61271.99,30,541,0.12,50136.76,48,0,2,0.5,Own,Vehicle,0
CUST_05979,25,21990.99,2,658,0.673,81035.45,24,0,0,0.6,Own,Vehicle,0
CUST_05980,67,16793.83,28,698,0.327,16871.47,60,0,2,8.8,Rent,Vehicle,0
CUST_05981,43,23034.74,6,755,0.474,46450.39,36,2,0,6.9,Own,Debt Consolidation,0
CUST_05982,50,101063.1,17,714,0.093,48137.93,48,1,1,7.1,Rent,Vehicle,0
CUST_05983,45,21985.89,15,641,0.426,85365.29,36,2,1,10.2,Rent,Home Improvement,1
CUST_05984,48,43597.79,31,604,0.079,16401.36,48,0,1,0.5,Mortgage,Debt Consolidation,0
CUST_05985,54,55363.55,24,576,0.318,38872.43,12,0,0,0.5,Own,Vehicle,1
CUST_05986,65,22700.11,31,615,0.161,65682.86,36,1,1,4.4,Mortgage,Debt Consolidation,0
CUST_05987,68,22714.82,18,718,0.359,16930.98,36,2,0,13.6,Mortgage,Debt Consolidation,0
CUST_05988,67,39738.64,2,744,0.543,14451.53,60,2,1,0.5,Mortgage,Vehicle,0
CUST_05989,45,40646.22,34,654,0.092,14766.55,60,2,4,8.1,Mortgage,Debt Consolidation,0
CUST_05990,30,71239.91,28,757,0.489,25456.67,60,0,1,13.0,Mortgage,Other,0
CUST_05991,34,24720.4,10,709,0.127,24683.06,60,0,6,8.2,Mortgage,Education,0
CUST_05992,62,30072.71,5,850,0.333,53675.65,36,1,3,0.5,Mortgage,Medical,0
CUST_05993,66,150121.19,18,552,0.262,42677.21,48,3,4,10.0,Own,Vehicle,1
CUST_05994,50,15000.0,26,665,0.19,36022.26,24,4,2,16.4,Mortgage,Medical,0
CUST_05995,61,15000.0,4,695,0.122,22598.52,60,1,2,2.6,Rent,Education,0
CUST_05996,45,18187.31,25,809,0.322,37501.63,36,1,1,12.3,Own,Debt Consolidation,0
CUST_05997,34,62994.5,34,578,0.208,55046.15,84,0,0,12.6,Own,Debt Consolidation,0
CUST_05998,55,29168.88,18,612,0.23,11150.11,84,2,2,7.3,Rent,Debt Consolidation,0
CUST_05999,68,29163.6,16,684,0.432,23579.98,36,3,1,18.5,Mortgage,Education,0
CUST_06000,54,22412.83,34,594,0.472,48651.37,12,2,0,6.7,Rent,Vehicle,0
CUST_06001,30,57480.97,12,663,0.051,43839.3,24,1,2,9.2,Rent,Debt Consolidation,1
CUST_06002,55,18328.69,13,566,0.277,47543.93,48,2,1,0.5,Mortgage,Other,1
CUST_06003,31,27153.17,29,764,0.452,23177.3,60,3,2,12.9,Own,Home Improvement,0
CUST_06004,31,22860.8,16,798,0.243,38464.62,60,2,2,15.5,Own,Debt Consolidation,1
CUST_06005,41,15000.0,14,800,0.084,38216.07,48,0,2,0.5,Rent,Education,0
CUST_06006,41,28591.95,17,691,0.624,50409.66,72,0,2,12.6,Mortgage,Vehicle,1
CUST_06007,42,35256.69,13,692,0.259,39113.52,72,0,2,10.6,Own,Other,0
CUST_06008,65,24642.78,13,679,0.175,28684.24,60,1,1,7.4,Rent,Medical,0
CUST_06009,27,31756.81,32,740,0.01,22549.91,36,1,1,1.3,Mortgage,Education,0
CUST_06010,37,32166.7,10,768,0.636,20639.03,60,1,0,9.1,Rent,Education,1
CUST_06011,22,33978.63,10,730,0.247,11867.57,60,2,1,1.1,Own,Vehicle,0
CUST_06012,32,21439.19,25,697,0.069,29609.68,48,2,1,2.8,Mortgage,Education,0
CUST_06013,62,20832.2,2,729,0.462,11361.09,60,3,4,9.4,Rent,Vehicle,0
CUST_06014,38,37178.03,24,679,0.174,29823.51,60,1,2,8.5,Own,Debt Consolidation,0
CUST_06015,31,17360.56,16,586,0.21,8629.49,60,0,3,8.7,Mortgage,Other,0
CUST_06016,36,32628.37,21,639,0.346,73256.17,12,2,1,8.4,Own,Other,0
CUST_06017,69,82268.64,28,695,0.402,66753.94,48,1,3,15.1,Mortgage,Other,0
CUST_06018,38,35617.35,25,619,0.216,39816.96,48,0,1,9.8,Own,Home Improvement,1
CUST_06019,55,15000.0,33,614,0.158,8803.67,72,1,2,11.2,Mortgage,Vehicle,1
CUST_06020,46,39731.88,25,723,0.485,32153.82,48,2,0,5.4,Mortgage,Vehicle,0
CUST_06021,36,54679.56,8,728,0.123,41874.87,36,1,0,5.9,Rent,Home Improvement,0
CUST_06022,26,24400.07,10,701,0.121,17869.09,36,0,1,3.9,Own,Debt Consolidation,0
CUST_06023,64,31273.41,6,645,0.379,8975.82,60,0,3,6.7,Mortgage,Home Improvement,1
CUST_06024,63,23415.55,29,656,0.209,135779.84,24,2,1,7.9,Rent,Debt Consolidation,0
CUST_06025,67,28822.43,1,729,0.663,33552.81,72,1,2,3.0,Mortgage,Home Improvement,1
CUST_06026,67,26035.78,29,617,0.444,46058.74,60,2,3,13.7,Own,Debt Consolidation,0
CUST_06027,68,45154.01,3,578,0.315,35788.9,36,2,3,7.3,Own,Debt Consolidation,1
CUST_06028,62,83210.7,13,716,0.26,77955.66,36,0,0,10.0,Mortgage,Debt Consolidation,0
CUST_06029,32,37369.41,12,672,0.274,45128.45,72,1,0,5.7,Mortgage,Vehicle,0
CUST_06030,33,16799.91,24,772,0.588,53738.33,12,0,2,6.1,Mortgage,Vehicle,1
CUST_06031,24,128632.74,12,605,0.193,35732.61,36,1,1,14.8,Rent,Other,0
CUST_06032,59,48603.43,12,755,0.081,28719.4,36,2,2,1.7,Mortgage,Debt Consolidation,0
CUST_06033,22,53811.11,5,639,0.302,27884.34,60,0,2,8.3,Rent,Home Improvement,1
CUST_06034,46,35176.62,25,735,0.136,16666.51,36,1,1,0.5,Own,Home Improvement,0
CUST_06035,47,40797.03,13,590,0.3,36785.56,24,4,0,12.4,Rent,Vehicle,0
CUST_06036,47,30610.15,7,568,0.601,48055.71,36,2,0,9.1,Rent,Debt Consolidation,0
CUST_06037,35,57059.39,23,705,0.513,53297.27,60,2,1,5.3,Rent,Vehicle,1
CUST_06038,28,28603.9,21,661,0.697,29494.96,24,0,2,3.1,Own,Vehicle,0
CUST_06039,27,46382.95,20,691,0.166,78219.08,36,3,2,0.5,Rent,Other,0
CUST_06040,67,58965.15,25,612,0.095,14068.84,60,1,1,3.2,Own,Debt Consolidation,0
CUST_06041,66,67708.53,9,703,0.184,81283.16,60,2,0,7.6,Mortgage,Education,0
CUST_06042,60,60838.09,12,769,0.672,19074.55,12,2,1,5.2,Mortgage,Education,0
CUST_06043,32,21768.09,13,757,0.023,22789.07,72,1,1,0.5,Mortgage,Debt Consolidation,0
CUST_06044,33,79727.76,8,633,0.527,9474.99,36,2,0,0.5,Mortgage,Vehicle,0
CUST_06045,63,50621.39,6,592,0.146,16421.79,36,0,0,1.9,Mortgage,Other,0
CUST_06046,37,42310.76,30,680,0.463,42663.7,60,4,1,7.1,Rent,Debt Consolidation,1
CUST_06047,37,44821.28,15,739,0.183,44963.57,24,1,2,13.6,Own,Vehicle,0
CUST_06048,56,33550.43,7,562,0.439,78555.77,36,1,1,15.0,Own,Debt Consolidation,0
CUST_06049,41,28758.51,14,723,0.301,95304.55,72,1,1,10.3,Own,Home Improvement,0
CUST_06050,28,30204.54,24,821,0.035,20154.74,60,1,1,14.6,Mortgage,Debt Consolidation,0
CUST_06051,25,69152.1,14,725,0.078,34620.47,60,0,1,10.6,Own,Other,0
CUST_06052,46,37817.45,24,571,0.426,8600.04,36,2,0,14.1,Mortgage,Debt Consolidation,1
CUST_06053,36,41808.67,6,601,0.206,20679.01,48,1,2,6.0,Rent,Debt Consolidation,0
CUST_06054,56,37424.13,25,632,0.22,37033.76,60,1,2,4.4,Rent,Home Improvement,0
CUST_06055,48,26004.83,7,670,0.329,6872.82,84,3,1,8.0,Rent,Home Improvement,1
CUST_06056,49,15000.0,17,704,0.094,12786.82,36,2,1,5.5,Mortgage,Home Improvement,0
CUST_06057,67,53335.64,20,730,0.607,40148.31,36,2,3,7.8,Mortgage,Home Improvement,1
CUST_06058,32,50583.91,15,659,0.522,19831.58,36,2,2,10.2,Own,Vehicle,0
CUST_06059,57,36108.08,2,698,0.386,22948.73,36,1,0,15.2,Own,Vehicle,0
CUST_06060,50,21054.74,0,604,0.162,53840.84,36,1,3,10.0,Rent,Vehicle,1
CUST_06061,43,90256.37,12,631,0.481,27545.56,36,0,1,11.3,Own,Vehicle,1
CUST_06062,36,30620.47,31,742,0.19,19103.62,48,2,0,6.1,Rent,Medical,0
CUST_06063,34,41114.9,11,712,0.128,77897.92,84,3,1,11.5,Mortgage,Home Improvement,0
CUST_06064,30,25550.85,30,720,0.526,192194.53,24,1,1,2.1,Mortgage,Debt Consolidation,1
CUST_06065,27,18492.87,1,607,0.509,52976.88,60,0,0,4.9,Own,Debt Consolidation,0
CUST_06066,65,48767.36,7,677,0.262,43241.96,84,8,2,7.1,Own,Debt Consolidation,0
CUST_06067,57,17147.3,24,686,0.396,105683.08,48,0,1,9.8,Mortgage,Debt Consolidation,0
CUST_06068,49,40721.81,4,703,0.442,14588.53,48,2,2,0.5,Rent,Home Improvement,0
CUST_06069,23,40781.0,1,751,0.187,80127.26,24,0,3,14.2,Mortgage,Vehicle,0
CUST_06070,35,20746.2,2,683,0.295,72771.94,60,0,1,5.6,Rent,Home Improvement,0
CUST_06071,56,18992.35,21,791,0.135,15329.92,36,0,0,14.4,Rent,Home Improvement,1
CUST_06072,67,24705.52,32,542,0.274,42549.93,60,2,2,12.9,Own,Debt Consolidation,0
CUST_06073,66,26535.0,31,658,0.189,27652.56,48,2,1,4.1,Mortgage,Vehicle,0
CUST_06074,39,16901.08,16,752,0.771,20316.37,24,2,1,17.7,Mortgage,Vehicle,1
CUST_06075,33,20690.49,17,628,0.357,6702.94,36,0,1,11.2,Rent,Debt Consolidation,0
CUST_06076,62,37720.26,2,738,0.531,58511.97,72,4,4,9.0,Own,Debt Consolidation,1
CUST_06077,41,98204.93,5,687,0.258,18145.37,60,2,0,9.6,Mortgage,Home Improvement,0
CUST_06078,57,60103.54,12,813,0.289,34301.84,24,3,0,7.2,Mortgage,Home Improvement,0
CUST_06079,47,39350.34,30,669,0.141,47635.39,36,3,0,5.0,Rent,Home Improvement,0
CUST_06080,49,63842.28,16,670,0.097,48352.8,60,2,0,7.3,Rent,Home Improvement,0
CUST_06081,40,64713.93,20,806,0.078,60510.62,60,1,0,10.3,Mortgage,Debt Consolidation,0
CUST_06082,45,31179.31,15,655,0.417,28714.8,72,2,3,2.5,Own,Vehicle,1
CUST_06083,26,41313.64,16,754,0.481,77489.58,36,2,0,11.4,Rent,Debt Consolidation,0
CUST_06084,56,59216.11,31,702,0.328,14392.98,72,1,1,5.8,Mortgage,Debt Consolidation,0
CUST_06085,22,63401.09,0,756,0.348,109102.16,48,0,0,8.9,Own,Vehicle,0
CUST_06086,42,63706.15,7,656,0.255,68578.65,84,1,0,4.4,Mortgage,Debt Consolidation,1
CUST_06087,52,21730.99,0,673,0.177,10872.32,60,0,1,6.6,Mortgage,Home Improvement,0
CUST_06088,36,65350.85,1,654,0.557,59879.8,72,0,0,10.7,Mortgage,Debt Consolidation,0
CUST_06089,38,91953.51,23,542,0.01,19636.24,60,0,1,11.9,Own,Home Improvement,0
CUST_06090,25,76627.7,26,661,0.147,15535.11,60,4,1,0.5,Mortgage,Medical,0
CUST_06091,56,21104.45,19,850,0.311,122271.28,60,0,1,1.1,Rent,Debt Consolidation,0
CUST_06092,50,18611.07,20,629,0.262,19427.85,60,3,0,0.5,Rent,Other,1
CUST_06093,65,45826.27,34,690,0.53,13936.9,36,0,3,15.6,Mortgage,Medical,0
CUST_06094,39,75918.6,14,763,0.125,17630.36,48,3,1,18.0,Rent,Vehicle,0
CUST_06095,43,40663.41,29,717,0.499,13594.52,48,1,1,8.9,Rent,Vehicle,1
CUST_06096,54,32289.94,3,675,0.416,15336.11,48,1,3,9.0,Rent,Home Improvement,0
CUST_06097,33,34714.25,14,617,0.537,200000.0,60,0,1,4.9,Mortgage,Vehicle,0
CUST_06098,63,60490.77,22,781,0.259,45263.56,36,1,0,6.5,Mortgage,Debt Consolidation,0
CUST_06099,49,30921.17,14,758,0.176,14884.73,60,2,2,10.1,Own,Vehicle,0
CUST_06100,56,46188.09,25,779,0.27,101750.83,36,1,2,11.8,Mortgage,Debt Consolidation,0
CUST_06101,42,34023.9,11,772,0.267,16902.46,60,0,0,8.3,Rent,Home Improvement,0
CUST_06102,67,23291.2,17,580,0.655,24787.3,60,2,1,0.5,Rent,Medical,1
CUST_06103,56,22396.38,5,655,0.43,34424.69,36,0,1,14.0,Mortgage,Medical,0
CUST_06104,29,47223.86,17,702,0.089,56986.76,48,2,2,7.6,Mortgage,Debt Consolidation,0
CUST_06105,59,15000.0,23,613,0.149,41841.02,12,0,1,9.0,Rent,Home Improvement,0
CUST_06106,39,46149.04,27,636,0.202,27809.48,48,3,2,6.9,Mortgage,Education,0
CUST_06107,58,33345.9,14,725,0.072,64494.44,60,0,1,2.5,Rent,Other,1
CUST_06108,26,58281.59,18,722,0.313,66678.05,36,1,1,6.1,Mortgage,Education,0
CUST_06109,67,49056.7,4,803,0.367,10801.1,36,1,0,6.5,Mortgage,Home Improvement,0
CUST_06110,35,37134.82,3,630,0.445,51600.27,60,4,0,0.5,Mortgage,Medical,1
CUST_06111,40,21296.92,16,615,0.241,15764.98,36,0,0,6.3,Rent,Medical,0
CUST_06112,29,21881.18,9,827,0.09,24276.7,36,3,1,3.4,Mortgage,Medical,0
CUST_06113,52,26305.08,11,663,0.139,54672.09,60,2,5,1.4,Mortgage,Medical,0
CUST_06114,24,56066.69,4,547,0.689,36422.0,24,1,1,0.5,Mortgage,Vehicle,0
CUST_06115,38,87934.95,6,708,0.325,54994.3,72,3,1,3.8,Rent,Debt Consolidation,0
CUST_06116,25,42827.92,22,605,0.247,30986.71,36,1,0,6.1,Own,Vehicle,0
CUST_06117,40,27048.6,1,653,0.35,10139.28,36,1,1,6.5,Own,Vehicle,1
CUST_06118,43,28495.11,29,581,0.058,13227.56,60,2,0,1.2,Rent,Vehicle,0
CUST_06119,31,29158.32,4,758,0.727,33749.56,24,1,0,0.8,Mortgage,Vehicle,1
CUST_06120,57,61087.18,19,709,0.428,65719.35,24,1,1,6.7,Own,Education,0
CUST_06121,42,28874.29,25,590,0.304,16248.75,24,0,1,6.3,Mortgage,Debt Consolidation,0
CUST_06122,24,35530.85,5,694,0.221,28626.13,60,3,3,6.9,Rent,Medical,1
CUST_06123,49,71139.59,28,727,0.437,42903.39,60,0,1,4.7,Own,Home Improvement,0
CUST_06124,64,27344.24,9,665,0.359,55838.41,36,2,0,8.9,Rent,Home Improvement,0
CUST_06125,54,47979.56,15,796,0.405,43107.65,36,1,3,14.7,Mortgage,Debt Consolidation,0
CUST_06126,33,56967.0,33,753,0.341,38934.63,60,2,1,8.4,Rent,Debt Consolidation,0
CUST_06127,62,37485.93,30,646,0.384,27276.24,36,5,1,10.2,Rent,Other,1
CUST_06128,29,96476.9,4,664,0.058,13000.24,36,1,1,3.0,Rent,Other,0
CUST_06129,62,83510.41,32,593,0.256,50079.92,72,3,1,1.5,Mortgage,Debt Consolidation,0
CUST_06130,51,41421.22,18,561,0.436,40592.68,60,1,3,0.5,Mortgage,Vehicle,0
CUST_06131,27,24296.6,31,619,0.15,59103.23,72,1,0,9.7,Mortgage,Home Improvement,0
CUST_06132,24,24877.54,22,631,0.461,120273.94,60,1,2,8.4,Rent,Debt Consolidation,0
CUST_06133,39,40389.32,2,773,0.115,34719.9,36,0,2,2.6,Mortgage,Debt Consolidation,0
CUST_06134,62,21056.92,0,584,0.755,17649.79,12,1,5,14.2,Rent,Other,1
CUST_06135,50,41542.45,27,687,0.281,41389.2,48,2,1,4.3,Own,Other,0
CUST_06136,51,84461.22,4,695,0.652,70182.41,36,3,5,12.7,Own,Other,1
CUST_06137,55,37468.03,12,631,0.346,29415.24,48,1,0,6.4,Mortgage,Vehicle,0
CUST_06138,41,35973.08,10,751,0.264,30376.06,12,2,0,7.5,Mortgage,Other,0
CUST_06139,51,55636.6,21,658,0.452,79328.04,48,2,0,7.5,Mortgage,Vehicle,0
CUST_06140,39,47212.68,22,639,0.316,143874.49,48,0,2,17.3,Mortgage,Home Improvement,0
CUST_06141,51,20452.18,11,795,0.163,29708.64,60,1,0,4.7,Rent,Other,0
CUST_06142,52,28922.73,20,621,0.291,19971.63,36,1,1,2.2,Rent,Home Improvement,1
CUST_06143,22,93617.93,18,734,0.171,33243.49,60,1,1,4.1,Own,Education,0
CUST_06144,30,42732.82,4,640,0.167,65746.59,72,1,2,0.5,Rent,Debt Consolidation,0
CUST_06145,22,21955.73,23,595,0.431,90075.27,36,3,3,10.3,Mortgage,Home Improvement,1
CUST_06146,22,32993.87,29,657,0.707,53836.0,60,0,0,0.5,Rent,Debt Consolidation,1
CUST_06147,44,15000.0,7,845,0.16,24543.37,60,0,0,16.8,Mortgage,Vehicle,0
CUST_06148,37,15000.0,1,579,0.628,24325.77,36,3,2,4.6,Mortgage,Vehicle,1
CUST_06149,52,59345.74,33,631,0.404,59962.54,24,0,1,5.9,Rent,Home Improvement,0
CUST_06150,36,36234.4,22,766,0.259,28990.97,60,3,1,11.8,Mortgage,Debt Consolidation,1
CUST_06151,36,47072.23,2,614,0.367,27834.81,48,1,1,7.7,Rent,Vehicle,0
CUST_06152,66,64792.33,23,638,0.164,8857.3,36,1,1,3.0,Own,Vehicle,0
CUST_06153,59,43033.62,17,689,0.329,34438.6,24,2,1,8.0,Mortgage,Home Improvement,0
CUST_06154,51,52394.19,30,664,0.366,43246.82,72,1,0,0.5,Mortgage,Vehicle,0
CUST_06155,63,41301.52,13,716,0.127,150998.49,48,1,1,6.1,Mortgage,Vehicle,0
CUST_06156,44,69092.33,0,662,0.271,16707.2,60,1,2,13.4,Own,Other,0
CUST_06157,21,88143.7,13,680,0.05,58454.75,24,0,2,3.6,Mortgage,Other,0
CUST_06158,31,40126.22,4,671,0.235,70629.6,60,4,1,16.8,Rent,Debt Consolidation,0
CUST_06159,41,39293.64,30,623,0.327,42542.81,12,1,1,5.1,Mortgage,Vehicle,0
CUST_06160,24,42620.05,30,550,0.015,120997.16,48,5,0,13.3,Mortgage,Debt Consolidation,1
CUST_06161,27,34449.07,29,815,0.194,61901.24,36,2,3,5.4,Own,Other,0
CUST_06162,46,29728.45,0,622,0.172,56595.34,36,1,1,9.6,Rent,Education,1
CUST_06163,67,61338.81,2,626,0.158,24690.3,60,0,2,9.5,Rent,Vehicle,1
CUST_06164,32,29748.53,19,694,0.532,45009.4,36,0,2,3.0,Own,Vehicle,0
CUST_06165,51,28902.91,20,608,0.214,18714.91,36,1,0,3.9,Mortgage,Education,0
CUST_06166,37,56907.65,29,744,0.27,18785.77,60,2,3,7.3,Mortgage,Other,0
CUST_06167,53,59133.61,29,698,0.157,48320.74,48,4,1,10.3,Rent,Other,0
CUST_06168,31,116626.96,4,661,0.477,63108.83,60,1,1,3.4,Rent,Home Improvement,0
CUST_06169,48,66824.96,9,645,0.265,39023.17,36,2,1,3.5,Own,Home Improvement,0
CUST_06170,52,54913.46,23,596,0.25,68983.76,36,1,1,8.7,Mortgage,Education,0
CUST_06171,21,59022.39,5,702,0.397,23695.22,36,0,0,10.6,Mortgage,Debt Consolidation,0
CUST_06172,67,33727.14,9,690,0.084,95211.78,84,2,0,8.6,Own,Vehicle,0
CUST_06173,48,48103.37,9,635,0.771,80206.95,60,0,0,6.7,Rent,Vehicle,1
CUST_06174,62,49257.7,24,717,0.289,74759.65,24,3,1,10.4,Mortgage,Home Improvement,1
CUST_06175,27,27693.8,13,791,0.481,20678.31,60,1,4,12.5,Mortgage,Debt Consolidation,1
CUST_06176,22,35437.57,12,681,0.31,47816.08,24,1,1,5.0,Own,Education,0
CUST_06177,62,58465.74,10,663,0.416,172961.75,36,1,1,5.9,Own,Home Improvement,0
CUST_06178,44,35980.97,10,613,0.117,9292.02,60,1,1,4.5,Mortgage,Vehicle,1
CUST_06179,24,49305.25,15,669,0.473,33968.97,72,2,0,15.1,Mortgage,Other,0
CUST_06180,64,56862.92,32,651,0.181,56462.06,72,0,2,14.2,Mortgage,Medical,1
CUST_06181,39,55551.83,31,607,0.258,22199.89,60,1,0,2.1,Mortgage,Medical,0
CUST_06182,46,86277.59,9,712,0.176,25762.86,48,2,1,6.3,Mortgage,Debt Consolidation,1
CUST_06183,31,27156.16,14,699,0.437,26630.98,36,0,2,12.7,Own,Debt Consolidation,0
CUST_06184,60,82558.24,15,685,0.386,20092.31,60,3,0,6.0,Rent,Education,0
CUST_06185,63,46034.12,26,655,0.311,53747.38,60,2,0,8.6,Rent,Vehicle,0
CUST_06186,31,55106.56,31,745,0.107,14314.21,48,1,1,2.4,Mortgage,Vehicle,0
CUST_06187,65,51455.67,5,557,0.398,17325.41,36,1,1,17.4,Mortgage,Vehicle,0
CUST_06188,23,50170.22,7,561,0.185,21986.82,36,2,0,0.5,Own,Other,0
CUST_06189,32,26405.15,24,696,0.355,104904.88,36,2,3,10.5,Rent,Debt Consolidation,0
CUST_06190,23,54102.89,6,769,0.077,105584.53,60,3,1,0.5,Rent,Debt Consolidation,1
CUST_06191,62,17686.98,16,688,0.244,40553.02,60,3,2,5.7,Own,Home Improvement,1
CUST_06192,47,103531.69,29,689,0.149,126502.24,36,0,0,5.9,Mortgage,Home Improvement,0
CUST_06193,69,43954.48,1,607,0.714,34986.8,36,1,2,16.5,Own,Home Improvement,0
CUST_06194,22,64859.93,16,530,0.244,120679.15,12,2,2,13.2,Mortgage,Home Improvement,0
CUST_06195,69,51067.76,3,612,0.611,52892.6,36,0,2,3.5,Rent,Home Improvement,0
CUST_06196,36,36985.92,25,725,0.561,42773.46,48,1,2,9.5,Mortgage,Debt Consolidation,0
CUST_06197,22,27712.12,13,570,0.162,22099.58,36,3,1,19.8,Mortgage,Medical,0
CUST_06198,50,25205.85,7,620,0.488,36711.92,60,0,3,9.5,Rent,Education,1
CUST_06199,40,53620.31,4,570,0.382,26837.73,48,0,1,4.9,Mortgage,Vehicle,1
CUST_06200,58,52234.37,4,617,0.553,18436.24,24,3,1,0.5,Own,Other,1
CUST_06201,48,48012.86,4,760,0.292,20653.85,60,1,1,16.4,Rent,Debt Consolidation,0
CUST_06202,45,34238.87,26,638,0.28,42719.93,72,3,1,1.0,Mortgage,Home Improvement,0
CUST_06203,52,44650.37,4,744,0.439,17243.84,36,2,1,16.5,Mortgage,Vehicle,0
CUST_06204,30,29394.81,2,639,0.399,60171.47,36,1,2,11.6,Own,Home Improvement,1
CUST_06205,62,25837.67,29,781,0.323,27165.18,60,1,1,9.6,Mortgage,Debt Consolidation,0
CUST_06206,60,31613.44,0,704,0.316,33491.72,36,1,1,9.7,Mortgage,Education,1
CUST_06207,53,32316.55,7,648,0.355,58595.93,36,2,0,8.4,Own,Vehicle,0
CUST_06208,33,75516.11,12,669,0.261,12579.48,36,0,0,9.8,Own,Other,0
CUST_06209,61,18351.84,19,579,0.186,5196.17,60,2,1,14.4,Mortgage,Debt Consolidation,0
CUST_06210,62,35720.66,5,644,0.227,19097.5,48,0,1,6.9,Rent,Vehicle,0
CUST_06211,67,49820.07,7,779,0.256,67546.73,36,1,0,5.7,Rent,Other,0
CUST_06212,57,98004.36,29,705,0.325,57583.92,36,1,1,5.2,Rent,Debt Consolidation,0
CUST_06213,36,26803.37,14,534,0.509,14412.49,84,2,2,16.9,Mortgage,Medical,1
CUST_06214,65,20786.13,9,668,0.098,21437.19,24,1,1,5.5,Rent,Medical,0
CUST_06215,42,52130.18,32,692,0.627,38979.17,36,0,3,6.7,Mortgage,Debt Consolidation,0
CUST_06216,40,39435.79,8,733,0.337,29691.93,36,3,0,0.5,Rent,Home Improvement,1
CUST_06217,63,32519.69,32,654,0.117,53487.13,60,0,1,10.2,Own,Other,0
CUST_06218,47,45198.26,8,672,0.153,50753.59,84,1,2,7.5,Rent,Debt Consolidation,1
CUST_06219,61,55877.78,13,752,0.097,106009.65,12,0,3,10.4,Mortgage,Debt Consolidation,0
CUST_06220,36,52497.46,31,663,0.505,78184.32,84,0,5,14.6,Mortgage,Home Improvement,0
CUST_06221,54,42229.04,5,629,0.313,42378.73,84,1,1,19.3,Rent,Education,0
CUST_06222,52,70150.82,4,739,0.31,40607.32,72,3,1,1.0,Rent,Home Improvement,0
CUST_06223,46,40082.6,3,740,0.441,73593.98,72,1,1,5.2,Own,Debt Consolidation,0
CUST_06224,45,37106.98,15,529,0.202,141146.8,60,1,2,3.3,Own,Home Improvement,0
CUST_06225,22,51893.35,9,698,0.158,16165.8,36,1,1,17.0,Mortgage,Vehicle,0
CUST_06226,32,19336.22,30,609,0.511,31426.59,60,3,1,6.7,Mortgage,Debt Consolidation,1
CUST_06227,60,49408.49,30,708,0.088,18258.08,48,1,1,1.7,Own,Home Improvement,0
CUST_06228,29,31206.78,13,747,0.616,83060.72,48,3,0,11.4,Mortgage,Medical,0
CUST_06229,32,18676.24,12,723,0.039,60442.16,12,0,0,8.2,Mortgage,Debt Consolidation,0
CUST_06230,46,44917.93,3,730,0.018,20608.43,48,0,1,2.8,Mortgage,Vehicle,0
CUST_06231,29,28878.82,25,634,0.203,53386.64,36,3,1,0.5,Mortgage,Debt Consolidation,0
CUST_06232,30,16199.86,23,648,0.099,21032.02,36,0,0,17.6,Rent,Home Improvement,0
CUST_06233,52,23492.35,8,721,0.38,42138.51,48,0,1,10.1,Own,Debt Consolidation,0
CUST_06234,54,84526.95,34,685,0.313,102973.41,60,4,1,7.8,Mortgage,Vehicle,0
CUST_06235,68,27492.05,14,572,0.061,54546.81,24,2,0,1.2,Rent,Debt Consolidation,0
CUST_06236,40,42679.94,23,742,0.063,95953.51,60,1,3,6.0,Rent,Vehicle,0
CUST_06237,59,21119.15,30,578,0.319,100907.51,36,1,1,10.4,Mortgage,Debt Consolidation,1
CUST_06238,22,103825.23,18,703,0.264,18412.4,60,1,0,11.8,Rent,Education,0
CUST_06239,21,37596.58,1,695,0.418,129223.35,72,1,0,8.1,Rent,Debt Consolidation,0
CUST_06240,56,25795.96,1,763,0.498,17915.68,24,1,1,8.8,Rent,Vehicle,1
CUST_06241,44,56531.15,33,663,0.181,8298.7,72,0,2,1.5,Own,Debt Consolidation,0
CUST_06242,47,101224.86,18,538,0.261,30885.31,48,0,0,9.7,Mortgage,Debt Consolidation,0
CUST_06243,22,29610.09,22,690,0.234,13190.81,36,0,0,6.7,Own,Other,0
CUST_06244,51,25539.4,15,703,0.177,29840.58,12,1,0,5.5,Own,Home Improvement,1
CUST_06245,34,114414.18,5,755,0.367,53085.39,60,1,3,15.3,Mortgage,Medical,0
CUST_06246,22,34154.89,25,643,0.563,139527.01,48,3,1,6.8,Rent,Home Improvement,0
CUST_06247,49,32263.72,21,729,0.16,19235.75,60,1,0,1.2,Own,Home Improvement,0
CUST_06248,35,15000.0,23,743,0.483,19426.08,48,2,0,9.1,Mortgage,Home Improvement,0
CUST_06249,32,35709.36,20,629,0.171,48429.31,12,2,0,3.8,Rent,Vehicle,0
CUST_06250,57,18435.38,29,702,0.552,23803.28,48,2,2,16.4,Mortgage,Education,1
CUST_06251,48,27445.39,10,577,0.228,48195.11,60,2,1,4.8,Own,Vehicle,1
CUST_06252,40,15000.0,8,719,0.44,195848.31,36,1,1,4.2,Own,Debt Consolidation,1
CUST_06253,59,67344.35,11,696,0.248,9648.12,36,2,1,9.4,Rent,Debt Consolidation,0
CUST_06254,44,17443.02,25,593,0.098,47716.5,36,1,1,8.5,Rent,Other,1
CUST_06255,41,15000.0,2,652,0.51,15555.9,24,2,0,9.4,Rent,Home Improvement,0
CUST_06256,30,23060.84,32,756,0.196,22162.82,36,3,0,16.0,Rent,Home Improvement,0
CUST_06257,66,67756.0,14,694,0.066,39296.07,60,1,1,11.7,Rent,Home Improvement,1
CUST_06258,34,29071.21,4,632,0.379,36549.33,24,2,2,0.5,Mortgage,Home Improvement,1
CUST_06259,57,31081.58,23,626,0.381,38702.2,72,1,0,14.1,Rent,Vehicle,0
CUST_06260,38,46130.26,10,750,0.238,50374.43,48,0,1,0.5,Rent,Home Improvement,0
CUST_06261,44,33663.55,32,646,0.224,23333.77,60,2,3,3.8,Mortgage,Home Improvement,1
CUST_06262,34,67439.04,22,695,0.483,112282.1,36,2,2,12.9,Mortgage,Other,0
CUST_06263,54,32214.92,9,651,0.211,17786.56,36,2,2,11.9,Rent,Debt Consolidation,0
CUST_06264,32,32479.87,27,525,0.606,39871.83,24,0,0,13.2,Rent,Debt Consolidation,0
CUST_06265,42,112656.27,16,634,0.386,78526.0,48,2,0,4.6,Mortgage,Home Improvement,1
CUST_06266,26,37331.12,25,760,0.213,19326.77,48,3,2,3.3,Mortgage,Other,0
CUST_06267,56,40753.02,24,830,0.2,27485.44,60,2,2,8.4,Rent,Vehicle,0
CUST_06268,65,32688.78,11,626,0.458,32805.57,48,0,3,18.6,Mortgage,Home Improvement,0
CUST_06269,56,15000.0,2,703,0.309,29179.22,48,2,0,5.4,Mortgage,Vehicle,0
CUST_06270,42,56186.69,28,843,0.304,25337.06,60,3,0,6.2,Rent,Debt Consolidation,0
CUST_06271,34,83305.2,23,764,0.357,52267.74,24,1,1,8.7,Mortgage,Home Improvement,0
CUST_06272,36,68040.45,18,595,0.7,37026.9,48,1,1,1.1,Rent,Vehicle,0
CUST_06273,56,27473.01,12,661,0.15,30011.81,24,1,0,3.3,Mortgage,Home Improvement,0
CUST_06274,45,33302.79,15,698,0.067,16383.68,72,1,1,13.3,Mortgage,Other,0
CUST_06275,52,43243.13,26,769,0.33,8260.29,60,1,0,7.6,Mortgage,Vehicle,0
CUST_06276,53,42487.61,5,596,0.373,81368.62,60,1,0,7.7,Mortgage,Vehicle,0
CUST_06277,65,51046.12,9,734,0.318,31898.48,24,1,0,10.7,Mortgage,Vehicle,0
CUST_06278,56,40196.32,7,729,0.096,16347.84,72,1,1,6.6,Mortgage,Debt Consolidation,0
CUST_06279,40,30313.13,17,659,0.309,73707.5,24,1,1,12.9,Mortgage,Education,0
CUST_06280,38,38889.24,31,830,0.153,7304.42,48,0,2,0.5,Mortgage,Home Improvement,0
CUST_06281,58,59837.79,16,616,0.62,200000.0,24,2,0,8.6,Mortgage,Education,1
CUST_06282,23,156082.38,1,705,0.238,65057.43,72,1,3,11.9,Mortgage,Other,0
CUST_06283,43,28297.52,19,694,0.389,12962.8,84,2,3,5.4,Rent,Vehicle,0
CUST_06284,52,40664.16,9,706,0.508,20412.31,48,1,1,9.6,Mortgage,Debt Consolidation,1
CUST_06285,65,30283.53,8,761,0.09,44054.08,72,2,1,6.4,Mortgage,Debt Consolidation,0
CUST_06286,36,42352.21,24,586,0.15,34231.82,24,2,0,6.2,Rent,Education,0
CUST_06287,25,59149.67,24,691,0.518,67427.52,72,2,1,12.3,Mortgage,Other,1
CUST_06288,24,32726.42,23,818,0.141,81016.25,36,2,3,9.6,Mortgage,Debt Consolidation,0
CUST_06289,41,15000.0,5,736,0.042,19476.51,60,1,0,11.7,Rent,Vehicle,0
CUST_06290,60,60735.7,29,634,0.54,31250.2,36,3,1,6.9,Own,Education,0
CUST_06291,34,38762.54,9,624,0.288,34434.77,60,1,1,7.9,Own,Debt Consolidation,0
CUST_06292,59,30607.0,30,716,0.424,8883.95,36,1,0,13.0,Own,Vehicle,0
CUST_06293,51,27374.2,17,646,0.195,41616.55,60,0,2,11.2,Own,Medical,1
CUST_06294,34,42429.64,32,670,0.151,9734.16,48,1,1,8.5,Rent,Other,0
CUST_06295,26,25643.96,18,628,0.235,68711.08,36,0,2,10.1,Own,Other,0
CUST_06296,32,27187.06,22,825,0.532,21292.72,48,0,1,5.8,Own,Vehicle,0
CUST_06297,36,19451.72,4,704,0.223,32685.11,48,3,0,4.4,Mortgage,Home Improvement,0
CUST_06298,37,25817.77,25,684,0.343,31243.62,48,1,0,0.5,Mortgage,Home Improvement,0
CUST_06299,65,49783.15,28,566,0.143,18039.35,24,3,5,9.9,Mortgage,Education,1
CUST_06300,43,18204.33,23,622,0.22,28436.6,60,1,3,0.5,Mortgage,Home Improvement,0
CUST_06301,34,64604.13,5,676,0.098,27581.93,60,0,2,9.3,Rent,Debt Consolidation,0
CUST_06302,27,20141.21,3,676,0.263,48500.2,60,2,1,5.2,Mortgage,Vehicle,1
CUST_06303,66,39142.65,25,796,0.231,7459.44,24,3,3,7.0,Mortgage,Medical,0
CUST_06304,52,46280.43,14,689,0.541,25153.54,60,3,1,5.2,Rent,Home Improvement,0
CUST_06305,35,54848.0,12,753,0.265,200000.0,60,1,1,6.3,Rent,Home Improvement,0
CUST_06306,64,54854.85,21,693,0.574,46006.58,60,0,2,3.9,Mortgage,Home Improvement,1
CUST_06307,37,34821.37,12,740,0.142,30177.49,60,3,1,7.6,Own,Home Improvement,0
CUST_06308,61,33330.37,16,563,0.682,45776.14,48,3,2,15.3,Mortgage,Home Improvement,1
CUST_06309,67,48935.93,24,592,0.197,24225.39,72,2,3,13.1,Mortgage,Debt Consolidation,1
CUST_06310,64,41731.59,33,745,0.282,97238.19,60,1,2,11.8,Own,Medical,0
CUST_06311,54,30549.06,20,785,0.35,51737.76,24,2,2,12.3,Mortgage,Other,0
CUST_06312,25,43716.74,24,561,0.4,14132.9,36,0,3,16.0,Own,Debt Consolidation,0
CUST_06313,65,33404.17,24,681,0.215,40372.92,60,0,0,6.2,Own,Home Improvement,0
CUST_06314,47,26895.98,21,575,0.313,34116.01,48,2,1,13.3,Mortgage,Home Improvement,0
CUST_06315,43,30056.37,22,634,0.392,72534.7,60,3,2,14.4,Own,Medical,1
CUST_06316,60,46314.46,24,547,0.55,14103.95,48,0,1,14.6,Own,Vehicle,0
CUST_06317,34,22832.86,13,672,0.182,27671.85,36,1,0,4.6,Mortgage,Vehicle,0
CUST_06318,35,63143.67,13,667,0.278,21052.59,36,1,1,0.5,Mortgage,Debt Consolidation,0
CUST_06319,63,27484.11,25,666,0.513,13957.93,36,1,1,0.5,Mortgage,Other,1
CUST_06320,53,15000.0,29,660,0.329,15445.52,48,5,4,12.5,Mortgage,Home Improvement,1
CUST_06321,51,47871.29,25,724,0.219,26635.3,60,2,0,0.5,Mortgage,Other,0
CUST_06322,55,15000.0,21,800,0.452,115070.49,72,2,3,8.1,Mortgage,Vehicle,0
CUST_06323,37,21895.59,33,595,0.614,35866.16,60,2,1,5.9,Mortgage,Home Improvement,0
CUST_06324,48,121933.15,24,621,0.194,52190.23,36,0,1,0.5,Rent,Home Improvement,0
CUST_06325,39,61697.37,12,689,0.417,27410.72,48,1,2,9.0,Own,Other,0
CUST_06326,66,59200.65,28,661,0.365,17611.78,36,2,4,6.5,Mortgage,Debt Consolidation,0
CUST_06327,43,20755.99,8,658,0.322,30518.41,36,2,1,0.5,Own,Vehicle,1
CUST_06328,52,33080.02,14,588,0.414,33963.8,60,0,2,3.3,Mortgage,Medical,0
CUST_06329,60,67556.19,30,648,0.399,100597.46,24,2,1,9.6,Rent,Home Improvement,0
CUST_06330,33,50002.03,26,649,0.094,61446.72,12,0,2,2.4,Rent,Other,0
CUST_06331,40,64082.62,30,695,0.367,41569.94,48,0,2,3.6,Own,Home Improvement,0
CUST_06332,55,88500.86,9,616,0.601,11726.03,24,5,0,15.0,Mortgage,Debt Consolidation,0
CUST_06333,25,50516.48,6,742,0.469,51518.62,48,1,0,6.1,Rent,Other,0
CUST_06334,29,19626.93,31,591,0.524,68883.89,60,4,3,12.5,Own,Vehicle,1
CUST_06335,49,48981.16,10,789,0.329,27388.22,36,2,2,11.5,Own,Debt Consolidation,0
CUST_06336,26,32281.02,27,623,0.453,55003.11,60,0,4,11.6,Rent,Debt Consolidation,1
CUST_06337,45,19045.19,3,781,0.403,62452.73,24,0,1,11.8,Rent,Home Improvement,0
CUST_06338,51,56799.28,30,628,0.066,30442.01,60,1,0,2.0,Rent,Other,0
CUST_06339,42,66239.78,28,738,0.364,29314.52,60,3,4,12.4,Mortgage,Debt Consolidation,0
CUST_06340,22,34649.9,32,654,0.576,17387.27,60,5,0,14.4,Rent,Debt Consolidation,0
CUST_06341,65,42626.78,3,686,0.092,71227.27,72,2,1,4.3,Rent,Vehicle,0
CUST_06342,25,15000.0,25,722,0.536,73523.83,60,2,1,4.6,Rent,Debt Consolidation,0
CUST_06343,47,63696.61,30,657,0.158,78480.06,60,0,3,8.5,Own,Home Improvement,0
CUST_06344,45,53994.13,30,547,0.114,40890.85,60,1,2,12.2,Own,Home Improvement,0
CUST_06345,28,41155.46,26,635,0.586,37106.11,48,2,2,18.8,Mortgage,Home Improvement,0
CUST_06346,21,19414.49,24,645,0.707,59134.0,60,0,1,19.3,Rent,Vehicle,0
CUST_06347,40,15959.55,30,801,0.119,50328.15,72,2,1,3.1,Own,Vehicle,0
CUST_06348,64,100036.23,22,677,0.522,37391.48,60,0,1,3.8,Own,Debt Consolidation,0
CUST_06349,43,22031.2,34,692,0.567,77657.65,36,0,1,10.2,Mortgage,Debt Consolidation,1
CUST_06350,52,38835.58,3,672,0.283,120664.98,60,2,1,17.1,Mortgage,Debt Consolidation,0
CUST_06351,31,22373.98,27,695,0.835,174976.97,24,2,1,15.9,Rent,Vehicle,1
CUST_06352,59,15000.0,12,593,0.294,17062.36,48,1,1,6.5,Rent,Debt Consolidation,1
CUST_06353,67,45433.43,0,632,0.374,46818.4,36,2,0,7.1,Own,Home Improvement,1
CUST_06354,44,49115.52,11,726,0.338,51795.39,36,1,0,8.3,Rent,Debt Consolidation,0
CUST_06355,31,15765.85,25,664,0.348,45128.82,60,1,2,3.2,Mortgage,Other,0
CUST_06356,49,63205.25,22,673,0.273,114515.07,36,1,0,7.5,Mortgage,Debt Consolidation,0
CUST_06357,46,27908.85,21,679,0.329,48576.12,72,3,2,1.5,Rent,Home Improvement,0
CUST_06358,36,21135.4,27,728,0.829,200000.0,36,0,2,7.9,Own,Education,0
CUST_06359,55,20453.5,16,635,0.146,71363.87,60,2,3,13.4,Own,Home Improvement,0
CUST_06360,40,56140.52,5,687,0.019,12189.54,48,3,4,5.6,Own,Vehicle,0
CUST_06361,66,15000.0,13,529,0.166,51241.74,36,3,0,7.8,Rent,Education,1
CUST_06362,23,19514.52,16,567,0.374,26351.48,48,1,2,21.7,Mortgage,Education,1
CUST_06363,21,45062.24,4,663,0.343,101052.06,36,2,0,12.8,Rent,Vehicle,1
CUST_06364,67,42164.7,12,603,0.554,35691.72,60,1,0,14.1,Mortgage,Vehicle,0
CUST_06365,21,21785.7,8,749,0.059,22052.97,60,4,1,1.6,Rent,Education,0
CUST_06366,37,69090.35,25,605,0.453,43257.33,60,0,0,4.9,Own,Home Improvement,0
CUST_06367,22,20815.78,12,671,0.275,29154.83,12,0,1,10.8,Mortgage,Education,0
CUST_06368,49,32719.49,18,736,0.036,16266.93,60,3,0,9.1,Rent,Debt Consolidation,0
CUST_06369,40,30623.89,16,715,0.323,16265.13,48,1,1,9.4,Own,Debt Consolidation,0
CUST_06370,26,30683.11,15,642,0.143,66472.01,36,3,1,7.0,Own,Education,0
CUST_06371,28,32936.43,29,653,0.638,29180.03,36,2,1,14.0,Rent,Debt Consolidation,0
CUST_06372,49,32448.22,31,713,0.404,79090.71,36,0,1,7.6,Rent,Vehicle,1
CUST_06373,68,32249.02,13,736,0.139,8989.23,36,2,1,11.3,Mortgage,Debt Consolidation,1
CUST_06374,53,33157.9,14,785,0.191,31667.73,24,1,2,0.5,Mortgage,Education,0
CUST_06375,23,62484.8,11,736,0.132,98039.66,60,1,1,9.4,Rent,Education,1
CUST_06376,55,32331.37,10,728,0.446,60889.14,24,0,0,7.6,Mortgage,Debt Consolidation,0
CUST_06377,25,51327.04,4,704,0.34,56696.02,48,3,2,6.2,Mortgage,Debt Consolidation,0
CUST_06378,47,39118.91,10,688,0.138,53975.39,36,4,1,0.5,Mortgage,Debt Consolidation,0
CUST_06379,64,43613.2,33,654,0.576,15035.46,60,1,1,9.2,Mortgage,Debt Consolidation,0
CUST_06380,32,53581.31,18,715,0.606,51829.48,36,3,1,6.2,Rent,Vehicle,1
CUST_06381,40,20534.55,25,663,0.427,77207.87,60,1,2,5.5,Mortgage,Home Improvement,0
CUST_06382,65,49697.01,25,729,0.368,18871.16,24,2,0,11.8,Mortgage,Debt Consolidation,0
CUST_06383,40,32660.54,16,731,0.335,16866.51,60,3,2,10.7,Mortgage,Debt Consolidation,0
CUST_06384,29,22460.13,30,713,0.065,64652.18,36,3,1,14.9,Rent,Vehicle,1
CUST_06385,59,53524.25,18,636,0.266,41875.4,84,0,1,0.5,Own,Medical,0
CUST_06386,24,29357.46,19,674,0.12,19459.49,72,0,1,1.6,Mortgage,Medical,0
CUST_06387,39,43859.53,22,756,0.388,132566.36,48,2,3,12.6,Mortgage,Vehicle,0
CUST_06388,58,15000.0,24,561,0.17,27206.53,60,1,0,8.5,Rent,Debt Consolidation,0
CUST_06389,47,52210.63,27,693,0.203,61285.62,24,1,0,7.3,Rent,Education,0
CUST_06390,65,132593.87,11,733,0.226,9367.97,60,1,1,9.9,Mortgage,Vehicle,0
CUST_06391,63,36176.59,0,710,0.269,43914.4,48,1,0,6.8,Own,Vehicle,0
CUST_06392,33,31831.85,1,825,0.472,23334.32,24,1,1,9.3,Mortgage,Other,0
CUST_06393,33,28835.27,9,567,0.623,55330.22,36,1,1,21.8,Rent,Other,0
CUST_06394,42,47944.44,33,597,0.309,89325.87,36,3,0,3.0,Mortgage,Other,1
CUST_06395,48,31192.94,31,693,0.209,87385.97,60,1,2,7.1,Mortgage,Debt Consolidation,0
CUST_06396,67,50200.45,24,745,0.218,33842.08,60,2,4,16.4,Rent,Vehicle,0
CUST_06397,65,85924.48,9,684,0.121,60910.67,48,3,2,8.7,Own,Debt Consolidation,0
CUST_06398,42,55299.52,0,772,0.544,200000.0,36,1,1,7.0,Mortgage,Debt Consolidation,0
CUST_06399,63,33278.5,31,640,0.303,33988.37,48,1,2,6.1,Mortgage,Debt Consolidation,0
CUST_06400,39,20790.72,11,661,0.365,33207.77,60,1,4,5.5,Own,Debt Consolidation,0
CUST_06401,28,29610.69,17,733,0.284,17278.04,60,1,2,8.1,Mortgage,Vehicle,0
CUST_06402,28,33511.93,29,655,0.592,48015.05,36,2,0,2.5,Mortgage,Education,1
CUST_06403,62,18782.87,12,746,0.344,25860.58,48,0,0,17.5,Rent,Home Improvement,0
CUST_06404,46,62534.12,2,729,0.253,22483.34,60,5,0,13.0,Rent,Medical,1
CUST_06405,68,48268.92,20,651,0.513,9756.68,60,1,3,0.5,Rent,Education,0
CUST_06406,46,21497.77,13,701,0.047,18325.83,48,0,1,14.8,Rent,Vehicle,0
CUST_06407,43,15000.0,9,647,0.518,19715.92,72,1,0,10.5,Own,Debt Consolidation,0
CUST_06408,63,51996.2,1,618,0.318,87923.4,60,3,2,5.7,Mortgage,Home Improvement,0
CUST_06409,33,15967.79,10,653,0.301,31667.72,60,0,2,9.9,Own,Debt Consolidation,0
CUST_06410,48,37871.96,0,667,0.44,19642.71,60,4,1,3.5,Rent,Education,0
CUST_06411,29,29591.44,25,688,0.249,120185.64,60,0,1,11.2,Rent,Home Improvement,0
CUST_06412,40,54175.75,12,672,0.332,61283.66,36,1,2,6.3,Mortgage,Debt Consolidation,0
CUST_06413,39,54490.55,27,557,0.321,19225.39,12,2,1,7.4,Mortgage,Education,0
CUST_06414,68,24085.42,20,749,0.347,46252.77,24,3,0,2.2,Rent,Vehicle,0
CUST_06415,59,56612.39,9,561,0.325,87485.03,48,1,0,1.8,Rent,Debt Consolidation,0
CUST_06416,32,31422.11,11,693,0.497,24696.61,36,1,2,15.3,Rent,Vehicle,1
CUST_06417,35,36661.48,26,628,0.344,41780.09,48,0,2,0.5,Mortgage,Home Improvement,0
CUST_06418,51,37039.12,2,690,0.274,10484.15,48,2,3,2.7,Mortgage,Education,1
CUST_06419,34,111757.15,27,664,0.269,52521.29,48,2,2,5.7,Own,Debt Consolidation,0
CUST_06420,31,34210.96,1,704,0.269,144894.63,12,2,1,8.3,Rent,Vehicle,1
CUST_06421,46,15741.39,27,716,0.228,89449.96,60,1,5,6.6,Rent,Medical,0
CUST_06422,62,25403.53,30,753,0.283,33576.03,72,1,0,4.9,Mortgage,Vehicle,0
CUST_06423,47,52523.83,20,734,0.488,21321.82,60,3,1,9.9,Mortgage,Vehicle,1
CUST_06424,31,31507.03,6,683,0.202,45919.24,48,2,2,10.5,Rent,Education,0
CUST_06425,58,36588.09,30,746,0.466,111989.02,24,1,2,4.2,Mortgage,Debt Consolidation,1
CUST_06426,54,29261.39,13,644,0.099,30436.37,72,1,1,8.8,Rent,Vehicle,0
CUST_06427,63,15000.0,8,798,0.388,37880.18,36,3,0,2.7,Mortgage,Debt Consolidation,1
CUST_06428,39,24612.18,22,638,0.55,18297.86,60,0,1,0.5,Mortgage,Debt Consolidation,0
CUST_06429,26,34938.82,11,647,0.404,22785.63,36,1,0,5.4,Rent,Vehicle,0
CUST_06430,66,15000.0,28,553,0.436,29502.54,72,1,0,7.6,Mortgage,Home Improvement,0
CUST_06431,58,20142.33,21,633,0.113,28859.65,60,0,1,1.3,Mortgage,Education,1
CUST_06432,69,30638.07,3,661,0.343,21740.31,36,2,2,11.9,Own,Debt Consolidation,1
CUST_06433,62,30771.44,6,661,0.65,22365.2,60,2,1,7.5,Mortgage,Vehicle,0
CUST_06434,48,44232.32,7,798,0.189,85419.26,36,0,1,10.1,Rent,Debt Consolidation,0
CUST_06435,21,31620.83,34,721,0.334,54072.64,36,2,3,7.7,Mortgage,Vehicle,1
CUST_06436,55,43426.14,8,746,0.221,70588.87,60,1,1,10.8,Rent,Vehicle,0
CUST_06437,60,25590.58,12,680,0.24,63217.22,72,3,0,5.2,Rent,Home Improvement,1
CUST_06438,28,40367.65,19,631,0.189,71903.62,24,0,1,7.4,Own,Home Improvement,0
CUST_06439,67,75777.57,20,833,0.435,63432.81,24,2,0,7.4,Mortgage,Other,0
CUST_06440,27,41960.47,18,673,0.321,113751.29,72,0,0,9.9,Own,Medical,0
CUST_06441,31,32289.33,1,725,0.352,168792.01,72,1,2,14.3,Mortgage,Education,1
CUST_06442,59,22666.24,29,614,0.144,48264.71,60,0,3,2.9,Own,Debt Consolidation,0
CUST_06443,24,37929.62,22,598,0.283,82217.05,48,2,1,12.2,Rent,Debt Consolidation,0
CUST_06444,45,32565.3,12,785,0.367,11302.4,48,1,0,9.2,Mortgage,Debt Consolidation,0
CUST_06445,32,48098.17,32,710,0.351,33330.11,36,3,2,14.6,Mortgage,Debt Consolidation,0
CUST_06446,46,15000.0,31,664,0.15,78209.47,72,3,3,3.7,Rent,Debt Consolidation,0
CUST_06447,58,33055.61,27,667,0.159,9253.9,60,2,0,10.3,Mortgage,Vehicle,0
CUST_06448,66,44785.53,23,608,0.313,102140.18,72,4,1,5.2,Mortgage,Home Improvement,1
CUST_06449,32,38742.45,27,641,0.196,11051.01,72,1,0,8.7,Mortgage,Debt Consolidation,0
CUST_06450,63,30752.92,29,710,0.251,124032.64,60,5,0,11.9,Mortgage,Debt Consolidation,0
CUST_06451,57,30540.94,28,683,0.233,153661.98,36,1,2,5.2,Own,Vehicle,0
CUST_06452,66,20964.31,33,733,0.324,10034.63,48,1,1,6.9,Rent,Home Improvement,0
CUST_06453,44,43889.74,21,488,0.62,57919.94,60,4,0,7.1,Rent,Other,1
CUST_06454,36,44911.21,24,692,0.167,38959.2,48,0,0,9.3,Rent,Education,0
CUST_06455,33,17915.96,13,735,0.549,79840.39,48,0,0,10.5,Rent,Medical,0
CUST_06456,45,53226.88,9,526,0.224,35206.13,48,1,1,10.7,Own,Other,1
CUST_06457,24,26178.55,9,608,0.154,33908.25,36,0,3,8.5,Mortgage,Vehicle,0
CUST_06458,31,30091.66,7,579,0.228,70295.97,36,0,4,12.1,Rent,Education,1
CUST_06459,52,91761.51,13,771,0.592,86324.04,84,2,1,12.0,Rent,Other,1
CUST_06460,69,80899.26,31,685,0.226,12799.49,36,1,0,11.0,Own,Vehicle,0
CUST_06461,27,17618.44,31,690,0.526,77617.34,36,2,0,5.4,Rent,Other,1
CUST_06462,66,19158.5,2,759,0.292,60707.3,84,1,0,11.1,Rent,Debt Consolidation,0
CUST_06463,31,21472.0,19,672,0.365,31840.44,48,2,2,11.4,Mortgage,Home Improvement,0
CUST_06464,48,80266.87,12,635,0.21,12472.65,60,1,2,18.5,Mortgage,Home Improvement,1
CUST_06465,61,26806.39,22,692,0.168,27328.73,36,1,2,11.9,Mortgage,Vehicle,0
CUST_06466,43,17377.29,18,710,0.701,48238.52,48,2,3,5.0,Own,Medical,1
CUST_06467,65,67253.43,15,601,0.452,8345.32,60,5,1,15.8,Rent,Education,0
CUST_06468,43,48872.51,34,790,0.262,67116.27,36,1,1,8.7,Rent,Vehicle,0
CUST_06469,48,111912.11,6,547,0.335,31277.87,36,1,2,13.9,Own,Medical,0
CUST_06470,63,48823.44,7,703,0.097,147509.01,48,1,3,5.7,Mortgage,Home Improvement,0
CUST_06471,67,35741.17,24,797,0.221,45299.68,60,1,0,14.4,Mortgage,Education,0
CUST_06472,46,41206.47,22,688,0.134,14932.35,60,4,1,10.4,Mortgage,Other,0
CUST_06473,45,28955.13,9,536,0.212,66437.23,72,1,0,8.9,Mortgage,Medical,0
CUST_06474,49,69755.25,29,784,0.443,41568.45,84,0,3,4.4,Mortgage,Education,0
CUST_06475,39,71620.59,32,646,0.413,34656.3,48,3,0,5.3,Rent,Debt Consolidation,0
CUST_06476,53,16457.55,10,735,0.133,135982.75,48,0,0,12.8,Rent,Home Improvement,0
CUST_06477,56,58178.06,34,709,0.656,18913.59,60,1,4,10.6,Own,Medical,0
CUST_06478,34,21257.51,26,679,0.395,82459.48,72,3,2,2.0,Mortgage,Education,1
CUST_06479,34,121402.66,2,536,0.04,36371.53,12,2,0,5.7,Rent,Vehicle,0
CUST_06480,55,77537.85,7,708,0.2,49576.77,36,0,0,2.4,Own,Debt Consolidation,0
CUST_06481,50,20557.61,12,732,0.188,73559.19,60,3,4,12.4,Own,Home Improvement,1
CUST_06482,48,40925.12,2,568,0.49,12147.41,48,3,0,6.2,Own,Home Improvement,1
CUST_06483,37,59667.53,19,797,0.096,42224.4,60,2,2,8.8,Rent,Medical,1
CUST_06484,23,26586.36,34,653,0.613,42311.47,60,2,5,11.6,Own,Vehicle,0
CUST_06485,36,18339.79,12,807,0.364,29048.39,60,3,0,8.6,Rent,Home Improvement,0
CUST_06486,66,38211.55,19,727,0.466,20066.33,48,3,0,4.9,Mortgage,Home Improvement,0
CUST_06487,50,33534.09,23,682,0.352,42993.01,12,1,1,13.2,Rent,Debt Consolidation,1
CUST_06488,49,22991.04,8,687,0.236,67909.7,60,2,0,16.8,Rent,Debt Consolidation,0
CUST_06489,65,67376.12,29,749,0.643,112044.75,48,4,1,0.5,Own,Vehicle,1
CUST_06490,35,19063.35,24,787,0.134,76437.83,84,2,1,13.6,Rent,Vehicle,0
CUST_06491,66,34408.8,15,612,0.214,30426.21,24,0,0,0.5,Mortgage,Other,0
CUST_06492,45,39771.79,7,638,0.535,76016.52,60,0,2,0.5,Mortgage,Education,0
CUST_06493,58,42382.3,27,796,0.343,25738.82,36,2,0,10.4,Rent,Education,0
CUST_06494,62,63916.74,11,618,0.115,11106.31,48,4,1,5.3,Own,Home Improvement,0
CUST_06495,67,32208.38,23,682,0.4,101611.57,24,1,2,12.1,Rent,Home Improvement,1
CUST_06496,58,15000.0,28,632,0.442,15100.81,72,1,2,10.9,Rent,Education,0
CUST_06497,43,29929.84,14,732,0.301,20467.9,72,0,1,0.5,Own,Home Improvement,0
CUST_06498,45,52199.68,17,508,0.328,37166.34,48,1,0,5.3,Rent,Vehicle,0
CUST_06499,62,33790.15,6,731,0.176,33104.39,24,1,1,2.2,Own,Vehicle,0
CUST_06500,27,33915.43,12,761,0.166,8919.69,60,2,2,0.5,Mortgage,Education,0
CUST_06501,42,47245.22,18,726,0.426,24518.35,36,0,0,6.5,Rent,Education,0
CUST_06502,37,50464.31,4,622,0.534,65712.03,12,1,0,12.4,Own,Medical,0
CUST_06503,38,15000.0,25,432,0.109,48519.11,60,1,1,9.5,Rent,Debt Consolidation,0
CUST_06504,69,35977.82,1,633,0.041,54505.82,24,2,0,4.2,Mortgage,Vehicle,0
CUST_06505,61,32938.35,32,726,0.341,8401.91,72,1,0,12.0,Mortgage,Vehicle,0
CUST_06506,30,37705.44,24,678,0.202,13085.43,60,1,3,10.5,Rent,Medical,0
CUST_06507,30,15000.0,24,742,0.261,53975.78,24,5,0,5.7,Own,Other,0
CUST_06508,27,70371.43,29,665,0.03,157224.95,36,1,1,16.1,Rent,Debt Consolidation,0
CUST_06509,68,36437.8,3,661,0.378,32650.13,84,0,1,14.2,Rent,Debt Consolidation,0
CUST_06510,58,44913.61,18,792,0.441,42271.38,60,1,2,11.7,Mortgage,Education,0
CUST_06511,47,87815.4,26,632,0.384,43751.52,48,0,1,11.8,Own,Vehicle,0
CUST_06512,53,45131.08,23,725,0.247,67927.94,84,1,0,5.0,Own,Debt Consolidation,0
CUST_06513,21,16815.34,24,735,0.051,18823.8,12,2,1,12.5,Mortgage,Debt Consolidation,0
CUST_06514,64,34779.32,28,846,0.218,150433.91,36,3,1,12.7,Rent,Education,0
CUST_06515,54,50891.14,30,796,0.153,100070.87,60,1,0,10.2,Mortgage,Other,0
CUST_06516,24,37358.45,34,718,0.539,62474.14,84,2,0,7.9,Rent,Debt Consolidation,0
CUST_06517,37,85255.74,27,730,0.299,26176.58,60,1,1,0.5,Own,Debt Consolidation,0
CUST_06518,24,23671.31,3,768,0.175,53999.3,60,2,1,15.1,Rent,Vehicle,0
CUST_06519,63,67681.03,27,635,0.654,51895.04,24,1,0,17.3,Rent,Other,0
CUST_06520,46,55245.03,30,803,0.392,21389.13,48,1,0,2.2,Mortgage,Vehicle,0
CUST_06521,24,37963.61,22,678,0.265,17147.03,60,0,0,9.5,Mortgage,Medical,0
CUST_06522,21,42858.73,13,728,0.154,49821.33,60,0,2,16.9,Rent,Vehicle,1
CUST_06523,27,22273.56,27,705,0.209,31560.01,60,1,3,12.6,Mortgage,Vehicle,0
CUST_06524,50,31143.84,13,627,0.283,78089.11,60,0,1,14.8,Rent,Vehicle,1
CUST_06525,29,48463.14,0,653,0.553,14786.22,60,2,2,16.1,Mortgage,Other,1
CUST_06526,55,33706.35,31,624,0.249,44391.63,24,4,0,16.5,Rent,Other,1
CUST_06527,28,37425.94,17,695,0.227,90542.56,60,0,0,9.0,Own,Debt Consolidation,0
CUST_06528,44,59648.34,4,573,0.161,52588.56,60,2,0,9.9,Rent,Education,0
CUST_06529,39,15000.0,14,611,0.396,92449.46,36,2,1,4.2,Mortgage,Home Improvement,0
CUST_06530,56,43682.04,15,649,0.577,82471.81,60,0,2,1.8,Mortgage,Education,1
CUST_06531,63,88280.04,29,669,0.407,35057.57,72,1,0,17.5,Mortgage,Vehicle,0
CUST_06532,47,30078.52,22,782,0.158,27691.1,60,0,1,4.6,Mortgage,Home Improvement,0
CUST_06533,52,19493.97,10,750,0.319,83771.18,48,2,2,9.5,Mortgage,Education,0
CUST_06534,34,29895.2,24,672,0.633,50738.12,36,1,2,9.8,Own,Medical,1
CUST_06535,38,17008.33,1,807,0.411,47283.38,36,0,0,0.5,Own,Education,0
CUST_06536,48,40653.59,34,703,0.519,67235.42,60,2,0,3.4,Own,Other,0
CUST_06537,49,35001.74,23,727,0.121,34658.58,60,1,0,14.5,Mortgage,Home Improvement,0
CUST_06538,36,42589.62,12,548,0.176,22566.79,60,0,0,3.6,Rent,Education,1
CUST_06539,55,34009.06,29,614,0.63,124173.84,36,1,2,4.8,Mortgage,Home Improvement,1
CUST_06540,67,40052.55,10,753,0.286,40566.01,60,0,1,10.8,Rent,Debt Consolidation,0
CUST_06541,51,45489.73,22,726,0.343,17630.31,84,1,0,7.1,Own,Vehicle,0
CUST_06542,24,19953.83,27,806,0.2,53234.43,48,2,2,23.2,Mortgage,Vehicle,0
CUST_06543,57,43176.11,28,800,0.162,44256.5,60,1,1,3.6,Rent,Home Improvement,0
CUST_06544,37,74914.56,14,643,0.422,28878.84,72,1,2,5.3,Rent,Debt Consolidation,0
CUST_06545,59,22452.09,2,761,0.117,52355.05,72,2,1,8.7,Rent,Debt Consolidation,1
CUST_06546,68,42368.62,8,611,0.286,34898.8,24,1,4,9.8,Mortgage,Medical,1
CUST_06547,66,69379.69,7,569,0.178,20768.03,72,1,1,8.1,Mortgage,Debt Consolidation,1
CUST_06548,46,20383.43,32,702,0.21,18837.99,60,0,3,13.9,Own,Debt Consolidation,0
CUST_06549,68,54118.28,33,734,0.597,16256.61,36,0,3,8.0,Own,Vehicle,0
CUST_06550,59,32499.76,8,703,0.258,83540.44,60,2,2,0.5,Own,Other,0
CUST_06551,61,60214.53,16,747,0.088,63932.07,48,1,1,11.3,Own,Education,0
CUST_06552,24,24047.14,0,639,0.034,62980.64,48,0,0,3.5,Rent,Vehicle,0
CUST_06553,50,36151.45,4,751,0.143,54465.36,60,2,2,22.8,Rent,Medical,1
CUST_06554,50,16996.38,29,644,0.456,15829.79,60,1,1,12.4,Mortgage,Medical,0
CUST_06555,42,45190.6,10,847,0.294,13236.94,48,2,1,8.6,Rent,Home Improvement,0
CUST_06556,31,45450.01,27,740,0.267,14943.99,36,2,1,8.1,Mortgage,Vehicle,0
CUST_06557,22,47591.11,16,790,0.267,55657.81,60,1,0,4.8,Rent,Debt Consolidation,0
CUST_06558,64,46434.58,22,593,0.404,16162.81,84,3,0,18.2,Mortgage,Vehicle,0
CUST_06559,32,34698.87,17,651,0.174,66572.99,24,0,2,6.3,Mortgage,Medical,0
CUST_06560,50,17347.18,26,674,0.621,68159.77,12,1,4,2.6,Rent,Vehicle,0
CUST_06561,56,59637.44,24,599,0.46,54165.47,36,2,1,10.1,Rent,Home Improvement,0
CUST_06562,38,35624.29,4,793,0.403,31606.4,48,2,0,0.7,Rent,Other,0
CUST_06563,46,44211.58,18,684,0.117,66543.7,48,0,2,7.5,Rent,Education,0
CUST_06564,27,33103.43,26,574,0.206,32540.61,36,0,3,4.3,Rent,Other,0
CUST_06565,21,96701.11,12,645,0.393,95312.22,72,0,1,1.2,Rent,Debt Consolidation,0
CUST_06566,46,27341.9,6,601,0.44,64673.36,36,2,4,11.7,Own,Debt Consolidation,1
CUST_06567,43,26821.11,25,732,0.31,19276.56,24,2,0,4.6,Own,Vehicle,0
CUST_06568,46,16633.57,13,722,0.637,19976.04,36,1,0,7.2,Rent,Vehicle,0
CUST_06569,65,38424.74,26,725,0.325,25009.06,24,2,1,12.6,Own,Debt Consolidation,0
CUST_06570,26,91968.7,7,749,0.371,30342.99,60,0,3,6.1,Own,Other,0
CUST_06571,26,38658.38,30,834,0.2,18667.87,48,2,1,12.8,Rent,Vehicle,0
CUST_06572,64,40682.68,34,807,0.14,61323.76,60,5,0,6.9,Rent,Home Improvement,0
CUST_06573,28,59077.6,26,649,0.095,54755.65,60,1,1,0.5,Own,Education,1
CUST_06574,44,39381.38,3,829,0.207,30294.4,48,2,0,6.7,Mortgage,Debt Consolidation,0
CUST_06575,42,66147.66,3,666,0.436,84336.1,24,0,3,8.0,Mortgage,Medical,1
CUST_06576,39,71244.38,17,687,0.314,36763.87,12,0,2,4.1,Mortgage,Debt Consolidation,0
CUST_06577,57,26997.62,22,685,0.16,13558.9,60,1,2,10.2,Own,Other,1
CUST_06578,38,17761.44,31,727,0.303,18767.99,36,0,2,12.0,Own,Debt Consolidation,0
CUST_06579,51,51266.6,11,549,0.558,44085.04,48,2,1,2.2,Mortgage,Education,1
CUST_06580,57,42672.74,19,682,0.418,95492.31,72,3,1,9.5,Rent,Vehicle,0
CUST_06581,50,21527.14,11,701,0.333,46703.61,24,1,1,15.2,Mortgage,Home Improvement,1
CUST_06582,62,25873.67,7,562,0.34,18818.6,60,3,2,4.6,Own,Home Improvement,1
CUST_06583,53,25833.53,21,561,0.341,23940.68,36,0,0,4.3,Own,Vehicle,1
CUST_06584,30,39094.19,26,622,0.473,47963.25,36,1,1,6.3,Rent,Home Improvement,0
CUST_06585,57,59795.91,16,628,0.62,18418.71,60,2,2,8.4,Rent,Other,1
CUST_06586,32,61493.49,31,683,0.557,126904.21,24,0,4,3.4,Mortgage,Home Improvement,0
CUST_06587,50,53928.35,32,671,0.277,82631.89,36,2,0,13.9,Mortgage,Home Improvement,0
CUST_06588,47,31380.95,30,762,0.578,38333.53,36,1,0,6.6,Rent,Education,0
CUST_06589,59,110200.45,5,653,0.455,68221.03,48,0,2,7.8,Own,Education,1
CUST_06590,29,36923.75,8,655,0.102,39915.49,36,0,2,10.5,Rent,Debt Consolidation,1
CUST_06591,41,29899.45,31,750,0.309,28824.88,36,3,2,1.0,Mortgage,Medical,0
CUST_06592,32,18342.33,15,547,0.285,40021.44,60,2,1,6.6,Mortgage,Home Improvement,1
CUST_06593,49,30522.83,11,804,0.28,7866.21,24,3,0,0.5,Mortgage,Medical,0
CUST_06594,53,45224.16,2,573,0.178,53517.86,60,1,1,2.1,Own,Home Improvement,0
CUST_06595,63,16430.27,26,751,0.473,27433.73,60,1,0,0.5,Mortgage,Vehicle,1
CUST_06596,35,22537.69,26,739,0.416,105212.04,72,3,2,2.0,Own,Debt Consolidation,0
CUST_06597,22,28748.17,8,790,0.196,53218.61,36,2,2,1.4,Mortgage,Education,1
CUST_06598,59,24644.4,16,630,0.116,42172.82,72,2,1,10.4,Own,Vehicle,1
CUST_06599,64,23648.71,4,683,0.107,16260.26,48,2,1,8.5,Own,Debt Consolidation,0
CUST_06600,38,63723.4,25,599,0.121,27385.84,60,1,4,6.7,Mortgage,Debt Consolidation,0
CUST_06601,23,15909.32,20,676,0.485,42387.19,72,3,2,0.5,Mortgage,Debt Consolidation,0
CUST_06602,27,39643.61,0,673,0.502,78165.14,24,2,1,2.3,Mortgage,Debt Consolidation,1
CUST_06603,63,47076.97,0,789,0.587,49174.67,12,1,5,3.6,Mortgage,Education,0
CUST_06604,38,28508.45,34,718,0.294,39852.4,36,1,0,10.6,Own,Education,0
CUST_06605,64,32419.83,8,678,0.316,37191.4,60,6,3,10.3,Rent,Other,1
CUST_06606,58,35586.67,22,677,0.094,101081.38,60,1,4,2.4,Mortgage,Home Improvement,0
CUST_06607,57,49868.91,3,648,0.483,80005.59,60,3,3,12.6,Mortgage,Debt Consolidation,1
CUST_06608,53,78068.79,18,663,0.143,60107.29,72,1,1,9.1,Rent,Home Improvement,0
CUST_06609,64,19105.89,4,686,0.439,55855.95,60,2,2,10.9,Own,Vehicle,1
CUST_06610,51,22968.3,27,816,0.334,46130.83,60,1,2,7.6,Mortgage,Other,0
CUST_06611,31,23553.87,22,708,0.356,52006.94,24,1,0,9.5,Mortgage,Debt Consolidation,0
CUST_06612,24,36088.04,22,608,0.67,11477.48,60,0,2,5.5,Mortgage,Vehicle,0
CUST_06613,38,29735.88,17,850,0.321,30038.55,48,0,0,10.9,Mortgage,Debt Consolidation,0
CUST_06614,24,50676.23,28,752,0.383,61006.94,36,3,0,9.2,Own,Education,0
CUST_06615,69,26153.91,27,748,0.409,31981.48,24,1,2,9.6,Rent,Other,0
CUST_06616,54,23292.22,8,665,0.071,28292.78,72,1,2,9.0,Mortgage,Vehicle,0
CUST_06617,49,24795.84,9,736,0.342,70138.22,60,2,4,9.4,Rent,Other,0
CUST_06618,44,38478.1,1,701,0.156,11049.57,60,4,1,3.8,Rent,Debt Consolidation,1
CUST_06619,42,58803.79,12,585,0.178,23300.64,36,2,1,4.2,Own,Debt Consolidation,1
CUST_06620,22,35517.56,26,712,0.432,12705.79,60,0,3,8.1,Own,Education,1
CUST_06621,64,27471.91,19,592,0.214,90735.88,36,1,1,3.6,Mortgage,Home Improvement,1
CUST_06622,26,21687.29,9,701,0.4,33603.82,48,1,2,0.5,Mortgage,Home Improvement,0
CUST_06623,62,75419.18,15,707,0.071,97064.03,36,0,2,7.1,Own,Home Improvement,0
CUST_06624,45,15055.78,14,616,0.211,29742.87,36,3,0,1.4,Mortgage,Debt Consolidation,1
CUST_06625,41,33089.24,12,688,0.445,12962.34,60,2,2,9.0,Mortgage,Medical,1
CUST_06626,36,52567.98,19,722,0.142,28806.37,60,0,0,2.5,Rent,Vehicle,0
CUST_06627,51,32861.94,23,644,0.619,117931.0,60,0,2,6.2,Own,Home Improvement,1
CUST_06628,34,27360.05,6,712,0.173,64523.26,60,1,2,11.9,Mortgage,Debt Consolidation,0
CUST_06629,59,47468.85,22,769,0.125,40136.77,36,1,2,11.9,Own,Other,0
CUST_06630,48,21017.47,23,739,0.403,39772.88,60,3,1,8.5,Rent,Debt Consolidation,0
CUST_06631,52,15208.42,28,658,0.216,31138.84,60,3,1,13.3,Mortgage,Vehicle,0
CUST_06632,48,43329.2,4,782,0.465,25109.55,36,1,1,15.2,Rent,Education,0
CUST_06633,69,22079.58,34,733,0.382,45230.5,60,0,0,14.8,Rent,Education,0
CUST_06634,29,38787.74,0,668,0.179,12509.28,72,1,0,6.0,Own,Medical,0
CUST_06635,65,34144.85,17,637,0.204,37967.63,60,2,1,2.4,Own,Vehicle,1
CUST_06636,42,41378.75,5,723,0.447,30481.47,36,5,1,7.3,Mortgage,Other,0
CUST_06637,52,32417.71,22,756,0.463,31335.93,60,4,0,9.5,Own,Other,0
CUST_06638,25,47846.79,9,759,0.324,19410.14,60,1,1,16.9,Own,Debt Consolidation,0
CUST_06639,43,25545.74,6,723,0.336,45486.44,60,3,0,15.0,Rent,Home Improvement,0
CUST_06640,25,53670.52,7,656,0.117,105128.74,36,0,2,4.0,Mortgage,Debt Consolidation,0
CUST_06641,62,19755.52,12,720,0.281,24384.4,36,0,1,11.4,Rent,Debt Consolidation,1
CUST_06642,52,65271.58,29,620,0.234,46706.53,48,0,0,0.5,Mortgage,Other,1
CUST_06643,30,101298.12,17,700,0.266,45988.79,60,3,2,13.9,Rent,Vehicle,0
CUST_06644,59,38332.59,13,806,0.268,105758.98,24,2,2,6.2,Own,Vehicle,0
CUST_06645,35,79585.47,10,609,0.117,14213.46,36,2,4,0.5,Mortgage,Vehicle,0
CUST_06646,27,90599.52,12,641,0.404,43511.43,36,1,1,13.8,Rent,Home Improvement,0
CUST_06647,49,30931.58,32,746,0.414,71276.99,60,3,4,5.8,Mortgage,Debt Consolidation,1
CUST_06648,67,37195.11,12,619,0.309,65513.41,60,0,1,10.4,Mortgage,Other,0
CUST_06649,23,24171.78,24,787,0.381,23266.24,60,1,1,15.7,Rent,Vehicle,0
CUST_06650,39,24964.15,23,748,0.602,20001.33,48,1,1,11.6,Rent,Other,0
CUST_06651,30,40799.9,28,751,0.447,39413.09,48,0,2,12.4,Rent,Home Improvement,0
CUST_06652,48,16027.9,5,760,0.319,68641.12,48,2,2,15.4,Mortgage,Education,0
CUST_06653,49,55126.82,17,590,0.571,9332.74,60,0,1,14.3,Rent,Debt Consolidation,0
CUST_06654,35,39483.67,27,604,0.3,17083.06,60,1,2,12.7,Own,Other,1
CUST_06655,55,51055.37,4,772,0.618,48068.01,60,0,5,0.5,Rent,Home Improvement,0
CUST_06656,26,33156.18,17,659,0.259,40639.76,36,1,0,17.5,Rent,Home Improvement,0
CUST_06657,32,50831.09,6,675,0.158,85140.9,48,2,1,7.5,Own,Medical,0
CUST_06658,67,41102.43,8,730,0.435,200000.0,60,2,0,8.6,Mortgage,Home Improvement,0
CUST_06659,58,46798.78,34,691,0.535,111682.31,36,4,1,6.2,Rent,Debt Consolidation,0
CUST_06660,33,57002.83,11,756,0.494,34521.64,48,1,1,0.5,Own,Debt Consolidation,0
CUST_06661,49,19293.54,23,720,0.413,20370.0,60,1,2,13.4,Mortgage,Debt Consolidation,0
CUST_06662,39,25551.79,8,666,0.306,14044.75,24,1,2,11.9,Own,Debt Consolidation,0
CUST_06663,23,115544.47,11,673,0.057,48691.32,60,1,0,3.8,Mortgage,Vehicle,0
CUST_06664,28,40281.04,8,698,0.236,10055.18,60,2,1,10.6,Rent,Debt Consolidation,0
CUST_06665,28,15391.97,21,707,0.207,32621.03,48,0,2,4.7,Rent,Vehicle,0
CUST_06666,40,15434.78,16,736,0.314,44590.83,60,0,3,9.9,Rent,Debt Consolidation,0
CUST_06667,67,34979.04,32,692,0.564,130533.32,60,3,2,7.8,Own,Debt Consolidation,0
CUST_06668,24,27958.64,23,674,0.578,41761.16,60,2,1,0.5,Mortgage,Home Improvement,0
CUST_06669,41,24265.58,14,667,0.615,20538.96,60,1,0,15.0,Mortgage,Debt Consolidation,1
CUST_06670,23,89016.1,28,650,0.022,55920.33,60,2,0,16.2,Mortgage,Other,0
CUST_06671,65,30195.36,31,792,0.341,41153.64,12,1,1,0.5,Mortgage,Debt Consolidation,0
CUST_06672,28,54747.47,32,619,0.107,72616.81,60,1,1,6.7,Mortgage,Other,0
CUST_06673,43,41153.42,28,592,0.228,106274.93,48,0,1,5.0,Own,Vehicle,0
CUST_06674,36,31337.02,14,742,0.055,29807.4,60,2,1,15.6,Own,Education,0
CUST_06675,33,20519.64,26,714,0.328,57070.75,60,1,0,15.1,Mortgage,Vehicle,0
CUST_06676,23,53349.28,33,825,0.329,155568.47,60,0,1,8.1,Own,Debt Consolidation,0
CUST_06677,68,15000.0,3,674,0.303,118407.0,36,1,0,7.5,Rent,Home Improvement,0
CUST_06678,29,56125.12,17,678,0.165,21372.97,48,1,0,11.6,Own,Home Improvement,0
CUST_06679,34,39169.07,20,622,0.288,14444.17,12,0,1,7.6,Own,Other,1
CUST_06680,33,49478.25,7,687,0.182,71901.61,72,3,2,5.8,Rent,Home Improvement,0
CUST_06681,27,36456.74,5,559,0.559,26887.98,84,1,1,12.8,Mortgage,Other,1
CUST_06682,35,19591.05,19,548,0.084,99558.17,48,1,2,15.1,Rent,Home Improvement,0
CUST_06683,27,44390.17,1,642,0.192,13099.76,48,1,1,5.2,Mortgage,Home Improvement,0
CUST_06684,58,55517.3,21,685,0.126,21925.46,48,1,1,16.8,Rent,Debt Consolidation,1
CUST_06685,54,28578.95,20,639,0.258,31154.11,36,1,3,10.0,Mortgage,Vehicle,1
CUST_06686,61,50447.88,5,640,0.149,18511.35,48,0,0,12.4,Rent,Debt Consolidation,0
CUST_06687,42,42119.91,31,574,0.269,17775.48,36,3,4,9.9,Rent,Debt Consolidation,1
CUST_06688,44,45491.29,5,724,0.121,23277.57,12,3,1,7.3,Rent,Home Improvement,1
CUST_06689,69,23629.06,12,630,0.186,68147.3,24,2,2,4.3,Rent,Home Improvement,1
CUST_06690,57,68946.17,0,796,0.116,29412.46,24,1,0,19.2,Mortgage,Other,0
CUST_06691,64,42108.95,21,675,0.339,51260.5,36,1,3,0.5,Own,Education,0
CUST_06692,21,55042.17,23,606,0.298,193410.79,24,1,2,6.4,Rent,Debt Consolidation,0
CUST_06693,30,29909.31,29,519,0.14,91060.19,36,0,0,6.7,Own,Medical,0
CUST_06694,63,59346.32,21,594,0.257,51888.62,12,1,0,3.0,Rent,Education,1
CUST_06695,36,29408.2,11,676,0.421,13094.26,84,1,1,6.7,Own,Vehicle,0
CUST_06696,66,23251.43,25,514,0.472,27711.38,24,2,2,0.5,Mortgage,Debt Consolidation,1
CUST_06697,28,88072.99,3,625,0.5,65352.3,60,1,2,7.7,Own,Vehicle,0
CUST_06698,69,15000.0,18,643,0.158,28926.6,24,0,1,11.9,Rent,Debt Consolidation,0
CUST_06699,45,161934.09,15,628,0.047,20369.43,36,1,2,8.4,Mortgage,Debt Consolidation,0
CUST_06700,32,51579.01,11,639,0.081,129537.97,72,0,2,0.5,Mortgage,Education,0
CUST_06701,45,31026.46,32,647,0.24,15351.43,36,2,1,9.1,Own,Home Improvement,0
CUST_06702,37,42746.3,20,625,0.122,32155.9,60,0,1,15.1,Mortgage,Debt Consolidation,0
CUST_06703,46,51594.26,8,783,0.217,25988.09,36,3,1,9.2,Mortgage,Vehicle,0
CUST_06704,66,30753.99,7,637,0.398,17331.03,72,0,1,11.9,Rent,Medical,0
CUST_06705,68,100470.7,19,496,0.419,123366.29,12,1,1,6.8,Rent,Vehicle,1
CUST_06706,34,75946.33,9,565,0.037,17195.02,36,2,2,13.7,Own,Home Improvement,0
CUST_06707,61,141976.01,31,722,0.29,19945.44,48,1,2,12.8,Mortgage,Medical,1
CUST_06708,56,19717.85,27,712,0.233,81787.22,60,1,1,10.1,Rent,Debt Consolidation,0
CUST_06709,43,40443.15,9,643,0.206,42988.37,60,2,1,13.2,Rent,Debt Consolidation,0
CUST_06710,63,18151.23,7,581,0.155,18001.52,72,2,1,8.5,Rent,Medical,1
CUST_06711,26,21041.75,32,730,0.216,34813.2,72,3,1,17.9,Mortgage,Other,0
CUST_06712,67,30849.21,12,569,0.617,19154.53,84,0,2,5.1,Own,Debt Consolidation,0
CUST_06713,25,31129.49,34,706,0.29,33422.68,36,2,2,10.4,Rent,Debt Consolidation,0
CUST_06714,63,43693.38,28,650,0.127,30592.8,48,2,1,10.1,Own,Debt Consolidation,0
CUST_06715,45,34360.78,4,715,0.355,15088.52,48,0,2,8.0,Mortgage,Home Improvement,0
CUST_06716,38,54175.67,2,645,0.266,45873.25,24,1,2,7.1,Mortgage,Vehicle,1
CUST_06717,33,42593.31,5,782,0.143,21383.43,72,2,2,16.4,Rent,Vehicle,0
CUST_06718,63,82765.5,15,551,0.154,8705.81,36,1,2,2.4,Own,Debt Consolidation,1
CUST_06719,34,54962.25,34,720,0.498,54158.06,60,1,1,10.0,Mortgage,Home Improvement,1
CUST_06720,48,20141.14,17,656,0.235,37534.75,60,0,2,11.7,Rent,Debt Consolidation,0
CUST_06721,38,33767.56,10,631,0.327,15292.81,36,0,1,14.9,Rent,Other,0
CUST_06722,48,34926.27,22,768,0.409,56966.14,60,3,2,13.8,Mortgage,Debt Consolidation,0
CUST_06723,47,45249.75,10,609,0.492,62246.29,36,0,0,10.1,Own,Vehicle,1
CUST_06724,52,62170.73,28,696,0.404,36324.61,36,4,0,2.1,Mortgage,Other,0
CUST_06725,67,41827.2,26,689,0.148,50680.8,60,3,2,5.3,Mortgage,Debt Consolidation,0
CUST_06726,29,48488.45,8,594,0.51,14404.42,48,1,3,5.2,Mortgage,Medical,0
CUST_06727,60,20596.71,34,738,0.215,58350.71,48,1,2,0.5,Rent,Debt Consolidation,0
CUST_06728,52,28865.41,8,821,0.089,36323.76,36,2,0,11.8,Own,Vehicle,0
CUST_06729,40,15000.0,17,793,0.197,108304.2,60,3,0,0.5,Rent,Medical,0
CUST_06730,48,45296.03,20,708,0.222,9731.45,36,1,1,0.5,Own,Home Improvement,0
CUST_06731,53,55312.21,0,664,0.35,30357.42,36,1,2,8.3,Own,Education,0
CUST_06732,24,18779.26,26,737,0.324,17567.6,60,1,1,0.5,Mortgage,Debt Consolidation,0
CUST_06733,66,39309.6,28,748,0.045,23127.71,84,2,0,0.5,Rent,Education,0
CUST_06734,54,34505.05,18,686,0.553,34210.52,36,2,1,23.2,Mortgage,Education,0
CUST_06735,68,84475.76,23,513,0.497,25440.65,48,2,1,9.1,Rent,Vehicle,1
CUST_06736,23,23221.06,0,571,0.138,19796.22,24,2,0,3.4,Mortgage,Debt Consolidation,0
CUST_06737,46,57473.47,22,712,0.582,20169.85,60,3,3,9.0,Rent,Debt Consolidation,1
CUST_06738,28,64314.23,12,703,0.264,112190.5,36,3,0,4.3,Own,Vehicle,0
CUST_06739,26,32942.68,29,648,0.442,41896.31,48,2,2,1.9,Rent,Medical,0
CUST_06740,36,42034.6,10,699,0.245,10660.76,48,2,1,16.1,Mortgage,Home Improvement,1
CUST_06741,44,62238.46,6,577,0.136,19633.33,60,2,1,5.8,Mortgage,Other,1
CUST_06742,68,20957.43,34,667,0.434,49572.17,60,1,0,0.5,Mortgage,Vehicle,0
CUST_06743,59,29331.72,10,656,0.483,30937.92,60,1,1,6.1,Rent,Education,0
CUST_06744,50,39859.63,20,543,0.527,39449.96,48,4,1,3.8,Mortgage,Medical,1
CUST_06745,65,101927.04,2,686,0.379,57385.27,48,2,3,14.3,Mortgage,Vehicle,1
CUST_06746,33,29736.03,29,573,0.416,10605.49,48,0,0,13.6,Mortgage,Education,0
CUST_06747,25,31750.79,23,741,0.278,54195.53,48,0,2,7.3,Own,Medical,0
CUST_06748,45,78711.47,2,703,0.219,77659.85,60,3,1,6.5,Own,Debt Consolidation,0
CUST_06749,40,50589.0,32,633,0.649,11977.33,36,2,0,13.3,Mortgage,Vehicle,0
CUST_06750,38,108149.78,21,609,0.219,41747.65,60,1,2,9.8,Rent,Debt Consolidation,0
CUST_06751,67,62731.73,30,583,0.19,6836.35,72,1,1,5.8,Own,Debt Consolidation,0
CUST_06752,38,33758.81,11,647,0.387,43131.23,24,1,2,0.5,Own,Debt Consolidation,1
CUST_06753,22,31441.12,13,734,0.354,44552.83,12,5,1,9.4,Mortgage,Medical,1
CUST_06754,30,24045.49,11,656,0.384,17552.6,60,1,1,4.8,Own,Home Improvement,0
CUST_06755,65,18910.79,26,668,0.563,26252.7,60,1,1,11.8,Own,Home Improvement,1
CUST_06756,67,43062.5,12,603,0.294,31368.85,48,3,1,6.2,Own,Medical,0
CUST_06757,32,49685.68,23,645,0.164,36356.41,60,1,0,10.6,Own,Vehicle,0
CUST_06758,67,52770.13,8,664,0.177,25906.64,60,1,3,13.8,Rent,Debt Consolidation,0
CUST_06759,33,34141.24,7,689,0.581,77647.48,84,1,0,0.5,Mortgage,Vehicle,0
CUST_06760,67,95325.95,14,668,0.236,46267.72,60,2,0,7.2,Mortgage,Medical,0
CUST_06761,31,18412.36,6,711,0.282,23344.35,24,0,0,2.9,Mortgage,Debt Consolidation,0
CUST_06762,39,17398.95,23,726,0.234,76345.91,48,0,1,9.4,Mortgage,Debt Consolidation,0
CUST_06763,55,24105.35,15,787,0.599,51045.74,36,1,0,12.1,Mortgage,Debt Consolidation,0
CUST_06764,59,36423.78,23,695,0.148,15678.21,60,1,1,8.5,Mortgage,Vehicle,0
CUST_06765,46,20982.46,6,709,0.424,37151.35,36,0,3,2.9,Own,Debt Consolidation,1
CUST_06766,66,71215.76,27,643,0.275,54182.83,24,2,3,8.4,Rent,Education,0
CUST_06767,34,25097.34,1,788,0.148,68082.52,24,0,1,15.6,Mortgage,Debt Consolidation,0
CUST_06768,65,22953.6,33,647,0.432,127406.89,60,0,2,14.3,Mortgage,Debt Consolidation,0
CUST_06769,64,61545.96,2,722,0.045,80662.15,36,3,1,8.3,Mortgage,Other,0
CUST_06770,44,40284.33,0,645,0.285,29788.06,36,1,3,6.5,Rent,Vehicle,0
CUST_06771,61,53763.53,30,670,0.32,9273.79,72,0,3,4.7,Mortgage,Home Improvement,0
CUST_06772,21,35461.54,22,681,0.569,57959.3,12,1,0,12.3,Mortgage,Home Improvement,0
CUST_06773,63,41600.88,19,543,0.088,30963.85,48,0,0,3.1,Mortgage,Debt Consolidation,0
CUST_06774,42,17733.76,15,694,0.042,69619.0,48,2,1,12.2,Rent,Vehicle,1
CUST_06775,43,33727.87,31,674,0.351,37762.57,48,2,0,5.1,Own,Home Improvement,1
CUST_06776,39,21503.52,16,633,0.24,16786.17,60,1,1,11.4,Mortgage,Debt Consolidation,0
CUST_06777,38,96490.1,17,610,0.117,26038.36,12,1,0,11.5,Rent,Vehicle,0
CUST_06778,32,69314.59,3,635,0.172,44753.13,36,2,0,5.3,Rent,Home Improvement,0
CUST_06779,48,26187.52,34,606,0.286,36967.91,60,2,0,13.2,Rent,Vehicle,0
CUST_06780,48,32735.72,22,645,0.225,25030.73,36,1,1,14.9,Rent,Debt Consolidation,1
CUST_06781,53,33516.41,14,633,0.413,40434.81,60,1,2,8.0,Mortgage,Home Improvement,1
CUST_06782,39,106614.87,12,656,0.298,34524.23,36,2,0,9.8,Mortgage,Debt Consolidation,0
CUST_06783,48,44276.05,13,733,0.149,25970.99,24,2,1,19.8,Mortgage,Home Improvement,0
CUST_06784,69,29321.2,13,616,0.71,64101.99,36,3,0,4.7,Mortgage,Debt Consolidation,1
CUST_06785,57,39079.08,4,639,0.448,63425.93,60,0,2,1.9,Rent,Home Improvement,1
CUST_06786,46,16839.87,21,688,0.212,46653.06,36,4,0,8.5,Own,Vehicle,0
CUST_06787,55,35002.1,27,611,0.163,29000.02,48,0,1,6.1,Rent,Medical,0
CUST_06788,54,21153.34,3,733,0.498,52740.34,12,3,2,2.7,Mortgage,Vehicle,0
CUST_06789,55,15000.0,28,612,0.204,22968.5,48,1,0,0.7,Mortgage,Debt Consolidation,0
CUST_06790,60,98055.32,34,689,0.324,75762.46,60,2,0,7.1,Own,Debt Consolidation,0
CUST_06791,36,35828.66,19,754,0.102,44858.19,60,3,2,16.0,Mortgage,Medical,0
CUST_06792,58,24691.31,34,611,0.25,45882.48,12,0,0,8.5,Rent,Vehicle,1
CUST_06793,33,15543.69,34,624,0.124,81878.97,12,1,2,9.4,Rent,Home Improvement,0
CUST_06794,43,32514.52,19,648,0.213,34074.61,72,0,1,9.5,Rent,Vehicle,0
CUST_06795,42,33705.34,1,681,0.33,47444.12,36,1,0,8.3,Rent,Vehicle,0
CUST_06796,36,53237.9,17,671,0.312,25346.01,60,4,2,8.8,Mortgage,Home Improvement,0
CUST_06797,48,22540.81,29,679,0.341,17641.85,12,2,2,2.9,Mortgage,Home Improvement,0
CUST_06798,68,27809.17,28,715,0.328,59729.81,36,6,0,9.1,Rent,Debt Consolidation,1
CUST_06799,55,22872.81,21,667,0.313,26177.42,36,3,0,9.3,Own,Debt Consolidation,0
CUST_06800,65,32564.4,28,577,0.323,23370.23,72,1,1,0.6,Mortgage,Debt Consolidation,0
CUST_06801,66,15000.0,9,769,0.354,27409.15,60,4,0,9.4,Own,Education,1
CUST_06802,28,24291.93,19,710,0.36,77211.87,60,1,1,4.1,Mortgage,Debt Consolidation,1
CUST_06803,64,49754.6,15,591,0.324,23786.88,72,0,0,0.8,Rent,Vehicle,0
CUST_06804,42,19678.42,5,667,0.446,115460.07,36,3,2,15.0,Rent,Education,0
CUST_06805,41,59859.35,16,735,0.33,13392.32,36,5,1,4.2,Rent,Home Improvement,0
CUST_06806,46,56200.5,5,616,0.562,57625.71,60,2,1,2.0,Rent,Other,1
CUST_06807,60,58601.27,21,745,0.242,24735.86,24,1,2,7.5,Rent,Home Improvement,0
CUST_06808,41,36233.47,17,612,0.056,24903.13,84,3,0,4.2,Own,Home Improvement,0
CUST_06809,45,34641.23,31,710,0.196,43034.58,60,4,2,13.5,Rent,Home Improvement,0
CUST_06810,61,42608.31,27,501,0.502,22606.53,36,2,1,12.6,Mortgage,Home Improvement,1
CUST_06811,21,70272.33,9,746,0.425,21945.76,60,3,1,8.9,Own,Debt Consolidation,0
CUST_06812,26,67146.93,21,548,0.726,69472.94,72,4,2,5.5,Own,Education,1
CUST_06813,43,15817.66,27,763,0.141,14988.98,36,2,1,10.6,Rent,Education,0
CUST_06814,43,23455.2,14,598,0.203,8630.94,60,1,2,0.9,Own,Other,0
CUST_06815,63,21440.36,28,812,0.433,40250.89,24,0,0,10.0,Own,Vehicle,0
CUST_06816,63,52228.65,6,687,0.635,23888.52,60,2,2,14.5,Mortgage,Debt Consolidation,1
CUST_06817,43,25857.54,33,751,0.529,25405.66,36,3,2,2.6,Own,Home Improvement,0
CUST_06818,52,32803.96,31,667,0.199,18636.06,48,1,1,6.7,Own,Debt Consolidation,0
CUST_06819,50,85303.8,1,573,0.322,12409.89,48,1,1,11.4,Own,Education,1
CUST_06820,33,63604.56,25,615,0.322,57095.96,36,1,0,5.2,Rent,Debt Consolidation,1
CUST_06821,63,72265.31,10,713,0.25,15454.45,24,5,0,11.8,Own,Education,0
CUST_06822,38,25375.08,24,850,0.459,48964.42,60,2,1,13.0,Mortgage,Education,1
CUST_06823,43,15000.0,18,781,0.315,56896.22,48,1,4,0.5,Own,Home Improvement,0
CUST_06824,35,29799.22,19,686,0.294,28658.66,60,1,1,6.5,Rent,Debt Consolidation,0
CUST_06825,53,17677.1,32,746,0.393,29933.71,72,1,1,12.0,Mortgage,Home Improvement,0
CUST_06826,41,15000.0,16,695,0.287,34218.22,36,0,0,10.0,Own,Medical,1
CUST_06827,59,63852.84,29,664,0.135,63180.07,60,1,0,12.8,Rent,Education,0
CUST_06828,43,23250.35,17,684,0.151,47200.32,60,0,0,11.5,Rent,Debt Consolidation,0
CUST_06829,47,24263.27,31,640,0.224,68132.12,72,2,0,11.8,Rent,Home Improvement,0
CUST_06830,65,30245.97,3,685,0.551,20349.19,24,0,1,7.1,Mortgage,Debt Consolidation,1
CUST_06831,64,82722.53,31,705,0.191,56215.13,24,1,0,16.6,Rent,Debt Consolidation,0
CUST_06832,38,33496.39,18,675,0.599,26776.56,24,2,0,9.9,Rent,Debt Consolidation,0
CUST_06833,44,58442.27,2,647,0.409,91441.33,24,2,1,12.3,Own,Debt Consolidation,0
CUST_06834,67,31018.13,27,643,0.577,94392.41,72,1,1,4.8,Own,Home Improvement,1
CUST_06835,60,16477.8,5,660,0.283,12419.71,60,0,3,8.5,Rent,Vehicle,0
CUST_06836,62,20031.91,16,688,0.379,18576.35,72,2,0,4.8,Mortgage,Debt Consolidation,0
CUST_06837,27,36246.81,4,646,0.581,18972.68,48,0,0,2.6,Rent,Home Improvement,0
CUST_06838,68,38323.47,18,717,0.062,32025.49,72,1,2,4.8,Mortgage,Home Improvement,0
CUST_06839,40,47636.52,34,565,0.456,21784.39,60,1,2,16.6,Rent,Education,0
CUST_06840,47,47646.4,21,694,0.259,13033.67,60,4,2,6.2,Own,Home Improvement,0
CUST_06841,26,56958.68,23,748,0.365,58588.5,60,3,2,0.5,Mortgage,Other,0
CUST_06842,47,24721.39,9,804,0.438,38484.49,36,3,1,7.5,Rent,Education,0
CUST_06843,29,90545.64,1,674,0.421,16061.07,60,3,1,7.9,Mortgage,Home Improvement,0
CUST_06844,65,94786.17,27,725,0.524,20093.61,60,2,2,2.5,Rent,Education,0
CUST_06845,51,27993.63,16,694,0.261,12062.68,60,2,4,2.6,Own,Debt Consolidation,1
CUST_06846,41,24417.13,5,751,0.198,10237.1,48,2,2,0.5,Rent,Vehicle,0
CUST_06847,46,15000.0,4,663,0.317,8483.04,12,0,0,15.3,Own,Debt Consolidation,1
CUST_06848,60,39554.89,6,714,0.905,12701.32,60,0,1,7.6,Own,Debt Consolidation,0
CUST_06849,68,45534.18,31,528,0.373,14758.45,72,2,1,5.8,Mortgage,Debt Consolidation,0
CUST_06850,65,27182.72,3,749,0.332,31868.32,72,2,3,16.4,Own,Home Improvement,0
CUST_06851,33,41830.55,20,688,0.246,22132.33,72,3,3,4.0,Rent,Vehicle,0
CUST_06852,69,18143.96,31,631,0.265,35716.1,60,0,2,8.6,Mortgage,Home Improvement,0
CUST_06853,43,58914.17,17,699,0.196,44164.71,48,3,2,5.4,Rent,Medical,1
CUST_06854,40,27847.85,32,778,0.477,91167.26,12,1,0,10.9,Mortgage,Debt Consolidation,0
CUST_06855,57,41956.13,13,612,0.129,22986.37,36,1,0,4.3,Mortgage,Debt Consolidation,0
CUST_06856,48,40339.18,5,617,0.448,45278.43,72,0,1,0.5,Own,Vehicle,1
CUST_06857,37,15000.0,10,565,0.492,61694.59,36,2,0,4.2,Mortgage,Medical,1
CUST_06858,48,55106.13,19,617,0.673,15936.58,60,0,1,18.6,Mortgage,Other,0
CUST_06859,61,24533.1,28,613,0.527,10934.58,36,1,0,9.5,Mortgage,Vehicle,1
CUST_06860,22,40185.13,34,666,0.086,19348.99,48,0,3,12.4,Rent,Education,0
CUST_06861,45,17944.87,15,683,0.114,31909.88,36,1,1,1.6,Mortgage,Debt Consolidation,0
CUST_06862,61,28575.68,6,581,0.171,14196.59,36,1,0,13.0,Rent,Vehicle,1
CUST_06863,26,43548.23,30,702,0.501,40586.28,72,1,0,4.9,Rent,Vehicle,0
CUST_06864,31,21170.17,5,697,0.061,82159.84,60,0,3,9.7,Own,Education,0
CUST_06865,58,21758.0,28,696,0.09,61787.6,36,1,1,11.2,Mortgage,Vehicle,1
CUST_06866,26,38658.97,26,618,0.258,11846.43,48,2,2,3.3,Mortgage,Debt Consolidation,0
CUST_06867,65,33397.72,1,814,0.181,56639.49,48,1,1,4.5,Mortgage,Vehicle,0
CUST_06868,31,43245.67,21,724,0.213,25638.29,60,4,2,2.7,Mortgage,Education,0
CUST_06869,34,30215.08,8,586,0.286,52794.37,60,2,2,0.5,Rent,Debt Consolidation,0
CUST_06870,22,50048.57,10,568,0.062,26317.22,60,0,0,9.5,Rent,Home Improvement,0
CUST_06871,60,27351.38,15,623,0.526,28296.5,36,4,1,5.9,Mortgage,Other,0
CUST_06872,23,48948.91,12,686,0.041,43901.81,36,2,2,6.9,Mortgage,Home Improvement,0
CUST_06873,55,23077.4,17,781,0.283,109606.36,48,0,1,12.5,Rent,Home Improvement,0
CUST_06874,53,26755.75,24,632,0.207,42167.52,60,1,1,12.6,Mortgage,Other,0
CUST_06875,44,52330.54,32,571,0.713,19120.99,72,1,0,8.3,Mortgage,Medical,0
CUST_06876,39,28079.91,9,700,0.131,32656.45,60,1,2,7.6,Own,Vehicle,0
CUST_06877,38,20219.14,29,647,0.127,80030.51,36,1,1,0.5,Own,Vehicle,0
CUST_06878,69,86254.54,0,688,0.313,49849.78,84,2,1,10.7,Own,Debt Consolidation,1
CUST_06879,44,35683.13,32,668,0.181,11505.91,72,2,1,13.0,Mortgage,Vehicle,0
CUST_06880,65,45969.16,14,661,0.234,43136.54,72,1,1,6.9,Mortgage,Debt Consolidation,1
CUST_06881,55,15000.0,28,752,0.12,67086.48,36,3,1,9.8,Rent,Home Improvement,0
CUST_06882,21,70679.04,1,721,0.101,148406.08,84,2,2,12.5,Own,Debt Consolidation,0
CUST_06883,56,136368.42,10,695,0.561,14174.38,36,1,3,4.8,Mortgage,Education,1
CUST_06884,45,67581.61,33,529,0.333,19953.46,36,0,2,11.0,Mortgage,Debt Consolidation,1
CUST_06885,65,72573.23,18,662,0.231,69991.21,36,2,0,1.3,Rent,Home Improvement,0
CUST_06886,69,29602.53,1,740,0.206,29256.34,60,2,3,3.8,Mortgage,Debt Consolidation,0
CUST_06887,63,41188.38,19,612,0.487,28321.52,48,4,0,15.1,Own,Debt Consolidation,1
CUST_06888,54,46352.87,30,664,0.607,24567.59,36,0,0,6.5,Rent,Education,0
CUST_06889,45,25621.7,3,676,0.438,45637.18,60,0,1,8.7,Mortgage,Home Improvement,0
CUST_06890,36,34131.31,28,696,0.448,69969.94,24,2,2,15.5,Rent,Debt Consolidation,0
CUST_06891,54,22015.53,29,651,0.052,25669.63,24,1,2,5.2,Own,Education,0
CUST_06892,49,29799.5,12,709,0.165,13675.2,72,3,2,17.2,Mortgage,Home Improvement,0
CUST_06893,39,55295.44,14,707,0.215,54460.51,48,2,2,9.4,Mortgage,Home Improvement,0
CUST_06894,43,15019.71,19,616,0.297,17463.38,60,1,1,0.5,Rent,Medical,0
CUST_06895,39,58486.53,33,625,0.184,53585.35,84,1,1,11.7,Rent,Home Improvement,0
CUST_06896,45,16503.37,27,692,0.326,36937.42,84,1,0,6.9,Rent,Debt Consolidation,0
CUST_06897,36,37280.59,19,782,0.22,30682.23,48,2,2,0.5,Mortgage,Medical,0
CUST_06898,29,39015.63,24,750,0.346,20829.89,48,1,0,6.7,Rent,Home Improvement,0
CUST_06899,21,48359.02,26,640,0.273,29513.25,24,1,0,0.5,Mortgage,Debt Consolidation,0
CUST_06900,62,33180.91,29,624,0.701,33979.42,48,1,0,2.7,Own,Debt Consolidation,1
CUST_06901,39,21539.69,19,653,0.181,29313.87,36,3,1,6.0,Own,Vehicle,0
CUST_06902,53,39825.18,0,787,0.194,96468.76,60,1,1,3.3,Rent,Debt Consolidation,0
CUST_06903,54,107608.27,34,679,0.38,37715.01,36,1,0,11.2,Own,Medical,0
CUST_06904,36,36054.8,23,693,0.467,14949.01,12,1,2,8.4,Own,Debt Consolidation,0
CUST_06905,64,23372.41,24,622,0.219,16970.77,60,2,1,10.0,Mortgage,Debt Consolidation,0
CUST_06906,60,28751.01,11,682,0.344,41997.07,36,0,1,10.7,Mortgage,Home Improvement,1
CUST_06907,38,39148.56,10,574,0.196,10444.09,36,3,1,2.8,Mortgage,Medical,1
CUST_06908,54,31751.31,29,583,0.053,86322.39,24,3,2,0.5,Rent,Medical,1
CUST_06909,45,29620.12,12,686,0.012,94019.57,60,1,2,9.0,Rent,Home Improvement,1
CUST_06910,65,70524.54,24,696,0.152,13836.92,36,1,0,9.5,Mortgage,Home Improvement,0
CUST_06911,26,47034.7,24,651,0.087,43961.39,60,0,1,5.8,Own,Debt Consolidation,0
CUST_06912,41,34225.98,16,702,0.13,48386.18,12,1,2,8.4,Own,Debt Consolidation,0
CUST_06913,26,34357.33,11,590,0.081,106171.82,60,0,2,6.9,Mortgage,Medical,0
CUST_06914,52,39600.2,10,656,0.379,82955.4,24,1,1,7.5,Rent,Medical,1
CUST_06915,61,48057.68,9,635,0.12,16911.0,48,2,1,11.8,Own,Debt Consolidation,0
CUST_06916,68,68951.42,16,674,0.496,27728.35,36,5,1,9.0,Rent,Vehicle,1
CUST_06917,63,29556.05,15,659,0.269,17915.63,60,1,1,0.5,Rent,Education,0
CUST_06918,59,22087.99,19,839,0.328,24959.86,60,1,2,9.6,Mortgage,Debt Consolidation,0
CUST_06919,51,27500.13,4,613,0.331,16126.7,72,1,4,11.2,Rent,Medical,0
CUST_06920,62,23440.11,31,680,0.126,10933.17,12,5,1,6.4,Own,Medical,0
CUST_06921,30,16932.6,26,850,0.698,174826.26,60,2,2,17.1,Rent,Debt Consolidation,1
CUST_06922,50,73519.04,3,723,0.154,10629.29,36,3,0,8.4,Mortgage,Education,0
CUST_06923,38,55675.37,6,677,0.196,56531.13,60,3,1,0.5,Rent,Education,0
CUST_06924,44,15000.0,13,737,0.563,17000.32,60,1,1,7.2,Rent,Vehicle,0
CUST_06925,29,40496.61,23,724,0.238,9963.01,36,1,3,1.2,Mortgage,Other,0
CUST_06926,51,30080.51,17,603,0.275,18426.78,36,0,1,9.3,Mortgage,Education,1
CUST_06927,35,28340.46,0,572,0.227,74593.86,36,1,1,11.0,Rent,Other,1
CUST_06928,24,15000.0,16,687,0.638,63318.34,36,1,0,9.5,Mortgage,Home Improvement,0
CUST_06929,60,35860.02,25,646,0.376,106526.05,84,1,1,5.0,Own,Home Improvement,0
CUST_06930,29,37739.6,21,839,0.406,42429.55,36,3,2,9.8,Own,Debt Consolidation,0
CUST_06931,65,20161.95,17,758,0.591,10854.1,12,1,1,12.0,Rent,Debt Consolidation,1
CUST_06932,29,81746.08,27,758,0.227,26628.36,36,0,1,4.4,Mortgage,Other,0
CUST_06933,46,53942.53,20,514,0.26,52804.81,12,4,1,10.6,Rent,Debt Consolidation,1
CUST_06934,24,21307.87,32,639,0.171,35829.38,84,5,2,4.9,Mortgage,Home Improvement,0
CUST_06935,37,60568.19,29,679,0.086,21291.21,60,1,0,10.9,Mortgage,Vehicle,0
CUST_06936,36,28773.87,7,629,0.383,18845.17,48,1,1,6.9,Rent,Vehicle,0
CUST_06937,35,61546.86,29,636,0.073,44639.12,24,0,0,11.8,Own,Debt Consolidation,0
CUST_06938,55,17651.06,8,662,0.145,52651.99,36,1,2,0.5,Mortgage,Medical,0
CUST_06939,25,39538.53,32,689,0.182,41553.73,60,0,1,6.0,Rent,Debt Consolidation,0
CUST_06940,25,19768.89,28,850,0.159,78360.4,72,1,2,15.8,Mortgage,Vehicle,0
CUST_06941,40,23892.35,30,633,0.717,9354.19,60,1,2,8.7,Rent,Other,0
CUST_06942,35,15000.0,2,739,0.305,29111.35,60,3,2,2.3,Own,Education,0
CUST_06943,38,19589.95,10,782,0.382,34406.35,48,1,1,2.7,Rent,Debt Consolidation,0
CUST_06944,67,19532.83,4,610,0.246,54475.69,48,1,1,7.4,Own,Debt Consolidation,1
CUST_06945,22,18348.9,30,821,0.291,96288.39,36,0,1,12.7,Mortgage,Debt Consolidation,0
CUST_06946,49,39907.01,19,696,0.133,54552.99,24,0,2,13.3,Rent,Other,0
CUST_06947,33,15016.5,3,505,0.201,42437.99,60,0,1,4.0,Own,Home Improvement,0
CUST_06948,24,42167.5,7,766,0.44,27574.62,60,3,0,11.1,Mortgage,Home Improvement,0
CUST_06949,62,60050.76,34,567,0.21,58942.69,12,0,1,14.6,Mortgage,Debt Consolidation,0
CUST_06950,65,23282.85,12,782,0.568,38673.37,48,3,0,4.8,Rent,Debt Consolidation,1
CUST_06951,30,34805.35,4,748,0.564,26843.37,36,0,0,5.4,Own,Vehicle,0
CUST_06952,51,30704.91,18,607,0.136,72812.11,60,1,1,5.4,Rent,Debt Consolidation,0
CUST_06953,61,29561.94,17,653,0.432,30161.65,36,3,3,17.1,Mortgage,Other,0
CUST_06954,28,15000.0,32,728,0.313,42017.88,48,3,1,3.2,Rent,Other,0
CUST_06955,23,20673.24,3,641,0.334,19747.49,60,0,3,8.2,Mortgage,Medical,1
CUST_06956,68,75411.35,17,802,0.16,48424.87,36,0,2,9.3,Mortgage,Education,0
CUST_06957,66,42698.62,23,744,0.371,45604.94,60,1,1,6.4,Rent,Home Improvement,0
CUST_06958,29,32186.82,28,575,0.211,22903.28,72,0,0,9.5,Mortgage,Vehicle,0
CUST_06959,50,15000.0,30,668,0.641,64354.34,60,1,3,9.0,Own,Vehicle,0
CUST_06960,31,48853.64,27,716,0.178,50997.63,36,0,2,11.0,Rent,Debt Consolidation,0
CUST_06961,55,23021.26,8,625,0.104,30927.21,36,2,0,10.6,Own,Home Improvement,1
CUST_06962,57,19560.47,25,756,0.621,29058.37,36,3,1,15.5,Rent,Education,1
CUST_06963,62,20565.87,1,723,0.399,38584.06,48,1,1,3.4,Mortgage,Other,0
CUST_06964,33,46878.93,5,730,0.254,103123.87,24,1,5,4.8,Mortgage,Debt Consolidation,0
CUST_06965,56,35049.59,28,658,0.814,25094.11,12,0,2,1.8,Mortgage,Debt Consolidation,1
CUST_06966,33,55954.75,25,609,0.235,22547.0,36,3,2,7.3,Rent,Education,1
CUST_06967,32,63758.68,27,765,0.407,107464.83,60,2,3,11.3,Mortgage,Debt Consolidation,0
CUST_06968,57,25091.04,6,803,0.423,165789.46,72,0,1,7.5,Mortgage,Debt Consolidation,0
CUST_06969,30,35548.47,33,752,0.404,20237.64,60,1,0,14.7,Rent,Debt Consolidation,0
CUST_06970,29,31209.94,9,742,0.69,36997.01,36,0,1,2.3,Mortgage,Education,0
CUST_06971,27,18381.52,21,684,0.149,14537.32,48,0,0,13.4,Own,Debt Consolidation,0
CUST_06972,22,19752.6,26,630,0.204,23489.86,48,0,1,8.8,Rent,Home Improvement,0
CUST_06973,43,33453.58,21,732,0.362,30574.63,36,2,2,12.9,Mortgage,Other,0
CUST_06974,59,35293.96,18,636,0.609,36500.66,36,4,2,6.2,Mortgage,Vehicle,0
CUST_06975,60,35332.5,8,750,0.256,13329.9,36,2,1,7.7,Own,Medical,0
CUST_06976,59,35360.21,18,699,0.15,32674.52,36,0,2,0.5,Mortgage,Debt Consolidation,1
CUST_06977,41,24149.11,1,577,0.204,43161.0,48,1,1,9.0,Rent,Vehicle,1
CUST_06978,43,104895.41,27,684,0.105,25766.91,36,1,0,8.5,Mortgage,Debt Consolidation,0
CUST_06979,49,40778.15,21,593,0.41,74345.76,72,3,1,3.8,Own,Education,0
CUST_06980,34,27234.41,5,583,0.465,41481.79,60,3,2,0.5,Mortgage,Debt Consolidation,0
CUST_06981,46,44407.26,6,525,0.346,59501.88,60,2,2,6.5,Mortgage,Education,0
CUST_06982,25,23727.45,5,586,0.39,20402.54,48,1,0,4.1,Mortgage,Other,0
CUST_06983,51,36804.23,32,597,0.652,26790.81,48,2,4,13.2,Own,Other,0
CUST_06984,45,44371.29,13,769,0.348,21735.66,48,2,0,6.3,Mortgage,Education,0
CUST_06985,51,47832.87,0,720,0.203,43700.01,12,1,1,9.8,Rent,Home Improvement,0
CUST_06986,40,19367.31,24,820,0.669,36833.11,84,3,3,4.3,Rent,Other,0
CUST_06987,64,165139.61,5,666,0.474,15999.96,60,0,1,3.2,Rent,Home Improvement,0
CUST_06988,37,65571.8,27,589,0.443,27864.56,48,3,1,14.1,Own,Education,0
CUST_06989,65,100333.26,17,679,0.161,136245.21,36,0,1,6.9,Mortgage,Other,0
CUST_06990,22,31950.46,26,650,0.463,8282.24,12,1,2,4.9,Own,Other,1
CUST_06991,45,41084.9,1,710,0.477,17296.13,36,3,1,17.8,Rent,Debt Consolidation,1
CUST_06992,33,36983.59,20,580,0.155,75494.56,60,1,0,0.5,Own,Debt Consolidation,0
CUST_06993,59,27624.83,22,683,0.174,36523.09,84,4,3,13.5,Rent,Vehicle,0
CUST_06994,48,53040.15,1,774,0.496,78016.45,60,2,1,12.4,Rent,Vehicle,0
CUST_06995,62,23345.85,15,775,0.477,58897.66,48,0,0,3.1,Mortgage,Vehicle,0
CUST_06996,26,51489.1,3,763,0.373,121647.04,60,2,1,10.7,Own,Vehicle,1
CUST_06997,23,28309.55,33,719,0.077,9625.11,84,3,1,12.7,Own,Debt Consolidation,0
CUST_06998,55,44334.3,4,746,0.497,36850.88,36,3,1,3.8,Rent,Debt Consolidation,0
CUST_06999,38,75419.12,33,677,0.37,78380.13,48,1,1,0.5,Rent,Debt Consolidation,0
CUST_07000,31,33978.84,21,709,0.17,98886.5,48,2,2,10.4,Mortgage,Education,0
CUST_07001,40,53643.3,19,671,0.237,28500.05,36,1,1,0.5,Mortgage,Vehicle,1
CUST_07002,25,28156.91,12,642,0.111,134284.56,60,3,3,11.2,Own,Debt Consolidation,0
CUST_07003,39,20117.25,33,698,0.508,20210.87,72,5,2,8.6,Mortgage,Debt Consolidation,1
CUST_07004,42,83355.06,5,799,0.079,32490.29,72,3,0,9.5,Mortgage,Debt Consolidation,0
CUST_07005,39,52778.26,28,700,0.296,67716.31,24,1,0,0.5,Own,Debt Consolidation,0
CUST_07006,67,33954.94,32,714,0.462,49179.83,12,2,1,6.8,Mortgage,Home Improvement,0
CUST_07007,36,51441.7,0,734,0.358,39336.77,48,0,1,7.0,Rent,Education,1
CUST_07008,44,21846.64,6,703,0.133,38388.72,24,0,1,9.8,Mortgage,Home Improvement,0
CUST_07009,61,45302.6,21,665,0.095,42394.71,24,1,0,5.4,Mortgage,Debt Consolidation,0
CUST_07010,24,40477.54,31,735,0.18,200000.0,24,3,3,13.4,Mortgage,Debt Consolidation,1
CUST_07011,35,50275.45,13,629,0.262,39518.26,60,2,3,7.3,Rent,Home Improvement,1
CUST_07012,45,82525.73,23,762,0.091,44654.56,36,1,0,11.5,Rent,Debt Consolidation,0
CUST_07013,64,74916.02,18,768,0.298,55781.56,60,0,1,3.2,Mortgage,Debt Consolidation,0
CUST_07014,55,18134.66,26,677,0.341,21940.02,12,2,0,13.4,Rent,Debt Consolidation,0
CUST_07015,34,15000.0,22,634,0.437,23686.83,72,0,0,1.9,Rent,Vehicle,0
CUST_07016,69,41062.68,20,829,0.235,46002.9,84,2,1,2.1,Rent,Medical,0
CUST_07017,39,39524.22,28,631,0.156,16095.09,72,2,0,8.3,Mortgage,Medical,0
CUST_07018,58,20576.82,0,659,0.243,22737.67,36,3,1,17.0,Rent,Home Improvement,0
CUST_07019,56,22462.78,30,539,0.31,42235.08,72,2,2,6.8,Rent,Home Improvement,1
CUST_07020,27,24706.54,26,776,0.383,45999.87,36,1,4,9.3,Own,Vehicle,0
CUST_07021,50,70792.92,26,580,0.215,112898.01,60,2,2,8.2,Mortgage,Debt Consolidation,0
CUST_07022,39,28674.16,14,714,0.417,38804.9,36,2,0,18.2,Rent,Debt Consolidation,0
CUST_07023,69,17120.98,24,701,0.366,35271.29,48,3,2,11.8,Mortgage,Debt Consolidation,1
CUST_07024,45,35164.21,14,675,0.09,3365.12,72,3,1,14.0,Mortgage,Debt Consolidation,0
CUST_07025,36,36265.99,18,642,0.128,20065.61,48,1,2,13.0,Own,Medical,0
CUST_07026,67,21675.61,10,711,0.673,139465.59,72,2,0,9.6,Rent,Debt Consolidation,1
CUST_07027,60,48785.79,32,802,0.566,9843.11,36,1,2,7.8,Rent,Other,0
CUST_07028,28,64126.92,22,662,0.167,108508.62,60,0,1,1.5,Mortgage,Home Improvement,0
CUST_07029,38,30403.48,11,564,0.299,31064.17,48,0,1,5.5,Rent,Debt Consolidation,1
CUST_07030,48,17120.72,1,553,0.265,64503.81,24,0,0,3.6,Rent,Medical,0
CUST_07031,36,31670.07,20,667,0.071,37287.28,48,1,2,16.9,Mortgage,Debt Consolidation,0
CUST_07032,39,42227.91,13,648,0.127,141647.42,36,1,3,6.9,Rent,Home Improvement,0
CUST_07033,62,15000.0,33,668,0.3,9168.26,36,0,1,6.7,Mortgage,Vehicle,0
CUST_07034,37,46201.08,14,700,0.496,60432.83,48,0,0,7.4,Own,Debt Consolidation,0
CUST_07035,65,30106.64,20,646,0.065,131088.73,36,1,1,14.0,Rent,Medical,0
CUST_07036,33,37118.05,22,850,0.291,29249.95,36,0,1,10.4,Mortgage,Vehicle,0
CUST_07037,27,31419.64,20,707,0.192,54455.84,72,2,3,1.0,Mortgage,Vehicle,0
CUST_07038,47,24916.37,13,743,0.292,43301.35,60,2,2,8.9,Mortgage,Medical,0
CUST_07039,30,34355.05,20,669,0.295,24403.84,60,2,3,8.9,Rent,Debt Consolidation,0
CUST_07040,54,28156.68,11,670,0.315,24799.62,36,3,2,14.3,Own,Vehicle,0
CUST_07041,56,30369.97,4,638,0.545,42959.14,36,0,1,10.3,Mortgage,Home Improvement,1
CUST_07042,45,23383.62,1,685,0.098,12249.64,60,2,0,2.4,Rent,Education,0
CUST_07043,26,47495.37,21,573,0.151,29318.1,36,1,1,9.4,Mortgage,Home Improvement,0
CUST_07044,44,67399.93,5,568,0.298,13422.07,60,1,1,8.5,Mortgage,Home Improvement,0
CUST_07045,38,23467.25,1,637,0.401,24698.85,48,2,3,16.4,Mortgage,Debt Consolidation,1
CUST_07046,43,34255.16,28,614,0.579,129103.66,72,0,2,10.8,Rent,Debt Consolidation,1
CUST_07047,26,21002.63,6,637,0.573,17168.86,72,1,0,8.4,Rent,Debt Consolidation,0
CUST_07048,49,44091.26,15,656,0.372,26959.75,48,1,1,7.7,Mortgage,Debt Consolidation,0
CUST_07049,45,40624.29,32,660,0.092,25182.81,84,1,3,9.8,Rent,Debt Consolidation,0
CUST_07050,37,27187.67,32,737,0.465,59108.8,60,1,0,0.5,Rent,Debt Consolidation,0
CUST_07051,66,34843.63,13,734,0.275,42604.43,60,2,1,0.5,Mortgage,Vehicle,0
CUST_07052,44,55973.73,11,678,0.259,41363.88,24,1,1,5.2,Rent,Medical,0
CUST_07053,31,16257.57,5,819,0.332,79879.68,84,0,1,11.3,Mortgage,Debt Consolidation,1
CUST_07054,46,19036.02,11,647,0.366,18722.72,24,2,0,2.3,Rent,Debt Consolidation,0
CUST_07055,54,48577.58,30,738,0.343,19691.58,36,0,0,3.6,Own,Vehicle,0
CUST_07056,48,37318.29,11,715,0.245,116928.54,36,4,0,9.2,Own,Vehicle,0
CUST_07057,23,35063.52,9,665,0.139,149507.56,24,0,0,0.5,Mortgage,Home Improvement,0
CUST_07058,31,58191.41,26,671,0.215,8795.95,84,0,0,4.4,Mortgage,Debt Consolidation,0
CUST_07059,58,51648.53,6,649,0.557,68542.37,36,0,0,11.1,Rent,Home Improvement,1
CUST_07060,34,85609.54,32,733,0.24,21959.92,12,3,1,14.4,Mortgage,Debt Consolidation,0
CUST_07061,46,56810.04,26,767,0.211,113281.63,24,4,2,12.0,Rent,Debt Consolidation,0
CUST_07062,68,47233.69,7,683,0.471,38386.47,36,2,2,1.9,Rent,Debt Consolidation,0
CUST_07063,41,35348.8,4,549,0.403,7784.5,12,3,1,7.9,Mortgage,Debt Consolidation,1
CUST_07064,59,33789.94,7,718,0.57,45266.62,24,1,1,14.4,Mortgage,Home Improvement,0
CUST_07065,50,36256.72,20,667,0.148,55374.98,12,2,1,6.8,Mortgage,Other,0
CUST_07066,28,40598.64,23,606,0.21,40268.62,36,0,0,12.4,Rent,Debt Consolidation,1
CUST_07067,40,19863.41,6,685,0.253,93238.09,48,2,2,1.1,Own,Debt Consolidation,0
CUST_07068,68,41431.51,18,656,0.292,79769.74,84,3,2,5.4,Mortgage,Vehicle,0
CUST_07069,52,32155.43,30,603,0.148,39972.27,60,1,0,5.2,Rent,Education,0
CUST_07070,42,43413.49,26,665,0.164,8749.91,48,1,1,14.3,Rent,Other,0
CUST_07071,27,27205.17,28,779,0.055,42865.4,84,2,1,12.3,Mortgage,Vehicle,0
CUST_07072,29,26115.58,22,690,0.01,31505.66,60,2,1,8.6,Rent,Education,0
CUST_07073,65,40755.95,19,682,0.505,34286.7,36,1,0,13.1,Rent,Home Improvement,0
CUST_07074,21,46103.09,5,711,0.157,24213.55,60,6,1,12.5,Own,Other,0
CUST_07075,49,26850.32,11,696,0.363,11058.91,48,0,1,6.8,Mortgage,Debt Consolidation,0
CUST_07076,28,70235.11,11,660,0.601,17243.84,12,2,2,6.7,Mortgage,Vehicle,1
CUST_07077,24,69994.69,2,694,0.855,71402.15,60,1,0,3.7,Rent,Vehicle,1
CUST_07078,55,16462.44,34,686,0.286,76661.81,60,4,0,8.3,Rent,Vehicle,0
CUST_07079,23,24624.24,18,530,0.288,116995.16,84,0,1,14.7,Own,Vehicle,1
CUST_07080,65,38488.08,3,717,0.361,30849.47,24,2,1,0.5,Mortgage,Home Improvement,1
CUST_07081,60,43712.34,30,683,0.16,35676.49,36,0,0,13.5,Own,Vehicle,0
CUST_07082,27,105468.75,32,718,0.458,19039.89,60,4,0,0.5,Own,Education,0
CUST_07083,47,38966.09,5,679,0.092,42060.1,60,1,0,6.4,Own,Other,0
CUST_07084,21,34262.14,7,655,0.379,34694.62,48,1,0,14.4,Mortgage,Debt Consolidation,0
CUST_07085,47,20557.53,27,613,0.112,13717.68,36,0,0,9.6,Own,Debt Consolidation,0
CUST_07086,36,16437.22,14,691,0.354,50765.21,36,3,2,0.5,Mortgage,Other,1
CUST_07087,58,33967.65,30,691,0.134,10793.52,84,4,1,1.9,Own,Debt Consolidation,0
CUST_07088,27,101589.21,7,774,0.333,16130.82,24,1,1,8.8,Own,Debt Consolidation,0
CUST_07089,64,32666.84,5,646,0.392,45067.54,60,3,1,5.6,Own,Education,0
CUST_07090,43,24677.18,28,755,0.246,18351.62,12,0,1,10.2,Rent,Debt Consolidation,1
CUST_07091,61,45525.81,33,736,0.336,24067.87,24,0,4,7.2,Own,Vehicle,0
CUST_07092,31,15000.0,6,626,0.345,34670.46,72,3,1,6.3,Rent,Debt Consolidation,1
CUST_07093,62,37784.16,9,583,0.068,63023.73,36,2,1,11.5,Rent,Debt Consolidation,0
CUST_07094,53,54840.77,12,751,0.346,91979.79,84,0,1,11.5,Mortgage,Medical,1
CUST_07095,56,22611.65,21,712,0.251,20607.62,60,1,1,13.7,Mortgage,Debt Consolidation,1
CUST_07096,57,72000.97,20,737,0.29,67198.39,36,1,1,4.1,Rent,Education,0
CUST_07097,61,50505.69,0,690,0.054,28114.29,48,3,0,12.8,Mortgage,Education,0
CUST_07098,37,72327.57,1,608,0.084,29807.45,36,1,1,8.7,Mortgage,Home Improvement,0
CUST_07099,55,18248.6,28,693,0.506,39186.1,60,6,3,11.6,Own,Education,1
CUST_07100,68,33178.25,10,726,0.565,88787.63,12,3,0,21.7,Rent,Medical,0
CUST_07101,25,57587.64,6,524,0.241,42871.62,36,1,0,6.3,Own,Vehicle,0
CUST_07102,68,17172.6,34,714,0.24,32654.5,72,3,1,4.5,Own,Vehicle,0
CUST_07103,52,58310.41,29,738,0.25,46051.75,84,1,0,20.7,Mortgage,Education,0
CUST_07104,23,33192.41,15,745,0.477,47890.23,48,0,0,0.5,Mortgage,Vehicle,0
CUST_07105,67,58093.81,14,712,0.244,10274.5,60,2,2,14.8,Own,Home Improvement,0
CUST_07106,55,40486.95,19,651,0.221,52301.33,60,0,1,10.1,Rent,Vehicle,1
CUST_07107,34,73527.39,27,675,0.478,47459.03,60,3,1,9.0,Rent,Debt Consolidation,0
CUST_07108,68,19035.2,2,577,0.106,61528.34,60,0,0,5.8,Rent,Home Improvement,0
CUST_07109,51,42810.35,28,754,0.135,31705.94,72,1,0,15.1,Mortgage,Home Improvement,0
CUST_07110,51,17055.32,8,735,0.158,39576.13,24,0,0,8.1,Rent,Debt Consolidation,0
CUST_07111,37,44791.3,26,657,0.152,33576.85,36,3,4,0.5,Rent,Education,0
CUST_07112,44,42783.59,31,722,0.451,38664.63,60,3,1,8.0,Rent,Debt Consolidation,0
CUST_07113,43,31491.07,30,723,0.283,47740.17,36,4,2,7.6,Own,Debt Consolidation,0
CUST_07114,38,24541.02,25,603,0.471,61494.68,48,2,1,5.3,Rent,Medical,0
CUST_07115,34,30863.11,2,822,0.321,52143.19,60,3,1,4.1,Mortgage,Debt Consolidation,0
CUST_07116,35,38132.66,10,621,0.525,42291.35,36,3,3,8.2,Mortgage,Debt Consolidation,0
CUST_07117,35,41860.31,28,532,0.343,14109.28,60,1,2,9.1,Mortgage,Debt Consolidation,0
CUST_07118,26,95430.93,26,708,0.258,32072.75,12,2,1,8.4,Rent,Other,0
CUST_07119,47,56202.03,9,704,0.162,52982.94,12,1,0,1.1,Own,Debt Consolidation,1
CUST_07120,35,27080.02,34,652,0.3,11186.7,60,1,2,12.2,Own,Other,0
CUST_07121,56,48517.89,22,695,0.22,200000.0,60,4,1,13.5,Own,Home Improvement,0
CUST_07122,28,56424.55,5,625,0.345,29598.26,60,1,0,0.5,Own,Education,0
CUST_07123,35,26160.78,10,561,0.062,18549.59,12,1,2,2.3,Rent,Vehicle,0
CUST_07124,23,51589.74,26,748,0.333,26268.21,24,1,1,13.7,Own,Education,0
CUST_07125,67,17268.39,30,701,0.115,22065.18,36,1,1,10.3,Mortgage,Home Improvement,1
CUST_07126,33,25688.6,29,654,0.234,85260.88,24,1,1,3.8,Rent,Debt Consolidation,0
CUST_07127,61,17816.58,2,802,0.371,79017.36,36,1,0,9.1,Rent,Home Improvement,0
CUST_07128,54,32678.46,12,659,0.145,110599.96,60,2,0,10.9,Mortgage,Debt Consolidation,1
CUST_07129,44,28657.69,20,721,0.186,24210.99,60,1,2,15.5,Mortgage,Home Improvement,0
CUST_07130,60,29777.91,10,611,0.212,67080.03,24,1,3,5.5,Own,Debt Consolidation,0
CUST_07131,52,54597.21,2,526,0.238,32358.82,24,0,1,8.3,Rent,Home Improvement,1
CUST_07132,52,37998.09,30,723,0.331,68545.65,12,1,4,0.5,Own,Vehicle,1
CUST_07133,50,54185.12,23,721,0.45,11644.98,72,2,0,4.0,Own,Debt Consolidation,0
CUST_07134,69,81893.52,11,814,0.047,36323.78,60,2,2,10.7,Own,Education,0
CUST_07135,33,103500.63,26,601,0.44,18598.33,60,1,3,16.8,Own,Debt Consolidation,0
CUST_07136,21,33863.67,20,563,0.849,13656.38,12,1,3,12.4,Mortgage,Vehicle,0
CUST_07137,54,47447.19,24,637,0.377,22270.12,60,1,3,3.3,Rent,Home Improvement,0
CUST_07138,35,33611.4,29,719,0.529,16265.96,60,1,3,8.6,Own,Debt Consolidation,0
CUST_07139,64,60300.74,29,527,0.427,16173.07,24,2,3,13.0,Mortgage,Home Improvement,1
CUST_07140,34,54712.37,9,686,0.424,85502.75,60,1,3,4.7,Mortgage,Education,1
CUST_07141,49,26101.04,2,648,0.466,34907.92,24,1,1,11.7,Mortgage,Debt Consolidation,0
CUST_07142,54,28094.1,12,652,0.071,13019.15,48,2,1,4.2,Rent,Debt Consolidation,0
CUST_07143,38,72622.0,26,619,0.403,34709.45,60,0,1,6.0,Own,Education,1
CUST_07144,27,27595.69,17,758,0.327,31589.3,24,3,1,5.9,Rent,Vehicle,0
CUST_07145,49,34341.24,23,568,0.729,24358.88,48,0,1,6.8,Rent,Medical,0
CUST_07146,51,50895.02,13,746,0.483,44314.06,60,5,1,13.6,Rent,Debt Consolidation,0
CUST_07147,45,33430.11,3,714,0.142,29638.09,24,2,2,0.5,Rent,Home Improvement,1
CUST_07148,58,78196.69,15,647,0.257,21901.93,72,1,0,13.7,Rent,Debt Consolidation,1
CUST_07149,34,60873.49,9,788,0.168,31597.04,36,3,3,12.4,Rent,Other,0
CUST_07150,28,23339.8,26,548,0.159,72474.06,36,1,0,12.1,Own,Vehicle,0
CUST_07151,47,27098.85,0,750,0.622,85888.74,24,1,2,8.8,Mortgage,Debt Consolidation,0
CUST_07152,22,48716.88,4,603,0.59,53486.28,84,2,0,5.0,Mortgage,Medical,1
CUST_07153,37,35383.05,12,648,0.203,64663.98,60,2,3,3.6,Rent,Vehicle,0
CUST_07154,57,15000.0,2,702,0.121,69438.89,60,0,1,4.1,Own,Debt Consolidation,1
CUST_07155,34,22349.49,16,753,0.137,79035.92,60,2,2,0.8,Mortgage,Education,0
CUST_07156,45,40824.91,18,613,0.35,149275.52,48,1,1,15.4,Mortgage,Vehicle,0
CUST_07157,50,56685.54,4,720,0.078,16714.21,36,2,2,7.2,Mortgage,Other,0
CUST_07158,49,57092.24,23,649,0.258,60494.92,48,0,0,5.3,Mortgage,Debt Consolidation,0
CUST_07159,40,96898.42,32,620,0.304,176085.3,36,4,1,10.9,Rent,Debt Consolidation,0
CUST_07160,41,25700.6,20,565,0.525,12278.23,60,2,2,7.5,Rent,Medical,1
CUST_07161,42,26322.59,2,653,0.331,111367.66,48,0,0,2.7,Own,Debt Consolidation,0
CUST_07162,55,35858.5,3,590,0.079,16874.89,24,0,0,9.5,Mortgage,Home Improvement,1
CUST_07163,57,15709.38,31,594,0.625,59906.92,60,0,1,17.5,Rent,Vehicle,0
CUST_07164,36,36259.71,23,646,0.34,38679.51,24,1,3,14.6,Mortgage,Other,0
CUST_07165,69,32933.56,34,663,0.659,38695.89,36,1,2,13.2,Rent,Home Improvement,0
CUST_07166,63,53952.48,17,642,0.337,2685.71,36,0,2,6.4,Rent,Education,1
CUST_07167,37,58733.19,2,685,0.567,7086.43,48,1,2,11.1,Mortgage,Education,1
CUST_07168,36,43418.32,25,798,0.369,25177.24,60,2,1,5.8,Own,Debt Consolidation,1
CUST_07169,22,36367.73,23,633,0.123,33476.34,36,3,3,1.9,Mortgage,Home Improvement,0
CUST_07170,24,43564.93,0,617,0.175,49457.7,36,0,1,12.0,Mortgage,Debt Consolidation,0
CUST_07171,41,24430.46,33,614,0.618,21726.43,60,1,1,0.5,Mortgage,Education,0
CUST_07172,59,34844.88,11,485,0.757,30171.3,60,1,1,7.2,Own,Medical,1
CUST_07173,54,36621.22,16,636,0.228,17104.95,84,1,2,9.0,Mortgage,Debt Consolidation,0
CUST_07174,50,34977.4,20,805,0.39,15658.79,60,0,1,18.6,Rent,Home Improvement,0
CUST_07175,26,33339.13,20,685,0.055,23453.78,60,2,1,11.8,Mortgage,Debt Consolidation,0
CUST_07176,37,26618.6,2,652,0.288,7739.26,48,3,1,3.2,Rent,Medical,0
CUST_07177,59,21746.3,27,717,0.61,50292.29,36,2,1,17.4,Rent,Debt Consolidation,0
CUST_07178,45,32776.1,24,650,0.163,58745.93,84,1,3,3.2,Mortgage,Home Improvement,0
CUST_07179,25,48882.5,5,767,0.421,89163.97,60,6,1,6.0,Mortgage,Debt Consolidation,1
CUST_07180,25,15234.19,29,671,0.516,200000.0,48,2,1,4.2,Mortgage,Education,0
CUST_07181,40,28321.01,31,778,0.361,22548.85,48,3,0,4.0,Mortgage,Home Improvement,0
CUST_07182,36,102185.8,21,698,0.072,98610.29,84,2,0,4.4,Rent,Vehicle,1
CUST_07183,61,32975.22,13,717,0.158,28492.87,48,1,0,16.5,Rent,Medical,0
CUST_07184,57,39170.33,33,669,0.398,46655.47,84,1,2,10.1,Mortgage,Education,0
CUST_07185,60,91068.24,25,748,0.258,49984.87,60,2,1,13.6,Rent,Medical,0
CUST_07186,29,42604.61,12,799,0.277,77389.82,72,1,0,14.9,Own,Vehicle,0
CUST_07187,25,43093.79,29,718,0.285,29810.77,60,0,0,6.3,Own,Debt Consolidation,0
CUST_07188,62,23038.61,18,667,0.27,8762.27,24,3,1,10.1,Mortgage,Education,0
CUST_07189,22,42463.99,2,748,0.297,28260.63,60,1,0,9.6,Own,Home Improvement,0
CUST_07190,29,36047.81,30,647,0.131,142386.37,84,0,1,3.4,Rent,Vehicle,0
CUST_07191,63,57667.94,11,779,0.459,43604.12,36,2,1,3.7,Rent,Debt Consolidation,0
CUST_07192,56,68779.53,14,644,0.426,104263.04,36,2,1,8.2,Mortgage,Debt Consolidation,0
CUST_07193,42,36870.09,13,675,0.444,101682.17,24,3,0,9.2,Own,Home Improvement,0
CUST_07194,42,43960.55,34,741,0.725,44282.22,48,1,1,9.2,Rent,Debt Consolidation,0
CUST_07195,42,15000.0,15,537,0.58,25681.12,36,2,1,8.8,Mortgage,Debt Consolidation,1
CUST_07196,54,15000.0,23,702,0.289,23307.33,60,1,2,5.7,Mortgage,Home Improvement,0
CUST_07197,49,62730.06,16,691,0.212,46366.04,36,2,2,10.4,Rent,Debt Consolidation,0
CUST_07198,58,15000.0,17,647,0.623,56182.38,60,1,3,6.3,Mortgage,Medical,0
CUST_07199,66,42773.25,16,657,0.493,100290.14,48,2,2,12.6,Own,Home Improvement,1
CUST_07200,53,33295.33,15,621,0.628,16327.5,72,3,2,1.0,Mortgage,Medical,0
CUST_07201,38,67216.65,20,613,0.436,18868.42,60,2,2,6.9,Own,Vehicle,1
CUST_07202,27,35682.38,23,651,0.236,44748.3,72,0,2,6.1,Own,Vehicle,1
CUST_07203,21,89422.43,33,610,0.303,18007.67,36,0,0,8.6,Mortgage,Education,0
CUST_07204,53,32795.64,26,716,0.08,58918.62,72,0,0,11.3,Mortgage,Debt Consolidation,0
CUST_07205,21,64419.68,16,630,0.22,39514.76,36,2,1,9.4,Mortgage,Debt Consolidation,0
CUST_07206,44,17169.36,24,736,0.104,20619.77,72,1,0,1.2,Own,Education,0
CUST_07207,24,15000.0,20,614,0.436,161189.01,72,0,1,3.0,Rent,Education,1
CUST_07208,24,35806.83,3,590,0.176,42982.08,36,2,2,12.3,Rent,Education,0
CUST_07209,38,18028.37,24,665,0.317,65321.25,60,3,1,4.2,Mortgage,Medical,0
CUST_07210,47,35243.51,29,599,0.229,65845.87,36,3,0,13.3,Rent,Debt Consolidation,1
CUST_07211,63,29537.09,32,670,0.721,99363.85,48,2,2,4.9,Own,Other,1
CUST_07212,52,49147.03,25,625,0.336,60547.28,12,1,0,10.6,Own,Medical,1
CUST_07213,53,21328.79,24,592,0.348,42353.81,60,1,1,3.4,Own,Home Improvement,0
CUST_07214,48,44906.01,15,593,0.093,27372.25,36,3,3,7.7,Rent,Education,0
CUST_07215,62,55936.63,23,762,0.509,74198.9,60,0,1,0.7,Rent,Education,0
CUST_07216,61,32766.03,4,729,0.074,103020.83,60,1,1,11.3,Mortgage,Other,0
CUST_07217,56,46125.24,12,588,0.275,107512.71,84,2,3,3.4,Mortgage,Medical,0
CUST_07218,26,22263.76,29,624,0.286,116844.25,36,2,1,15.8,Rent,Vehicle,0
CUST_07219,36,29991.59,6,784,0.553,43533.54,36,4,0,7.0,Mortgage,Vehicle,1
CUST_07220,54,18563.73,16,678,0.269,26915.61,36,0,1,8.1,Mortgage,Home Improvement,0
CUST_07221,43,116936.49,26,656,0.28,26435.55,60,2,1,13.9,Mortgage,Vehicle,0
CUST_07222,62,67130.71,34,688,0.265,34554.35,36,3,0,13.4,Mortgage,Medical,1
CUST_07223,44,83287.99,4,698,0.433,92718.87,36,2,0,11.9,Mortgage,Debt Consolidation,0
CUST_07224,69,66650.61,4,679,0.19,144382.56,60,0,3,12.6,Rent,Education,0
CUST_07225,33,26066.87,23,624,0.313,76794.71,36,1,0,15.4,Own,Debt Consolidation,0
CUST_07226,38,16860.68,6,541,0.31,17546.64,60,1,3,10.0,Mortgage,Debt Consolidation,1
CUST_07227,33,29376.89,6,679,0.436,17500.8,60,0,1,11.9,Rent,Home Improvement,1
CUST_07228,69,46057.85,13,551,0.047,43017.26,24,1,3,7.5,Own,Debt Consolidation,0
CUST_07229,57,31409.75,14,646,0.505,14754.7,72,3,0,6.0,Rent,Other,0
CUST_07230,63,15000.0,4,634,0.275,26858.96,84,1,1,14.4,Own,Home Improvement,1
CUST_07231,59,52761.52,3,629,0.121,25857.96,60,4,3,8.3,Own,Vehicle,0
CUST_07232,62,16332.22,29,710,0.129,37864.0,60,0,0,11.8,Own,Education,0
CUST_07233,37,29402.35,19,665,0.162,69385.87,72,0,1,6.9,Mortgage,Education,0
CUST_07234,35,86846.04,25,713,0.357,18362.76,60,1,2,0.5,Own,Debt Consolidation,0
CUST_07235,38,37217.46,8,554,0.251,45343.67,60,3,0,11.1,Mortgage,Home Improvement,0
CUST_07236,43,62213.64,29,733,0.17,33696.46,24,2,3,8.4,Rent,Home Improvement,0
CUST_07237,50,43191.97,21,744,0.278,34380.25,48,1,1,12.4,Rent,Vehicle,0
CUST_07238,54,21928.64,29,676,0.175,54780.4,60,3,1,5.3,Mortgage,Debt Consolidation,0
CUST_07239,24,52295.12,19,816,0.356,28390.99,36,2,1,5.9,Rent,Vehicle,0
CUST_07240,23,35185.43,27,727,0.339,45664.49,60,3,4,8.0,Mortgage,Medical,0
CUST_07241,27,17276.19,6,678,0.296,60650.23,36,2,0,6.8,Own,Debt Consolidation,0
CUST_07242,38,15885.61,3,780,0.211,31341.67,72,1,0,2.6,Mortgage,Education,1
CUST_07243,62,43986.35,27,686,0.345,43436.27,36,1,0,2.1,Rent,Home Improvement,0
CUST_07244,27,105944.7,34,615,0.27,48970.59,12,0,1,1.7,Rent,Home Improvement,0
CUST_07245,60,21202.47,32,737,0.542,24431.18,60,1,1,15.2,Rent,Home Improvement,1
CUST_07246,26,22505.48,6,786,0.725,26179.86,12,3,0,4.5,Mortgage,Debt Consolidation,1
CUST_07247,42,44307.01,8,573,0.169,12459.82,36,1,1,0.5,Own,Vehicle,0
CUST_07248,21,18826.79,33,648,0.462,20894.11,48,0,0,18.8,Own,Other,1
CUST_07249,24,117833.09,33,644,0.119,14817.55,60,2,1,17.2,Mortgage,Vehicle,1
CUST_07250,66,23556.68,12,591,0.339,38274.49,36,0,1,16.5,Rent,Home Improvement,1
CUST_07251,69,28297.5,28,660,0.45,62491.96,36,4,2,8.6,Mortgage,Debt Consolidation,0
CUST_07252,63,24287.8,34,625,0.124,57165.46,24,1,3,12.8,Rent,Medical,1
CUST_07253,49,57952.58,9,709,0.384,70211.35,60,0,0,7.9,Mortgage,Home Improvement,0
CUST_07254,41,107057.87,29,715,0.072,34986.73,48,5,0,8.8,Rent,Home Improvement,0
CUST_07255,46,25549.62,25,690,0.187,36721.05,12,0,2,4.6,Own,Home Improvement,0
CUST_07256,34,56010.18,34,695,0.435,92019.6,60,2,3,6.7,Rent,Vehicle,0
CUST_07257,29,18902.45,27,785,0.374,13637.69,48,0,4,8.8,Rent,Medical,0
CUST_07258,67,58667.25,28,821,0.197,11789.22,36,4,0,16.0,Own,Debt Consolidation,0
CUST_07259,32,87481.3,5,723,0.315,34674.91,60,0,2,2.8,Mortgage,Education,1
CUST_07260,62,75070.14,2,645,0.309,58671.85,60,0,0,9.7,Rent,Other,1
CUST_07261,26,38809.18,28,700,0.357,17625.71,60,1,2,9.4,Rent,Home Improvement,0
CUST_07262,40,21668.03,1,682,0.2,38229.64,24,2,1,10.8,Own,Debt Consolidation,0
CUST_07263,44,36329.51,21,728,0.166,30203.51,72,1,1,0.5,Rent,Home Improvement,0
CUST_07264,47,31087.32,26,618,0.284,18156.53,12,0,2,0.5,Mortgage,Vehicle,0
CUST_07265,58,29046.53,21,732,0.411,39268.73,36,2,2,3.7,Mortgage,Debt Consolidation,0
CUST_07266,28,40266.49,9,686,0.321,10995.63,36,1,0,11.0,Rent,Home Improvement,0
CUST_07267,21,35127.05,18,674,0.527,50748.52,36,1,4,11.5,Mortgage,Debt Consolidation,0
CUST_07268,69,51736.66,23,677,0.144,66325.42,36,1,1,6.9,Mortgage,Education,0
CUST_07269,69,51905.1,26,774,0.159,23475.95,72,2,1,5.6,Rent,Other,0
CUST_07270,44,35192.94,16,850,0.378,65214.35,60,1,1,5.2,Rent,Home Improvement,0
CUST_07271,67,45077.06,9,688,0.357,53016.6,36,2,0,9.7,Mortgage,Education,0
CUST_07272,27,70311.64,16,629,0.306,18621.75,84,6,0,9.4,Mortgage,Home Improvement,0
CUST_07273,39,27839.18,9,679,0.209,31913.15,36,0,3,1.2,Rent,Vehicle,0
CUST_07274,42,36605.23,9,702,0.126,52133.73,36,3,0,0.5,Own,Debt Consolidation,1
CUST_07275,55,21716.39,16,691,0.332,47074.88,72,1,5,7.6,Mortgage,Vehicle,1
CUST_07276,50,46162.92,25,692,0.27,13682.81,60,2,2,4.9,Mortgage,Debt Consolidation,0
CUST_07277,49,40104.9,25,668,0.454,49360.85,60,0,1,13.6,Own,Medical,0
CUST_07278,42,45726.57,33,774,0.329,16513.84,60,0,0,7.6,Mortgage,Debt Consolidation,0
CUST_07279,31,22149.5,3,661,0.456,11767.27,60,4,3,14.2,Mortgage,Vehicle,1
CUST_07280,40,53251.58,26,736,0.635,48652.44,60,1,3,8.9,Rent,Home Improvement,0
CUST_07281,49,38216.07,20,574,0.173,32508.33,12,2,2,13.5,Mortgage,Vehicle,0
CUST_07282,61,60763.76,30,640,0.586,39385.12,60,0,1,20.6,Rent,Home Improvement,0
CUST_07283,62,29176.91,6,701,0.33,88148.4,60,1,2,13.7,Mortgage,Vehicle,0
CUST_07284,54,51082.91,33,678,0.133,30918.87,12,2,0,8.7,Mortgage,Debt Consolidation,0
CUST_07285,21,45365.89,17,765,0.138,20680.49,60,1,1,9.1,Mortgage,Other,0
CUST_07286,51,77833.36,23,699,0.293,13194.11,36,1,0,3.4,Mortgage,Vehicle,0
CUST_07287,50,34263.81,12,773,0.524,72808.24,60,2,0,11.4,Rent,Vehicle,0
CUST_07288,68,27517.07,12,714,0.354,45479.79,36,1,3,8.8,Mortgage,Debt Consolidation,0
CUST_07289,38,28370.55,24,623,0.297,44362.15,24,0,0,10.8,Mortgage,Debt Consolidation,0
CUST_07290,37,20865.24,4,667,0.092,56721.08,36,1,1,13.5,Own,Other,0
CUST_07291,58,28239.14,28,671,0.23,97926.83,72,1,0,5.7,Mortgage,Education,0
CUST_07292,34,15000.0,32,769,0.32,19466.81,48,2,1,9.5,Rent,Vehicle,0
CUST_07293,43,71997.25,23,663,0.353,18763.19,72,1,2,6.2,Own,Vehicle,0
CUST_07294,45,95513.6,9,670,0.463,32067.56,48,0,2,7.2,Rent,Debt Consolidation,0
CUST_07295,35,33732.17,24,652,0.066,18662.26,72,0,2,6.9,Rent,Education,0
CUST_07296,66,45208.97,9,689,0.467,40991.29,60,0,5,4.3,Rent,Other,0
CUST_07297,42,39419.05,15,726,0.405,27195.27,36,3,0,8.6,Rent,Debt Consolidation,0
CUST_07298,23,18834.97,27,729,0.353,51181.89,36,1,3,1.1,Rent,Home Improvement,0
CUST_07299,39,60665.46,11,658,0.158,28876.0,36,1,0,18.4,Mortgage,Debt Consolidation,0
CUST_07300,64,65363.89,31,540,0.651,44275.65,36,1,2,0.5,Rent,Vehicle,0
CUST_07301,54,21579.7,28,699,0.256,23907.93,84,0,1,7.0,Own,Debt Consolidation,0
CUST_07302,55,42827.89,26,687,0.257,47858.89,36,3,1,18.6,Rent,Vehicle,0
CUST_07303,21,31844.48,25,691,0.35,59949.66,60,3,2,13.2,Rent,Vehicle,0
CUST_07304,41,65838.56,2,680,0.296,31192.34,84,1,2,13.9,Own,Debt Consolidation,0
CUST_07305,49,34841.42,25,701,0.458,52999.23,48,3,0,7.8,Own,Medical,1
CUST_07306,26,35316.43,0,539,0.169,28010.28,36,3,1,7.0,Rent,Debt Consolidation,1
CUST_07307,57,90259.07,34,690,0.279,19345.74,60,6,0,8.7,Mortgage,Debt Consolidation,0
CUST_07308,21,19097.11,26,610,0.45,55009.03,60,2,1,3.5,Own,Debt Consolidation,1
CUST_07309,21,41110.76,3,763,0.338,39718.37,60,3,1,1.2,Mortgage,Debt Consolidation,0
CUST_07310,47,37961.41,18,689,0.34,74971.93,36,0,0,8.1,Mortgage,Debt Consolidation,0
CUST_07311,41,26854.61,21,629,0.269,16326.44,36,2,2,1.1,Own,Vehicle,0
CUST_07312,36,100700.97,5,597,0.184,29789.8,60,4,1,8.0,Mortgage,Debt Consolidation,0
CUST_07313,64,42970.72,8,620,0.159,25817.31,60,1,1,1.1,Mortgage,Medical,0
CUST_07314,60,50811.94,10,635,0.361,34395.39,60,0,0,13.6,Rent,Education,0
CUST_07315,46,54573.41,21,683,0.65,15294.45,24,0,1,0.5,Own,Vehicle,0
CUST_07316,36,30932.81,8,596,0.034,78406.25,36,1,1,15.2,Mortgage,Home Improvement,0
CUST_07317,48,67567.48,28,697,0.274,31044.27,60,1,0,7.5,Rent,Vehicle,1
CUST_07318,21,61100.0,9,750,0.149,9320.11,60,1,0,2.6,Rent,Debt Consolidation,0
CUST_07319,56,34164.75,33,757,0.375,13033.26,48,1,2,3.0,Rent,Debt Consolidation,0
CUST_07320,30,58054.26,30,653,0.042,27285.42,36,1,2,5.3,Mortgage,Home Improvement,0
CUST_07321,63,67505.74,21,678,0.528,14571.93,24,0,1,10.1,Own,Debt Consolidation,0
CUST_07322,37,54043.66,3,634,0.173,41480.06,24,2,0,8.7,Own,Home Improvement,1
CUST_07323,43,23918.09,1,596,0.402,81195.4,24,1,3,6.8,Own,Debt Consolidation,1
CUST_07324,27,34676.68,4,642,0.27,21797.99,36,3,1,1.4,Own,Other,0
CUST_07325,64,46059.31,14,554,0.349,50977.63,60,1,0,8.7,Mortgage,Home Improvement,0
CUST_07326,27,41194.51,18,542,0.437,92027.52,60,1,3,1.9,Mortgage,Vehicle,1
CUST_07327,64,25019.57,14,701,0.155,4098.57,36,1,1,10.6,Rent,Debt Consolidation,0
CUST_07328,35,31467.74,7,698,0.541,29845.95,24,0,1,12.4,Rent,Home Improvement,0
CUST_07329,54,43301.1,19,765,0.576,23064.32,84,0,2,11.7,Rent,Home Improvement,1
CUST_07330,66,17075.38,11,780,0.145,21466.42,60,1,1,15.5,Own,Vehicle,0
CUST_07331,65,36668.2,3,693,0.396,52724.75,24,2,0,2.0,Rent,Debt Consolidation,0
CUST_07332,24,51447.77,14,614,0.375,22643.89,36,1,1,10.2,Rent,Vehicle,0
CUST_07333,34,41834.18,0,614,0.229,41561.11,48,3,1,16.6,Rent,Other,0
CUST_07334,34,23653.36,30,607,0.355,42490.16,84,4,1,17.6,Mortgage,Vehicle,1
CUST_07335,36,25828.76,8,698,0.21,25825.53,24,3,1,10.8,Mortgage,Other,0
CUST_07336,27,76381.64,22,627,0.036,104232.0,48,1,1,15.1,Mortgage,Other,1
CUST_07337,52,22723.99,25,582,0.106,101086.34,48,1,0,5.0,Rent,Debt Consolidation,1
CUST_07338,39,65698.67,17,709,0.404,6929.22,84,3,1,1.1,Mortgage,Medical,1
CUST_07339,22,26617.98,32,740,0.317,55320.37,36,3,1,8.6,Rent,Debt Consolidation,0
CUST_07340,30,63900.79,13,628,0.29,41312.61,48,1,2,7.8,Rent,Home Improvement,0
CUST_07341,37,47598.28,0,678,0.421,17059.85,84,2,0,7.9,Mortgage,Debt Consolidation,1
CUST_07342,57,30515.15,12,782,0.572,36927.59,60,0,2,13.3,Rent,Home Improvement,0
CUST_07343,32,15013.95,14,745,0.274,69644.69,36,4,0,5.3,Mortgage,Vehicle,1
CUST_07344,26,44324.1,4,615,0.412,27996.46,72,1,1,8.6,Rent,Other,0
CUST_07345,42,39766.56,13,789,0.158,23376.11,48,2,1,6.8,Mortgage,Home Improvement,0
CUST_07346,52,44665.49,13,730,0.511,35607.91,60,0,1,7.2,Own,Debt Consolidation,0
CUST_07347,61,47557.78,4,794,0.169,40024.89,60,1,1,0.5,Own,Debt Consolidation,0
CUST_07348,40,18824.91,10,667,0.485,37090.44,60,3,0,4.8,Own,Home Improvement,1
CUST_07349,21,44206.89,31,620,0.51,45431.1,60,4,2,9.8,Rent,Debt Consolidation,0
CUST_07350,67,52642.04,4,677,0.311,18598.97,72,2,1,17.6,Rent,Vehicle,0
CUST_07351,26,52332.42,14,581,0.078,60060.85,60,0,2,0.9,Mortgage,Home Improvement,0
CUST_07352,39,19408.6,6,738,0.655,49174.61,60,2,2,8.0,Mortgage,Home Improvement,1
CUST_07353,38,64676.25,4,641,0.213,64432.48,60,1,4,16.5,Mortgage,Vehicle,0
CUST_07354,26,44996.94,29,707,0.01,14785.4,48,1,3,2.9,Own,Home Improvement,0
CUST_07355,65,47943.28,14,831,0.269,78786.05,24,1,0,7.2,Rent,Education,0
CUST_07356,53,23205.62,29,646,0.417,50110.76,48,1,0,5.6,Own,Vehicle,1
CUST_07357,43,53026.45,13,680,0.249,16048.7,60,5,0,8.6,Rent,Vehicle,1
CUST_07358,43,15337.3,23,647,0.463,31942.32,48,2,0,7.8,Own,Vehicle,0
CUST_07359,46,23763.39,23,670,0.369,44960.6,48,1,0,3.3,Own,Debt Consolidation,0
CUST_07360,33,68411.22,34,664,0.73,104922.99,36,0,3,4.1,Rent,Home Improvement,0
CUST_07361,27,51756.08,4,750,0.498,19208.14,36,4,0,9.1,Rent,Home Improvement,0
CUST_07362,35,42013.83,11,742,0.203,200000.0,36,3,0,13.8,Own,Debt Consolidation,0
CUST_07363,64,58212.59,19,664,0.27,28295.8,24,0,1,8.8,Mortgage,Debt Consolidation,0
CUST_07364,47,60270.4,4,688,0.155,13253.93,60,0,2,11.8,Mortgage,Debt Consolidation,0
CUST_07365,46,53048.27,20,657,0.272,47719.72,60,2,0,8.5,Own,Home Improvement,0
CUST_07366,53,32574.53,2,779,0.204,24890.43,48,1,1,8.2,Mortgage,Home Improvement,0
CUST_07367,35,23411.36,28,501,0.214,9009.37,24,0,1,3.5,Rent,Other,0
CUST_07368,56,26063.56,24,625,0.412,80986.32,60,1,1,12.0,Mortgage,Home Improvement,0
CUST_07369,65,73518.61,26,710,0.233,43061.95,36,3,1,4.1,Mortgage,Vehicle,0
CUST_07370,47,19192.04,21,739,0.234,107228.7,72,2,1,1.9,Rent,Debt Consolidation,0
CUST_07371,25,46416.57,34,769,0.453,31145.05,12,2,2,8.5,Rent,Home Improvement,0
CUST_07372,22,46452.22,0,680,0.223,18103.22,12,1,1,5.6,Mortgage,Other,0
CUST_07373,53,75661.79,2,639,0.128,16138.07,60,2,1,18.7,Rent,Vehicle,0
CUST_07374,36,46387.23,23,678,0.058,14922.26,36,0,1,14.8,Own,Debt Consolidation,0
CUST_07375,43,29389.36,7,748,0.498,54181.49,60,3,1,5.9,Rent,Debt Consolidation,0
CUST_07376,58,29621.69,17,637,0.336,47417.46,36,1,1,8.7,Mortgage,Medical,1
CUST_07377,36,36210.69,2,676,0.179,18851.25,60,1,1,6.5,Mortgage,Debt Consolidation,0
CUST_07378,34,63980.56,17,659,0.271,23940.33,72,1,2,7.0,Own,Medical,0
CUST_07379,49,54353.26,15,767,0.24,93968.47,72,1,0,12.8,Mortgage,Debt Consolidation,0
CUST_07380,46,21102.45,31,599,0.223,47645.84,36,1,0,7.4,Rent,Debt Consolidation,0
CUST_07381,55,41744.85,0,503,0.221,77938.06,12,2,2,2.1,Own,Debt Consolidation,1
CUST_07382,35,54865.04,25,671,0.16,47507.98,24,0,3,8.7,Own,Debt Consolidation,0
CUST_07383,23,32254.48,11,723,0.277,61654.67,36,1,2,11.7,Mortgage,Debt Consolidation,0
CUST_07384,43,15000.0,20,644,0.396,40930.06,60,2,3,4.7,Own,Vehicle,0
CUST_07385,49,32917.62,12,551,0.483,7222.11,72,1,0,5.8,Own,Education,0
CUST_07386,54,17282.08,11,725,0.343,75551.05,36,0,1,8.2,Rent,Vehicle,0
CUST_07387,53,15966.89,12,649,0.201,30115.51,36,3,0,5.9,Rent,Vehicle,0
CUST_07388,61,61857.15,17,696,0.331,31757.7,60,2,4,1.3,Rent,Home Improvement,0
CUST_07389,61,128093.44,18,659,0.067,26285.65,36,2,1,2.6,Mortgage,Vehicle,0
CUST_07390,43,71836.12,18,525,0.34,34571.95,36,3,1,0.5,Own,Medical,0
CUST_07391,27,15000.0,5,703,0.297,20329.66,60,0,1,4.1,Mortgage,Other,0
CUST_07392,23,33306.03,6,720,0.316,119998.57,36,2,1,8.1,Own,Home Improvement,1
CUST_07393,52,27042.25,6,666,0.207,38650.84,48,0,1,17.5,Own,Medical,0
CUST_07394,51,17405.45,27,601,0.197,22562.37,60,1,3,0.8,Mortgage,Home Improvement,0
CUST_07395,38,45817.87,27,809,0.164,21718.08,24,1,1,15.3,Own,Home Improvement,0
CUST_07396,63,33110.41,18,707,0.169,27258.73,60,0,0,5.1,Rent,Other,0
CUST_07397,27,20291.46,15,584,0.517,52425.03,36,0,3,6.1,Own,Education,0
CUST_07398,61,15000.0,16,841,0.237,131529.94,60,0,1,6.0,Mortgage,Debt Consolidation,0
CUST_07399,21,26783.52,21,637,0.473,25696.99,36,2,1,0.5,Mortgage,Debt Consolidation,0
CUST_07400,34,36459.36,18,773,0.208,66100.69,60,4,3,9.8,Rent,Home Improvement,0
CUST_07401,52,34227.74,28,726,0.327,37642.47,60,0,2,13.2,Mortgage,Debt Consolidation,0
CUST_07402,26,61783.47,18,705,0.216,13046.21,84,3,1,9.1,Own,Debt Consolidation,0
CUST_07403,59,43001.57,34,777,0.517,37760.97,24,0,2,10.0,Mortgage,Medical,0
CUST_07404,30,30567.29,24,552,0.204,51071.58,36,0,0,0.5,Mortgage,Debt Consolidation,0
CUST_07405,27,24134.22,19,720,0.257,54480.05,60,0,1,12.9,Mortgage,Debt Consolidation,0
CUST_07406,46,15000.0,18,656,0.229,56299.42,60,1,0,13.8,Rent,Other,0
CUST_07407,54,21043.82,12,848,0.15,22438.61,72,3,2,2.4,Rent,Other,1
CUST_07408,50,71622.2,11,545,0.538,58438.43,24,1,1,5.8,Own,Debt Consolidation,1
CUST_07409,56,55956.87,14,702,0.054,9947.46,36,4,2,3.3,Mortgage,Medical,0
CUST_07410,41,41956.31,3,707,0.32,47123.21,24,1,0,10.3,Rent,Medical,0
CUST_07411,37,28366.53,14,638,0.308,16177.89,24,1,2,8.7,Rent,Other,1
CUST_07412,53,67542.34,16,662,0.198,77873.85,12,1,1,5.2,Mortgage,Other,0
CUST_07413,30,21904.38,26,648,0.227,46743.07,60,1,2,17.3,Mortgage,Vehicle,0
CUST_07414,67,22030.0,10,612,0.482,14234.26,36,1,1,11.1,Mortgage,Home Improvement,0
CUST_07415,62,34657.22,22,615,0.363,41637.36,36,1,1,0.5,Mortgage,Vehicle,0
CUST_07416,32,15000.0,14,669,0.233,41766.75,12,0,2,3.0,Rent,Home Improvement,0
CUST_07417,36,21595.96,30,727,0.344,30921.81,60,0,1,5.9,Rent,Education,0
CUST_07418,61,32269.75,25,634,0.632,42792.13,24,0,0,10.8,Rent,Vehicle,0
CUST_07419,52,28836.09,6,516,0.41,47075.74,48,2,3,9.0,Mortgage,Home Improvement,1
CUST_07420,35,22156.2,12,673,0.23,23370.49,36,2,2,7.3,Rent,Debt Consolidation,0
CUST_07421,47,100478.44,12,700,0.44,15747.57,36,1,2,0.5,Mortgage,Debt Consolidation,0
CUST_07422,48,71799.31,19,663,0.086,17782.71,48,1,3,7.2,Rent,Debt Consolidation,1
CUST_07423,37,85588.04,33,683,0.094,31838.33,12,0,4,8.6,Mortgage,Debt Consolidation,0
CUST_07424,66,34560.89,9,745,0.108,66151.71,36,1,1,11.9,Rent,Home Improvement,1
CUST_07425,22,28444.41,26,675,0.562,18910.4,48,1,0,12.1,Own,Debt Consolidation,0
CUST_07426,56,80888.89,33,737,0.288,23815.69,60,2,2,13.1,Mortgage,Home Improvement,0
CUST_07427,27,37896.09,15,702,0.488,52847.39,48,2,1,14.5,Mortgage,Debt Consolidation,0
CUST_07428,33,21370.25,20,614,0.085,34650.07,48,0,2,15.3,Own,Vehicle,0
CUST_07429,35,22125.47,15,758,0.109,8607.03,60,1,1,7.2,Mortgage,Education,0
CUST_07430,45,30877.6,16,586,0.223,42934.04,24,0,3,0.5,Mortgage,Home Improvement,1
CUST_07431,43,35917.85,14,534,0.35,31263.47,36,1,1,8.7,Own,Home Improvement,1
CUST_07432,42,37825.19,12,687,0.267,17400.44,84,2,2,0.5,Own,Home Improvement,0
CUST_07433,46,33130.44,32,722,0.498,20410.03,84,3,1,7.6,Rent,Vehicle,0
CUST_07434,53,116985.13,4,717,0.131,45215.57,60,3,2,0.5,Mortgage,Vehicle,0
CUST_07435,31,18461.44,26,595,0.213,59685.2,48,1,1,3.0,Rent,Vehicle,0
CUST_07436,30,50835.78,0,690,0.077,18272.34,36,0,3,0.5,Mortgage,Medical,0
CUST_07437,45,28603.19,29,564,0.374,37116.33,36,2,2,6.8,Rent,Vehicle,1
CUST_07438,57,35618.03,22,704,0.133,27430.78,60,1,1,12.2,Mortgage,Education,0
CUST_07439,68,58118.99,14,686,0.216,25327.58,60,1,1,9.9,Rent,Debt Consolidation,0
CUST_07440,63,15000.0,18,718,0.422,46034.26,60,1,0,10.4,Mortgage,Debt Consolidation,0
CUST_07441,58,22630.75,29,735,0.097,30562.8,24,1,1,8.9,Mortgage,Other,0
CUST_07442,61,33967.87,15,717,0.276,33377.59,48,2,0,3.6,Rent,Education,1
CUST_07443,65,75972.44,17,587,0.35,56869.53,60,1,3,9.3,Rent,Vehicle,0
CUST_07444,44,75772.44,25,644,0.136,23105.43,60,1,2,10.8,Mortgage,Vehicle,1
CUST_07445,60,68778.79,16,600,0.398,19966.17,84,1,2,5.7,Mortgage,Medical,1
CUST_07446,66,15000.0,10,502,0.456,104073.19,24,1,0,0.5,Rent,Debt Consolidation,1
CUST_07447,53,21485.11,28,732,0.031,76696.74,48,1,1,4.2,Own,Home Improvement,0
CUST_07448,37,21931.57,8,725,0.207,34387.86,24,2,2,8.3,Mortgage,Debt Consolidation,0
CUST_07449,44,35326.28,16,615,0.249,20248.63,60,1,0,1.2,Rent,Debt Consolidation,0
CUST_07450,57,15000.0,26,625,0.376,84188.04,60,1,0,9.3,Rent,Debt Consolidation,0
CUST_07451,22,62877.79,21,678,0.105,30619.28,24,2,1,9.7,Rent,Debt Consolidation,1
CUST_07452,52,15000.0,7,642,0.278,26970.54,48,2,2,8.0,Rent,Debt Consolidation,0
CUST_07453,44,60855.83,2,757,0.143,97045.52,84,1,1,7.2,Mortgage,Debt Consolidation,0
CUST_07454,29,56129.65,34,653,0.22,27028.39,12,1,1,11.8,Own,Medical,0
CUST_07455,24,21011.13,31,621,0.598,42734.24,36,3,1,20.3,Own,Debt Consolidation,0
CUST_07456,37,68253.04,7,710,0.224,22148.34,48,1,0,9.9,Rent,Home Improvement,0
CUST_07457,37,30742.29,26,616,0.435,25098.42,60,3,1,11.5,Mortgage,Vehicle,1
CUST_07458,68,27001.58,31,729,0.316,54934.99,60,0,0,9.0,Rent,Vehicle,0
CUST_07459,50,29415.48,33,676,0.19,46332.62,36,1,1,10.7,Own,Medical,0
CUST_07460,60,30704.32,24,744,0.272,106755.88,36,0,0,5.9,Own,Debt Consolidation,0
CUST_07461,31,32149.85,30,750,0.288,78860.64,60,2,3,10.5,Own,Other,0
CUST_07462,41,32516.84,12,589,0.306,114872.75,48,1,3,0.5,Rent,Education,0
CUST_07463,41,23268.18,14,685,0.339,115507.68,72,1,2,4.4,Own,Vehicle,0
CUST_07464,38,26131.64,12,677,0.371,24055.43,72,3,1,18.9,Mortgage,Education,1
CUST_07465,49,27287.9,32,672,0.537,18025.24,72,0,2,10.2,Rent,Vehicle,1
CUST_07466,44,83814.82,30,761,0.49,107465.77,24,2,3,5.1,Mortgage,Medical,0
CUST_07467,30,27294.04,24,679,0.244,22273.41,48,0,0,17.7,Rent,Education,0
CUST_07468,65,26431.66,22,583,0.348,37448.28,72,2,0,0.5,Own,Debt Consolidation,1
CUST_07469,37,77510.17,2,648,0.348,30125.41,84,0,2,12.0,Mortgage,Education,0
CUST_07470,38,30914.96,15,631,0.226,19607.46,48,4,1,6.8,Mortgage,Debt Consolidation,0
CUST_07471,62,23269.16,1,651,0.47,24439.91,48,1,0,4.3,Rent,Home Improvement,0
CUST_07472,68,20879.46,22,679,0.477,19824.75,36,0,1,11.8,Mortgage,Debt Consolidation,0
CUST_07473,40,17852.87,33,631,0.277,13615.74,84,0,2,4.7,Rent,Debt Consolidation,1
CUST_07474,57,47600.21,29,723,0.437,26488.26,60,1,1,12.3,Mortgage,Debt Consolidation,0
CUST_07475,65,15000.0,9,786,0.102,56580.54,24,1,0,12.9,Own,Education,0
CUST_07476,38,71194.36,0,692,0.326,120223.33,72,3,1,10.7,Rent,Debt Consolidation,0
CUST_07477,37,34694.43,21,735,0.226,41786.31,60,3,1,7.3,Mortgage,Vehicle,0
CUST_07478,29,29186.54,32,610,0.376,21872.26,36,2,1,8.4,Mortgage,Medical,0
CUST_07479,34,32397.04,24,740,0.347,62927.53,36,0,0,10.3,Mortgage,Debt Consolidation,0
CUST_07480,69,45776.6,21,776,0.22,31295.97,60,1,1,11.2,Rent,Debt Consolidation,1
CUST_07481,49,28712.29,15,766,0.025,41909.08,12,3,0,10.2,Mortgage,Vehicle,0
CUST_07482,51,32995.09,29,639,0.286,83727.27,72,1,3,23.3,Mortgage,Debt Consolidation,0
CUST_07483,24,61484.47,17,767,0.258,65622.86,60,1,1,0.5,Rent,Medical,0
CUST_07484,38,43193.82,23,803,0.172,8143.1,36,0,0,9.7,Mortgage,Home Improvement,0
CUST_07485,40,19438.66,4,641,0.178,44039.58,60,2,2,9.1,Rent,Debt Consolidation,0
CUST_07486,67,25492.15,22,729,0.326,27155.14,36,0,1,10.4,Mortgage,Home Improvement,0
CUST_07487,63,15000.0,26,640,0.316,38214.77,72,1,1,3.3,Rent,Debt Consolidation,0
CUST_07488,64,49395.93,11,585,0.177,16563.77,60,1,0,8.1,Rent,Debt Consolidation,0
CUST_07489,29,52104.15,9,665,0.153,33360.16,72,1,1,8.5,Own,Vehicle,0
CUST_07490,33,22761.31,33,641,0.275,15179.87,60,5,0,10.6,Rent,Other,0
CUST_07491,35,114969.96,32,670,0.426,60811.88,36,3,5,8.4,Mortgage,Debt Consolidation,1
CUST_07492,47,122877.48,15,499,0.071,86431.73,60,3,4,11.6,Mortgage,Education,0
CUST_07493,35,36732.04,28,707,0.239,22060.2,60,1,0,16.3,Rent,Vehicle,0
CUST_07494,48,24375.07,17,664,0.393,105771.78,84,4,1,12.1,Rent,Debt Consolidation,0
CUST_07495,57,41643.5,26,733,0.513,59662.9,60,3,0,19.2,Own,Education,0
CUST_07496,39,24088.36,6,648,0.209,57507.84,60,1,2,4.9,Own,Debt Consolidation,1
CUST_07497,46,58396.79,26,801,0.132,45772.86,48,1,0,13.4,Rent,Education,0
CUST_07498,46,39465.4,9,649,0.153,60036.25,36,6,0,12.2,Rent,Vehicle,0
CUST_07499,45,40910.29,9,688,0.188,66760.27,24,3,1,9.7,Mortgage,Vehicle,0
CUST_07500,46,87516.52,10,611,0.091,8997.72,60,1,1,4.6,Mortgage,Vehicle,0
CUST_07501,46,26648.51,29,687,0.119,51821.47,48,4,0,0.5,Mortgage,Debt Consolidation,0
CUST_07502,66,27187.28,2,699,0.523,124895.92,60,1,1,10.2,Mortgage,Home Improvement,1
CUST_07503,48,55780.81,28,640,0.361,38535.47,48,3,2,4.8,Rent,Other,0
CUST_07504,69,29407.39,13,733,0.686,65274.86,72,0,0,3.3,Rent,Vehicle,0
CUST_07505,38,80976.62,12,641,0.277,27378.76,36,0,1,0.5,Own,Vehicle,0
CUST_07506,52,59889.01,18,759,0.345,9959.86,48,0,1,4.6,Rent,Education,0
CUST_07507,23,30161.44,24,584,0.099,21145.6,60,2,2,12.3,Own,Debt Consolidation,0
CUST_07508,22,15000.0,9,675,0.407,200000.0,36,1,0,8.2,Own,Vehicle,1
CUST_07509,53,17568.77,14,850,0.57,200000.0,60,0,0,6.7,Rent,Debt Consolidation,0
CUST_07510,62,28541.57,27,512,0.151,29308.51,12,1,3,5.5,Rent,Vehicle,1
CUST_07511,39,44460.43,6,747,0.292,46576.64,36,2,1,12.0,Own,Vehicle,0
CUST_07512,37,63015.66,13,702,0.133,94824.75,36,2,1,15.3,Rent,Education,0
CUST_07513,64,32576.82,29,659,0.129,38478.11,24,1,0,0.5,Mortgage,Vehicle,0
CUST_07514,53,23284.8,11,757,0.485,57210.31,72,1,1,7.7,Rent,Debt Consolidation,0
CUST_07515,32,33847.79,27,710,0.189,140218.66,84,1,1,0.5,Mortgage,Debt Consolidation,0
CUST_07516,69,36687.25,13,659,0.117,48902.84,12,1,2,12.7,Rent,Debt Consolidation,0
CUST_07517,23,69736.05,0,628,0.154,53144.51,48,1,1,11.9,Own,Debt Consolidation,0
CUST_07518,63,67826.76,3,650,0.336,34237.87,36,0,0,1.4,Mortgage,Other,1
CUST_07519,69,22005.53,17,663,0.127,22091.06,60,1,1,0.5,Mortgage,Education,0
CUST_07520,46,45571.87,31,668,0.274,70485.4,24,4,1,10.1,Mortgage,Home Improvement,0
CUST_07521,55,23696.37,27,624,0.243,95719.35,36,1,0,7.6,Mortgage,Other,0
CUST_07522,28,24033.38,27,690,0.447,21837.61,60,1,2,13.1,Own,Education,0
CUST_07523,56,61043.24,31,634,0.533,9428.33,24,0,1,9.3,Mortgage,Debt Consolidation,0
CUST_07524,27,32871.01,7,690,0.045,5224.76,72,1,1,9.8,Rent,Education,0
CUST_07525,66,50007.63,24,814,0.218,44447.87,60,1,2,7.9,Rent,Other,0
CUST_07526,66,47446.94,19,740,0.219,34924.15,84,0,2,16.3,Mortgage,Medical,0
CUST_07527,56,34900.53,32,677,0.156,119670.03,48,2,0,1.7,Mortgage,Education,0
CUST_07528,36,42894.28,29,597,0.176,31086.82,36,1,0,13.0,Own,Vehicle,0
CUST_07529,44,40212.24,15,690,0.396,97146.59,72,2,0,5.1,Rent,Debt Consolidation,0
CUST_07530,21,20430.32,24,805,0.475,21364.48,48,3,1,1.2,Rent,Vehicle,0
CUST_07531,69,46335.46,9,609,0.084,53000.45,84,4,2,13.1,Rent,Debt Consolidation,0
CUST_07532,45,25514.48,4,526,0.427,25257.48,84,0,2,8.0,Rent,Debt Consolidation,1
CUST_07533,30,21278.5,7,702,0.5,31817.37,60,1,0,8.8,Mortgage,Debt Consolidation,0
CUST_07534,36,55676.96,32,788,0.223,5087.0,36,1,0,7.6,Own,Medical,0
CUST_07535,36,27020.21,0,765,0.479,15167.6,36,3,1,10.5,Own,Education,0
CUST_07536,28,63281.23,30,796,0.059,26230.12,60,3,0,11.5,Rent,Vehicle,0
CUST_07537,49,62892.35,6,590,0.184,26110.78,48,2,2,10.7,Own,Vehicle,1
CUST_07538,59,28613.23,22,652,0.299,64365.96,48,2,0,10.3,Own,Home Improvement,0
CUST_07539,48,61955.43,23,706,0.65,18069.58,36,0,1,7.9,Own,Other,1
CUST_07540,26,29891.74,13,518,0.691,64763.6,36,2,2,8.8,Rent,Vehicle,1
CUST_07541,36,35094.69,22,678,0.264,10420.46,36,2,1,15.6,Rent,Vehicle,0
CUST_07542,40,46485.37,8,643,0.246,53596.78,60,3,1,11.3,Mortgage,Home Improvement,0
CUST_07543,36,100679.57,7,663,0.389,27416.64,12,0,0,10.9,Mortgage,Debt Consolidation,0
CUST_07544,27,58130.66,7,699,0.109,17561.24,36,2,2,0.5,Rent,Education,0
CUST_07545,61,35281.19,2,656,0.337,73034.34,60,0,1,11.3,Mortgage,Education,0
CUST_07546,34,38240.53,31,604,0.259,121346.61,48,3,1,10.0,Rent,Debt Consolidation,1
CUST_07547,63,16455.89,3,729,0.506,78774.26,60,1,1,0.5,Mortgage,Debt Consolidation,0
CUST_07548,46,60018.06,1,603,0.559,37739.03,24,4,0,6.7,Mortgage,Vehicle,0
CUST_07549,46,56878.25,8,672,0.188,115151.46,72,2,1,5.5,Mortgage,Home Improvement,1
CUST_07550,34,41845.78,0,622,0.373,52797.13,24,2,0,18.5,Mortgage,Debt Consolidation,0
CUST_07551,27,51993.71,10,728,0.313,32655.14,60,3,1,4.9,Mortgage,Debt Consolidation,0
CUST_07552,53,15000.0,28,570,0.571,15157.68,36,0,0,6.8,Rent,Medical,1
CUST_07553,46,21144.12,25,673,0.139,18105.62,84,5,0,4.0,Mortgage,Debt Consolidation,0
CUST_07554,65,89387.56,26,702,0.292,69749.8,60,3,1,18.1,Mortgage,Home Improvement,1
CUST_07555,40,31924.73,28,699,0.134,24941.97,48,0,1,0.5,Rent,Home Improvement,0
CUST_07556,23,53035.48,32,755,0.331,16490.34,60,2,3,2.8,Mortgage,Home Improvement,1
CUST_07557,24,25001.23,27,738,0.378,50866.5,36,3,1,6.3,Rent,Vehicle,0
CUST_07558,46,29112.3,30,712,0.155,32029.89,48,3,2,9.7,Mortgage,Education,1
CUST_07559,31,91797.6,18,541,0.36,32904.69,84,0,0,0.5,Mortgage,Other,0
CUST_07560,22,33566.17,25,720,0.234,21541.98,48,1,0,13.3,Mortgage,Home Improvement,0
CUST_07561,34,47182.58,28,765,0.02,6022.73,60,3,1,12.5,Rent,Vehicle,0
CUST_07562,64,38763.25,10,626,0.094,16062.68,24,0,3,0.6,Mortgage,Medical,0
CUST_07563,50,41077.2,31,761,0.072,11622.11,24,2,2,13.3,Rent,Other,0
CUST_07564,69,40380.96,20,743,0.155,70125.29,24,2,1,13.2,Mortgage,Home Improvement,0
CUST_07565,32,15000.0,33,631,0.532,169002.46,48,0,2,3.9,Own,Vehicle,0
CUST_07566,46,46098.37,21,643,0.105,32210.76,60,1,0,17.4,Mortgage,Medical,0
CUST_07567,64,27755.39,26,613,0.193,4796.68,36,4,2,6.9,Rent,Medical,0
CUST_07568,53,88413.82,7,754,0.359,38411.89,60,1,0,8.8,Mortgage,Medical,0
CUST_07569,33,24678.31,30,632,0.279,100876.77,60,1,0,2.4,Own,Debt Consolidation,0
CUST_07570,34,28687.0,0,633,0.54,38009.83,36,3,2,6.2,Rent,Debt Consolidation,1
CUST_07571,44,123384.03,33,664,0.31,54045.1,60,1,1,10.2,Mortgage,Home Improvement,0
CUST_07572,54,52140.77,23,601,0.603,48472.92,48,1,3,15.0,Mortgage,Debt Consolidation,1
CUST_07573,64,22209.84,27,714,0.102,32450.16,24,2,2,4.2,Mortgage,Debt Consolidation,0
CUST_07574,46,39664.25,3,659,0.049,45622.36,72,3,2,0.5,Mortgage,Other,0
CUST_07575,41,19728.17,17,757,0.203,19814.89,36,0,2,2.7,Mortgage,Home Improvement,0
CUST_07576,48,41307.25,28,740,0.445,36286.51,48,1,4,4.2,Own,Debt Consolidation,1
CUST_07577,68,24289.78,22,794,0.209,37124.5,72,3,0,6.2,Rent,Debt Consolidation,0
CUST_07578,56,92265.38,26,570,0.331,8084.85,36,0,2,4.3,Rent,Education,0
CUST_07579,60,44821.46,15,591,0.102,33155.43,36,0,0,4.3,Own,Debt Consolidation,1
CUST_07580,22,47276.85,26,680,0.338,18623.58,84,1,1,0.5,Mortgage,Vehicle,0
CUST_07581,62,58388.58,8,688,0.173,7592.3,84,1,3,9.4,Rent,Home Improvement,0
CUST_07582,29,61747.67,4,660,0.137,34887.95,60,1,2,8.5,Mortgage,Vehicle,1
CUST_07583,43,25731.34,7,795,0.061,14316.13,72,1,1,14.8,Mortgage,Home Improvement,0
CUST_07584,35,38081.52,17,652,0.393,28411.92,84,0,3,0.5,Own,Debt Consolidation,0
CUST_07585,33,29064.14,34,713,0.675,38181.6,24,1,0,1.7,Rent,Education,0
CUST_07586,43,103469.95,5,704,0.391,48073.78,60,1,3,8.2,Own,Debt Consolidation,0
CUST_07587,37,15000.0,22,638,0.09,111624.7,12,0,2,7.0,Own,Debt Consolidation,1
CUST_07588,68,27240.09,25,713,0.168,5276.76,60,1,4,10.9,Mortgage,Debt Consolidation,0
CUST_07589,22,34892.22,23,680,0.252,33407.3,60,3,3,9.6,Mortgage,Vehicle,0
CUST_07590,40,38889.05,9,767,0.29,89514.27,48,0,1,10.8,Mortgage,Education,0
CUST_07591,40,38494.07,14,761,0.714,25079.96,60,2,5,5.9,Rent,Medical,0
CUST_07592,66,35487.08,19,504,0.034,42696.0,36,1,0,14.8,Mortgage,Education,0
CUST_07593,23,33482.93,28,572,0.127,26104.57,12,2,2,7.5,Rent,Education,0
CUST_07594,32,40972.18,5,670,0.388,17417.36,36,2,3,4.1,Own,Vehicle,1
CUST_07595,60,45741.05,8,740,0.162,135280.6,72,2,3,2.0,Mortgage,Other,0
CUST_07596,22,88907.74,4,689,0.237,38118.22,36,2,1,16.6,Mortgage,Debt Consolidation,0
CUST_07597,56,88515.25,18,709,0.455,55890.47,60,2,0,10.1,Mortgage,Medical,1
CUST_07598,34,42213.63,4,850,0.178,98886.29,48,2,3,9.7,Rent,Vehicle,0
CUST_07599,36,28348.44,19,636,0.304,52295.02,84,2,0,4.1,Own,Vehicle,0
CUST_07600,39,29357.59,10,711,0.17,75919.54,84,1,4,15.9,Rent,Vehicle,0
CUST_07601,54,18825.25,26,692,0.091,47550.35,48,2,1,11.4,Rent,Vehicle,0
CUST_07602,64,58490.36,28,740,0.231,59644.59,36,1,1,11.9,Own,Education,0
CUST_07603,66,35512.24,6,747,0.31,22682.47,48,2,1,9.1,Own,Debt Consolidation,0
CUST_07604,26,45189.99,2,719,0.211,41229.23,36,4,2,7.6,Rent,Debt Consolidation,1
CUST_07605,33,42910.58,4,778,0.554,26843.34,24,2,0,9.0,Rent,Vehicle,1
CUST_07606,56,25621.57,12,774,0.119,38392.76,12,1,3,12.2,Mortgage,Other,0
CUST_07607,42,24087.76,15,709,0.185,8509.61,60,5,2,14.3,Rent,Home Improvement,0
CUST_07608,38,28956.32,11,673,0.131,36063.29,60,3,1,1.2,Mortgage,Debt Consolidation,0
CUST_07609,32,46298.42,26,700,0.065,42737.33,24,1,1,9.8,Own,Debt Consolidation,0
CUST_07610,50,34878.44,32,564,0.045,24170.03,36,2,0,8.1,Mortgage,Debt Consolidation,0
CUST_07611,60,15023.11,14,643,0.417,52512.96,72,3,2,1.8,Own,Debt Consolidation,0
CUST_07612,27,21762.14,20,612,0.494,28576.59,48,0,0,10.2,Mortgage,Other,0
CUST_07613,52,31771.15,16,742,0.348,46741.82,36,2,3,0.5,Own,Debt Consolidation,0
CUST_07614,68,35767.5,14,775,0.136,103952.85,24,2,2,1.9,Own,Vehicle,0
CUST_07615,39,46992.33,19,726,0.326,19631.29,60,1,3,5.4,Own,Home Improvement,0
CUST_07616,26,37035.44,18,671,0.201,20026.55,60,0,1,6.8,Mortgage,Vehicle,0
CUST_07617,40,30292.15,0,628,0.643,77135.25,36,2,1,6.9,Rent,Home Improvement,1
CUST_07618,47,29775.97,3,741,0.198,21084.36,48,1,0,0.5,Rent,Home Improvement,0
CUST_07619,63,40164.2,2,753,0.074,41297.11,60,0,2,8.8,Own,Medical,0
CUST_07620,57,44757.96,7,673,0.282,29995.48,36,1,1,8.9,Rent,Other,0
CUST_07621,68,30794.72,4,684,0.206,6340.32,48,0,2,7.1,Rent,Vehicle,0
CUST_07622,27,21187.21,8,655,0.576,33011.55,48,0,1,0.5,Own,Debt Consolidation,0
CUST_07623,25,34568.47,0,709,0.425,19265.63,60,0,1,16.0,Mortgage,Vehicle,0
CUST_07624,31,26240.76,29,653,0.275,41346.55,60,3,0,4.2,Mortgage,Vehicle,0
CUST_07625,35,41931.4,6,674,0.351,63894.99,48,2,0,13.7,Mortgage,Debt Consolidation,1
CUST_07626,23,76143.41,21,598,0.361,18673.05,36,1,0,12.6,Mortgage,Debt Consolidation,0
CUST_07627,25,18475.82,19,698,0.131,24111.48,36,3,1,7.0,Mortgage,Debt Consolidation,0
CUST_07628,43,64559.87,28,803,0.203,11734.52,36,3,1,5.5,Mortgage,Education,0
CUST_07629,57,45913.74,26,704,0.061,38334.48,72,2,0,2.6,Mortgage,Debt Consolidation,0
CUST_07630,29,63033.42,24,753,0.663,32367.07,60,0,1,8.1,Rent,Other,1
CUST_07631,35,29205.95,34,733,0.157,48787.27,48,2,0,8.9,Rent,Other,0
CUST_07632,23,17623.46,26,671,0.441,43571.61,48,2,4,2.0,Own,Other,0
CUST_07633,49,39729.45,10,679,0.395,41608.27,60,2,5,13.4,Own,Home Improvement,1
CUST_07634,26,73118.93,16,642,0.633,24421.48,36,1,1,10.6,Mortgage,Debt Consolidation,0
CUST_07635,37,21369.91,30,749,0.246,67785.02,48,1,0,9.6,Rent,Vehicle,0
CUST_07636,46,23036.7,17,713,0.309,53641.5,60,0,0,8.6,Rent,Vehicle,0
CUST_07637,41,48708.04,18,750,0.424,48302.64,36,3,2,8.4,Mortgage,Home Improvement,1
CUST_07638,28,28110.45,28,687,0.361,32548.44,24,0,0,3.0,Rent,Vehicle,0
CUST_07639,41,83536.8,14,555,0.292,83626.38,48,3,1,5.4,Mortgage,Vehicle,1
CUST_07640,31,50313.96,6,630,0.577,48378.45,24,2,1,6.9,Mortgage,Medical,0
CUST_07641,58,25346.31,6,750,0.123,41575.84,60,0,1,10.7,Rent,Vehicle,0
CUST_07642,28,27382.98,21,666,0.196,12802.07,48,2,3,9.5,Own,Debt Consolidation,0
CUST_07643,62,27929.73,11,754,0.43,75649.7,84,2,0,3.5,Own,Home Improvement,0
CUST_07644,44,35544.47,7,779,0.327,200000.0,36,2,1,7.0,Rent,Vehicle,0
CUST_07645,55,42286.61,17,745,0.139,26382.65,36,0,1,18.0,Own,Vehicle,0
CUST_07646,34,40770.56,27,742,0.64,26259.47,84,1,2,18.6,Rent,Vehicle,0
CUST_07647,34,20695.01,17,492,0.353,26028.55,36,1,0,11.2,Mortgage,Vehicle,0
CUST_07648,30,57007.48,30,664,0.593,28509.19,36,2,3,1.8,Mortgage,Medical,0
CUST_07649,32,31412.45,16,680,0.247,21775.37,12,3,2,6.5,Own,Vehicle,0
CUST_07650,58,22839.17,22,743,0.343,123862.34,36,2,1,6.6,Rent,Debt Consolidation,0
CUST_07651,64,28809.99,10,688,0.332,61233.25,60,0,0,4.3,Rent,Debt Consolidation,0
CUST_07652,66,60304.01,14,575,0.17,41443.5,60,1,3,0.7,Mortgage,Other,0
CUST_07653,54,39941.12,29,577,0.299,63660.99,48,3,1,11.2,Mortgage,Education,0
CUST_07654,61,41721.87,30,646,0.334,62022.72,72,1,2,7.8,Mortgage,Education,1
CUST_07655,30,20231.7,5,850,0.601,19283.78,48,0,0,6.8,Mortgage,Vehicle,0
CUST_07656,37,38797.71,11,700,0.371,32022.59,60,3,1,4.8,Rent,Debt Consolidation,0
CUST_07657,37,59800.3,22,716,0.228,43063.92,60,1,2,2.4,Rent,Home Improvement,0
CUST_07658,23,15000.0,34,577,0.138,57667.15,60,0,1,9.1,Mortgage,Debt Consolidation,0
CUST_07659,51,29897.35,2,757,0.195,54838.31,24,1,1,2.9,Mortgage,Other,0
CUST_07660,21,49592.28,27,658,0.364,36354.75,48,3,0,3.2,Rent,Debt Consolidation,0
CUST_07661,32,39305.59,14,785,0.253,9287.0,60,2,2,9.9,Rent,Other,0
CUST_07662,59,21820.33,12,593,0.216,12573.28,24,0,3,14.7,Rent,Education,0
CUST_07663,24,44317.35,18,673,0.256,25325.97,36,4,0,0.5,Own,Other,0
CUST_07664,62,20257.79,17,644,0.193,76944.92,60,3,2,6.5,Own,Debt Consolidation,1
CUST_07665,33,23534.59,30,724,0.254,37458.48,84,1,1,3.1,Rent,Vehicle,0
CUST_07666,54,24803.03,20,749,0.081,34344.33,84,0,2,14.2,Rent,Debt Consolidation,0
CUST_07667,62,78565.98,4,636,0.367,22908.21,60,1,2,6.8,Own,Debt Consolidation,0
CUST_07668,41,15758.65,16,736,0.488,31337.49,60,3,0,3.3,Rent,Home Improvement,0
CUST_07669,42,16351.13,18,779,0.448,66604.72,60,2,1,18.9,Own,Vehicle,0
CUST_07670,24,41842.21,3,749,0.281,35463.84,36,3,2,9.2,Own,Other,0
CUST_07671,38,38269.23,25,640,0.416,40634.19,48,1,4,9.5,Rent,Other,1
CUST_07672,25,28710.93,23,650,0.37,7226.25,36,3,3,10.6,Mortgage,Home Improvement,1
CUST_07673,39,36567.41,18,665,0.212,15454.08,48,5,0,14.0,Rent,Home Improvement,0
CUST_07674,22,21327.02,29,746,0.189,64428.57,12,1,2,0.5,Own,Medical,0
CUST_07675,32,38027.44,25,710,0.297,38599.72,60,0,2,9.5,Mortgage,Education,0
CUST_07676,37,40327.74,10,592,0.146,30761.74,72,1,0,6.2,Mortgage,Home Improvement,0
CUST_07677,30,66659.31,2,679,0.633,19601.63,24,1,1,2.9,Mortgage,Education,0
CUST_07678,54,94243.78,21,794,0.333,21345.5,48,3,0,1.7,Rent,Home Improvement,0
CUST_07679,26,31767.28,16,749,0.441,30021.15,48,1,1,3.4,Mortgage,Debt Consolidation,0
CUST_07680,28,19213.02,10,638,0.17,25773.17,60,0,0,3.5,Rent,Medical,0
CUST_07681,31,44023.87,26,572,0.603,47177.52,48,3,0,13.6,Mortgage,Debt Consolidation,1
CUST_07682,32,33965.37,28,645,0.279,77045.75,48,1,2,3.2,Rent,Debt Consolidation,0
CUST_07683,29,33221.64,11,680,0.127,69280.24,24,1,4,4.2,Own,Debt Consolidation,0
CUST_07684,22,16227.51,12,651,0.775,15414.77,36,1,1,4.7,Own,Other,1
CUST_07685,28,38151.02,10,611,0.46,44163.8,60,1,1,7.3,Mortgage,Home Improvement,0
CUST_07686,31,44865.73,30,721,0.139,105025.15,12,3,2,3.6,Own,Vehicle,0
CUST_07687,56,59677.03,10,513,0.133,41379.47,36,1,0,11.6,Mortgage,Vehicle,0
CUST_07688,30,28205.07,1,758,0.068,69666.48,24,4,0,4.1,Mortgage,Vehicle,0
CUST_07689,41,24036.02,22,733,0.33,94640.35,24,2,0,17.5,Own,Vehicle,0
CUST_07690,40,28092.73,13,710,0.116,42711.33,48,0,0,12.9,Rent,Vehicle,1
CUST_07691,68,57921.25,26,722,0.432,22944.73,36,4,1,7.7,Own,Education,0
CUST_07692,28,72624.25,11,660,0.275,46147.26,60,3,0,5.5,Mortgage,Home Improvement,0
CUST_07693,56,63608.04,28,678,0.283,13490.6,36,0,1,7.1,Rent,Vehicle,1
CUST_07694,49,50203.72,5,783,0.547,42577.7,24,0,1,15.6,Mortgage,Debt Consolidation,0
CUST_07695,62,35735.85,22,669,0.502,50486.71,12,0,0,7.5,Rent,Education,0
CUST_07696,32,38633.21,9,707,0.524,7989.73,48,1,2,11.0,Own,Medical,1
CUST_07697,34,41554.9,33,717,0.515,8803.18,12,3,1,19.7,Mortgage,Home Improvement,0
CUST_07698,68,32014.41,11,687,0.338,63389.96,24,1,1,9.0,Rent,Debt Consolidation,0
CUST_07699,41,56646.78,31,665,0.405,10908.46,36,3,4,10.4,Rent,Debt Consolidation,1
CUST_07700,42,15892.7,25,558,0.182,16082.98,72,1,0,13.0,Own,Medical,0
CUST_07701,41,17433.31,6,737,0.214,46680.52,60,1,1,5.5,Rent,Vehicle,0
CUST_07702,64,15878.72,31,755,0.174,18081.79,60,2,1,14.8,Own,Other,1
CUST_07703,50,24316.35,32,685,0.129,35281.59,36,1,1,5.4,Own,Debt Consolidation,0
CUST_07704,59,71189.15,17,767,0.143,58673.48,60,2,1,6.2,Own,Home Improvement,0
CUST_07705,40,20040.73,34,707,0.531,56600.94,36,2,2,1.7,Rent,Debt Consolidation,1
CUST_07706,44,20413.06,19,543,0.371,64013.79,48,2,1,2.8,Mortgage,Vehicle,0
CUST_07707,43,24036.2,30,606,0.263,46666.7,60,2,0,16.3,Rent,Vehicle,0
CUST_07708,27,63180.87,4,646,0.456,78466.64,48,3,1,12.5,Rent,Home Improvement,1
CUST_07709,29,74432.2,31,637,0.65,23526.43,36,1,3,0.6,Own,Debt Consolidation,1
CUST_07710,21,60326.57,18,685,0.3,32280.45,36,0,1,8.2,Mortgage,Debt Consolidation,1
CUST_07711,46,62225.57,0,616,0.507,33778.91,48,2,1,4.4,Mortgage,Vehicle,1
CUST_07712,58,82946.5,6,799,0.227,7265.76,60,2,3,7.2,Rent,Vehicle,0
CUST_07713,58,15000.0,21,529,0.635,36409.24,60,0,0,17.5,Own,Medical,0
CUST_07714,64,19683.89,33,674,0.158,76464.35,84,2,1,7.1,Rent,Education,0
CUST_07715,42,25581.7,9,628,0.079,44445.81,84,0,2,9.4,Mortgage,Debt Consolidation,0
CUST_07716,64,38248.67,25,589,0.547,58953.99,36,1,1,19.0,Mortgage,Education,1
CUST_07717,30,38186.76,31,721,0.466,32126.08,60,3,2,14.3,Mortgage,Other,0
CUST_07718,26,38485.79,26,609,0.115,66973.21,60,2,2,4.0,Own,Vehicle,0
CUST_07719,37,55111.28,11,683,0.388,21810.64,60,3,1,10.9,Mortgage,Home Improvement,0
CUST_07720,58,15000.0,22,613,0.635,43017.79,60,2,1,7.5,Rent,Debt Consolidation,0
CUST_07721,44,33854.73,13,547,0.252,173497.55,36,3,2,8.4,Rent,Debt Consolidation,1
CUST_07722,30,41473.28,33,664,0.168,65720.99,60,2,1,14.0,Own,Medical,0
CUST_07723,28,30860.95,16,701,0.193,33768.61,36,0,0,10.5,Mortgage,Vehicle,0
CUST_07724,41,39917.42,5,638,0.145,14651.28,48,0,2,11.7,Rent,Home Improvement,0
CUST_07725,26,60542.78,26,772,0.227,95789.53,24,3,2,4.0,Mortgage,Education,0
CUST_07726,41,37463.07,7,701,0.433,141425.28,60,1,3,14.3,Mortgage,Home Improvement,0
CUST_07727,59,105756.28,32,731,0.547,145098.12,72,1,0,5.8,Own,Medical,0
CUST_07728,44,58421.76,34,634,0.354,51206.49,60,3,3,7.6,Mortgage,Debt Consolidation,1
CUST_07729,53,41484.01,16,636,0.109,4871.46,84,2,1,8.1,Own,Education,0
CUST_07730,38,46717.08,25,656,0.306,24474.33,84,2,0,3.2,Rent,Debt Consolidation,0
CUST_07731,48,52662.51,6,655,0.074,104515.4,48,0,0,6.6,Rent,Home Improvement,0
CUST_07732,52,84348.39,23,648,0.492,37179.24,36,3,1,12.5,Rent,Vehicle,0
CUST_07733,32,65325.94,24,602,0.223,43898.79,60,0,0,2.9,Rent,Education,0
CUST_07734,68,46962.41,34,735,0.43,33742.68,48,2,3,1.0,Rent,Debt Consolidation,0
CUST_07735,62,25227.08,25,577,0.569,39293.35,36,1,4,1.8,Mortgage,Medical,0
CUST_07736,47,44688.16,4,724,0.338,18011.06,36,0,1,10.5,Own,Vehicle,0
CUST_07737,30,48507.2,34,738,0.134,13528.75,12,0,1,18.5,Mortgage,Home Improvement,0
CUST_07738,66,53579.75,29,660,0.627,9147.52,60,2,3,0.5,Rent,Home Improvement,1
CUST_07739,62,25161.0,24,850,0.075,29015.88,48,2,1,6.4,Mortgage,Debt Consolidation,0
CUST_07740,52,52524.54,23,681,0.04,11588.27,36,6,2,10.4,Own,Debt Consolidation,0
CUST_07741,62,54190.24,29,660,0.29,111426.12,36,1,2,6.4,Own,Home Improvement,0
CUST_07742,46,19832.3,19,663,0.231,35553.77,48,1,1,6.1,Mortgage,Debt Consolidation,0
CUST_07743,45,19916.11,2,756,0.35,23673.24,60,1,1,5.6,Rent,Vehicle,0
CUST_07744,31,63513.5,31,661,0.062,52890.39,48,1,0,9.8,Own,Debt Consolidation,0
CUST_07745,43,23680.71,7,724,0.576,23635.38,24,1,2,8.3,Rent,Debt Consolidation,0
CUST_07746,54,78344.23,22,585,0.355,128644.47,36,2,0,12.7,Mortgage,Home Improvement,0
CUST_07747,60,31587.95,15,690,0.43,40700.61,24,2,2,17.5,Own,Medical,1
CUST_07748,43,44021.57,34,749,0.334,52473.02,36,1,2,10.4,Rent,Home Improvement,0
CUST_07749,49,42965.3,24,677,0.287,58863.15,72,0,0,11.6,Rent,Home Improvement,0
CUST_07750,51,25406.62,14,627,0.327,16588.3,36,1,1,16.1,Rent,Medical,0
CUST_07751,27,72782.31,7,660,0.155,7437.3,60,0,2,1.0,Rent,Home Improvement,0
CUST_07752,60,31603.15,33,580,0.358,86610.96,36,0,2,8.0,Rent,Other,1
CUST_07753,53,37398.82,24,744,0.244,62499.0,72,1,1,3.5,Mortgage,Education,1
CUST_07754,41,15000.0,18,765,0.147,88509.86,60,1,1,11.1,Mortgage,Home Improvement,0
CUST_07755,22,18616.52,12,671,0.225,24114.46,60,0,0,9.5,Mortgage,Home Improvement,0
CUST_07756,38,63803.57,11,786,0.695,94491.21,48,2,0,14.3,Mortgage,Debt Consolidation,0
CUST_07757,67,36215.19,14,732,0.072,146621.81,72,1,1,7.1,Mortgage,Debt Consolidation,0
CUST_07758,53,27098.04,22,681,0.084,24868.76,36,1,0,4.5,Mortgage,Other,0
CUST_07759,57,27316.69,1,774,0.476,38190.62,36,1,1,13.0,Own,Debt Consolidation,0
CUST_07760,54,47776.71,22,730,0.504,72653.49,72,2,3,12.5,Own,Home Improvement,0
CUST_07761,40,68199.02,4,763,0.214,76417.77,84,2,1,10.3,Mortgage,Debt Consolidation,1
CUST_07762,55,27422.92,33,777,0.07,167709.0,60,1,2,4.3,Rent,Education,0
CUST_07763,38,62813.85,9,663,0.577,62584.18,36,1,0,5.8,Own,Vehicle,1
CUST_07764,66,33522.17,26,728,0.47,31360.84,72,1,0,7.2,Rent,Home Improvement,0
CUST_07765,44,46645.18,3,545,0.529,56747.07,36,1,0,0.5,Own,Debt Consolidation,1
CUST_07766,28,15000.0,3,599,0.33,11418.1,72,0,2,0.9,Rent,Vehicle,0
CUST_07767,50,16287.63,7,715,0.694,101824.16,36,0,0,10.6,Rent,Education,0
CUST_07768,64,54723.19,5,705,0.415,32452.34,12,2,2,14.3,Rent,Home Improvement,0
CUST_07769,30,41667.28,24,614,0.489,23272.77,60,5,3,6.3,Mortgage,Vehicle,0
CUST_07770,43,44437.48,26,654,0.156,20022.59,36,1,3,1.7,Mortgage,Vehicle,0
CUST_07771,69,21175.82,19,705,0.393,28605.67,12,4,3,11.6,Own,Debt Consolidation,0
CUST_07772,31,29403.9,26,680,0.548,13190.59,36,1,0,1.6,Own,Other,0
CUST_07773,22,15738.67,6,664,0.326,30343.37,48,0,0,3.4,Rent,Debt Consolidation,0
CUST_07774,46,23772.29,22,581,0.308,29438.82,60,1,0,8.9,Mortgage,Debt Consolidation,0
CUST_07775,56,35902.74,19,705,0.236,22694.18,12,3,2,5.9,Own,Debt Consolidation,0
CUST_07776,53,42783.74,33,667,0.514,31630.58,48,0,1,6.1,Mortgage,Other,1
CUST_07777,67,25426.19,28,832,0.076,38254.31,12,2,2,6.3,Mortgage,Debt Consolidation,0
CUST_07778,33,47861.98,4,778,0.202,20391.82,72,2,0,12.7,Own,Vehicle,0
CUST_07779,60,35627.03,26,689,0.129,49051.02,60,1,4,12.5,Rent,Debt Consolidation,0
CUST_07780,45,32436.35,11,544,0.408,24135.15,24,1,0,3.5,Rent,Vehicle,0
CUST_07781,24,37866.25,16,850,0.193,22858.23,48,1,3,3.0,Mortgage,Debt Consolidation,0
CUST_07782,62,103757.28,33,737,0.334,75795.57,60,2,1,4.2,Mortgage,Vehicle,0
CUST_07783,39,33506.56,29,641,0.489,53458.84,36,0,3,11.0,Mortgage,Home Improvement,0
CUST_07784,38,58461.39,5,742,0.732,117093.41,36,1,1,2.8,Own,Education,0
CUST_07785,57,47721.75,31,736,0.151,41841.57,60,0,0,1.8,Mortgage,Home Improvement,0
CUST_07786,50,32077.83,31,634,0.63,43414.84,60,0,2,6.3,Mortgage,Medical,1
CUST_07787,39,16728.3,8,615,0.491,67870.95,48,2,1,4.2,Mortgage,Home Improvement,1
CUST_07788,43,26539.42,21,732,0.41,20020.32,36,0,0,9.2,Mortgage,Education,0
CUST_07789,36,37729.28,9,755,0.303,26228.65,72,2,1,8.1,Own,Vehicle,0
CUST_07790,21,34461.97,28,702,0.289,82055.6,48,0,1,11.8,Own,Education,0
CUST_07791,32,69446.82,10,698,0.358,45023.39,48,2,1,16.4,Rent,Home Improvement,0
CUST_07792,44,25166.0,27,775,0.226,17585.72,60,3,1,12.8,Own,Debt Consolidation,0
CUST_07793,54,33745.23,1,669,0.102,98633.8,72,1,0,7.4,Own,Vehicle,0
CUST_07794,28,47485.62,20,478,0.206,17984.8,36,3,2,1.5,Mortgage,Debt Consolidation,1
CUST_07795,38,31600.61,30,717,0.286,52862.28,60,3,2,8.8,Mortgage,Home Improvement,0
CUST_07796,68,59091.17,16,761,0.512,36576.76,72,1,0,12.0,Mortgage,Vehicle,0
CUST_07797,25,21082.87,26,713,0.421,13941.16,84,2,0,1.6,Rent,Vehicle,0
CUST_07798,46,16985.52,29,590,0.313,32678.72,60,2,1,11.8,Rent,Debt Consolidation,0
CUST_07799,50,31469.99,7,635,0.422,52949.38,60,1,0,7.4,Own,Home Improvement,0
CUST_07800,33,35048.27,4,670,0.249,40275.28,60,0,3,16.2,Rent,Vehicle,0
CUST_07801,39,40499.72,25,587,0.27,30141.16,60,1,2,4.7,Rent,Other,0
CUST_07802,49,38918.59,5,640,0.115,31289.77,36,2,1,20.0,Mortgage,Vehicle,0
CUST_07803,23,29608.06,15,778,0.537,57512.19,12,0,2,17.3,Mortgage,Other,0
CUST_07804,46,17086.02,0,610,0.181,56131.22,60,7,2,10.4,Mortgage,Home Improvement,1
CUST_07805,60,34222.74,8,659,0.17,34842.48,60,4,0,5.3,Own,Debt Consolidation,1
CUST_07806,32,21598.47,20,730,0.261,63787.06,36,4,1,7.6,Mortgage,Debt Consolidation,1
CUST_07807,22,37619.51,6,567,0.32,82961.49,36,2,0,6.6,Rent,Education,0
CUST_07808,31,20868.66,14,775,0.099,42470.97,48,3,1,2.6,Own,Debt Consolidation,0
CUST_07809,64,43897.17,23,637,0.296,17758.68,72,1,1,2.7,Rent,Vehicle,0
CUST_07810,48,83613.14,4,606,0.097,49006.39,36,1,2,11.4,Own,Medical,0
CUST_07811,38,25260.93,28,777,0.239,58477.14,72,2,1,1.3,Own,Vehicle,0
CUST_07812,33,19292.04,10,741,0.327,46060.33,72,1,1,2.3,Rent,Debt Consolidation,0
CUST_07813,57,64360.48,3,608,0.496,21319.61,36,0,1,10.0,Rent,Home Improvement,0
CUST_07814,42,87860.05,9,653,0.24,26101.78,60,2,0,0.5,Rent,Debt Consolidation,0
CUST_07815,32,19481.29,33,700,0.334,85013.29,84,1,0,6.1,Rent,Vehicle,0
CUST_07816,22,34690.94,3,657,0.226,64619.11,36,1,2,9.0,Rent,Other,0
CUST_07817,57,46322.28,9,770,0.418,72393.54,48,5,3,20.1,Rent,Debt Consolidation,1
CUST_07818,27,31884.38,32,740,0.176,83921.86,60,0,4,13.2,Own,Debt Consolidation,1
CUST_07819,46,15126.36,17,470,0.467,20349.98,36,1,5,6.7,Mortgage,Debt Consolidation,0
CUST_07820,46,18279.66,11,622,0.338,13645.18,24,2,1,0.5,Mortgage,Debt Consolidation,0
CUST_07821,44,19266.12,22,642,0.209,75136.95,24,1,5,12.2,Mortgage,Home Improvement,0
CUST_07822,32,21589.19,24,647,0.067,7431.43,36,1,0,0.7,Rent,Education,0
CUST_07823,36,37927.27,3,711,0.426,137139.69,12,4,2,4.3,Rent,Home Improvement,1
CUST_07824,43,62872.55,12,759,0.22,39786.67,12,1,0,12.4,Rent,Debt Consolidation,0
CUST_07825,60,18421.42,17,635,0.603,29021.14,84,1,1,3.0,Mortgage,Education,1
CUST_07826,29,24515.1,28,601,0.171,27598.6,24,1,0,4.4,Mortgage,Other,0
CUST_07827,52,20848.13,29,657,0.723,24655.34,36,1,1,15.3,Rent,Vehicle,0
CUST_07828,35,41948.88,27,528,0.691,50232.47,60,1,2,16.3,Mortgage,Debt Consolidation,0
CUST_07829,57,24077.62,6,729,0.57,33648.39,60,1,0,0.5,Own,Home Improvement,0
CUST_07830,33,21908.71,23,671,0.257,64144.94,36,0,2,0.5,Rent,Debt Consolidation,1
CUST_07831,25,16341.6,9,651,0.065,79920.07,12,4,4,16.8,Mortgage,Other,1
CUST_07832,31,71672.18,26,695,0.415,29174.41,36,2,0,0.5,Rent,Vehicle,0
CUST_07833,30,108529.91,20,616,0.085,51129.87,48,1,1,5.2,Mortgage,Vehicle,0
CUST_07834,33,37876.52,28,655,0.401,44542.56,84,0,0,15.4,Rent,Vehicle,0
CUST_07835,61,76328.19,6,633,0.289,29299.47,60,0,2,3.8,Own,Debt Consolidation,0
CUST_07836,66,27351.99,12,547,0.632,18731.12,36,2,0,6.6,Own,Home Improvement,1
CUST_07837,35,36299.22,22,680,0.387,20823.97,12,2,0,7.3,Own,Medical,0
CUST_07838,62,50293.78,24,850,0.394,80440.86,36,3,0,10.8,Rent,Vehicle,0
CUST_07839,27,24937.21,12,682,0.193,30143.72,60,2,2,11.7,Rent,Home Improvement,0
CUST_07840,60,33532.63,29,626,0.283,44291.52,36,3,3,12.5,Own,Home Improvement,0
CUST_07841,48,31525.68,25,684,0.406,98448.09,60,4,1,2.9,Own,Debt Consolidation,0
CUST_07842,52,45200.76,11,603,0.696,23702.47,60,1,0,1.6,Mortgage,Vehicle,1
CUST_07843,55,37460.09,0,638,0.57,48943.26,36,2,1,3.4,Mortgage,Home Improvement,1
CUST_07844,35,25242.82,17,650,0.427,48671.3,48,1,2,0.5,Rent,Home Improvement,1
CUST_07845,68,31243.13,20,641,0.251,27871.85,60,1,3,6.3,Mortgage,Other,0
CUST_07846,56,63409.68,23,659,0.574,37723.41,72,2,0,4.2,Rent,Debt Consolidation,0
CUST_07847,41,47783.12,16,728,0.281,183243.1,60,4,2,3.2,Mortgage,Debt Consolidation,0
CUST_07848,26,45748.9,8,652,0.574,28566.87,60,1,0,17.0,Mortgage,Home Improvement,0
CUST_07849,21,112195.78,27,659,0.434,27749.08,60,2,3,12.7,Own,Debt Consolidation,0
CUST_07850,24,20630.48,14,546,0.624,21713.38,84,1,0,4.6,Own,Education,1
CUST_07851,31,51786.24,12,587,0.282,34248.09,60,3,1,10.5,Mortgage,Home Improvement,1
CUST_07852,64,37324.37,27,686,0.141,44559.77,36,3,1,7.5,Mortgage,Home Improvement,1
CUST_07853,46,43127.16,16,760,0.445,99113.68,36,2,1,7.9,Rent,Medical,0
CUST_07854,57,39780.86,8,667,0.285,41592.29,36,2,0,7.0,Own,Vehicle,0
CUST_07855,43,25571.84,20,675,0.166,57723.78,48,1,0,6.3,Own,Debt Consolidation,0
CUST_07856,49,21643.8,29,581,0.326,18691.08,60,3,1,0.5,Mortgage,Vehicle,0
CUST_07857,41,36312.46,10,623,0.361,9896.29,48,3,1,2.4,Mortgage,Home Improvement,0
CUST_07858,68,24560.93,29,697,0.237,70328.32,48,3,1,2.3,Mortgage,Vehicle,0
CUST_07859,65,30187.93,24,764,0.186,22982.36,60,1,5,10.6,Mortgage,Home Improvement,0
CUST_07860,65,54126.55,6,694,0.403,6908.9,60,1,1,5.5,Mortgage,Other,0
CUST_07861,69,19664.25,19,671,0.279,125432.78,48,2,1,1.0,Mortgage,Medical,0
CUST_07862,47,32996.08,34,698,0.31,92471.2,60,1,1,10.5,Rent,Debt Consolidation,0
CUST_07863,59,61528.64,9,609,0.259,31897.49,48,0,1,8.8,Mortgage,Home Improvement,0
CUST_07864,60,28181.26,34,615,0.116,21131.09,84,2,1,5.6,Rent,Debt Consolidation,1
CUST_07865,33,75714.7,0,664,0.348,16595.74,72,1,1,12.5,Rent,Vehicle,1
CUST_07866,43,16724.05,13,599,0.234,32380.06,48,1,3,12.2,Rent,Debt Consolidation,1
CUST_07867,36,90191.66,4,729,0.636,58662.95,60,2,2,2.8,Mortgage,Debt Consolidation,0
CUST_07868,50,36643.51,33,746,0.032,36134.4,72,2,4,6.5,Rent,Other,0
CUST_07869,24,18688.81,23,661,0.358,37780.78,12,2,0,16.4,Own,Home Improvement,0
CUST_07870,60,55082.58,3,733,0.558,130964.7,72,4,0,17.6,Mortgage,Vehicle,1
CUST_07871,36,45045.01,26,784,0.1,12544.22,72,2,0,10.2,Rent,Medical,0
CUST_07872,51,72480.58,4,708,0.253,50663.54,60,1,1,8.4,Rent,Debt Consolidation,0
CUST_07873,62,16847.87,12,743,0.443,61476.37,60,2,2,9.0,Own,Debt Consolidation,0
CUST_07874,45,20992.95,20,675,0.146,32512.52,36,2,1,11.9,Mortgage,Debt Consolidation,0
CUST_07875,64,53371.16,31,743,0.216,98772.71,48,3,3,3.2,Rent,Home Improvement,0
CUST_07876,32,129932.19,30,671,0.307,73672.48,60,1,1,6.6,Rent,Vehicle,0
CUST_07877,46,48417.87,31,631,0.195,50786.0,48,1,0,6.9,Mortgage,Debt Consolidation,1
CUST_07878,57,52315.26,14,729,0.381,26099.83,84,0,1,15.3,Mortgage,Other,1
CUST_07879,68,24819.07,29,695,0.337,17739.61,36,1,0,11.2,Own,Education,0
CUST_07880,53,33159.19,6,735,0.162,11757.58,72,4,0,5.8,Mortgage,Debt Consolidation,1
CUST_07881,48,26637.7,30,628,0.341,97261.44,36,0,0,10.9,Rent,Debt Consolidation,0
CUST_07882,29,46684.68,25,702,0.253,164826.09,60,0,1,12.7,Rent,Vehicle,0
CUST_07883,32,57801.08,25,746,0.427,56813.85,48,2,0,4.9,Own,Other,0
CUST_07884,25,39849.23,1,649,0.19,41750.8,60,0,0,15.0,Own,Other,0
CUST_07885,48,54052.97,8,736,0.176,40149.58,60,1,0,11.1,Rent,Medical,1
CUST_07886,55,35797.29,4,790,0.13,44321.74,72,1,1,14.7,Mortgage,Debt Consolidation,0
CUST_07887,25,70426.7,26,639,0.508,74430.7,48,0,1,10.5,Mortgage,Education,1
CUST_07888,54,23605.25,11,699,0.255,11511.97,72,2,1,3.9,Mortgage,Vehicle,0
CUST_07889,66,73715.48,34,803,0.33,38180.45,24,0,0,5.3,Mortgage,Home Improvement,0
CUST_07890,54,25385.38,28,580,0.309,26211.39,60,1,3,8.2,Mortgage,Vehicle,0
CUST_07891,33,36614.27,15,708,0.225,42359.23,36,2,2,1.9,Rent,Debt Consolidation,0
CUST_07892,59,19987.34,18,728,0.301,10333.3,36,2,1,2.1,Rent,Home Improvement,0
CUST_07893,62,46769.39,26,681,0.114,18191.39,24,2,0,18.2,Mortgage,Debt Consolidation,0
CUST_07894,65,38783.2,17,837,0.199,14056.82,60,1,1,8.4,Own,Education,0
CUST_07895,68,52539.64,12,714,0.423,51603.93,60,1,1,14.2,Rent,Home Improvement,0
CUST_07896,34,15261.77,29,774,0.148,30681.73,36,3,2,17.0,Mortgage,Education,0
CUST_07897,31,38829.19,25,738,0.457,30879.74,84,0,0,2.4,Rent,Debt Consolidation,1
CUST_07898,62,44433.12,5,785,0.157,63159.68,24,3,0,10.7,Mortgage,Other,0
CUST_07899,58,22152.6,2,692,0.579,27214.67,60,1,0,10.7,Own,Other,0
CUST_07900,24,47406.18,22,589,0.417,67725.36,36,2,0,1.9,Own,Other,0
CUST_07901,53,15000.0,11,718,0.372,30831.74,24,1,0,15.2,Own,Debt Consolidation,0
CUST_07902,27,34068.8,14,562,0.321,65967.56,60,5,4,6.9,Mortgage,Medical,0
CUST_07903,61,73588.79,0,657,0.172,72077.67,36,1,1,17.1,Mortgage,Home Improvement,1
CUST_07904,28,33921.88,7,647,0.312,36890.74,48,1,1,2.4,Mortgage,Vehicle,0
CUST_07905,57,25348.32,30,653,0.106,109693.97,48,0,3,11.8,Own,Debt Consolidation,0
CUST_07906,30,35160.44,10,768,0.284,20956.17,12,2,0,0.5,Rent,Debt Consolidation,0
CUST_07907,63,38159.4,16,678,0.706,24462.54,48,1,1,4.7,Mortgage,Debt Consolidation,0
CUST_07908,35,56850.3,26,824,0.311,6971.84,12,1,2,9.2,Rent,Education,0
CUST_07909,58,38752.23,30,675,0.29,34861.15,36,1,1,5.8,Rent,Debt Consolidation,0
CUST_07910,35,53157.52,26,530,0.407,15054.3,60,2,2,17.1,Rent,Other,1
CUST_07911,25,38026.03,13,639,0.503,91224.93,60,1,0,13.0,Own,Debt Consolidation,0
CUST_07912,49,24967.76,22,740,0.267,32607.23,12,2,3,6.5,Rent,Vehicle,1
CUST_07913,39,18017.02,4,586,0.237,24466.54,60,2,1,14.5,Rent,Home Improvement,0
CUST_07914,30,43732.27,29,655,0.231,46365.98,12,1,1,0.5,Rent,Debt Consolidation,0
CUST_07915,32,15000.0,33,737,0.226,57255.1,84,4,1,8.9,Mortgage,Medical,0
CUST_07916,24,15023.92,18,658,0.229,14807.43,60,1,1,4.4,Rent,Home Improvement,0
CUST_07917,51,18051.48,30,641,0.098,25506.16,36,1,2,13.3,Rent,Other,0
CUST_07918,38,51912.3,15,768,0.334,59500.3,60,0,2,4.9,Rent,Vehicle,0
CUST_07919,36,17242.0,26,664,0.357,39147.64,24,1,1,2.6,Mortgage,Education,0
CUST_07920,60,45938.96,25,607,0.137,70025.68,48,2,4,6.9,Mortgage,Other,1
CUST_07921,56,21677.09,28,738,0.528,41570.9,60,1,1,18.1,Mortgage,Home Improvement,0
CUST_07922,45,33750.77,28,760,0.211,22673.1,60,3,2,11.5,Rent,Other,0
CUST_07923,43,35196.37,30,693,0.29,46865.64,72,2,0,13.9,Own,Education,0
CUST_07924,32,33499.1,1,639,0.317,64452.98,36,1,1,3.8,Mortgage,Education,0
CUST_07925,54,26282.94,5,618,0.289,108661.46,24,0,1,1.3,Rent,Other,0
CUST_07926,56,16594.28,8,641,0.176,49317.3,36,2,2,0.5,Rent,Debt Consolidation,0
CUST_07927,57,36806.01,14,592,0.081,33052.83,24,0,0,4.9,Own,Medical,0
CUST_07928,23,47993.8,19,646,0.288,23773.3,72,0,2,13.5,Own,Debt Consolidation,0
CUST_07929,29,51001.17,1,718,0.116,30531.8,84,1,1,8.4,Rent,Home Improvement,0
CUST_07930,38,37831.39,2,732,0.261,27537.41,60,0,2,9.8,Rent,Medical,0
CUST_07931,63,41307.59,29,682,0.359,12126.16,60,2,0,8.3,Rent,Debt Consolidation,0
CUST_07932,55,24697.22,7,707,0.119,22985.92,60,0,1,8.1,Mortgage,Vehicle,0
CUST_07933,54,45466.67,20,664,0.215,66782.34,48,3,2,8.7,Own,Home Improvement,0
CUST_07934,61,44637.71,12,629,0.121,11547.94,60,3,1,9.1,Rent,Other,0
CUST_07935,34,31291.4,31,656,0.206,95451.65,72,2,1,12.5,Own,Debt Consolidation,0
CUST_07936,24,37199.19,13,759,0.189,37724.46,48,4,0,9.6,Rent,Education,0
CUST_07937,49,35832.2,0,521,0.406,10813.48,60,1,3,15.6,Rent,Debt Consolidation,1
CUST_07938,61,45627.74,26,600,0.41,13966.78,36,1,1,12.8,Own,Education,0
CUST_07939,65,16782.4,23,647,0.119,11806.32,36,2,2,12.4,Mortgage,Home Improvement,1
CUST_07940,35,16616.4,21,602,0.552,32154.65,48,7,0,4.3,Own,Debt Consolidation,1
CUST_07941,48,17053.25,13,711,0.159,32361.63,36,2,1,3.2,Rent,Debt Consolidation,0
CUST_07942,62,29074.5,7,573,0.192,54140.54,36,3,1,0.5,Mortgage,Debt Consolidation,0
CUST_07943,36,45599.58,26,764,0.168,12352.06,60,2,1,11.9,Rent,Home Improvement,0
CUST_07944,32,15000.0,2,817,0.139,61045.65,36,0,1,9.2,Mortgage,Debt Consolidation,0
CUST_07945,25,38063.2,32,697,0.39,21865.98,60,3,1,9.5,Own,Other,1
CUST_07946,54,65964.71,20,637,0.33,27233.06,72,3,0,0.5,Mortgage,Debt Consolidation,1
CUST_07947,62,41629.96,31,745,0.224,47454.01,36,4,1,5.6,Mortgage,Education,0
CUST_07948,21,15000.0,31,660,0.209,33637.22,84,2,1,10.7,Mortgage,Home Improvement,0
CUST_07949,59,47123.79,23,620,0.431,21349.06,60,1,3,11.2,Rent,Education,1
CUST_07950,52,40992.35,10,684,0.211,52609.52,60,1,0,3.4,Own,Medical,0
CUST_07951,46,30597.75,20,570,0.012,23980.95,36,0,0,15.3,Mortgage,Debt Consolidation,0
CUST_07952,37,39770.81,17,628,0.41,35228.63,12,5,0,6.0,Mortgage,Vehicle,1
CUST_07953,68,18071.07,10,626,0.513,17786.95,48,0,2,3.7,Rent,Debt Consolidation,0
CUST_07954,47,37253.25,26,673,0.308,69776.81,72,0,3,2.3,Rent,Other,0
CUST_07955,44,46133.57,0,569,0.319,12453.48,60,2,3,10.4,Rent,Debt Consolidation,0
CUST_07956,55,25681.78,28,615,0.072,12944.58,84,2,2,3.7,Rent,Home Improvement,0
CUST_07957,66,28698.13,20,644,0.418,20662.06,60,2,0,10.7,Own,Home Improvement,0
CUST_07958,62,27342.23,28,713,0.36,105617.62,60,3,1,12.4,Rent,Home Improvement,0
CUST_07959,59,28634.24,8,680,0.062,43548.9,24,1,1,13.6,Mortgage,Vehicle,0
CUST_07960,46,23978.86,6,794,0.38,34493.66,84,1,0,10.4,Mortgage,Education,1
CUST_07961,69,24703.08,30,617,0.138,16887.89,36,1,1,3.3,Own,Debt Consolidation,0
CUST_07962,58,47006.69,26,742,0.309,45051.06,36,2,0,5.7,Rent,Education,0
CUST_07963,43,15193.96,31,742,0.21,27589.85,12,1,1,6.9,Mortgage,Medical,0
CUST_07964,42,39794.96,4,693,0.39,22963.72,48,0,1,5.6,Mortgage,Other,0
CUST_07965,24,46961.0,32,690,0.412,78563.57,72,2,0,6.8,Mortgage,Debt Consolidation,0
CUST_07966,69,18465.32,14,698,0.638,71151.28,60,1,1,15.4,Own,Education,0
CUST_07967,29,34951.6,4,614,0.257,11323.74,60,2,3,12.2,Rent,Medical,0
CUST_07968,24,22965.08,19,747,0.625,69381.01,60,0,3,9.9,Own,Education,0
CUST_07969,27,64097.71,16,685,0.166,25284.42,24,1,2,9.6,Rent,Debt Consolidation,0
CUST_07970,43,32767.25,3,596,0.14,39597.51,36,3,2,7.9,Mortgage,Debt Consolidation,1
CUST_07971,22,75853.5,20,763,0.517,9011.28,48,4,0,11.1,Own,Home Improvement,0
CUST_07972,69,70343.01,33,672,0.486,56509.44,60,1,2,12.7,Mortgage,Medical,0
CUST_07973,44,42347.5,4,684,0.25,48246.94,60,1,0,3.0,Own,Education,0
CUST_07974,60,106016.9,3,504,0.251,21955.19,36,4,1,8.3,Mortgage,Home Improvement,1
CUST_07975,51,16527.16,21,674,0.411,38835.35,60,0,1,0.5,Rent,Debt Consolidation,1
CUST_07976,67,74810.13,13,769,0.062,8847.11,24,2,0,16.3,Own,Vehicle,0
CUST_07977,51,31760.0,3,636,0.302,19002.31,36,3,0,11.2,Own,Vehicle,1
CUST_07978,67,34086.48,7,590,0.323,12948.64,72,0,1,6.9,Own,Education,0
CUST_07979,60,28836.15,2,712,0.317,38349.93,72,1,1,10.0,Mortgage,Education,0
CUST_07980,68,17588.04,28,558,0.5,26166.7,36,2,1,8.5,Mortgage,Home Improvement,0
CUST_07981,63,48281.24,25,722,0.125,35112.89,36,2,0,9.2,Rent,Vehicle,0
CUST_07982,54,19528.73,29,666,0.259,16460.96,60,2,1,0.5,Own,Vehicle,0
CUST_07983,44,27024.54,11,686,0.059,9311.5,60,3,3,14.7,Rent,Other,0
CUST_07984,69,27629.35,14,846,0.266,89006.51,60,1,0,15.7,Mortgage,Home Improvement,0
CUST_07985,46,59741.86,1,698,0.498,12574.89,36,1,2,0.8,Rent,Other,0
CUST_07986,36,35002.04,0,586,0.181,8304.89,36,0,0,4.7,Mortgage,Other,1
CUST_07987,67,15000.0,27,688,0.145,71106.32,12,1,4,12.7,Own,Home Improvement,0
CUST_07988,33,23166.94,34,732,0.181,36048.71,12,1,1,1.8,Rent,Education,0
CUST_07989,35,16629.38,33,539,0.737,80100.18,24,3,0,20.0,Own,Other,0
CUST_07990,47,46687.93,3,679,0.513,85796.91,84,1,0,17.5,Rent,Vehicle,1
CUST_07991,24,20101.58,17,559,0.501,9362.85,36,2,1,16.2,Rent,Home Improvement,1
CUST_07992,36,26824.8,11,682,0.142,33322.93,48,1,0,14.3,Own,Home Improvement,0
CUST_07993,50,87131.03,20,788,0.431,43762.44,36,2,1,9.6,Mortgage,Debt Consolidation,0
CUST_07994,64,49930.54,9,650,0.066,43061.33,72,1,1,0.5,Rent,Vehicle,0
CUST_07995,50,20286.41,20,686,0.157,31252.18,60,5,3,17.0,Mortgage,Vehicle,0
CUST_07996,56,54859.15,24,700,0.224,139362.96,60,2,0,5.9,Rent,Other,0
CUST_07997,23,25363.95,16,704,0.551,42267.75,60,0,1,3.8,Rent,Other,0
CUST_07998,42,54790.66,5,690,0.536,45851.68,60,2,2,4.6,Mortgage,Debt Consolidation,0
CUST_07999,69,29549.85,13,539,0.509,22865.13,12,1,1,0.5,Own,Vehicle,0
CUST_08000,42,22471.12,17,693,0.42,10160.0,60,3,1,15.1,Mortgage,Education,0
CUST_08001,69,21445.41,29,636,0.189,62815.17,60,0,1,9.0,Own,Vehicle,0
CUST_08002,32,41932.4,8,600,0.253,33088.93,24,0,0,5.9,Rent,Home Improvement,0
CUST_08003,41,57326.06,13,694,0.428,82845.64,48,1,1,9.5,Mortgage,Vehicle,0
CUST_08004,24,43747.96,16,690,0.327,15232.66,36,1,1,11.8,Rent,Education,1
CUST_08005,51,29251.31,33,556,0.69,28272.52,36,1,0,9.6,Rent,Medical,0
CUST_08006,64,15000.0,21,652,0.215,19863.79,60,2,1,8.4,Rent,Debt Consolidation,1
CUST_08007,51,26379.03,31,774,0.395,18904.12,48,2,3,6.9,Mortgage,Home Improvement,0
CUST_08008,43,19418.54,11,592,0.389,36906.15,36,2,1,1.1,Rent,Home Improvement,1
CUST_08009,40,71990.16,15,692,0.249,5951.21,60,0,1,0.5,Own,Vehicle,0
CUST_08010,35,29755.17,21,596,0.377,36897.02,72,1,1,0.5,Own,Vehicle,0
CUST_08011,43,42200.61,1,795,0.544,43176.61,60,1,2,6.8,Rent,Medical,0
CUST_08012,48,30582.15,7,729,0.299,166453.36,72,1,3,0.5,Mortgage,Other,0
CUST_08013,36,45019.13,0,622,0.15,25387.2,36,3,0,14.3,Mortgage,Home Improvement,1
CUST_08014,57,52004.58,4,695,0.185,64106.42,48,1,2,23.0,Rent,Vehicle,1
CUST_08015,41,116334.78,16,584,0.25,27632.18,24,0,1,6.6,Own,Medical,0
CUST_08016,35,28912.73,29,553,0.187,57295.62,24,2,1,3.2,Mortgage,Debt Consolidation,0
CUST_08017,37,61178.61,14,673,0.558,91253.96,48,4,0,11.1,Rent,Education,1
CUST_08018,57,41729.29,19,627,0.075,7249.59,60,2,1,10.3,Mortgage,Debt Consolidation,0
CUST_08019,33,27199.07,1,694,0.056,39914.0,60,2,0,9.9,Own,Home Improvement,0
CUST_08020,39,28187.33,3,563,0.541,97318.78,36,2,0,7.8,Own,Home Improvement,1
CUST_08021,50,45956.53,23,641,0.228,86238.97,60,2,2,1.5,Rent,Medical,1
CUST_08022,65,31310.19,1,787,0.493,39633.26,48,1,1,2.4,Own,Vehicle,0
CUST_08023,38,38271.76,1,780,0.655,61235.48,60,1,1,4.5,Own,Education,0
CUST_08024,34,50631.18,0,797,0.466,28178.1,60,1,3,13.9,Own,Vehicle,0
CUST_08025,56,126456.19,12,838,0.054,61127.61,48,1,3,3.0,Mortgage,Home Improvement,0
CUST_08026,56,36910.16,5,652,0.352,34396.36,36,2,0,11.8,Own,Vehicle,0
CUST_08027,40,20659.14,21,485,0.228,24579.67,72,0,2,7.2,Rent,Debt Consolidation,1
CUST_08028,39,44311.28,16,757,0.197,55611.83,36,1,3,7.8,Own,Home Improvement,0
CUST_08029,65,28509.29,21,602,0.323,22926.14,36,1,0,5.5,Mortgage,Medical,0
CUST_08030,64,93601.72,5,824,0.488,54652.19,60,2,1,5.6,Own,Debt Consolidation,0
CUST_08031,27,28323.4,2,686,0.445,56394.33,48,2,0,2.4,Own,Medical,0
CUST_08032,64,36651.09,5,794,0.261,71543.33,24,1,1,4.1,Own,Debt Consolidation,1
CUST_08033,24,49585.66,16,669,0.8,34058.5,48,3,0,15.9,Rent,Debt Consolidation,1
CUST_08034,54,46427.65,34,632,0.242,162076.49,24,2,2,4.1,Mortgage,Debt Consolidation,1
CUST_08035,22,72772.71,34,731,0.323,16078.51,24,2,2,18.2,Mortgage,Vehicle,1
CUST_08036,25,50703.07,22,714,0.229,114933.82,36,4,2,5.2,Rent,Debt Consolidation,1
CUST_08037,30,117180.81,7,600,0.205,79701.21,36,0,0,6.7,Rent,Vehicle,0
CUST_08038,52,45467.19,6,678,0.08,60390.08,84,3,1,5.9,Mortgage,Medical,0
CUST_08039,62,69532.66,9,640,0.261,73193.88,84,1,1,8.5,Own,Home Improvement,0
CUST_08040,61,28720.73,25,694,0.249,26331.41,60,0,1,14.2,Rent,Medical,0
CUST_08041,33,97480.91,9,678,0.399,5201.81,60,1,0,1.0,Mortgage,Vehicle,1
CUST_08042,59,30520.44,18,690,0.083,24735.32,72,0,1,0.5,Own,Education,0
CUST_08043,25,76344.91,22,681,0.326,49732.72,48,1,3,3.9,Rent,Medical,0
CUST_08044,30,56724.38,30,655,0.512,64814.06,60,2,1,0.5,Own,Debt Consolidation,1
CUST_08045,30,37546.47,32,705,0.062,99536.49,72,1,1,5.6,Rent,Vehicle,0
CUST_08046,58,76713.7,1,627,0.313,29549.39,24,1,0,0.5,Rent,Education,0
CUST_08047,47,36098.47,27,795,0.506,12801.04,60,1,0,4.1,Rent,Debt Consolidation,0
CUST_08048,41,71983.55,31,679,0.59,28406.06,24,0,1,11.8,Mortgage,Debt Consolidation,0
CUST_08049,28,43871.7,32,739,0.291,43494.54,72,1,2,0.5,Rent,Medical,0
CUST_08050,21,30073.26,8,643,0.402,15800.42,60,1,0,5.9,Rent,Vehicle,0
CUST_08051,48,42622.35,28,650,0.19,133997.46,84,3,0,2.7,Own,Vehicle,0
CUST_08052,69,36940.06,14,745,0.445,50115.06,48,0,3,4.9,Mortgage,Education,0
CUST_08053,59,29107.22,17,733,0.191,29576.92,72,3,4,2.7,Rent,Other,0
CUST_08054,34,40802.27,17,671,0.289,45005.76,84,1,0,10.5,Mortgage,Education,0
CUST_08055,41,44437.69,6,555,0.338,35958.54,36,2,0,19.8,Rent,Vehicle,1
CUST_08056,50,15000.0,13,643,0.244,13348.9,72,2,3,0.5,Mortgage,Other,0
CUST_08057,41,46661.83,28,674,0.142,80679.61,36,3,0,7.1,Mortgage,Debt Consolidation,1
CUST_08058,69,52604.26,18,632,0.403,76344.02,48,1,1,17.6,Rent,Vehicle,1
CUST_08059,29,75043.47,4,591,0.417,16822.96,72,0,1,11.2,Rent,Debt Consolidation,1
CUST_08060,37,19574.83,4,740,0.3,70356.22,48,1,1,5.9,Own,Debt Consolidation,1
CUST_08061,25,21834.53,14,667,0.294,9954.94,48,2,0,0.5,Mortgage,Vehicle,0
CUST_08062,51,40321.36,25,807,0.113,29520.89,36,3,0,17.8,Own,Debt Consolidation,0
CUST_08063,60,25426.24,23,668,0.087,37356.47,48,4,1,11.9,Mortgage,Debt Consolidation,0
CUST_08064,58,20032.69,18,692,0.28,56114.7,60,1,0,9.0,Rent,Education,0
CUST_08065,63,29533.99,19,639,0.083,126883.1,60,0,0,5.2,Mortgage,Home Improvement,0
CUST_08066,39,30335.99,8,786,0.38,106709.69,60,3,0,1.3,Rent,Debt Consolidation,0
CUST_08067,56,21854.79,27,659,0.348,34713.46,60,1,1,15.5,Own,Other,0
CUST_08068,53,21782.01,15,666,0.684,9999.45,36,5,0,2.5,Rent,Debt Consolidation,0
CUST_08069,33,34178.11,10,613,0.421,29936.0,60,3,1,13.6,Rent,Debt Consolidation,1
CUST_08070,34,17600.56,33,707,0.287,42876.65,12,0,0,3.8,Own,Medical,0
CUST_08071,53,17459.53,24,657,0.168,64260.03,12,0,1,10.8,Own,Medical,1
CUST_08072,49,37637.43,20,612,0.658,125970.27,84,1,3,13.1,Rent,Debt Consolidation,0
CUST_08073,63,77097.15,4,677,0.127,19705.17,72,1,0,16.1,Mortgage,Home Improvement,0
CUST_08074,69,52392.6,10,731,0.393,37408.56,48,0,3,7.5,Mortgage,Home Improvement,0
CUST_08075,56,66923.76,8,795,0.291,54198.49,60,0,0,6.9,Mortgage,Debt Consolidation,0
CUST_08076,64,15000.0,10,697,0.196,15190.21,60,2,1,3.2,Own,Home Improvement,0
CUST_08077,30,17956.36,0,641,0.482,47789.78,36,1,0,17.6,Rent,Debt Consolidation,1
CUST_08078,51,36509.4,25,712,0.181,39458.52,48,0,0,10.9,Rent,Home Improvement,0
CUST_08079,26,55166.49,9,670,0.548,105514.75,24,2,1,6.3,Rent,Education,0
CUST_08080,21,49962.2,18,684,0.185,14391.56,36,1,0,9.3,Mortgage,Debt Consolidation,0
CUST_08081,27,18544.29,15,680,0.088,34963.13,36,3,1,5.4,Mortgage,Debt Consolidation,0
CUST_08082,47,64077.82,3,712,0.343,56275.17,60,2,2,4.7,Mortgage,Other,0
CUST_08083,41,34868.03,13,722,0.173,34287.92,60,2,1,7.1,Own,Education,0
CUST_08084,48,53576.4,29,677,0.354,14363.07,24,2,1,10.3,Mortgage,Home Improvement,0
CUST_08085,36,26834.97,6,850,0.32,24962.01,48,3,0,8.2,Rent,Debt Consolidation,0
CUST_08086,66,16783.16,11,744,0.213,41985.52,60,2,3,9.0,Rent,Vehicle,0
CUST_08087,43,55432.57,23,534,0.306,200000.0,60,1,4,15.9,Rent,Home Improvement,0
CUST_08088,40,45927.69,21,656,0.359,15114.21,24,1,4,14.3,Own,Debt Consolidation,0
CUST_08089,58,19480.86,29,679,0.285,34448.96,36,2,2,8.1,Rent,Home Improvement,0
CUST_08090,45,26001.61,19,723,0.153,42043.05,36,0,0,2.9,Own,Vehicle,0
CUST_08091,48,51176.9,25,808,0.267,63250.29,24,2,1,11.8,Own,Debt Consolidation,0
CUST_08092,25,40256.14,4,630,0.08,19354.15,24,0,1,9.1,Mortgage,Vehicle,0
CUST_08093,41,46669.5,5,761,0.249,44371.9,36,0,0,20.9,Mortgage,Medical,0
CUST_08094,38,27940.24,33,694,0.326,179090.39,48,2,1,13.0,Own,Education,0
CUST_08095,67,73980.99,4,703,0.23,15486.47,24,1,1,3.5,Mortgage,Other,0
CUST_08096,26,34352.32,9,764,0.123,40151.62,60,1,1,15.6,Rent,Medical,0
CUST_08097,49,15000.0,27,564,0.117,61669.1,48,1,3,10.4,Rent,Debt Consolidation,0
CUST_08098,39,38310.12,2,717,0.072,37849.09,84,2,0,12.9,Mortgage,Home Improvement,0
CUST_08099,53,49142.1,12,796,0.509,40087.93,36,2,1,19.6,Mortgage,Home Improvement,0
CUST_08100,21,42130.97,1,606,0.439,57877.59,36,1,1,8.5,Mortgage,Education,1
CUST_08101,65,29339.26,34,680,0.519,38205.37,36,2,2,4.1,Rent,Home Improvement,0
CUST_08102,23,15000.0,27,727,0.35,60593.8,48,3,2,10.2,Mortgage,Other,0
CUST_08103,62,26239.3,22,543,0.602,28536.92,36,3,1,16.4,Rent,Vehicle,1
CUST_08104,41,27507.79,22,704,0.239,49523.33,36,3,3,3.3,Rent,Debt Consolidation,1
CUST_08105,55,26118.64,34,662,0.318,23034.25,72,0,1,9.4,Own,Vehicle,1
CUST_08106,61,49314.91,31,778,0.093,31298.03,24,0,0,7.6,Mortgage,Education,0
CUST_08107,60,30739.03,1,628,0.228,35397.59,48,2,3,3.3,Rent,Debt Consolidation,0
CUST_08108,23,72463.45,15,677,0.241,21546.74,60,2,1,3.9,Mortgage,Vehicle,1
CUST_08109,45,32442.36,15,624,0.153,12002.38,84,1,0,13.6,Own,Home Improvement,0
CUST_08110,65,66698.79,2,672,0.107,15172.41,72,1,1,5.9,Rent,Vehicle,0
CUST_08111,58,40426.16,27,630,0.344,30774.35,36,4,0,8.3,Mortgage,Vehicle,0
CUST_08112,65,41436.02,28,653,0.199,76305.01,48,0,1,9.9,Own,Home Improvement,0
CUST_08113,40,25811.3,19,600,0.564,46620.46,60,3,3,0.5,Mortgage,Debt Consolidation,0
CUST_08114,64,18484.41,32,631,0.506,72941.63,36,3,1,11.1,Mortgage,Debt Consolidation,0
CUST_08115,65,35008.17,21,627,0.208,56360.66,36,3,4,2.1,Mortgage,Vehicle,0
CUST_08116,54,84408.5,7,648,0.185,71913.86,36,1,2,4.3,Mortgage,Debt Consolidation,0
CUST_08117,41,28872.69,23,672,0.196,26868.74,24,1,0,14.2,Rent,Debt Consolidation,0
CUST_08118,68,26670.54,19,477,0.183,37935.21,60,1,0,12.9,Rent,Debt Consolidation,0
CUST_08119,43,33324.23,11,690,0.453,31536.6,48,3,0,1.9,Mortgage,Education,0
CUST_08120,26,87912.21,19,767,0.244,35510.47,72,1,4,2.6,Own,Other,0
CUST_08121,33,53823.66,19,733,0.228,13095.73,36,2,2,11.3,Rent,Debt Consolidation,0
CUST_08122,69,66644.74,3,619,0.223,51775.16,36,3,2,3.2,Rent,Vehicle,1
CUST_08123,43,15000.0,29,752,0.096,33717.98,36,1,1,12.1,Mortgage,Education,0
CUST_08124,29,24045.06,30,623,0.501,81903.76,60,2,2,2.2,Rent,Other,0
CUST_08125,37,24465.83,21,701,0.555,15149.36,48,1,1,11.3,Mortgage,Education,0
CUST_08126,22,64090.01,14,511,0.543,7009.0,60,0,2,10.1,Mortgage,Debt Consolidation,0
CUST_08127,39,50510.68,27,723,0.277,45798.92,36,2,1,13.8,Own,Education,0
CUST_08128,39,61570.95,10,680,0.294,19121.07,72,1,1,3.9,Rent,Debt Consolidation,0
CUST_08129,27,15000.0,13,690,0.337,47527.31,72,3,0,0.5,Mortgage,Vehicle,0
CUST_08130,62,63270.15,10,681,0.188,54595.43,60,0,1,8.6,Rent,Debt Consolidation,1
CUST_08131,62,50496.7,8,811,0.518,108906.33,84,0,2,11.2,Own,Debt Consolidation,0
CUST_08132,40,22878.5,23,741,0.53,61309.45,36,1,2,0.5,Mortgage,Vehicle,0
CUST_08133,29,32910.18,9,730,0.43,63360.12,48,1,2,9.9,Rent,Vehicle,1
CUST_08134,37,23230.16,31,719,0.265,6072.85,60,4,1,12.8,Mortgage,Home Improvement,0
CUST_08135,47,34603.0,19,820,0.353,21572.89,36,3,1,6.3,Rent,Debt Consolidation,0
CUST_08136,67,45464.08,13,662,0.431,60213.06,36,3,3,17.0,Own,Other,0
CUST_08137,22,73284.89,3,583,0.426,33027.99,12,0,1,10.3,Rent,Home Improvement,1
CUST_08138,56,22703.86,23,800,0.307,95752.62,72,0,3,12.3,Mortgage,Vehicle,0
CUST_08139,39,28721.23,31,647,0.227,32418.59,36,0,2,6.7,Rent,Debt Consolidation,0
CUST_08140,37,20921.56,9,715,0.296,26672.22,48,2,1,1.2,Own,Education,1
CUST_08141,25,53278.16,15,716,0.213,23947.1,12,1,1,4.2,Rent,Medical,0
CUST_08142,59,16518.05,31,629,0.139,17679.01,48,2,2,13.0,Mortgage,Debt Consolidation,0
CUST_08143,38,39676.21,17,581,0.114,40192.9,60,0,0,11.1,Own,Education,0
CUST_08144,27,19675.04,24,755,0.122,41460.65,48,0,2,6.8,Mortgage,Debt Consolidation,0
CUST_08145,37,37156.94,6,769,0.334,8335.14,72,1,1,0.5,Own,Medical,0
CUST_08146,59,64728.43,17,724,0.488,25654.66,36,1,2,5.3,Own,Home Improvement,0
CUST_08147,56,28123.72,17,708,0.134,48820.22,36,0,4,1.5,Own,Home Improvement,1
CUST_08148,60,40555.84,2,582,0.435,37492.84,60,1,1,13.6,Own,Other,1
CUST_08149,65,23235.04,0,657,0.443,36893.34,60,0,1,9.1,Mortgage,Debt Consolidation,0
CUST_08150,24,34330.33,32,765,0.264,23159.96,12,0,3,4.2,Mortgage,Home Improvement,0
CUST_08151,58,16664.74,6,625,0.351,22403.54,36,2,0,0.5,Mortgage,Vehicle,0
CUST_08152,45,51733.35,9,689,0.246,26756.79,36,3,1,7.3,Rent,Vehicle,1
CUST_08153,25,29503.61,7,712,0.17,46061.25,48,1,2,3.6,Mortgage,Vehicle,0
CUST_08154,50,32714.89,31,716,0.191,6468.47,60,1,0,10.2,Own,Vehicle,0
CUST_08155,32,37594.08,22,608,0.525,20072.01,48,0,1,16.5,Rent,Debt Consolidation,0
CUST_08156,24,15000.0,16,672,0.154,200000.0,36,1,2,9.0,Rent,Home Improvement,0
CUST_08157,44,25690.69,13,739,0.217,128156.01,72,4,0,12.7,Rent,Home Improvement,0
CUST_08158,49,38856.1,16,810,0.202,90199.79,60,1,1,18.1,Rent,Vehicle,0
CUST_08159,29,33524.78,24,665,0.144,42840.36,60,1,2,11.2,Own,Home Improvement,0
CUST_08160,24,107868.99,20,709,0.319,13476.42,36,1,0,3.9,Mortgage,Vehicle,0
CUST_08161,44,68142.67,5,599,0.112,28279.95,36,1,0,10.7,Mortgage,Debt Consolidation,0
CUST_08162,34,38940.79,19,663,0.526,28016.19,60,1,3,8.9,Rent,Home Improvement,0
CUST_08163,25,21780.07,19,645,0.258,24214.62,24,2,1,5.2,Mortgage,Debt Consolidation,0
CUST_08164,38,28354.27,25,816,0.494,20728.78,12,2,0,10.4,Mortgage,Home Improvement,0
CUST_08165,62,50466.62,31,731,0.757,32709.41,84,2,2,15.7,Mortgage,Other,0
CUST_08166,39,37733.76,7,687,0.474,17104.49,72,0,0,0.5,Mortgage,Medical,0
CUST_08167,32,68737.63,28,547,0.094,19744.26,72,1,0,8.3,Own,Medical,1
CUST_08168,38,37584.68,16,702,0.301,25280.9,48,2,0,8.8,Mortgage,Home Improvement,0
CUST_08169,37,38480.89,17,702,0.363,30830.92,24,0,3,1.8,Mortgage,Debt Consolidation,1
CUST_08170,50,81806.02,17,664,0.394,47344.55,48,2,2,4.4,Rent,Vehicle,0
CUST_08171,44,20988.25,10,683,0.549,17620.4,36,2,0,14.2,Own,Education,0
CUST_08172,31,86416.06,11,806,0.396,26751.83,60,1,0,8.7,Rent,Home Improvement,0
CUST_08173,55,53359.99,14,746,0.479,24651.5,72,1,1,0.5,Own,Debt Consolidation,0
CUST_08174,43,183090.36,25,618,0.15,56631.29,48,1,0,6.2,Own,Debt Consolidation,0
CUST_08175,37,25572.78,2,817,0.308,37861.04,60,3,0,19.2,Mortgage,Debt Consolidation,0
CUST_08176,21,82018.65,2,624,0.403,5679.56,48,1,2,21.8,Mortgage,Debt Consolidation,1
CUST_08177,35,38829.52,34,793,0.151,14289.12,84,1,1,9.8,Rent,Debt Consolidation,0
CUST_08178,52,33097.33,8,629,0.144,41492.92,48,0,1,8.7,Own,Debt Consolidation,0
CUST_08179,29,42296.14,3,669,0.044,16955.46,60,1,0,10.6,Rent,Home Improvement,0
CUST_08180,35,38661.8,19,532,0.464,8782.03,48,0,3,2.5,Mortgage,Other,0
CUST_08181,48,24600.99,14,717,0.133,26310.57,48,0,2,10.6,Rent,Home Improvement,0
CUST_08182,44,34002.22,28,543,0.397,19052.03,60,0,1,7.6,Rent,Debt Consolidation,0
CUST_08183,55,42342.79,4,695,0.404,75831.39,60,0,2,14.5,Mortgage,Debt Consolidation,0
CUST_08184,42,29360.99,6,650,0.325,68199.1,36,2,0,15.1,Mortgage,Debt Consolidation,1
CUST_08185,47,47582.52,7,650,0.157,35571.78,48,0,1,12.8,Rent,Home Improvement,0
CUST_08186,39,31322.09,31,708,0.432,29472.14,12,5,0,18.6,Rent,Home Improvement,0
CUST_08187,65,45668.89,32,737,0.505,77242.79,12,0,0,9.8,Mortgage,Debt Consolidation,0
CUST_08188,32,42995.82,31,772,0.385,25955.17,24,5,1,0.5,Own,Other,0
CUST_08189,40,45509.04,33,598,0.193,54183.98,60,1,3,16.2,Mortgage,Debt Consolidation,0
CUST_08190,21,18502.17,24,658,0.285,39184.78,24,2,1,3.8,Rent,Debt Consolidation,1
CUST_08191,41,62852.21,31,677,0.627,41556.59,72,4,0,11.5,Mortgage,Debt Consolidation,0
CUST_08192,69,23552.35,1,722,0.201,72052.85,36,0,1,13.2,Mortgage,Vehicle,1
CUST_08193,65,33092.88,8,721,0.401,16469.69,72,0,0,14.7,Rent,Home Improvement,0
CUST_08194,21,26293.57,28,621,0.242,78616.53,84,1,1,12.7,Rent,Education,0
CUST_08195,30,37634.42,17,764,0.291,31608.54,48,1,2,9.0,Rent,Home Improvement,0
CUST_08196,67,34352.78,21,709,0.116,36566.13,48,2,3,4.2,Own,Debt Consolidation,1
CUST_08197,52,50291.76,34,805,0.584,31395.54,36,2,0,10.7,Mortgage,Education,0
CUST_08198,59,37121.13,14,702,0.226,19005.58,72,0,0,8.0,Mortgage,Home Improvement,0
CUST_08199,42,29856.49,6,540,0.19,113297.74,48,1,0,13.6,Mortgage,Home Improvement,0
CUST_08200,38,15000.0,12,622,0.384,11830.48,84,3,2,5.1,Mortgage,Education,0
CUST_08201,68,56509.37,15,669,0.46,32363.56,84,2,1,3.0,Own,Education,0
CUST_08202,66,47040.68,20,621,0.212,62141.31,84,1,1,10.2,Rent,Education,0
CUST_08203,52,57674.02,27,618,0.089,32685.73,36,3,0,2.6,Mortgage,Debt Consolidation,0
CUST_08204,47,33100.49,9,813,0.395,176892.65,24,1,0,13.8,Rent,Vehicle,1
CUST_08205,48,43410.93,18,593,0.209,23078.06,60,0,1,11.6,Rent,Home Improvement,0
CUST_08206,38,26194.48,16,643,0.333,13908.27,72,2,2,4.9,Rent,Debt Consolidation,1
CUST_08207,59,25024.19,0,685,0.156,16235.07,36,1,1,6.2,Rent,Vehicle,1
CUST_08208,69,31514.38,12,588,0.525,47611.38,84,0,0,2.2,Rent,Vehicle,0
CUST_08209,49,57578.44,19,669,0.076,123352.18,72,0,0,3.2,Own,Vehicle,0
CUST_08210,38,31653.78,5,515,0.652,51377.47,60,1,0,11.0,Own,Other,0
CUST_08211,64,35346.58,22,641,0.162,14321.48,24,4,1,7.9,Rent,Debt Consolidation,0
CUST_08212,28,40995.7,23,602,0.171,21231.99,72,3,0,8.5,Rent,Medical,0
CUST_08213,51,36778.6,4,659,0.612,86682.42,24,0,1,8.9,Own,Home Improvement,0
CUST_08214,54,60304.9,31,676,0.125,20582.67,48,2,2,1.7,Mortgage,Vehicle,0
CUST_08215,27,24983.37,16,774,0.227,19842.47,12,3,2,4.6,Mortgage,Debt Consolidation,0
CUST_08216,56,38172.53,10,637,0.487,144482.43,36,3,1,8.8,Rent,Medical,0
CUST_08217,38,46033.0,26,830,0.492,15201.6,60,0,0,5.9,Mortgage,Other,0
CUST_08218,58,15976.28,3,695,0.242,53197.42,12,0,1,15.0,Rent,Education,0
CUST_08219,29,41482.41,22,614,0.143,26943.47,36,2,1,6.2,Rent,Medical,0
CUST_08220,29,71040.98,22,689,0.402,57026.89,36,1,1,0.5,Mortgage,Debt Consolidation,0
CUST_08221,66,30477.82,33,766,0.111,99051.94,12,2,1,1.6,Own,Medical,0
CUST_08222,28,21109.52,20,605,0.44,61409.74,60,3,1,9.3,Rent,Medical,1
CUST_08223,55,45867.71,21,816,0.142,8700.48,60,3,0,13.6,Mortgage,Debt Consolidation,0
CUST_08224,38,39725.3,0,717,0.483,77257.66,12,1,3,7.3,Own,Home Improvement,1
CUST_08225,25,77747.63,31,600,0.294,86583.32,48,2,0,9.7,Mortgage,Vehicle,0
CUST_08226,34,45199.17,27,643,0.073,36919.55,48,4,2,12.1,Own,Home Improvement,0
CUST_08227,48,22657.05,17,651,0.284,46179.11,48,2,2,9.5,Mortgage,Vehicle,0
CUST_08228,50,22150.73,6,758,0.093,22156.08,48,1,1,0.5,Own,Debt Consolidation,0
CUST_08229,24,55821.23,5,597,0.371,28040.91,24,0,1,10.5,Mortgage,Debt Consolidation,1
CUST_08230,59,43410.47,13,788,0.235,14567.34,36,2,4,15.6,Own,Home Improvement,0
CUST_08231,40,35273.61,29,760,0.038,54056.98,72,0,0,0.7,Rent,Vehicle,1
CUST_08232,45,39584.55,13,797,0.103,32753.28,36,0,2,7.8,Rent,Home Improvement,0
CUST_08233,48,45295.73,8,684,0.265,40100.64,60,0,1,0.5,Mortgage,Vehicle,1
CUST_08234,32,43757.13,30,766,0.089,45872.43,24,1,1,5.0,Mortgage,Other,0
CUST_08235,22,17107.31,1,663,0.031,17086.46,60,2,2,16.5,Own,Debt Consolidation,0
CUST_08236,63,66725.9,17,752,0.248,39321.3,60,1,0,24.1,Own,Education,0
CUST_08237,34,68996.11,4,686,0.203,14171.75,84,1,2,7.1,Own,Other,0
CUST_08238,42,89775.21,25,806,0.418,7913.29,36,3,0,5.6,Rent,Vehicle,0
CUST_08239,51,80523.37,22,699,0.203,68292.62,36,2,1,16.9,Mortgage,Home Improvement,0
CUST_08240,43,73959.5,11,621,0.169,6807.46,60,4,1,8.1,Mortgage,Education,0
CUST_08241,68,31468.96,13,786,0.293,10701.45,60,1,1,2.7,Rent,Other,0
CUST_08242,40,42221.5,12,695,0.47,11067.04,36,0,1,6.2,Own,Education,1
CUST_08243,58,65088.25,34,642,0.154,29265.13,36,1,1,8.1,Own,Debt Consolidation,1
CUST_08244,24,15000.0,14,639,0.204,27916.21,60,2,0,1.0,Own,Debt Consolidation,0
CUST_08245,35,32554.16,34,618,0.547,16298.13,48,1,2,1.6,Own,Debt Consolidation,1
CUST_08246,44,15480.16,18,580,0.405,55779.19,36,0,0,9.6,Mortgage,Home Improvement,0
CUST_08247,45,41778.65,14,650,0.317,35081.21,60,1,3,10.3,Rent,Home Improvement,0
CUST_08248,21,68384.67,7,694,0.336,55139.9,60,1,1,9.2,Rent,Home Improvement,0
CUST_08249,27,36658.45,22,653,0.502,48391.52,60,1,1,5.5,Own,Medical,1
CUST_08250,51,27320.38,12,415,0.559,86005.55,60,2,3,18.2,Mortgage,Education,0
CUST_08251,32,41838.93,22,572,0.284,9409.94,36,2,1,13.6,Own,Home Improvement,0
CUST_08252,62,44633.08,30,746,0.579,21394.26,72,0,0,7.3,Rent,Vehicle,1
CUST_08253,25,46234.12,29,672,0.32,54453.28,24,1,2,6.1,Mortgage,Other,0
CUST_08254,64,19782.05,1,561,0.036,8477.35,36,6,4,10.1,Mortgage,Debt Consolidation,0
CUST_08255,62,41017.03,10,655,0.437,24565.72,36,1,0,11.0,Own,Vehicle,0
CUST_08256,58,39818.39,24,689,0.402,10307.78,84,1,1,15.5,Rent,Education,0
CUST_08257,32,58346.08,28,747,0.274,48511.33,36,2,1,12.2,Mortgage,Debt Consolidation,0
CUST_08258,59,34968.25,21,632,0.47,75123.41,72,1,2,10.2,Mortgage,Vehicle,0
CUST_08259,38,97451.69,18,724,0.076,26424.93,48,0,1,10.1,Mortgage,Debt Consolidation,0
CUST_08260,22,37841.73,8,678,0.251,26232.26,60,1,3,9.4,Mortgage,Education,1
CUST_08261,30,28594.22,28,654,0.157,95963.02,36,0,0,0.5,Mortgage,Other,0
CUST_08262,35,21992.18,9,741,0.228,29710.88,60,0,1,9.7,Mortgage,Vehicle,0
CUST_08263,50,28087.27,21,614,0.321,24917.45,72,1,2,11.2,Rent,Home Improvement,1
CUST_08264,64,24355.36,23,746,0.427,68266.24,60,1,1,3.1,Rent,Other,0
CUST_08265,37,33590.2,7,600,0.423,64383.42,72,3,4,11.6,Rent,Education,0
CUST_08266,24,84403.42,5,640,0.346,49217.09,36,1,1,9.3,Mortgage,Other,0
CUST_08267,27,17506.82,6,653,0.292,32167.56,60,0,1,10.2,Own,Vehicle,0
CUST_08268,61,18132.44,19,672,0.225,76051.82,36,3,2,0.5,Own,Debt Consolidation,0
CUST_08269,51,32295.47,16,502,0.191,36439.26,24,2,0,6.8,Rent,Debt Consolidation,0
CUST_08270,59,18371.19,7,687,0.123,29433.49,36,0,3,4.6,Mortgage,Vehicle,0
CUST_08271,54,22226.3,12,552,0.165,36784.59,48,0,0,3.2,Rent,Debt Consolidation,0
CUST_08272,26,43026.86,23,692,0.581,59714.45,72,1,2,13.3,Mortgage,Education,1
CUST_08273,58,35372.79,30,699,0.469,49045.65,36,2,1,5.8,Mortgage,Debt Consolidation,1
CUST_08274,65,45218.19,22,748,0.602,82165.87,24,1,2,4.1,Mortgage,Education,0
CUST_08275,54,48802.12,16,587,0.352,38532.36,48,2,0,10.2,Rent,Other,0
CUST_08276,64,71061.21,23,696,0.24,20678.14,24,1,4,9.4,Mortgage,Home Improvement,0
CUST_08277,35,43893.29,9,677,0.199,30293.53,36,0,1,12.0,Rent,Home Improvement,0
CUST_08278,34,66336.16,30,640,0.421,24895.3,72,0,0,7.9,Rent,Debt Consolidation,0
CUST_08279,26,38312.72,19,605,0.244,28617.48,60,1,3,10.1,Rent,Vehicle,0
CUST_08280,57,44144.12,15,686,0.396,29462.29,48,1,2,7.6,Rent,Home Improvement,0
CUST_08281,52,43860.1,13,774,0.303,49477.11,36,1,3,11.1,Own,Vehicle,0
CUST_08282,23,41868.08,2,663,0.217,32854.06,24,2,2,12.5,Mortgage,Vehicle,0
CUST_08283,23,40248.89,29,768,0.41,38506.24,72,0,1,7.3,Rent,Home Improvement,0
CUST_08284,42,90263.81,17,760,0.121,33618.14,48,2,2,3.0,Mortgage,Home Improvement,0
CUST_08285,42,51485.12,5,530,0.183,38221.74,24,3,1,12.8,Mortgage,Debt Consolidation,0
CUST_08286,30,29036.42,19,620,0.368,40364.21,48,1,0,3.2,Mortgage,Debt Consolidation,1
CUST_08287,23,117208.83,34,642,0.201,50842.9,60,1,1,4.0,Rent,Debt Consolidation,0
CUST_08288,32,30075.72,18,773,0.237,83145.86,60,1,3,10.8,Own,Debt Consolidation,0
CUST_08289,49,36220.69,25,679,0.412,81401.72,24,3,2,8.6,Mortgage,Debt Consolidation,0
CUST_08290,68,23973.03,34,770,0.306,26881.21,60,3,1,7.4,Rent,Debt Consolidation,0
CUST_08291,37,51976.98,11,670,0.348,11070.33,60,2,2,6.5,Rent,Vehicle,0
CUST_08292,27,84551.64,7,772,0.149,8945.47,36,3,0,16.0,Rent,Debt Consolidation,0
CUST_08293,33,17230.17,9,712,0.38,45199.75,60,1,2,9.5,Own,Home Improvement,0
CUST_08294,22,31612.71,20,673,0.137,30286.95,24,2,1,11.8,Mortgage,Home Improvement,0
CUST_08295,24,63469.0,28,762,0.207,108366.93,84,0,1,9.7,Rent,Debt Consolidation,0
CUST_08296,30,21382.78,30,645,0.439,74237.14,24,0,0,11.7,Own,Other,0
CUST_08297,59,48396.9,6,821,0.072,10837.97,36,1,0,5.1,Rent,Home Improvement,0
CUST_08298,44,18944.7,33,578,0.522,40148.43,60,0,1,4.5,Own,Vehicle,0
CUST_08299,37,44532.09,33,650,0.508,18783.05,84,0,1,2.5,Own,Home Improvement,0
CUST_08300,26,37756.34,29,687,0.337,46705.67,36,1,2,12.1,Rent,Debt Consolidation,0
CUST_08301,39,190763.84,3,628,0.314,76620.65,24,2,2,2.6,Own,Other,0
CUST_08302,25,52692.8,29,708,0.436,9030.2,24,3,1,5.8,Mortgage,Other,1
CUST_08303,52,15000.0,24,672,0.129,50515.25,60,1,4,3.0,Mortgage,Vehicle,0
CUST_08304,30,34983.33,13,703,0.654,187509.96,48,2,3,1.4,Mortgage,Vehicle,0
CUST_08305,29,54838.51,23,618,0.378,26738.55,72,2,0,9.7,Rent,Vehicle,1
CUST_08306,47,29537.66,30,609,0.233,47845.94,24,2,1,3.4,Rent,Home Improvement,1
CUST_08307,33,28903.41,27,678,0.657,22992.34,48,0,0,9.9,Rent,Debt Consolidation,0
CUST_08308,39,29617.71,24,731,0.099,26099.39,60,0,4,9.9,Mortgage,Debt Consolidation,0
CUST_08309,41,47742.62,18,809,0.162,29173.54,72,2,1,7.1,Mortgage,Vehicle,0
CUST_08310,44,19387.14,3,552,0.192,29621.1,60,2,2,13.2,Rent,Other,0
CUST_08311,58,27425.74,33,666,0.542,23057.8,36,1,0,5.1,Mortgage,Debt Consolidation,0
CUST_08312,24,60869.66,31,711,0.342,60437.64,72,4,0,4.7,Mortgage,Home Improvement,0
CUST_08313,44,28466.13,24,706,0.471,10250.73,72,0,1,5.7,Own,Home Improvement,1
CUST_08314,55,27626.95,21,595,0.414,113334.49,72,1,0,6.6,Mortgage,Debt Consolidation,1
CUST_08315,23,18248.2,27,629,0.345,29998.86,60,0,1,4.9,Rent,Home Improvement,0
CUST_08316,24,50159.19,17,679,0.36,51977.08,84,3,4,6.4,Rent,Debt Consolidation,0
CUST_08317,57,44923.65,6,850,0.33,21374.12,60,0,1,7.1,Mortgage,Debt Consolidation,0
CUST_08318,60,59052.5,10,746,0.148,48273.73,24,2,0,6.7,Mortgage,Home Improvement,1
CUST_08319,68,34321.71,10,705,0.126,90870.07,36,1,3,4.1,Mortgage,Vehicle,0
CUST_08320,55,42526.86,8,491,0.596,141227.26,60,3,4,16.4,Rent,Medical,1
CUST_08321,51,42348.35,34,588,0.496,77611.0,84,2,2,0.5,Rent,Debt Consolidation,0
CUST_08322,64,17809.83,22,594,0.343,49904.51,60,1,3,0.6,Mortgage,Medical,0
CUST_08323,45,117797.53,32,705,0.105,48016.4,36,0,1,3.4,Own,Debt Consolidation,0
CUST_08324,60,59220.87,0,670,0.085,18963.74,12,3,0,10.1,Own,Debt Consolidation,0
CUST_08325,33,37778.67,19,636,0.369,10393.47,36,1,0,10.3,Mortgage,Vehicle,0
CUST_08326,24,32464.17,4,703,0.349,24556.77,12,0,0,7.5,Rent,Medical,0
CUST_08327,66,70402.01,28,574,0.587,55131.67,60,2,1,9.5,Mortgage,Medical,1
CUST_08328,34,38099.71,25,623,0.142,57493.34,36,1,0,0.5,Rent,Education,1
CUST_08329,33,57343.29,2,675,0.266,5012.04,60,1,3,7.6,Mortgage,Home Improvement,0
CUST_08330,47,27200.45,20,811,0.286,12773.39,48,2,2,17.6,Mortgage,Education,0
CUST_08331,26,23441.78,12,743,0.242,28533.05,36,3,0,10.3,Mortgage,Debt Consolidation,1
CUST_08332,37,33494.34,30,710,0.367,20897.52,48,4,1,4.1,Mortgage,Debt Consolidation,0
CUST_08333,56,36508.08,16,652,0.155,17526.56,48,2,3,7.7,Mortgage,Debt Consolidation,1
CUST_08334,60,44880.6,34,679,0.306,68077.29,60,3,0,13.0,Mortgage,Other,0
CUST_08335,69,75617.99,22,765,0.214,31370.17,60,4,1,13.2,Rent,Medical,0
CUST_08336,55,63323.76,2,808,0.28,67030.53,36,2,1,5.2,Own,Education,0
CUST_08337,37,70192.97,1,663,0.185,9069.96,60,2,1,14.4,Mortgage,Vehicle,0
CUST_08338,61,25177.23,2,712,0.43,31256.77,60,5,1,3.1,Rent,Other,1
CUST_08339,22,31336.39,19,744,0.013,21297.6,36,2,1,12.4,Mortgage,Education,0
CUST_08340,33,58923.65,8,709,0.323,39193.4,60,2,1,2.5,Mortgage,Home Improvement,0
CUST_08341,22,66667.56,3,588,0.302,5192.01,36,0,0,13.4,Mortgage,Vehicle,1
CUST_08342,48,52623.92,24,628,0.178,152210.54,24,1,2,2.8,Rent,Vehicle,0
CUST_08343,63,27409.43,0,732,0.323,25849.39,72,2,1,3.0,Mortgage,Debt Consolidation,0
CUST_08344,46,21572.85,11,641,0.184,47377.25,48,1,1,7.2,Own,Debt Consolidation,0
CUST_08345,42,40802.1,23,806,0.494,73547.1,36,1,1,8.7,Rent,Vehicle,1
CUST_08346,67,23251.79,8,658,0.48,92931.83,72,1,1,14.2,Mortgage,Home Improvement,0
CUST_08347,63,45721.35,19,587,0.378,24636.33,36,2,1,6.8,Mortgage,Debt Consolidation,0
CUST_08348,23,67869.54,4,752,0.148,80901.02,84,0,1,12.3,Own,Debt Consolidation,0
CUST_08349,55,39916.48,19,655,0.115,78880.4,12,3,1,6.5,Rent,Vehicle,0
CUST_08350,32,18903.18,20,660,0.235,29524.54,60,3,3,4.7,Rent,Debt Consolidation,0
CUST_08351,44,28151.39,1,741,0.498,42302.59,24,1,1,15.3,Mortgage,Debt Consolidation,0
CUST_08352,25,55957.16,20,611,0.124,17284.35,24,0,2,5.7,Own,Other,0
CUST_08353,40,46025.95,23,686,0.263,26653.07,84,3,1,8.2,Own,Vehicle,0
CUST_08354,59,47903.61,8,595,0.371,46766.93,72,4,1,12.3,Mortgage,Other,1
CUST_08355,59,87946.28,29,685,0.039,102098.3,60,1,1,4.2,Mortgage,Vehicle,0
CUST_08356,33,43240.58,17,565,0.269,31388.12,60,1,0,9.5,Mortgage,Vehicle,0
CUST_08357,61,42563.91,9,621,0.279,27133.24,48,2,2,6.3,Mortgage,Home Improvement,1
CUST_08358,65,55733.56,20,743,0.184,35482.44,60,2,2,4.3,Mortgage,Debt Consolidation,0
CUST_08359,32,20199.62,21,771,0.797,12372.32,60,0,0,9.2,Rent,Vehicle,0
CUST_08360,33,29069.5,16,618,0.422,15378.5,72,1,4,6.6,Rent,Debt Consolidation,0
CUST_08361,30,25103.36,4,617,0.346,24718.11,60,1,1,0.7,Mortgage,Home Improvement,0
CUST_08362,53,50385.41,5,687,0.17,17426.49,60,0,1,9.3,Mortgage,Debt Consolidation,0
CUST_08363,60,22935.67,9,623,0.078,9427.99,36,0,1,8.7,Mortgage,Debt Consolidation,0
CUST_08364,36,48133.03,1,746,0.227,37159.26,60,2,2,8.7,Mortgage,Debt Consolidation,1
CUST_08365,65,32585.25,6,583,0.151,157408.13,48,2,1,13.7,Mortgage,Vehicle,0
CUST_08366,55,30391.62,3,636,0.352,36910.01,60,1,0,7.8,Rent,Debt Consolidation,0
CUST_08367,23,57291.85,18,807,0.418,6731.08,48,0,0,13.1,Mortgage,Vehicle,0
CUST_08368,25,18655.9,27,706,0.618,62945.75,48,0,0,12.8,Rent,Education,0
CUST_08369,46,28443.02,19,721,0.118,53271.6,48,2,0,9.4,Rent,Other,0
CUST_08370,31,157119.21,29,667,0.711,57444.22,84,1,1,8.9,Own,Vehicle,0
CUST_08371,27,91602.08,1,578,0.572,16135.43,60,3,1,5.7,Own,Home Improvement,0
CUST_08372,30,15000.0,2,788,0.507,54120.68,72,2,0,9.5,Mortgage,Debt Consolidation,1
CUST_08373,62,28175.88,24,694,0.3,61707.71,72,3,0,8.0,Rent,Education,0
CUST_08374,54,37474.19,1,746,0.04,44953.15,60,2,1,0.9,Own,Vehicle,0
CUST_08375,23,17932.98,14,661,0.493,39937.3,48,2,0,8.5,Own,Debt Consolidation,0
CUST_08376,28,99609.77,2,678,0.084,34473.82,48,0,1,9.9,Own,Debt Consolidation,0
CUST_08377,51,36856.62,4,652,0.481,117982.72,72,3,2,6.7,Mortgage,Home Improvement,1
CUST_08378,31,33091.75,26,694,0.235,32001.45,36,1,3,6.4,Rent,Vehicle,0
CUST_08379,65,43937.9,4,647,0.45,76205.75,60,3,1,5.0,Mortgage,Vehicle,0
CUST_08380,27,43589.22,16,620,0.684,52015.65,36,1,1,15.7,Mortgage,Home Improvement,1
CUST_08381,65,23690.34,11,666,0.563,85451.59,24,2,1,13.3,Own,Debt Consolidation,1
CUST_08382,22,70097.5,30,717,0.129,101946.82,36,2,1,5.6,Rent,Other,0
CUST_08383,26,39380.18,32,761,0.449,57323.84,48,1,1,4.3,Rent,Debt Consolidation,0
CUST_08384,61,69868.72,28,586,0.109,45350.39,24,0,2,5.5,Own,Debt Consolidation,1
CUST_08385,52,27232.89,2,742,0.192,135013.5,60,1,2,8.9,Rent,Debt Consolidation,1
CUST_08386,40,15000.0,29,631,0.214,46121.43,60,3,0,8.6,Mortgage,Home Improvement,0
CUST_08387,54,74506.78,21,609,0.102,55026.23,60,0,1,9.6,Mortgage,Vehicle,0
CUST_08388,36,52585.63,31,613,0.248,118435.22,36,1,1,3.7,Own,Debt Consolidation,1
CUST_08389,45,65127.88,9,850,0.294,57954.4,48,0,1,0.5,Rent,Vehicle,0
CUST_08390,32,67162.21,31,732,0.407,8863.84,36,0,1,5.8,Rent,Home Improvement,0
CUST_08391,27,36667.37,3,599,0.281,6463.19,48,2,3,5.1,Rent,Debt Consolidation,0
CUST_08392,59,30228.31,28,641,0.356,11909.42,84,1,2,7.8,Mortgage,Vehicle,1
CUST_08393,37,34688.41,7,585,0.318,18367.81,36,2,1,11.9,Rent,Debt Consolidation,1
CUST_08394,65,47844.59,19,587,0.057,32879.13,12,1,3,10.9,Own,Education,0
CUST_08395,31,41710.96,6,585,0.159,46688.44,36,1,2,2.2,Mortgage,Home Improvement,1
CUST_08396,26,15000.0,0,607,0.421,15967.27,60,1,0,12.7,Own,Debt Consolidation,0
CUST_08397,43,34226.32,24,734,0.292,49530.64,72,0,0,5.9,Rent,Vehicle,0
CUST_08398,47,73640.36,25,755,0.695,18477.61,12,1,0,4.7,Own,Debt Consolidation,0
CUST_08399,66,36291.68,8,615,0.421,70097.8,48,2,0,13.8,Mortgage,Home Improvement,0
CUST_08400,26,110444.71,22,651,0.416,80367.97,72,4,2,2.1,Mortgage,Vehicle,1
CUST_08401,58,22459.77,1,739,0.145,71901.11,24,3,1,11.5,Mortgage,Vehicle,0
CUST_08402,22,43228.95,25,683,0.103,28874.36,24,1,2,10.0,Rent,Home Improvement,0
CUST_08403,42,22188.5,13,704,0.369,200000.0,60,0,2,7.0,Mortgage,Vehicle,1
CUST_08404,40,23675.88,30,644,0.412,15553.78,60,1,1,17.4,Own,Vehicle,0
CUST_08405,45,23786.21,25,787,0.229,22657.88,60,3,0,1.3,Own,Other,0
CUST_08406,35,109627.11,18,800,0.294,63968.09,36,2,0,4.3,Mortgage,Education,0
CUST_08407,69,32013.98,4,731,0.431,35591.35,48,0,1,4.9,Rent,Home Improvement,0
CUST_08408,49,25557.37,5,638,0.074,108589.94,60,0,1,10.4,Own,Education,1
CUST_08409,28,36266.36,34,588,0.42,7395.1,60,2,1,12.4,Own,Debt Consolidation,0
CUST_08410,57,32493.42,15,802,0.295,38434.65,36,2,2,0.5,Own,Debt Consolidation,0
CUST_08411,69,54487.45,30,703,0.277,15593.98,48,2,2,7.9,Rent,Debt Consolidation,1
CUST_08412,53,15000.0,17,688,0.022,29260.01,48,0,1,7.0,Own,Debt Consolidation,0
CUST_08413,42,22532.03,13,730,0.34,35860.64,12,2,0,8.3,Mortgage,Debt Consolidation,0
CUST_08414,67,55450.87,24,682,0.423,31677.76,60,1,2,17.2,Mortgage,Education,0
CUST_08415,25,28443.81,14,661,0.173,18793.21,60,0,3,8.8,Mortgage,Vehicle,0
CUST_08416,59,24897.54,25,835,0.388,41302.07,24,0,2,0.5,Own,Debt Consolidation,0
CUST_08417,38,24346.64,10,763,0.111,94884.05,36,1,0,0.5,Mortgage,Debt Consolidation,0
CUST_08418,58,52147.02,6,796,0.259,26420.15,36,0,0,8.4,Own,Vehicle,1
CUST_08419,57,51020.49,17,791,0.18,137008.15,12,1,1,2.7,Mortgage,Debt Consolidation,0
CUST_08420,50,58618.76,19,541,0.481,62118.2,36,4,1,13.9,Rent,Vehicle,1
CUST_08421,51,20305.58,1,738,0.213,30998.05,72,3,1,5.2,Mortgage,Debt Consolidation,0
CUST_08422,30,19714.09,25,715,0.343,26382.05,24,2,2,8.2,Rent,Debt Consolidation,0
CUST_08423,35,64130.47,22,637,0.461,51533.33,72,0,3,0.6,Rent,Debt Consolidation,0
CUST_08424,62,40237.79,31,850,0.172,24133.54,36,2,2,9.3,Mortgage,Medical,0
CUST_08425,68,26823.33,12,691,0.492,60945.13,84,0,1,2.6,Own,Other,1
CUST_08426,64,33571.09,12,644,0.82,26013.75,36,1,1,16.5,Rent,Home Improvement,1
CUST_08427,38,19591.16,16,670,0.169,21337.23,72,0,0,7.4,Own,Medical,0
CUST_08428,43,27866.98,24,723,0.267,34134.49,72,0,1,7.3,Mortgage,Education,0
CUST_08429,53,39324.67,21,711,0.308,109858.44,72,2,1,2.4,Mortgage,Home Improvement,1
CUST_08430,36,43357.54,26,643,0.193,15653.28,24,3,0,15.5,Own,Home Improvement,0
CUST_08431,58,34762.15,16,739,0.4,14000.93,60,0,5,5.3,Own,Medical,1
CUST_08432,55,33029.21,25,682,0.431,22880.18,60,1,0,15.3,Own,Home Improvement,0
CUST_08433,54,52398.25,13,662,0.295,14106.62,60,2,0,2.6,Mortgage,Education,0
CUST_08434,48,34520.61,13,665,0.456,52318.08,48,2,0,10.3,Mortgage,Vehicle,1
CUST_08435,22,29040.37,11,598,0.213,32497.43,72,2,4,11.9,Rent,Education,1
CUST_08436,50,24806.26,4,612,0.186,45123.48,36,1,0,14.0,Rent,Education,0
CUST_08437,33,15005.96,3,606,0.227,45981.16,72,0,2,6.8,Rent,Debt Consolidation,1
CUST_08438,61,50259.73,28,513,0.44,26002.09,36,1,2,5.3,Mortgage,Vehicle,0
CUST_08439,36,75492.79,24,704,0.616,20071.46,48,1,2,21.6,Own,Home Improvement,0
CUST_08440,25,24022.47,3,609,0.402,108255.76,48,2,1,1.4,Mortgage,Debt Consolidation,1
CUST_08441,48,19244.36,15,651,0.532,45425.91,36,0,0,5.3,Rent,Debt Consolidation,1
CUST_08442,59,26599.23,1,659,0.188,9980.28,36,1,1,5.6,Rent,Debt Consolidation,1
CUST_08443,65,41993.37,22,611,0.187,34627.24,36,0,3,7.3,Rent,Home Improvement,0
CUST_08444,40,28207.69,3,654,0.287,18067.04,12,2,1,2.5,Own,Vehicle,1
CUST_08445,44,27963.47,19,686,0.404,47966.4,36,1,0,7.2,Own,Debt Consolidation,0
CUST_08446,47,34840.59,16,631,0.325,71929.57,84,1,2,17.8,Rent,Debt Consolidation,1
CUST_08447,50,38192.88,5,616,0.187,22260.29,60,2,2,0.5,Rent,Home Improvement,0
CUST_08448,65,43657.31,17,637,0.379,61048.02,48,0,0,2.0,Rent,Debt Consolidation,0
CUST_08449,47,31332.89,19,747,0.419,82916.76,12,1,1,15.7,Own,Debt Consolidation,0
CUST_08450,46,31055.21,33,640,0.298,43469.43,60,1,0,3.2,Mortgage,Vehicle,0
CUST_08451,27,15000.0,23,692,0.027,21915.47,48,1,0,5.8,Rent,Home Improvement,1
CUST_08452,62,57979.39,17,645,0.201,105561.5,60,2,1,3.0,Rent,Vehicle,0
CUST_08453,67,41199.64,29,673,0.14,106019.29,36,1,1,6.4,Rent,Debt Consolidation,0
CUST_08454,58,77306.39,0,739,0.25,35352.69,12,4,0,14.7,Mortgage,Vehicle,1
CUST_08455,25,46889.8,22,617,0.317,37150.57,60,1,0,6.6,Mortgage,Vehicle,0
CUST_08456,43,35003.44,28,836,0.233,44029.0,60,0,1,11.2,Mortgage,Debt Consolidation,0
CUST_08457,48,17274.6,31,705,0.096,27304.71,36,3,5,10.8,Rent,Debt Consolidation,0
CUST_08458,54,16044.45,1,694,0.495,31261.48,60,0,1,5.6,Rent,Education,0
CUST_08459,35,61339.18,16,607,0.064,22871.67,36,3,3,12.9,Own,Home Improvement,1
CUST_08460,52,48087.34,1,726,0.226,84966.77,60,1,3,8.3,Mortgage,Home Improvement,1
CUST_08461,46,75561.33,3,796,0.51,11513.2,48,1,0,9.0,Rent,Education,0
CUST_08462,68,57850.89,33,627,0.505,25694.25,24,2,1,7.8,Rent,Vehicle,0
CUST_08463,51,30164.91,0,610,0.386,72906.13,48,1,0,3.6,Rent,Home Improvement,0
CUST_08464,39,15000.0,22,683,0.26,36753.38,60,4,1,15.2,Mortgage,Medical,1
CUST_08465,29,49131.72,5,609,0.156,16715.92,36,1,1,9.2,Own,Education,1
CUST_08466,49,21849.87,15,648,0.378,25259.59,24,1,2,12.9,Rent,Education,0
CUST_08467,59,33118.56,1,739,0.257,100261.63,60,3,0,12.2,Rent,Home Improvement,0
CUST_08468,24,44625.27,11,804,0.194,83832.12,48,2,4,9.9,Own,Home Improvement,0
CUST_08469,23,26494.1,26,742,0.429,32156.24,36,5,2,11.3,Rent,Debt Consolidation,1
CUST_08470,49,24038.61,18,620,0.226,16658.23,36,6,2,6.0,Mortgage,Home Improvement,0
CUST_08471,31,31145.07,27,661,0.41,69475.73,48,2,0,1.0,Mortgage,Debt Consolidation,0
CUST_08472,53,15000.0,34,656,0.197,24603.97,36,2,1,10.5,Rent,Vehicle,0
CUST_08473,58,21658.54,3,687,0.223,162275.0,60,3,0,8.3,Mortgage,Debt Consolidation,0
CUST_08474,31,21502.6,6,742,0.481,21514.03,36,2,1,13.4,Own,Home Improvement,0
CUST_08475,47,32275.9,24,624,0.154,50611.26,48,0,0,10.5,Rent,Home Improvement,0
CUST_08476,53,22616.19,16,833,0.563,92581.87,24,0,2,1.8,Own,Home Improvement,0
CUST_08477,41,28059.69,13,607,0.19,47690.46,48,4,1,5.1,Rent,Home Improvement,0
CUST_08478,59,29071.62,1,622,0.638,42252.37,12,0,0,10.1,Mortgage,Home Improvement,1
CUST_08479,51,105223.59,23,624,0.474,14741.32,36,2,2,6.6,Own,Medical,0
CUST_08480,58,53358.34,14,850,0.086,47955.19,36,2,1,8.2,Own,Vehicle,0
CUST_08481,66,34194.11,32,794,0.26,45716.75,60,2,1,11.0,Mortgage,Debt Consolidation,0
CUST_08482,22,45457.77,11,623,0.526,36678.01,60,2,1,10.2,Rent,Education,1
CUST_08483,47,57547.04,18,648,0.51,21753.55,48,2,1,11.2,Mortgage,Vehicle,0
CUST_08484,56,41935.36,4,673,0.377,32507.96,84,0,1,9.4,Mortgage,Medical,1
CUST_08485,31,21656.38,0,646,0.292,58341.12,36,1,0,6.8,Mortgage,Debt Consolidation,0
CUST_08486,67,33911.02,8,743,0.219,33849.78,36,2,1,6.4,Own,Debt Consolidation,1
CUST_08487,38,22293.58,33,714,0.331,53581.23,60,1,2,5.3,Mortgage,Debt Consolidation,0
CUST_08488,21,30805.87,28,694,0.409,44165.1,48,0,1,8.0,Rent,Vehicle,0
CUST_08489,55,33542.45,1,737,0.155,26397.78,36,2,1,2.1,Rent,Home Improvement,0
CUST_08490,55,61469.1,18,711,0.238,40754.42,36,1,2,9.6,Mortgage,Education,0
CUST_08491,51,24414.68,27,727,0.428,24409.32,24,3,4,4.6,Rent,Vehicle,0
CUST_08492,48,23456.05,34,692,0.217,21600.77,60,3,0,4.6,Rent,Home Improvement,0
CUST_08493,59,25375.34,21,801,0.198,58265.94,48,0,2,5.8,Rent,Vehicle,0
CUST_08494,21,26782.31,3,689,0.469,45987.7,60,4,1,6.9,Mortgage,Home Improvement,0
CUST_08495,45,30974.38,7,670,0.212,33795.81,24,2,1,15.2,Mortgage,Vehicle,0
CUST_08496,63,42815.77,0,736,0.411,58875.94,60,1,1,6.5,Own,Home Improvement,0
CUST_08497,58,24524.94,6,720,0.393,23641.36,36,3,0,4.2,Mortgage,Debt Consolidation,1
CUST_08498,40,38462.77,24,679,0.481,22490.82,36,1,1,9.9,Own,Debt Consolidation,0
CUST_08499,23,38701.2,28,565,0.165,13357.74,48,0,1,10.9,Mortgage,Home Improvement,0
CUST_08500,22,47898.43,0,779,0.243,17448.19,72,2,1,10.3,Rent,Education,0
CUST_08501,38,32683.08,17,767,0.152,32266.48,36,3,0,7.0,Own,Vehicle,0
CUST_08502,64,55052.49,3,620,0.201,141024.89,24,1,0,4.6,Rent,Other,0
CUST_08503,30,43674.32,19,709,0.55,15354.22,72,2,2,2.4,Mortgage,Home Improvement,0
CUST_08504,25,42705.8,7,643,0.479,9074.37,60,3,4,13.4,Mortgage,Debt Consolidation,1
CUST_08505,29,27574.76,26,717,0.844,29941.44,36,3,3,9.4,Own,Medical,0
CUST_08506,22,41659.37,34,758,0.268,39203.95,60,1,3,3.9,Own,Vehicle,0
CUST_08507,54,43310.22,24,671,0.383,19386.71,24,3,2,9.9,Own,Debt Consolidation,1
CUST_08508,58,26935.63,13,730,0.209,79929.36,60,3,1,7.4,Mortgage,Home Improvement,1
CUST_08509,51,65982.26,30,581,0.223,20317.82,60,1,6,5.8,Rent,Vehicle,1
CUST_08510,30,134827.7,4,620,0.249,30345.49,24,3,0,10.6,Mortgage,Education,0
CUST_08511,32,26145.56,16,743,0.314,38225.73,60,2,1,11.4,Mortgage,Vehicle,0
CUST_08512,56,28707.31,9,635,0.287,95257.86,60,1,1,11.4,Mortgage,Vehicle,0
CUST_08513,41,29070.74,15,622,0.066,64923.39,36,1,0,21.7,Own,Debt Consolidation,0
CUST_08514,69,18867.93,3,629,0.497,47009.28,36,1,0,4.7,Rent,Home Improvement,1
CUST_08515,67,23431.93,4,605,0.192,43419.91,72,3,0,6.4,Rent,Vehicle,0
CUST_08516,26,55748.96,19,750,0.071,58802.4,48,1,2,10.6,Own,Vehicle,0
CUST_08517,68,34856.44,5,755,0.23,142479.02,36,1,1,15.9,Mortgage,Home Improvement,0
CUST_08518,69,94798.43,10,627,0.072,10694.29,36,3,1,10.2,Mortgage,Other,0
CUST_08519,23,31437.22,16,603,0.065,18008.26,48,3,1,12.2,Mortgage,Debt Consolidation,0
CUST_08520,30,44719.97,2,673,0.314,18381.2,60,0,2,11.6,Mortgage,Debt Consolidation,0
CUST_08521,25,23106.13,15,598,0.275,129229.08,12,3,0,7.1,Own,Vehicle,1
CUST_08522,66,34368.97,25,729,0.407,11792.15,24,0,1,8.6,Own,Home Improvement,0
CUST_08523,46,37945.67,23,681,0.568,13896.27,48,2,4,5.0,Mortgage,Debt Consolidation,0
CUST_08524,41,15000.0,33,655,0.25,34660.42,72,1,4,9.9,Own,Debt Consolidation,0
CUST_08525,65,24041.07,19,752,0.43,90560.92,72,3,0,14.4,Mortgage,Vehicle,1
CUST_08526,46,49909.43,16,614,0.106,73820.96,60,1,1,7.7,Rent,Home Improvement,0
CUST_08527,58,48597.81,19,650,0.786,29885.09,84,4,2,0.5,Rent,Medical,1
CUST_08528,64,19454.08,15,596,0.092,22246.46,24,1,0,0.5,Rent,Other,0
CUST_08529,46,30318.67,3,583,0.231,45045.29,72,2,1,17.4,Rent,Vehicle,0
CUST_08530,28,15000.0,17,617,0.476,13722.04,12,3,0,10.2,Rent,Home Improvement,0
CUST_08531,25,36253.15,34,623,0.317,166615.21,48,2,6,7.3,Mortgage,Home Improvement,0
CUST_08532,35,68196.6,29,617,0.152,47059.86,36,1,0,8.3,Mortgage,Education,0
CUST_08533,36,69689.92,17,674,0.137,150755.09,36,1,0,10.1,Rent,Vehicle,0
CUST_08534,21,68462.02,20,673,0.303,28834.65,84,0,1,8.4,Own,Debt Consolidation,0
CUST_08535,36,47263.05,31,571,0.125,29979.66,36,3,2,7.9,Mortgage,Education,0
CUST_08536,57,64802.68,4,736,0.602,46065.59,60,1,0,14.8,Mortgage,Debt Consolidation,1
CUST_08537,23,33036.51,22,574,0.017,32729.07,60,1,3,6.1,Mortgage,Medical,0
CUST_08538,67,27974.95,29,559,0.333,31703.67,48,3,0,7.2,Mortgage,Medical,0
CUST_08539,51,64235.26,26,753,0.11,13147.48,24,2,0,7.3,Rent,Debt Consolidation,0
CUST_08540,33,41949.84,14,603,0.251,32946.05,72,0,1,3.6,Own,Home Improvement,0
CUST_08541,36,15000.0,13,705,0.429,11612.88,60,1,1,6.0,Rent,Education,0
CUST_08542,63,66721.93,20,639,0.706,20903.35,60,1,2,7.9,Mortgage,Debt Consolidation,0
CUST_08543,41,32535.1,33,610,0.255,26755.42,72,1,0,11.9,Mortgage,Education,0
CUST_08544,22,26015.22,25,597,0.122,18846.39,36,2,0,17.1,Rent,Vehicle,0
CUST_08545,47,59245.92,24,707,0.359,32116.61,60,1,2,8.0,Mortgage,Education,0
CUST_08546,58,55383.26,30,615,0.289,31098.87,60,1,1,5.7,Mortgage,Other,0
CUST_08547,46,22506.51,5,757,0.635,200000.0,48,2,0,0.5,Rent,Other,0
CUST_08548,58,33572.28,3,573,0.438,66331.49,84,3,2,12.7,Mortgage,Home Improvement,0
CUST_08549,66,23058.4,23,779,0.418,41732.44,60,1,3,9.5,Own,Other,0
CUST_08550,45,23365.78,30,534,0.344,14909.71,48,1,0,9.6,Rent,Education,0
CUST_08551,31,15000.0,18,700,0.267,20031.32,24,2,2,15.2,Rent,Education,1
CUST_08552,28,21872.91,10,598,0.754,12398.96,48,1,1,4.8,Mortgage,Home Improvement,0
CUST_08553,28,33337.11,28,569,0.133,49778.5,36,2,1,14.3,Own,Vehicle,0
CUST_08554,53,15000.0,4,673,0.182,21978.91,48,2,1,6.9,Mortgage,Home Improvement,1
CUST_08555,27,18289.34,17,727,0.313,50689.61,36,3,1,0.5,Mortgage,Vehicle,0
CUST_08556,58,49193.95,2,666,0.345,56266.83,60,0,0,7.5,Own,Education,0
CUST_08557,41,17923.15,10,677,0.119,27043.94,36,1,1,8.8,Mortgage,Home Improvement,0
CUST_08558,28,33569.85,20,694,0.077,24722.84,60,1,0,9.3,Rent,Home Improvement,0
CUST_08559,41,15887.97,29,723,0.439,34443.34,24,2,1,18.6,Rent,Home Improvement,0
CUST_08560,40,44565.66,18,795,0.204,20423.07,60,1,0,10.6,Mortgage,Debt Consolidation,0
CUST_08561,28,30857.13,24,628,0.271,17486.58,48,1,2,9.8,Mortgage,Other,1
CUST_08562,66,22952.06,34,713,0.501,11200.88,48,1,1,10.4,Mortgage,Debt Consolidation,0
CUST_08563,51,15000.0,11,640,0.305,12665.62,48,0,1,9.6,Own,Education,1
CUST_08564,49,23226.92,25,668,0.501,37373.57,60,1,0,0.5,Mortgage,Home Improvement,0
CUST_08565,68,50633.61,4,728,0.116,48064.06,48,2,0,4.9,Rent,Vehicle,0
CUST_08566,29,78828.47,18,693,0.145,33600.23,60,1,1,11.4,Mortgage,Other,0
CUST_08567,35,32544.75,26,628,0.376,20451.7,36,4,2,6.2,Own,Home Improvement,0
CUST_08568,50,34542.96,28,687,0.333,66359.8,84,1,0,1.3,Rent,Vehicle,0
CUST_08569,46,25881.1,11,705,0.218,136647.77,48,1,2,15.1,Own,Vehicle,0
CUST_08570,30,67147.14,18,724,0.501,37473.96,60,1,0,2.9,Mortgage,Medical,0
CUST_08571,49,32198.35,8,760,0.484,29860.52,60,3,2,7.8,Rent,Vehicle,0
CUST_08572,36,56775.74,17,805,0.308,45898.67,60,2,0,8.8,Own,Medical,0
CUST_08573,56,41114.02,28,680,0.224,9102.35,60,2,1,12.6,Rent,Other,0
CUST_08574,40,38617.18,2,603,0.508,59877.18,12,1,2,14.2,Mortgage,Home Improvement,0
CUST_08575,65,21804.51,22,702,0.138,18387.59,48,0,2,9.9,Own,Home Improvement,0
CUST_08576,57,88547.76,29,586,0.584,82139.55,72,0,0,0.5,Mortgage,Debt Consolidation,0
CUST_08577,42,75581.5,23,813,0.139,13784.8,72,1,0,4.4,Mortgage,Other,0
CUST_08578,27,113221.1,3,641,0.435,24515.11,36,0,0,2.3,Own,Other,0
CUST_08579,43,20958.61,27,749,0.083,12710.35,60,2,0,13.0,Rent,Vehicle,0
CUST_08580,61,41440.55,15,702,0.462,94482.41,72,0,2,12.2,Mortgage,Home Improvement,1
CUST_08581,60,24424.52,12,697,0.412,11087.56,48,0,2,0.5,Mortgage,Education,1
CUST_08582,49,45334.83,7,569,0.293,29279.59,60,1,1,8.6,Mortgage,Education,1
CUST_08583,36,42028.85,24,625,0.181,21798.71,60,1,2,7.9,Own,Home Improvement,0
CUST_08584,58,29525.42,1,652,0.573,30422.67,72,3,0,8.4,Own,Debt Consolidation,1
CUST_08585,48,32392.76,29,654,0.507,70214.32,48,4,1,11.2,Own,Home Improvement,0
CUST_08586,68,103299.11,2,686,0.324,45759.11,60,4,2,2.3,Rent,Home Improvement,0
CUST_08587,58,33939.81,22,634,0.201,31242.41,36,0,0,1.1,Rent,Other,0
CUST_08588,51,15000.0,28,714,0.138,11107.33,60,3,1,13.2,Mortgage,Debt Consolidation,0
CUST_08589,34,27775.91,29,673,0.25,119414.02,48,3,2,4.7,Rent,Debt Consolidation,1
CUST_08590,53,21001.84,10,726,0.466,40702.27,36,0,2,5.8,Own,Debt Consolidation,1
CUST_08591,29,22928.05,20,576,0.076,46726.24,12,1,2,6.0,Own,Debt Consolidation,0
CUST_08592,47,51775.58,26,735,0.529,15510.98,60,0,2,18.1,Rent,Debt Consolidation,1
CUST_08593,44,56695.85,23,794,0.32,83837.96,60,2,3,5.3,Rent,Home Improvement,0
CUST_08594,33,23824.65,30,669,0.582,14760.92,60,2,1,0.9,Rent,Vehicle,1
CUST_08595,46,27574.8,29,764,0.202,200000.0,36,1,1,11.5,Mortgage,Home Improvement,0
CUST_08596,49,25614.67,0,678,0.132,52885.55,36,2,2,0.5,Own,Education,1
CUST_08597,69,77579.0,0,651,0.331,90840.31,72,1,0,4.6,Own,Other,0
CUST_08598,63,57549.43,7,695,0.108,21404.76,36,0,1,7.0,Rent,Home Improvement,1
CUST_08599,48,50943.39,33,790,0.513,32731.88,36,2,1,8.4,Own,Home Improvement,0
CUST_08600,48,21676.23,15,784,0.229,12802.04,60,0,1,9.0,Mortgage,Debt Consolidation,0
CUST_08601,28,15450.09,26,573,0.141,59954.05,48,1,3,8.9,Own,Medical,0
CUST_08602,43,67187.24,3,608,0.137,55912.05,36,0,1,22.8,Own,Debt Consolidation,0
CUST_08603,49,94793.71,18,674,0.297,39085.95,36,1,0,2.7,Rent,Debt Consolidation,1
CUST_08604,25,15088.91,28,631,0.447,44391.87,36,3,0,9.3,Mortgage,Debt Consolidation,0
CUST_08605,62,111384.49,2,707,0.343,22996.76,60,0,2,3.7,Own,Other,0
CUST_08606,27,34440.69,10,670,0.233,15953.39,12,1,1,10.8,Mortgage,Home Improvement,0
CUST_08607,62,39501.23,7,648,0.712,105981.91,36,2,1,14.9,Rent,Debt Consolidation,1
CUST_08608,56,18789.57,32,818,0.266,38601.35,36,4,2,12.5,Own,Debt Consolidation,1
CUST_08609,61,15000.0,7,735,0.39,31969.39,84,2,2,12.7,Own,Home Improvement,0
CUST_08610,47,15000.0,24,730,0.524,44028.24,72,1,1,7.7,Rent,Debt Consolidation,0
CUST_08611,66,60804.02,23,623,0.045,20704.55,48,1,2,5.6,Mortgage,Debt Consolidation,0
CUST_08612,22,34843.84,25,677,0.101,159285.23,60,0,0,0.5,Rent,Debt Consolidation,0
CUST_08613,45,45724.58,25,670,0.404,85723.28,36,1,1,8.6,Rent,Education,0
CUST_08614,29,63994.89,16,687,0.304,21720.15,72,3,4,12.7,Mortgage,Other,0
CUST_08615,47,34617.0,26,649,0.233,45576.2,72,1,1,8.8,Mortgage,Education,0
CUST_08616,21,84519.14,28,745,0.157,17009.92,36,2,1,9.4,Rent,Debt Consolidation,0
CUST_08617,43,24035.64,8,773,0.097,32378.09,72,1,0,7.2,Own,Home Improvement,0
CUST_08618,30,29471.93,13,734,0.23,9715.4,48,1,1,6.5,Rent,Debt Consolidation,0
CUST_08619,62,23123.14,4,673,0.342,124604.5,48,1,3,9.3,Mortgage,Debt Consolidation,0
CUST_08620,45,55146.75,29,652,0.423,77244.3,60,5,3,9.4,Mortgage,Medical,0
CUST_08621,23,63372.17,27,756,0.577,22860.41,48,0,0,11.5,Own,Home Improvement,0
CUST_08622,26,28956.18,7,703,0.233,29188.14,60,2,0,8.3,Rent,Vehicle,0
CUST_08623,26,18095.64,14,719,0.102,36474.72,48,1,0,14.3,Rent,Vehicle,0
CUST_08624,22,67191.74,27,701,0.079,78768.06,24,3,1,4.3,Own,Medical,0
CUST_08625,38,23379.75,32,628,0.274,42300.0,60,4,2,19.2,Mortgage,Vehicle,0
CUST_08626,43,29691.01,5,789,0.204,22584.55,12,0,2,2.5,Mortgage,Vehicle,0
CUST_08627,22,21234.27,11,850,0.653,40856.97,24,2,0,8.4,Mortgage,Education,0
CUST_08628,32,41928.84,6,650,0.236,103423.4,60,2,3,6.3,Own,Vehicle,0
CUST_08629,42,24711.38,27,677,0.512,53040.18,48,3,1,10.3,Mortgage,Debt Consolidation,0
CUST_08630,57,51570.43,6,653,0.144,44566.99,48,2,2,11.9,Mortgage,Debt Consolidation,0
CUST_08631,40,27449.96,0,634,0.251,117541.73,36,1,0,11.9,Own,Education,0
CUST_08632,59,47520.78,23,722,0.089,25727.72,60,0,0,8.9,Rent,Other,0
CUST_08633,44,22871.74,18,639,0.651,45623.1,24,0,2,9.4,Own,Vehicle,0
CUST_08634,68,67045.81,31,613,0.359,19970.67,36,0,1,13.4,Own,Debt Consolidation,0
CUST_08635,40,28283.92,29,711,0.406,21538.03,72,5,1,7.4,Own,Debt Consolidation,0
CUST_08636,21,37988.32,0,619,0.259,88314.48,12,1,1,6.5,Own,Debt Consolidation,0
CUST_08637,21,20051.31,31,637,0.291,13578.04,60,0,0,16.5,Rent,Vehicle,0
CUST_08638,37,36024.69,19,633,0.146,4480.11,36,1,1,2.6,Own,Other,0
CUST_08639,21,20426.87,20,712,0.413,88246.95,60,0,2,8.4,Mortgage,Other,0
CUST_08640,65,35527.15,18,685,0.041,8822.75,60,1,1,5.5,Rent,Vehicle,0
CUST_08641,50,22454.21,29,549,0.475,90265.95,12,1,1,7.3,Rent,Home Improvement,0
CUST_08642,61,33601.43,27,700,0.354,47233.45,12,2,0,6.2,Own,Debt Consolidation,0
CUST_08643,67,45842.21,31,622,0.11,27022.28,60,3,2,2.1,Rent,Home Improvement,0
CUST_08644,23,18284.9,29,788,0.503,40428.55,60,1,1,0.5,Mortgage,Home Improvement,1
CUST_08645,66,35533.66,22,535,0.195,21046.66,60,3,0,5.2,Mortgage,Medical,0
CUST_08646,31,44540.53,26,706,0.422,16882.92,36,3,0,15.3,Mortgage,Debt Consolidation,0
CUST_08647,44,44446.25,25,734,0.368,65929.39,60,5,0,13.1,Mortgage,Home Improvement,0
CUST_08648,42,94768.39,2,596,0.497,24446.36,36,4,0,7.9,Mortgage,Other,0
CUST_08649,64,25027.88,30,660,0.109,154349.34,48,0,0,5.1,Rent,Vehicle,1
CUST_08650,65,36264.54,1,687,0.331,35464.67,36,1,2,9.4,Own,Home Improvement,0
CUST_08651,46,87017.18,9,669,0.28,39027.62,24,3,2,9.2,Rent,Debt Consolidation,0
CUST_08652,33,18276.51,18,714,0.367,21097.45,84,2,0,23.4,Mortgage,Vehicle,0
CUST_08653,21,15000.0,30,691,0.587,47447.58,60,0,0,10.9,Own,Home Improvement,0
CUST_08654,44,47466.8,28,735,0.489,40642.3,36,0,1,9.4,Rent,Debt Consolidation,0
CUST_08655,30,61182.21,24,703,0.163,24479.41,24,1,4,7.7,Mortgage,Vehicle,0
CUST_08656,55,15000.0,31,688,0.444,45554.73,36,1,0,4.9,Mortgage,Vehicle,1
CUST_08657,44,30949.11,16,661,0.078,31741.17,36,2,0,13.0,Rent,Home Improvement,0
CUST_08658,48,21829.81,22,697,0.526,30758.51,72,1,1,12.9,Own,Other,1
CUST_08659,56,42397.2,17,802,0.225,82100.54,60,5,0,7.4,Mortgage,Other,0
CUST_08660,36,35706.08,10,674,0.03,14891.77,36,0,2,12.2,Own,Home Improvement,1
CUST_08661,60,69875.69,19,591,0.493,72536.17,36,0,1,11.5,Mortgage,Vehicle,0
CUST_08662,36,18537.9,12,757,0.179,14747.62,36,0,2,11.7,Mortgage,Medical,0
CUST_08663,37,44047.18,23,825,0.325,32951.29,24,1,1,13.2,Mortgage,Education,0
CUST_08664,35,49553.4,19,720,0.312,46257.92,72,1,1,1.8,Own,Other,0
CUST_08665,36,37241.21,27,818,0.166,30749.83,48,2,0,14.0,Own,Vehicle,0
CUST_08666,35,15000.0,34,690,0.542,63489.76,72,0,0,6.9,Mortgage,Medical,0
CUST_08667,54,44701.84,20,850,0.219,51192.71,60,2,1,0.7,Mortgage,Debt Consolidation,0
CUST_08668,31,25201.84,5,577,0.506,18047.7,60,1,1,7.0,Rent,Home Improvement,0
CUST_08669,21,15189.53,6,669,0.285,30531.91,36,0,1,10.9,Mortgage,Home Improvement,0
CUST_08670,35,43678.07,28,722,0.309,41894.14,48,2,2,9.5,Mortgage,Medical,0
CUST_08671,46,53295.16,22,626,0.211,80654.18,36,1,3,14.5,Mortgage,Education,1
CUST_08672,24,26696.83,4,763,0.371,71698.6,60,3,2,7.5,Own,Vehicle,0
CUST_08673,63,55100.87,21,718,0.167,36384.52,48,2,3,14.7,Mortgage,Vehicle,0
CUST_08674,25,55378.16,8,665,0.309,115977.2,60,6,2,4.3,Own,Debt Consolidation,1
CUST_08675,55,35999.95,31,710,0.515,11187.62,24,0,2,9.6,Rent,Other,0
CUST_08676,33,48931.14,9,694,0.536,21325.46,36,0,1,2.5,Mortgage,Debt Consolidation,0
CUST_08677,30,59170.59,27,725,0.194,32586.05,24,3,1,5.4,Rent,Other,0
CUST_08678,31,47217.66,10,664,0.229,46039.47,60,2,0,6.7,Rent,Home Improvement,1
CUST_08679,38,15000.0,6,525,0.197,54846.64,60,1,3,7.6,Rent,Debt Consolidation,0
CUST_08680,54,15000.0,29,740,0.215,15273.3,60,1,3,7.4,Own,Debt Consolidation,0
CUST_08681,59,61884.89,33,675,0.467,33135.32,36,1,2,8.7,Mortgage,Education,0
CUST_08682,61,25739.74,27,625,0.515,52042.69,24,2,1,6.5,Rent,Medical,0
CUST_08683,62,28339.76,31,654,0.1,17881.75,84,1,1,6.7,Own,Home Improvement,1
CUST_08684,43,93432.73,15,666,0.351,33570.14,36,1,0,4.5,Mortgage,Education,0
CUST_08685,27,25163.76,0,576,0.273,58730.83,36,0,0,9.0,Mortgage,Vehicle,0
CUST_08686,59,33886.36,33,618,0.445,134145.75,36,3,1,11.0,Mortgage,Debt Consolidation,0
CUST_08687,23,36542.61,22,672,0.274,24620.05,60,1,3,11.0,Mortgage,Home Improvement,0
CUST_08688,32,32647.44,19,668,0.465,46020.88,60,1,0,10.3,Mortgage,Home Improvement,0
CUST_08689,27,71114.09,17,615,0.376,47898.75,36,1,0,15.1,Mortgage,Education,0
CUST_08690,69,30112.58,17,590,0.275,18183.87,36,1,0,13.6,Mortgage,Home Improvement,0
CUST_08691,46,52035.18,20,620,0.174,67264.64,60,1,3,6.3,Rent,Vehicle,0
CUST_08692,53,37613.95,7,701,0.293,34713.59,72,1,0,3.9,Own,Debt Consolidation,0
CUST_08693,57,58892.33,33,635,0.153,49952.2,36,4,0,11.9,Mortgage,Home Improvement,1
CUST_08694,68,18288.46,10,741,0.377,29613.82,84,1,0,14.4,Mortgage,Other,0
CUST_08695,35,15000.0,9,761,0.141,30863.16,60,2,1,7.1,Mortgage,Education,0
CUST_08696,22,36859.71,7,802,0.434,26872.27,36,2,1,1.8,Own,Debt Consolidation,0
CUST_08697,61,23772.26,7,724,0.196,19144.7,60,3,0,15.1,Own,Debt Consolidation,0
CUST_08698,27,75541.69,18,710,0.714,8888.12,12,1,0,10.7,Mortgage,Medical,1
CUST_08699,52,34838.11,0,776,0.09,38393.01,72,0,0,10.2,Own,Vehicle,0
CUST_08700,24,40533.63,2,595,0.111,24676.74,48,2,0,10.7,Rent,Debt Consolidation,0
CUST_08701,40,31142.15,31,724,0.146,20133.15,36,1,0,7.4,Own,Other,0
CUST_08702,56,26221.36,15,746,0.277,53421.96,60,2,1,1.7,Mortgage,Debt Consolidation,0
CUST_08703,52,37374.85,29,679,0.139,40262.92,24,0,2,6.7,Own,Vehicle,0
CUST_08704,48,60316.61,27,738,0.131,16298.41,48,1,3,10.5,Rent,Home Improvement,1
CUST_08705,33,31060.95,27,657,0.248,35605.2,72,0,0,16.8,Mortgage,Home Improvement,0
CUST_08706,21,29989.04,15,683,0.459,26891.16,60,3,1,11.2,Mortgage,Debt Consolidation,1
CUST_08707,55,54307.0,32,706,0.194,45385.98,24,0,1,8.5,Mortgage,Debt Consolidation,0
CUST_08708,68,15641.27,24,704,0.277,81448.53,72,4,0,0.5,Own,Debt Consolidation,1
CUST_08709,50,65790.86,17,583,0.203,20970.59,60,0,0,7.4,Mortgage,Other,0
CUST_08710,56,24265.8,25,644,0.09,28225.29,60,0,3,5.6,Rent,Debt Consolidation,0
CUST_08711,45,58237.26,5,683,0.206,50954.1,36,1,1,5.4,Mortgage,Other,1
CUST_08712,36,42062.95,2,707,0.119,24252.51,60,1,1,0.5,Mortgage,Vehicle,0
CUST_08713,39,15000.0,5,727,0.214,40565.84,60,2,3,5.3,Own,Debt Consolidation,0
CUST_08714,21,36531.73,13,682,0.618,27479.0,60,2,2,15.8,Own,Debt Consolidation,1
CUST_08715,25,70062.35,17,758,0.257,69602.06,36,2,2,10.7,Mortgage,Education,0
CUST_08716,42,31201.58,15,660,0.138,50199.71,72,0,2,4.2,Rent,Education,0
CUST_08717,44,32667.05,23,740,0.205,27148.33,36,2,0,17.7,Own,Debt Consolidation,0
CUST_08718,63,24742.93,12,670,0.245,32656.07,48,4,1,10.5,Rent,Home Improvement,1
CUST_08719,65,66022.81,0,616,0.253,14910.37,48,2,3,9.8,Mortgage,Vehicle,0
CUST_08720,57,28811.84,13,850,0.448,33356.32,72,2,1,0.8,Rent,Debt Consolidation,0
CUST_08721,56,88944.25,16,715,0.199,19439.23,36,1,0,9.4,Mortgage,Medical,0
CUST_08722,56,64709.77,12,551,0.491,42348.99,60,0,0,0.5,Rent,Debt Consolidation,0
CUST_08723,24,70683.81,12,743,0.449,50853.41,48,0,1,4.1,Mortgage,Vehicle,0
CUST_08724,56,37800.84,8,692,0.146,35450.32,60,1,1,12.5,Rent,Home Improvement,0
CUST_08725,38,28476.57,5,741,0.567,45465.08,12,2,0,0.5,Own,Debt Consolidation,0
CUST_08726,36,46129.71,5,718,0.572,43864.95,60,2,1,7.6,Mortgage,Other,1
CUST_08727,61,78904.68,29,627,0.545,65253.73,36,1,2,5.4,Rent,Vehicle,0
CUST_08728,38,88134.59,13,744,0.431,7390.69,48,1,1,13.1,Own,Other,1
CUST_08729,42,15000.0,3,634,0.198,60178.38,48,1,2,9.0,Rent,Debt Consolidation,1
CUST_08730,22,140420.77,33,623,0.137,107926.16,84,3,2,2.2,Mortgage,Debt Consolidation,1
CUST_08731,41,41194.96,1,657,0.311,54020.51,48,0,3,10.0,Mortgage,Debt Consolidation,1
CUST_08732,56,53614.01,16,607,0.355,17723.2,48,2,1,8.1,Rent,Education,0
CUST_08733,64,23210.46,13,715,0.494,76826.51,60,2,0,17.8,Own,Home Improvement,0
CUST_08734,59,22424.55,16,826,0.171,29545.35,48,1,0,8.3,Mortgage,Debt Consolidation,0
CUST_08735,67,17687.09,29,603,0.063,29861.72,72,3,3,3.2,Mortgage,Vehicle,0
CUST_08736,59,85120.75,28,776,0.053,50269.73,48,0,0,17.4,Rent,Debt Consolidation,0
CUST_08737,49,25744.17,6,638,0.157,44241.55,72,1,0,20.4,Own,Home Improvement,0
CUST_08738,46,34684.68,8,638,0.293,70451.68,60,2,0,8.4,Rent,Vehicle,0
CUST_08739,41,31235.74,22,600,0.427,12776.53,60,1,0,17.0,Mortgage,Home Improvement,0
CUST_08740,37,21798.28,13,704,0.268,28782.99,60,2,2,2.5,Rent,Debt Consolidation,0
CUST_08741,36,32876.8,19,587,0.603,16257.49,48,1,0,8.5,Own,Medical,0
CUST_08742,51,37947.16,16,647,0.326,7706.47,36,0,0,16.5,Rent,Home Improvement,0
CUST_08743,29,67804.85,31,758,0.488,22691.91,60,3,0,16.1,Mortgage,Medical,0
CUST_08744,51,21385.11,24,789,0.107,45448.66,60,3,0,11.3,Own,Home Improvement,0
CUST_08745,34,27126.04,29,613,0.265,86215.23,24,2,0,7.1,Mortgage,Debt Consolidation,0
CUST_08746,69,47813.04,26,659,0.124,104072.17,60,3,1,5.6,Rent,Debt Consolidation,0
CUST_08747,57,37149.12,26,670,0.063,35798.88,12,2,0,9.5,Mortgage,Vehicle,0
CUST_08748,22,37492.86,30,577,0.372,24019.53,84,1,4,4.8,Rent,Home Improvement,0
CUST_08749,68,22347.36,25,640,0.185,45207.41,36,2,3,9.7,Mortgage,Other,0
CUST_08750,66,53596.07,13,636,0.585,99107.24,24,3,0,12.0,Rent,Home Improvement,1
CUST_08751,34,73630.31,20,714,0.339,38566.5,36,1,1,10.1,Mortgage,Other,0
CUST_08752,53,70303.95,27,697,0.463,95574.98,84,3,1,9.9,Rent,Debt Consolidation,0
CUST_08753,55,32964.7,14,689,0.247,68013.02,48,2,0,10.2,Mortgage,Vehicle,0
CUST_08754,59,15000.0,29,665,0.097,60961.64,84,2,0,2.1,Mortgage,Home Improvement,0
CUST_08755,67,40817.47,24,772,0.275,39685.97,36,1,1,9.5,Rent,Debt Consolidation,0
CUST_08756,40,38183.36,10,678,0.476,200000.0,12,2,4,12.7,Mortgage,Debt Consolidation,1
CUST_08757,22,21827.82,10,750,0.356,56505.62,72,1,1,5.1,Own,Debt Consolidation,1
CUST_08758,61,24080.83,27,721,0.276,44162.48,72,3,0,9.6,Rent,Vehicle,0
CUST_08759,39,22075.45,4,691,0.317,69316.73,36,1,0,9.9,Mortgage,Debt Consolidation,0
CUST_08760,57,41658.56,27,742,0.272,11894.01,60,4,1,10.5,Own,Debt Consolidation,0
CUST_08761,38,24071.82,7,658,0.131,27372.6,36,0,4,9.6,Mortgage,Medical,0
CUST_08762,36,39440.31,25,617,0.13,23092.45,60,0,2,0.5,Own,Home Improvement,0
CUST_08763,24,119165.74,5,678,0.343,21869.8,24,3,1,12.4,Own,Debt Consolidation,0
CUST_08764,32,33093.1,31,785,0.214,51112.47,36,1,0,17.3,Own,Debt Consolidation,0
CUST_08765,49,20332.65,31,695,0.328,163239.19,36,2,0,5.4,Mortgage,Vehicle,0
CUST_08766,27,17559.1,11,645,0.214,24250.68,36,0,2,6.6,Own,Education,0
CUST_08767,34,42831.73,5,623,0.222,26783.71,48,1,0,15.3,Own,Education,1
CUST_08768,32,98858.69,12,573,0.41,29423.76,60,2,2,12.2,Mortgage,Debt Consolidation,0
CUST_08769,55,23137.27,33,623,0.396,39743.72,48,1,1,14.2,Mortgage,Education,1
CUST_08770,25,15000.0,22,701,0.532,22083.59,48,0,1,1.3,Mortgage,Education,1
CUST_08771,37,85283.22,16,663,0.481,18331.07,60,3,5,13.9,Mortgage,Home Improvement,0
CUST_08772,62,127787.91,0,696,0.24,44641.05,60,4,1,0.5,Rent,Debt Consolidation,0
CUST_08773,52,53016.73,6,616,0.046,14943.77,48,2,1,20.2,Rent,Vehicle,0
CUST_08774,30,45038.69,12,752,0.081,22562.87,48,1,1,10.4,Mortgage,Education,0
CUST_08775,63,37547.53,13,733,0.511,110812.38,72,1,0,9.7,Rent,Home Improvement,0
CUST_08776,37,51047.43,16,641,0.501,28584.95,12,0,3,24.5,Own,Education,0
CUST_08777,25,49881.36,29,581,0.285,16166.5,48,1,1,9.6,Rent,Home Improvement,0
CUST_08778,65,41835.2,33,698,0.541,75054.79,12,0,0,15.2,Rent,Vehicle,0
CUST_08779,62,22558.01,26,542,0.266,34022.74,36,2,1,8.2,Own,Vehicle,0
CUST_08780,29,41724.65,24,588,0.304,22431.29,36,1,1,5.0,Mortgage,Other,1
CUST_08781,69,34571.79,34,652,0.215,37585.15,60,0,1,0.5,Rent,Home Improvement,0
CUST_08782,53,24318.08,8,618,0.366,8379.47,48,2,1,9.8,Rent,Home Improvement,1
CUST_08783,56,41675.97,5,771,0.4,47207.07,24,2,2,8.3,Mortgage,Home Improvement,0
CUST_08784,56,28478.4,25,657,0.057,18867.74,48,2,0,11.9,Mortgage,Debt Consolidation,1
CUST_08785,38,37566.49,26,714,0.206,55253.7,60,0,1,10.8,Rent,Home Improvement,0
CUST_08786,29,45626.51,30,528,0.14,200000.0,24,1,2,14.3,Mortgage,Vehicle,1
CUST_08787,49,48975.57,2,555,0.481,192872.93,12,2,1,0.5,Mortgage,Debt Consolidation,1
CUST_08788,34,28831.42,23,633,0.265,72433.93,72,0,0,1.3,Rent,Home Improvement,0
CUST_08789,45,45487.64,14,695,0.324,129475.72,60,2,1,3.6,Rent,Debt Consolidation,1
CUST_08790,35,51102.58,5,591,0.464,47412.37,24,1,0,12.4,Own,Medical,1
CUST_08791,26,59097.42,10,705,0.572,21731.55,60,1,1,3.0,Rent,Home Improvement,0
CUST_08792,62,42295.26,29,774,0.01,14100.1,72,1,0,14.6,Mortgage,Debt Consolidation,0
CUST_08793,49,49152.07,34,625,0.507,32472.75,84,5,0,1.9,Mortgage,Other,1
CUST_08794,35,29416.17,28,679,0.2,11239.81,60,1,2,15.0,Rent,Vehicle,0
CUST_08795,49,131723.44,22,661,0.192,14815.58,60,0,1,20.6,Own,Home Improvement,0
CUST_08796,24,35169.84,2,650,0.044,70224.99,72,3,2,10.3,Rent,Home Improvement,1
CUST_08797,38,63614.23,25,702,0.022,33039.57,48,2,0,18.2,Rent,Vehicle,0
CUST_08798,69,28470.4,13,681,0.43,20814.44,48,1,2,9.6,Mortgage,Debt Consolidation,0
CUST_08799,64,43799.47,18,667,0.579,36939.85,60,1,2,4.0,Mortgage,Debt Consolidation,1
CUST_08800,59,42989.54,20,690,0.324,18076.16,72,2,1,8.6,Mortgage,Medical,0
CUST_08801,36,47283.04,20,740,0.18,79030.13,36,2,3,9.3,Rent,Debt Consolidation,1
CUST_08802,31,23765.7,8,722,0.25,24715.85,48,0,2,12.5,Mortgage,Debt Consolidation,0
CUST_08803,34,44122.33,12,557,0.149,25901.97,60,0,1,18.4,Rent,Vehicle,0
CUST_08804,23,28525.76,23,618,0.449,35141.14,36,0,2,9.8,Own,Vehicle,0
CUST_08805,62,54706.0,10,721,0.377,27895.15,24,2,1,9.4,Rent,Education,0
CUST_08806,58,23409.23,28,850,0.143,102967.39,48,0,2,6.8,Mortgage,Debt Consolidation,0
CUST_08807,65,42317.24,16,634,0.155,117581.66,84,4,2,11.8,Mortgage,Home Improvement,1
CUST_08808,62,35805.12,25,575,0.147,38963.56,60,1,1,5.0,Mortgage,Debt Consolidation,0
CUST_08809,38,91807.84,25,839,0.255,137526.02,60,3,1,11.3,Rent,Other,0
CUST_08810,40,63506.25,11,769,0.222,54171.13,24,0,0,2.9,Own,Home Improvement,0
CUST_08811,68,72131.68,17,764,0.202,37396.31,48,3,1,0.5,Rent,Debt Consolidation,1
CUST_08812,45,24691.7,8,688,0.357,74966.05,72,0,2,12.6,Own,Vehicle,0
CUST_08813,58,29980.98,2,676,0.236,41155.36,72,2,1,11.0,Rent,Other,1
CUST_08814,33,36241.71,9,670,0.361,38777.49,84,1,2,11.9,Mortgage,Education,0
CUST_08815,24,64362.05,1,733,0.443,33675.26,60,0,2,5.6,Mortgage,Debt Consolidation,1
CUST_08816,34,43828.44,7,768,0.152,23205.09,72,3,1,2.2,Mortgage,Education,0
CUST_08817,53,24969.52,17,691,0.733,23031.13,36,0,3,7.1,Rent,Home Improvement,1
CUST_08818,48,25502.87,30,734,0.44,11881.19,12,6,3,7.7,Own,Debt Consolidation,0
CUST_08819,57,65922.55,13,777,0.394,12599.74,60,2,2,1.8,Mortgage,Medical,0
CUST_08820,28,44541.21,32,746,0.42,20168.45,60,1,1,8.4,Own,Home Improvement,0
CUST_08821,64,37280.69,28,721,0.37,9371.52,72,2,1,9.3,Mortgage,Medical,0
CUST_08822,54,35767.91,32,629,0.252,26911.14,60,4,2,0.5,Mortgage,Debt Consolidation,0
CUST_08823,64,56823.08,34,634,0.86,17210.07,48,2,0,10.4,Rent,Other,1
CUST_08824,25,21435.69,1,559,0.502,48012.27,72,2,0,5.9,Rent,Education,0
CUST_08825,25,37269.5,34,707,0.145,55511.95,36,1,2,0.5,Rent,Medical,0
CUST_08826,51,38399.92,31,688,0.399,21670.59,48,1,2,0.7,Mortgage,Vehicle,1
CUST_08827,65,19478.08,22,769,0.165,108680.23,12,2,0,13.9,Rent,Debt Consolidation,0
CUST_08828,29,32738.25,4,712,0.13,24994.3,60,4,1,7.1,Own,Vehicle,0
CUST_08829,62,113921.19,15,657,0.339,66042.7,60,1,2,3.8,Own,Other,0
CUST_08830,52,23920.62,23,646,0.079,23692.79,36,1,1,0.5,Mortgage,Home Improvement,0
CUST_08831,53,38677.76,27,704,0.456,51453.8,48,1,0,13.2,Mortgage,Debt Consolidation,1
CUST_08832,23,15000.0,24,698,0.318,40095.99,60,1,4,0.8,Mortgage,Education,0
CUST_08833,50,33878.77,6,808,0.349,26962.32,60,0,1,3.2,Mortgage,Medical,0
CUST_08834,32,21222.4,6,672,0.455,82557.46,24,1,0,17.4,Own,Medical,1
CUST_08835,49,30457.56,21,714,0.082,31814.86,36,1,1,6.6,Mortgage,Other,0
CUST_08836,23,44939.99,21,794,0.147,31998.84,48,3,0,8.1,Own,Debt Consolidation,0
CUST_08837,46,20684.03,26,670,0.533,63362.77,60,1,1,13.8,Own,Vehicle,0
CUST_08838,50,40966.8,32,657,0.087,12944.01,72,1,3,16.6,Rent,Debt Consolidation,0
CUST_08839,29,24590.44,31,587,0.324,62732.28,48,1,1,7.5,Rent,Vehicle,1
CUST_08840,46,18625.25,31,655,0.08,56574.18,36,3,1,9.1,Own,Vehicle,0
CUST_08841,22,59358.58,0,706,0.262,26975.25,72,1,0,1.2,Mortgage,Home Improvement,0
CUST_08842,23,22455.61,9,776,0.249,32099.14,84,1,0,5.1,Rent,Home Improvement,0
CUST_08843,66,29380.33,3,584,0.206,16364.98,36,0,2,0.5,Own,Debt Consolidation,0
CUST_08844,24,27299.71,28,617,0.285,176164.24,60,3,4,9.7,Mortgage,Other,1
CUST_08845,45,40475.09,6,548,0.286,15376.98,36,0,1,2.9,Mortgage,Other,0
CUST_08846,33,36906.8,5,806,0.334,17903.69,72,0,1,3.7,Mortgage,Other,1
CUST_08847,59,33435.85,10,691,0.301,143716.82,48,2,0,8.2,Own,Other,0
CUST_08848,64,25479.56,8,650,0.51,154082.9,72,4,1,8.8,Mortgage,Debt Consolidation,1
CUST_08849,55,31804.04,29,554,0.192,18167.0,48,1,3,14.4,Mortgage,Vehicle,0
CUST_08850,43,42062.88,21,680,0.4,70999.82,60,1,1,17.5,Mortgage,Other,0
CUST_08851,29,38520.52,8,652,0.199,57650.05,36,1,0,10.1,Rent,Debt Consolidation,1
CUST_08852,22,63632.81,32,554,0.477,25516.27,48,0,1,6.4,Rent,Other,1
CUST_08853,61,53183.6,25,660,0.038,28003.62,60,0,0,14.5,Mortgage,Medical,0
CUST_08854,64,63147.75,15,766,0.292,34249.28,36,0,0,6.5,Rent,Debt Consolidation,0
CUST_08855,51,71446.5,8,662,0.144,94728.22,36,4,1,8.1,Rent,Debt Consolidation,0
CUST_08856,64,39876.51,22,762,0.227,96610.31,24,2,2,10.5,Mortgage,Vehicle,0
CUST_08857,67,55648.52,14,789,0.421,23002.58,36,4,2,0.5,Rent,Debt Consolidation,1
CUST_08858,22,42952.32,18,661,0.061,42235.84,60,1,2,0.5,Rent,Debt Consolidation,0
CUST_08859,52,70500.94,15,674,0.016,26530.44,24,2,1,3.3,Rent,Home Improvement,0
CUST_08860,38,15101.84,24,715,0.345,5900.67,24,1,3,9.0,Mortgage,Home Improvement,1
CUST_08861,33,31014.79,34,752,0.477,61484.25,60,1,1,13.1,Mortgage,Debt Consolidation,0
CUST_08862,66,44579.83,12,780,0.163,31100.38,48,0,2,4.5,Mortgage,Debt Consolidation,0
CUST_08863,25,48290.03,6,786,0.35,19869.74,24,1,1,0.5,Mortgage,Education,0
CUST_08864,62,35996.63,33,629,0.292,35356.94,36,0,0,4.0,Mortgage,Debt Consolidation,0
CUST_08865,64,15815.56,13,782,0.632,19273.78,48,0,0,6.1,Rent,Education,1
CUST_08866,30,33230.43,22,716,0.24,121094.29,36,1,1,13.8,Mortgage,Debt Consolidation,0
CUST_08867,63,54617.1,22,643,0.201,80257.7,60,4,0,3.9,Rent,Vehicle,1
CUST_08868,45,31013.39,16,600,0.139,62123.48,60,4,0,3.2,Rent,Home Improvement,0
CUST_08869,54,38034.57,12,624,0.295,21269.84,60,3,1,7.2,Mortgage,Medical,0
CUST_08870,57,94681.57,26,706,0.466,31663.79,60,1,2,4.6,Mortgage,Vehicle,0
CUST_08871,50,33075.94,1,646,0.683,17027.89,48,1,0,10.9,Rent,Debt Consolidation,1
CUST_08872,27,33567.34,29,705,0.265,35821.02,72,2,3,6.4,Rent,Medical,0
CUST_08873,26,40018.07,3,601,0.302,24474.1,24,1,0,8.4,Rent,Medical,0
CUST_08874,23,40895.26,29,627,0.384,36558.47,48,1,1,5.7,Mortgage,Home Improvement,0
CUST_08875,33,38844.0,2,674,0.309,68706.55,36,3,1,8.3,Own,Home Improvement,1
CUST_08876,23,44205.32,13,668,0.189,43176.19,48,0,2,13.0,Rent,Vehicle,0
CUST_08877,46,20029.62,10,591,0.236,28291.31,60,3,2,8.4,Rent,Debt Consolidation,0
CUST_08878,44,34180.06,22,636,0.023,19522.43,60,1,1,8.9,Own,Education,0
CUST_08879,26,19649.57,31,558,0.498,5472.86,60,0,4,0.5,Own,Home Improvement,1
CUST_08880,63,37346.09,2,685,0.254,80486.17,12,1,4,12.3,Mortgage,Home Improvement,0
CUST_08881,69,49133.09,0,787,0.532,47708.49,48,0,1,11.3,Rent,Vehicle,0
CUST_08882,62,33882.42,8,626,0.263,102999.06,60,2,0,0.5,Mortgage,Medical,0
CUST_08883,32,22619.79,8,613,0.632,25023.18,60,0,0,4.1,Own,Other,0
CUST_08884,69,29276.51,11,749,0.442,6895.39,24,1,0,0.5,Rent,Home Improvement,0
CUST_08885,56,89366.8,0,598,0.572,53986.64,36,1,2,10.9,Rent,Other,0
CUST_08886,22,74970.39,15,750,0.328,16874.39,60,0,3,10.5,Own,Home Improvement,0
CUST_08887,31,27691.81,29,596,0.542,103100.84,36,0,2,2.7,Mortgage,Education,0
CUST_08888,59,27623.05,7,655,0.555,16667.61,36,0,2,9.2,Mortgage,Debt Consolidation,0
CUST_08889,54,34393.04,9,663,0.093,34114.1,36,0,0,12.7,Mortgage,Home Improvement,0
CUST_08890,46,67497.05,32,729,0.217,51353.79,36,1,2,5.2,Mortgage,Debt Consolidation,0
CUST_08891,38,15131.3,21,811,0.497,46590.42,36,1,2,4.6,Mortgage,Home Improvement,0
CUST_08892,41,27513.0,15,656,0.184,34267.45,60,1,2,4.5,Own,Vehicle,0
CUST_08893,56,44607.6,18,679,0.309,30743.79,48,2,3,3.7,Rent,Debt Consolidation,0
CUST_08894,60,42105.76,10,560,0.246,77756.78,36,4,2,12.1,Rent,Other,0
CUST_08895,66,29324.4,10,677,0.395,30345.21,24,1,1,12.8,Mortgage,Debt Consolidation,0
CUST_08896,64,32011.62,13,761,0.551,42749.3,60,3,1,2.4,Mortgage,Debt Consolidation,0
CUST_08897,42,42850.84,25,845,0.486,97727.83,36,2,0,8.8,Own,Vehicle,0
CUST_08898,50,29578.47,19,655,0.078,42333.25,60,1,3,6.2,Mortgage,Vehicle,0
CUST_08899,63,21338.71,19,730,0.66,14651.33,48,1,2,8.1,Mortgage,Home Improvement,0
CUST_08900,50,33100.31,4,761,0.339,67960.45,36,1,2,8.7,Mortgage,Debt Consolidation,0
CUST_08901,28,39921.82,0,579,0.565,33126.1,36,3,3,14.1,Own,Debt Consolidation,1
CUST_08902,54,15000.0,10,779,0.187,65417.16,48,0,3,9.5,Mortgage,Debt Consolidation,0
CUST_08903,67,44183.72,9,624,0.485,22866.95,36,1,0,11.9,Rent,Home Improvement,0
CUST_08904,29,59106.01,27,699,0.384,25915.81,36,1,3,9.5,Own,Debt Consolidation,0
CUST_08905,40,30374.9,33,592,0.465,38069.53,72,1,1,14.3,Own,Other,1
CUST_08906,60,30651.66,12,654,0.069,24531.71,60,2,0,1.5,Mortgage,Debt Consolidation,0
CUST_08907,45,25104.22,24,562,0.102,27852.78,60,1,0,1.0,Mortgage,Education,0
CUST_08908,39,33651.33,22,699,0.531,100132.61,36,1,3,12.9,Rent,Home Improvement,0
CUST_08909,25,27471.77,11,787,0.465,32539.38,48,0,4,11.3,Mortgage,Home Improvement,0
CUST_08910,31,74892.03,1,682,0.224,10741.11,36,3,1,12.0,Rent,Medical,0
CUST_08911,35,38650.05,19,579,0.313,66903.15,72,1,1,11.6,Rent,Vehicle,0
CUST_08912,28,15000.0,15,656,0.366,62011.86,48,0,2,6.1,Own,Medical,1
CUST_08913,39,48303.89,13,695,0.098,99751.56,72,2,2,9.0,Rent,Education,0
CUST_08914,43,85782.47,1,670,0.178,29412.88,48,3,1,14.1,Rent,Home Improvement,1
CUST_08915,47,46841.93,15,728,0.227,22831.01,84,3,0,17.0,Own,Home Improvement,0
CUST_08916,60,65841.68,3,821,0.708,59848.41,60,1,2,1.4,Mortgage,Vehicle,0
CUST_08917,52,50949.52,12,676,0.428,39795.33,60,1,1,4.4,Rent,Vehicle,1
CUST_08918,46,59604.83,0,671,0.288,85814.1,60,2,3,3.8,Rent,Vehicle,1
CUST_08919,47,58171.26,8,630,0.325,72716.6,24,2,2,7.8,Mortgage,Education,1
CUST_08920,39,58505.5,20,752,0.115,43061.59,60,0,1,8.0,Mortgage,Other,0
CUST_08921,62,42545.87,17,814,0.292,17233.32,36,0,0,3.5,Mortgage,Debt Consolidation,0
CUST_08922,49,15405.56,31,667,0.127,63847.64,60,2,0,9.3,Own,Education,1
CUST_08923,59,21064.73,33,698,0.033,58168.27,48,3,1,17.2,Mortgage,Medical,1
CUST_08924,61,21258.71,19,691,0.36,58592.97,72,2,1,3.9,Rent,Education,0
CUST_08925,53,15000.0,1,626,0.261,19490.34,36,1,2,8.2,Own,Debt Consolidation,0
CUST_08926,39,29220.26,3,731,0.34,55901.08,36,2,0,3.6,Own,Other,0
CUST_08927,57,73698.42,6,677,0.191,9673.54,48,2,1,11.0,Mortgage,Home Improvement,0
CUST_08928,39,17708.71,21,696,0.241,20835.52,48,1,1,14.8,Rent,Education,0
CUST_08929,53,52262.67,19,748,0.25,36803.49,24,3,0,6.5,Mortgage,Home Improvement,0
CUST_08930,67,47313.55,34,657,0.332,51283.78,60,2,3,8.3,Rent,Home Improvement,1
CUST_08931,36,40740.76,3,687,0.184,59977.36,36,0,0,9.1,Own,Medical,0
CUST_08932,43,65597.33,19,629,0.113,16190.16,48,2,0,18.5,Own,Education,0
CUST_08933,27,35573.03,34,604,0.245,88755.44,60,3,6,10.8,Rent,Debt Consolidation,0
CUST_08934,46,77711.79,32,688,0.563,21545.2,12,0,3,14.1,Rent,Debt Consolidation,1
CUST_08935,52,32867.99,20,695,0.048,27444.47,36,2,3,9.8,Own,Vehicle,0
CUST_08936,32,43117.4,13,745,0.219,29175.61,36,0,0,16.1,Own,Vehicle,0
CUST_08937,28,33833.24,30,627,0.1,12365.59,48,0,3,7.3,Mortgage,Education,1
CUST_08938,25,22881.89,21,607,0.334,20491.35,72,1,0,15.0,Own,Other,0
CUST_08939,62,18521.87,29,804,0.198,42644.65,48,4,3,6.2,Own,Vehicle,0
CUST_08940,48,48417.71,28,689,0.354,97946.44,36,2,2,4.0,Own,Home Improvement,0
CUST_08941,25,71228.15,28,584,0.235,48465.34,24,0,1,7.5,Own,Vehicle,0
CUST_08942,69,41030.76,6,676,0.228,71562.91,12,1,2,8.0,Rent,Debt Consolidation,0
CUST_08943,46,46956.45,31,634,0.108,16489.83,36,0,1,8.7,Rent,Debt Consolidation,0
CUST_08944,25,16694.58,12,705,0.546,44556.35,48,0,2,8.4,Rent,Other,0
CUST_08945,42,44030.11,12,651,0.16,39674.49,36,4,0,7.7,Mortgage,Home Improvement,1
CUST_08946,35,15000.0,13,767,0.207,30286.69,48,1,1,10.1,Mortgage,Vehicle,0
CUST_08947,33,19974.46,5,589,0.696,32215.22,48,0,0,10.2,Own,Other,0
CUST_08948,48,70763.34,15,769,0.053,11708.39,48,3,3,4.6,Mortgage,Education,0
CUST_08949,53,36564.2,20,732,0.088,47938.34,60,2,0,1.0,Own,Debt Consolidation,0
CUST_08950,63,38289.0,15,703,0.402,38472.3,36,2,2,15.2,Mortgage,Education,0
CUST_08951,43,47901.43,4,752,0.429,35030.72,60,0,1,6.6,Own,Debt Consolidation,1
CUST_08952,53,54125.74,23,765,0.314,69203.51,60,2,1,9.9,Rent,Home Improvement,0
CUST_08953,63,31716.31,0,680,0.185,84741.8,36,1,0,6.7,Own,Vehicle,0
CUST_08954,38,42043.44,9,794,0.39,27924.44,24,0,1,7.4,Own,Debt Consolidation,0
CUST_08955,50,35075.0,34,723,0.617,200000.0,72,2,0,10.2,Rent,Medical,0
CUST_08956,46,16882.07,30,642,0.237,60747.96,36,2,0,14.6,Mortgage,Debt Consolidation,1
CUST_08957,36,30416.69,14,586,0.4,11215.54,60,3,1,11.9,Rent,Debt Consolidation,1
CUST_08958,33,44646.16,10,755,0.346,44185.8,72,2,0,9.4,Own,Debt Consolidation,0
CUST_08959,59,29956.71,8,680,0.651,94807.31,12,0,1,11.8,Own,Vehicle,1
CUST_08960,53,30092.95,1,555,0.315,43115.28,36,1,2,2.6,Own,Vehicle,1
CUST_08961,46,53696.3,29,703,0.251,15087.18,36,2,0,11.0,Own,Vehicle,0
CUST_08962,68,39362.13,15,662,0.39,27034.86,60,2,3,5.8,Own,Home Improvement,0
CUST_08963,21,43301.28,0,633,0.079,28091.8,60,0,0,7.9,Mortgage,Home Improvement,0
CUST_08964,69,16117.14,5,751,0.204,18605.07,60,4,0,9.9,Mortgage,Home Improvement,1
CUST_08965,58,45440.54,10,625,0.084,39318.55,72,1,1,5.1,Rent,Debt Consolidation,0
CUST_08966,22,20863.97,32,648,0.31,103676.55,84,0,3,4.1,Mortgage,Education,0
CUST_08967,69,35872.97,16,665,0.182,15267.02,24,2,1,19.6,Mortgage,Home Improvement,0
CUST_08968,26,21341.28,33,751,0.606,25401.34,72,2,1,9.2,Own,Home Improvement,0
CUST_08969,66,57899.42,24,598,0.251,200000.0,36,1,1,6.5,Own,Debt Consolidation,0
CUST_08970,58,90653.87,21,636,0.346,20685.98,36,1,0,12.7,Mortgage,Home Improvement,0
CUST_08971,62,33732.34,25,710,0.092,17594.69,60,2,2,4.8,Mortgage,Home Improvement,0
CUST_08972,44,33575.61,26,715,0.285,39969.53,60,3,0,6.8,Mortgage,Debt Consolidation,0
CUST_08973,38,60801.81,8,601,0.071,12612.33,24,0,2,13.1,Mortgage,Vehicle,0
CUST_08974,47,48336.56,4,652,0.218,23157.0,36,4,2,0.5,Mortgage,Home Improvement,1
CUST_08975,61,35043.96,17,672,0.122,67789.04,60,0,0,4.7,Mortgage,Education,0
CUST_08976,28,43656.39,21,700,0.593,6941.33,12,0,1,1.3,Rent,Debt Consolidation,0
CUST_08977,48,100198.32,11,665,0.374,23417.22,36,4,1,17.7,Mortgage,Vehicle,1
CUST_08978,30,25953.58,21,788,0.39,5863.02,48,2,2,13.2,Own,Medical,0
CUST_08979,37,27093.71,5,673,0.155,88450.74,72,2,3,8.2,Rent,Education,0
CUST_08980,49,54031.86,26,786,0.464,21489.49,72,0,1,9.3,Own,Debt Consolidation,0
CUST_08981,26,104424.25,14,647,0.109,34460.71,36,1,1,2.1,Rent,Vehicle,0
CUST_08982,34,39680.21,16,568,0.318,25474.68,36,3,1,3.7,Own,Vehicle,0
CUST_08983,42,15447.76,2,850,0.56,15477.32,48,4,1,5.8,Mortgage,Medical,1
CUST_08984,26,44143.06,9,674,0.274,50443.33,48,4,0,14.7,Rent,Medical,0
CUST_08985,46,27931.93,24,706,0.387,28763.81,60,2,0,3.7,Own,Vehicle,0
CUST_08986,59,46077.54,20,578,0.436,44586.82,84,0,1,0.6,Rent,Vehicle,0
CUST_08987,32,18404.26,8,698,0.535,55924.64,60,3,1,6.6,Own,Medical,1
CUST_08988,55,17363.14,23,738,0.244,47569.09,24,1,2,5.2,Mortgage,Vehicle,0
CUST_08989,34,31305.99,31,600,0.488,39735.31,48,0,0,12.1,Own,Home Improvement,0
CUST_08990,42,82960.92,2,670,0.32,30725.25,48,3,0,9.1,Mortgage,Vehicle,0
CUST_08991,43,18291.49,32,676,0.582,13208.61,84,2,3,9.3,Own,Education,0
CUST_08992,68,30940.68,11,590,0.637,48331.24,36,2,1,10.6,Own,Medical,0
CUST_08993,27,17467.51,28,794,0.234,30622.59,60,0,2,14.8,Mortgage,Vehicle,0
CUST_08994,60,41979.48,20,493,0.277,96640.09,12,1,1,6.8,Mortgage,Debt Consolidation,1
CUST_08995,45,40568.7,33,530,0.243,77952.4,48,0,2,1.6,Mortgage,Medical,0
CUST_08996,33,17819.41,32,687,0.043,90174.67,12,2,0,4.8,Rent,Debt Consolidation,0
CUST_08997,41,69138.37,31,610,0.226,50175.58,36,1,0,11.7,Mortgage,Debt Consolidation,0
CUST_08998,61,15000.0,19,727,0.128,78849.74,48,3,0,17.4,Mortgage,Other,0
CUST_08999,30,79875.66,2,656,0.259,37043.78,60,1,1,10.5,Own,Vehicle,0
CUST_09000,29,72202.82,3,708,0.231,156209.02,72,3,1,10.2,Rent,Home Improvement,0
CUST_09001,35,42315.07,16,584,0.203,9920.75,36,3,0,8.3,Mortgage,Education,0
CUST_09002,22,56843.41,16,652,0.198,75551.49,36,1,2,14.8,Mortgage,Vehicle,0
CUST_09003,45,33221.25,18,649,0.313,19571.16,60,1,0,8.3,Rent,Education,0
CUST_09004,33,16811.43,3,844,0.088,31961.42,36,0,2,0.9,Mortgage,Debt Consolidation,0
CUST_09005,54,40873.73,28,648,0.352,26667.28,72,1,0,2.7,Mortgage,Vehicle,0
CUST_09006,54,16556.62,16,520,0.434,16090.73,72,0,1,4.7,Rent,Vehicle,0
CUST_09007,55,36118.48,21,757,0.735,19920.38,72,2,1,0.5,Mortgage,Medical,0
CUST_09008,58,19566.59,1,663,0.515,11765.96,60,1,2,17.0,Own,Debt Consolidation,1
CUST_09009,23,59142.61,11,699,0.105,14237.48,84,2,2,8.6,Mortgage,Other,0
CUST_09010,62,43918.21,10,656,0.246,5380.97,60,1,3,8.5,Own,Education,0
CUST_09011,26,50978.16,28,591,0.346,26036.84,48,1,1,8.6,Rent,Education,0
CUST_09012,68,43051.24,19,771,0.194,17222.37,60,1,0,8.6,Rent,Debt Consolidation,0
CUST_09013,69,93004.84,4,612,0.455,19454.24,24,2,0,11.4,Mortgage,Education,0
CUST_09014,39,60548.49,24,576,0.344,112174.73,72,3,0,8.3,Mortgage,Home Improvement,0
CUST_09015,23,85119.46,33,713,0.667,19880.64,84,1,1,16.8,Mortgage,Education,0
CUST_09016,38,23155.2,11,691,0.463,9684.37,72,2,1,13.2,Mortgage,Vehicle,0
CUST_09017,59,27686.7,27,755,0.223,177251.83,12,1,0,5.2,Mortgage,Vehicle,0
CUST_09018,29,15000.0,33,700,0.363,94629.68,36,2,1,4.1,Mortgage,Vehicle,0
CUST_09019,32,29846.0,5,675,0.059,76427.0,24,0,1,3.5,Own,Debt Consolidation,0
CUST_09020,25,35675.72,18,744,0.293,28161.78,48,0,1,6.8,Own,Debt Consolidation,0
CUST_09021,23,45123.39,11,565,0.457,13664.69,12,2,2,8.1,Mortgage,Debt Consolidation,0
CUST_09022,31,27848.34,24,667,0.235,5941.7,72,4,1,5.1,Own,Vehicle,0
CUST_09023,50,52480.69,12,614,0.195,7927.71,60,1,0,13.0,Mortgage,Home Improvement,0
CUST_09024,24,50674.16,16,698,0.609,45278.53,60,0,3,4.3,Own,Debt Consolidation,0
CUST_09025,25,28658.75,11,737,0.353,14834.04,48,2,3,9.5,Mortgage,Medical,1
CUST_09026,21,22489.05,2,700,0.136,39490.97,36,2,1,9.4,Mortgage,Debt Consolidation,0
CUST_09027,47,37532.18,23,730,0.165,39036.65,48,2,2,9.6,Own,Debt Consolidation,0
CUST_09028,48,38164.5,7,767,0.277,16081.83,48,2,0,3.5,Mortgage,Home Improvement,0
CUST_09029,49,26799.29,25,715,0.13,25404.97,60,2,2,25.0,Own,Debt Consolidation,0
CUST_09030,38,31901.1,7,732,0.155,17339.63,36,1,0,6.3,Mortgage,Home Improvement,0
CUST_09031,32,17873.43,31,811,0.296,36813.09,60,1,2,8.8,Own,Medical,0
CUST_09032,33,50984.42,31,850,0.223,33081.64,60,1,2,0.5,Mortgage,Education,0
CUST_09033,61,51398.61,0,669,0.698,82654.93,36,1,0,13.9,Mortgage,Vehicle,0
CUST_09034,22,37215.98,2,614,0.45,26087.98,84,1,1,4.9,Mortgage,Education,0
CUST_09035,57,53249.89,0,499,0.255,58452.31,60,2,2,5.3,Own,Home Improvement,1
CUST_09036,65,38776.83,14,815,0.324,39594.68,60,0,1,17.8,Rent,Education,1
CUST_09037,36,81481.64,19,640,0.189,86191.89,72,1,2,14.8,Rent,Debt Consolidation,0
CUST_09038,68,18992.43,2,712,0.336,29441.2,36,2,1,11.6,Mortgage,Other,0
CUST_09039,44,40170.78,14,726,0.357,14284.7,36,0,2,14.2,Rent,Vehicle,0
CUST_09040,55,57049.49,20,736,0.052,17520.12,48,1,2,5.3,Mortgage,Home Improvement,0
CUST_09041,42,76576.84,22,662,0.169,21011.05,60,4,0,12.6,Own,Education,0
CUST_09042,56,53975.61,34,736,0.616,104979.59,60,2,1,10.7,Mortgage,Debt Consolidation,0
CUST_09043,31,21612.13,17,718,0.162,75808.68,36,1,0,8.4,Mortgage,Other,0
CUST_09044,66,15874.6,16,633,0.259,45135.37,36,1,2,7.9,Own,Debt Consolidation,0
CUST_09045,49,33358.29,30,794,0.106,24839.08,72,4,3,12.8,Mortgage,Debt Consolidation,0
CUST_09046,55,43514.92,25,727,0.301,200000.0,24,1,1,13.6,Rent,Education,0
CUST_09047,68,58242.32,21,590,0.311,11786.19,48,1,2,9.0,Own,Home Improvement,1
CUST_09048,35,20999.73,34,654,0.188,26602.1,48,2,0,4.8,Mortgage,Vehicle,0
CUST_09049,51,49284.7,10,652,0.128,110472.38,36,1,1,0.5,Mortgage,Home Improvement,0
CUST_09050,62,15000.0,26,640,0.307,46605.89,60,1,1,12.8,Mortgage,Other,0
CUST_09051,61,25090.71,33,723,0.423,200000.0,72,1,1,12.0,Mortgage,Education,0
CUST_09052,63,55834.02,17,770,0.123,31846.62,84,2,1,11.6,Own,Medical,0
CUST_09053,36,20018.15,26,603,0.671,18169.61,24,1,1,12.0,Mortgage,Other,1
CUST_09054,30,20914.72,3,655,0.22,32162.24,12,1,1,0.5,Mortgage,Education,0
CUST_09055,69,27925.3,16,760,0.113,47142.86,36,0,1,10.6,Mortgage,Debt Consolidation,0
CUST_09056,52,39675.78,5,621,0.31,12298.72,60,1,3,7.0,Mortgage,Education,0
CUST_09057,22,20793.02,10,630,0.241,29655.5,48,1,0,3.4,Mortgage,Vehicle,0
CUST_09058,44,35734.01,4,522,0.63,33296.45,48,0,1,14.8,Rent,Medical,1
CUST_09059,43,29258.07,17,734,0.372,33713.31,84,1,3,10.1,Own,Home Improvement,1
CUST_09060,22,64793.85,24,694,0.246,19263.77,48,3,1,11.4,Mortgage,Education,0
CUST_09061,58,28512.84,9,657,0.421,7729.1,72,1,2,6.5,Rent,Home Improvement,0
CUST_09062,51,36833.75,15,568,0.189,17875.77,48,1,0,15.0,Mortgage,Education,0
CUST_09063,60,39464.96,9,656,0.105,20175.87,48,1,0,7.1,Mortgage,Education,0
CUST_09064,46,29440.64,9,545,0.279,80558.7,60,3,1,3.7,Rent,Vehicle,1
CUST_09065,49,53361.81,20,668,0.572,47954.01,72,1,0,10.0,Own,Debt Consolidation,0
CUST_09066,23,59207.69,13,814,0.558,132835.8,60,1,0,9.8,Rent,Debt Consolidation,0
CUST_09067,34,28439.01,7,694,0.094,37588.43,48,2,0,3.2,Rent,Home Improvement,0
CUST_09068,45,42047.71,0,766,0.433,49576.72,60,1,1,12.9,Rent,Home Improvement,0
CUST_09069,68,22839.24,15,771,0.182,43331.87,36,3,2,2.1,Mortgage,Vehicle,0
CUST_09070,21,48141.55,25,643,0.359,19178.78,24,0,2,12.7,Rent,Debt Consolidation,0
CUST_09071,23,40798.95,5,723,0.46,69629.02,36,1,0,5.4,Rent,Education,0
CUST_09072,46,30273.55,1,489,0.194,56005.38,12,3,1,12.2,Own,Home Improvement,1
CUST_09073,38,42828.81,8,700,0.219,91259.73,48,1,0,11.0,Mortgage,Debt Consolidation,0
CUST_09074,29,48846.0,4,755,0.11,40159.93,60,0,0,10.6,Mortgage,Other,1
CUST_09075,58,67184.24,4,717,0.122,47124.57,12,2,1,8.8,Mortgage,Home Improvement,0
CUST_09076,43,44300.05,7,655,0.169,69236.78,24,4,1,6.0,Own,Debt Consolidation,0
CUST_09077,41,56624.96,4,768,0.184,46010.41,48,0,1,10.5,Rent,Debt Consolidation,1
CUST_09078,21,94129.59,4,760,0.14,22542.4,72,0,0,1.1,Rent,Other,0
CUST_09079,41,21655.55,16,677,0.101,71289.1,24,2,0,0.5,Own,Debt Consolidation,0
CUST_09080,47,65229.12,8,784,0.117,163370.0,60,1,1,14.5,Own,Vehicle,0
CUST_09081,62,23398.46,33,716,0.199,36123.53,60,0,1,13.3,Mortgage,Home Improvement,0
CUST_09082,26,25419.57,32,567,0.22,58029.23,36,0,0,12.4,Mortgage,Education,0
CUST_09083,64,36101.88,21,702,0.076,14925.86,24,0,0,1.9,Rent,Debt Consolidation,0
CUST_09084,56,26291.07,20,630,0.278,19432.98,60,2,0,6.0,Mortgage,Home Improvement,1
CUST_09085,48,24182.49,14,715,0.042,68261.29,48,0,1,4.2,Rent,Home Improvement,0
CUST_09086,65,35235.09,0,425,0.425,30064.05,36,2,3,16.8,Mortgage,Debt Consolidation,1
CUST_09087,37,30741.71,6,792,0.063,34414.05,60,0,0,16.7,Mortgage,Medical,0
CUST_09088,60,26038.95,22,758,0.153,52325.52,48,0,0,12.8,Mortgage,Home Improvement,0
CUST_09089,23,22554.55,5,791,0.16,22594.94,60,2,1,17.9,Rent,Debt Consolidation,0
CUST_09090,32,74055.84,19,679,0.485,70232.24,36,0,1,5.9,Rent,Debt Consolidation,0
CUST_09091,59,19928.37,25,761,0.356,51140.08,24,3,1,11.4,Rent,Vehicle,0
CUST_09092,32,33394.96,11,695,0.334,78576.5,36,0,0,5.0,Own,Education,0
CUST_09093,22,63510.55,12,611,0.225,112891.58,36,2,4,0.5,Own,Vehicle,0
CUST_09094,66,54435.6,12,623,0.457,52881.26,60,2,0,4.6,Mortgage,Education,1
CUST_09095,42,40817.14,1,656,0.153,44464.4,60,2,3,8.2,Mortgage,Education,1
CUST_09096,43,26587.04,31,768,0.485,24503.41,36,1,1,4.4,Mortgage,Debt Consolidation,0
CUST_09097,50,35976.56,30,765,0.584,45306.96,48,2,1,15.1,Mortgage,Vehicle,1
CUST_09098,25,20701.57,10,635,0.038,36252.98,60,2,1,13.1,Own,Home Improvement,0
CUST_09099,29,31490.23,3,730,0.605,32736.07,36,2,1,1.9,Rent,Medical,0
CUST_09100,41,31252.86,33,681,0.253,39484.23,36,1,2,12.5,Mortgage,Home Improvement,0
CUST_09101,31,32798.84,15,614,0.28,48781.32,36,2,2,10.5,Own,Vehicle,0
CUST_09102,25,24489.39,30,597,0.208,25110.22,24,2,0,8.3,Own,Debt Consolidation,0
CUST_09103,55,15553.79,24,664,0.229,36499.16,36,0,4,10.3,Rent,Medical,0
CUST_09104,47,67909.19,7,745,0.406,44500.44,60,4,1,0.5,Own,Debt Consolidation,0
CUST_09105,69,60772.02,7,645,0.068,95934.74,36,2,1,11.0,Mortgage,Home Improvement,0
CUST_09106,22,56236.83,33,735,0.097,50740.81,60,2,0,13.4,Own,Debt Consolidation,0
CUST_09107,44,43879.81,14,702,0.077,45415.06,12,1,0,8.0,Rent,Vehicle,0
CUST_09108,51,39544.48,4,565,0.563,57303.34,36,0,1,7.0,Own,Debt Consolidation,1
CUST_09109,53,25672.03,18,821,0.557,163192.45,60,4,1,1.0,Mortgage,Vehicle,0
CUST_09110,59,27080.98,9,764,0.216,52194.28,60,1,1,4.4,Rent,Education,0
CUST_09111,50,75182.8,8,581,0.331,48103.2,36,2,1,12.8,Own,Home Improvement,0
CUST_09112,66,84242.4,28,708,0.523,97395.93,60,3,0,3.3,Mortgage,Home Improvement,0
CUST_09113,57,33111.08,18,783,0.516,60936.79,36,3,0,6.0,Mortgage,Vehicle,0
CUST_09114,48,36383.92,12,709,0.544,11210.0,60,3,1,14.0,Rent,Home Improvement,0
CUST_09115,51,52373.75,15,651,0.193,16747.26,36,1,0,8.8,Mortgage,Medical,0
CUST_09116,31,38052.93,29,671,0.214,52181.73,48,1,0,8.4,Own,Home Improvement,0
CUST_09117,43,39518.23,4,662,0.029,15406.53,72,3,1,3.8,Own,Other,0
CUST_09118,22,35245.75,32,670,0.086,52627.82,60,1,4,5.3,Mortgage,Other,0
CUST_09119,60,22721.84,18,759,0.3,74702.24,60,4,0,13.6,Mortgage,Home Improvement,0
CUST_09120,61,30136.54,18,713,0.394,38649.45,60,1,0,10.1,Rent,Debt Consolidation,1
CUST_09121,47,33967.75,16,620,0.241,35819.47,36,1,2,0.5,Rent,Debt Consolidation,0
CUST_09122,55,15000.0,23,661,0.157,34073.35,24,1,3,4.6,Rent,Debt Consolidation,0
CUST_09123,22,37939.82,27,652,0.197,47113.52,36,3,3,0.5,Own,Debt Consolidation,1
CUST_09124,59,115992.75,21,700,0.454,14073.38,12,1,1,7.7,Rent,Medical,1
CUST_09125,57,29299.2,15,602,0.289,56249.0,36,1,0,12.7,Mortgage,Debt Consolidation,0
CUST_09126,41,36922.01,34,575,0.127,75853.57,12,1,1,10.7,Own,Education,0
CUST_09127,25,23855.19,26,615,0.252,93061.06,48,0,3,11.4,Mortgage,Vehicle,0
CUST_09128,65,21016.23,11,571,0.426,12639.98,12,1,0,8.8,Mortgage,Education,1
CUST_09129,41,31099.72,27,573,0.342,98435.41,60,0,0,11.8,Own,Debt Consolidation,0
CUST_09130,49,49756.51,0,766,0.258,39669.09,84,3,1,8.9,Own,Vehicle,0
CUST_09131,40,32309.72,17,671,0.398,48082.23,12,0,1,12.9,Own,Debt Consolidation,0
CUST_09132,58,30120.5,22,706,0.17,43150.08,60,2,0,0.5,Own,Education,0
CUST_09133,40,46527.46,21,684,0.205,26984.39,36,0,1,2.5,Own,Medical,0
CUST_09134,45,40136.79,3,688,0.37,16253.55,48,1,2,10.7,Own,Home Improvement,0
CUST_09135,22,41757.61,10,701,0.316,15458.39,72,1,0,8.1,Own,Debt Consolidation,0
CUST_09136,52,65850.82,17,721,0.169,57370.17,60,2,2,8.1,Mortgage,Vehicle,0
CUST_09137,46,61840.71,6,706,0.113,15563.39,60,0,0,5.6,Rent,Debt Consolidation,1
CUST_09138,26,76716.34,20,850,0.314,38675.08,36,0,2,4.0,Mortgage,Debt Consolidation,0
CUST_09139,61,19802.91,34,608,0.09,61490.32,60,1,0,10.1,Own,Debt Consolidation,0
CUST_09140,23,55749.72,29,606,0.306,23039.64,24,0,4,12.9,Rent,Debt Consolidation,1
CUST_09141,53,82694.76,16,642,0.333,132711.02,60,1,0,9.5,Own,Debt Consolidation,0
CUST_09142,21,16053.34,32,587,0.103,31032.56,48,2,1,11.2,Rent,Vehicle,0
CUST_09143,25,35952.46,15,660,0.382,42800.03,48,2,2,3.0,Own,Education,0
CUST_09144,33,27677.26,14,613,0.205,30779.12,48,1,3,13.8,Rent,Debt Consolidation,1
CUST_09145,39,35876.31,12,686,0.284,21382.09,60,0,0,1.5,Rent,Debt Consolidation,0
CUST_09146,32,64439.96,2,685,0.361,78695.21,36,4,3,5.1,Rent,Education,1
CUST_09147,68,18072.24,23,589,0.612,24051.12,36,1,0,10.5,Mortgage,Other,0
CUST_09148,45,41047.85,22,734,0.326,25064.92,48,2,1,1.4,Rent,Vehicle,1
CUST_09149,55,27383.4,0,624,0.287,13609.24,36,2,1,9.2,Own,Medical,0
CUST_09150,32,65435.54,31,614,0.072,29516.71,48,2,0,8.8,Mortgage,Debt Consolidation,1
CUST_09151,50,44822.58,32,711,0.27,22928.72,60,0,3,6.2,Mortgage,Vehicle,0
CUST_09152,25,33561.23,29,680,0.085,125563.21,84,0,1,3.1,Mortgage,Vehicle,0
CUST_09153,54,25360.33,1,680,0.094,61206.94,36,2,0,9.2,Own,Other,0
CUST_09154,42,137167.89,17,611,0.348,22640.12,36,2,3,5.8,Mortgage,Other,1
CUST_09155,59,41770.44,29,602,0.287,42806.85,36,3,1,24.9,Own,Vehicle,1
CUST_09156,33,17854.71,17,736,0.29,24889.09,60,1,3,6.0,Own,Other,0
CUST_09157,67,24212.61,4,675,0.099,22593.47,72,4,0,0.5,Own,Debt Consolidation,1
CUST_09158,23,44636.52,4,696,0.135,10950.16,72,2,3,7.5,Rent,Debt Consolidation,1
CUST_09159,40,25209.77,7,691,0.046,19979.57,36,0,0,9.5,Mortgage,Home Improvement,0
CUST_09160,51,26809.08,8,727,0.372,67502.63,48,1,0,8.6,Rent,Debt Consolidation,0
CUST_09161,25,59454.28,31,676,0.335,36980.62,48,1,1,4.5,Rent,Vehicle,0
CUST_09162,44,56880.33,13,664,0.408,33574.74,36,4,0,7.6,Rent,Vehicle,0
CUST_09163,60,27293.3,12,730,0.288,26399.22,36,1,1,0.5,Mortgage,Education,0
CUST_09164,53,65213.88,17,836,0.228,27361.27,24,3,0,8.5,Mortgage,Vehicle,0
CUST_09165,28,25455.63,3,593,0.151,83690.28,48,1,0,3.1,Rent,Debt Consolidation,0
CUST_09166,44,84691.5,21,642,0.147,42993.85,60,1,0,7.4,Mortgage,Vehicle,0
CUST_09167,40,47513.68,19,701,0.091,60215.27,84,1,2,6.0,Rent,Debt Consolidation,0
CUST_09168,36,41985.97,14,528,0.564,44131.4,60,3,0,10.1,Rent,Home Improvement,1
CUST_09169,32,29959.4,6,758,0.125,64158.33,60,0,2,6.4,Own,Debt Consolidation,0
CUST_09170,33,26787.06,12,736,0.338,65464.56,36,3,2,11.7,Rent,Other,1
CUST_09171,65,15000.0,33,682,0.418,25627.69,24,4,0,5.6,Rent,Debt Consolidation,1
CUST_09172,62,31348.67,29,713,0.105,51383.29,60,2,0,5.6,Own,Medical,0
CUST_09173,59,36125.43,4,785,0.418,64569.44,24,2,3,15.4,Mortgage,Debt Consolidation,0
CUST_09174,45,15000.0,0,700,0.577,27139.88,60,1,0,15.2,Own,Education,0
CUST_09175,66,54813.51,30,591,0.293,29964.1,60,2,3,7.6,Mortgage,Education,0
CUST_09176,52,33517.21,19,747,0.326,107054.24,24,1,1,9.5,Mortgage,Home Improvement,0
CUST_09177,44,66659.71,18,745,0.034,83199.66,36,2,2,0.5,Own,Other,0
CUST_09178,68,25801.03,28,695,0.244,34264.52,60,0,2,15.2,Mortgage,Debt Consolidation,0
CUST_09179,67,67387.2,9,850,0.16,47496.85,84,1,2,10.8,Rent,Vehicle,0
CUST_09180,64,29012.57,28,673,0.061,55972.96,60,1,0,0.5,Rent,Other,1
CUST_09181,29,35413.82,30,554,0.363,46823.0,48,1,1,10.0,Mortgage,Home Improvement,0
CUST_09182,60,40449.42,10,698,0.144,27132.22,60,0,2,13.9,Rent,Medical,0
CUST_09183,43,35566.84,22,690,0.493,90225.79,36,1,2,15.1,Rent,Medical,1
CUST_09184,33,42284.61,29,836,0.092,23599.03,72,0,1,18.6,Rent,Other,0
CUST_09185,52,15000.0,24,705,0.138,95372.22,12,0,0,13.6,Rent,Home Improvement,0
CUST_09186,35,33870.72,15,663,0.359,47375.04,84,1,3,0.5,Rent,Vehicle,0
CUST_09187,56,34884.19,22,592,0.711,36352.73,24,4,0,1.0,Mortgage,Debt Consolidation,1
CUST_09188,69,15000.0,32,807,0.314,36067.72,72,2,0,15.0,Own,Vehicle,0
CUST_09189,25,50072.9,27,520,0.296,47744.27,72,1,1,4.6,Rent,Vehicle,1
CUST_09190,42,23024.71,26,713,0.044,73802.11,36,4,1,11.5,Own,Home Improvement,0
CUST_09191,36,58172.3,5,539,0.229,73290.88,48,2,0,11.4,Rent,Home Improvement,0
CUST_09192,61,37910.21,5,660,0.768,68970.96,36,0,3,13.0,Mortgage,Education,0
CUST_09193,30,27251.37,24,655,0.104,5349.01,48,0,1,5.2,Own,Education,0
CUST_09194,44,60014.77,12,632,0.452,8980.04,36,1,0,13.4,Own,Education,0
CUST_09195,38,83360.81,32,654,0.214,10558.99,36,2,2,9.1,Rent,Debt Consolidation,0
CUST_09196,69,37021.47,32,690,0.249,50303.55,12,2,2,7.7,Own,Debt Consolidation,0
CUST_09197,38,72217.89,24,648,0.166,65613.62,60,0,0,3.4,Mortgage,Other,0
CUST_09198,27,33254.21,13,672,0.324,68055.17,60,2,1,3.1,Mortgage,Other,0
CUST_09199,24,58756.73,8,631,0.09,67868.41,36,1,1,3.7,Own,Medical,0
CUST_09200,46,30220.07,17,663,0.29,42437.61,60,1,2,13.0,Mortgage,Medical,0
CUST_09201,25,90485.59,14,748,0.537,61448.31,12,1,2,12.7,Rent,Debt Consolidation,1
CUST_09202,36,62233.81,3,648,0.263,106037.22,24,1,0,9.4,Own,Medical,1
CUST_09203,55,45943.72,33,789,0.192,30419.52,48,0,1,0.5,Mortgage,Medical,0
CUST_09204,46,15000.0,16,748,0.322,56852.59,24,2,2,5.1,Mortgage,Vehicle,1
CUST_09205,38,45451.83,6,737,0.09,24069.49,48,1,1,16.2,Mortgage,Debt Consolidation,1
CUST_09206,49,19585.28,31,681,0.532,86689.76,24,0,2,6.5,Rent,Education,0
CUST_09207,43,43331.13,22,613,0.138,13394.99,36,0,3,4.5,Own,Debt Consolidation,0
CUST_09208,34,68785.59,19,687,0.505,18943.56,72,3,1,2.3,Own,Home Improvement,1
CUST_09209,35,51251.41,1,803,0.535,33211.54,60,2,0,10.1,Mortgage,Home Improvement,0
CUST_09210,69,55790.35,20,622,0.617,41758.77,48,3,3,13.0,Rent,Home Improvement,0
CUST_09211,53,30136.38,11,701,0.683,18809.15,36,1,1,17.3,Mortgage,Debt Consolidation,0
CUST_09212,45,16944.52,26,616,0.05,200000.0,36,2,2,4.2,Rent,Other,1
CUST_09213,41,24693.03,9,652,0.216,130162.62,24,1,0,0.5,Rent,Debt Consolidation,0
CUST_09214,37,30795.74,7,701,0.276,26037.47,36,1,2,0.5,Mortgage,Vehicle,0
CUST_09215,43,36061.09,20,706,0.297,30303.7,60,0,2,11.4,Own,Vehicle,0
CUST_09216,63,68498.28,21,688,0.202,23676.21,60,1,0,0.5,Own,Vehicle,1
CUST_09217,37,52328.11,12,722,0.435,57548.1,60,3,1,5.3,Mortgage,Debt Consolidation,0
CUST_09218,34,110179.11,11,712,0.209,14527.96,60,0,1,12.0,Rent,Debt Consolidation,0
CUST_09219,49,22012.29,16,657,0.259,97295.02,24,3,0,8.8,Rent,Debt Consolidation,0
CUST_09220,40,64989.69,8,731,0.328,88717.42,24,1,1,11.5,Rent,Education,0
CUST_09221,50,56256.57,11,612,0.141,56633.84,24,1,1,11.5,Own,Home Improvement,0
CUST_09222,39,34259.49,8,662,0.213,33558.45,36,0,2,8.6,Rent,Debt Consolidation,0
CUST_09223,59,22460.58,29,647,0.222,14207.68,60,1,3,7.0,Rent,Home Improvement,1
CUST_09224,33,26695.77,5,706,0.141,12950.09,60,1,1,10.8,Own,Debt Consolidation,1
CUST_09225,38,26061.7,24,514,0.595,18298.38,48,1,0,0.5,Rent,Debt Consolidation,0
CUST_09226,43,85419.86,27,652,0.155,69387.25,12,3,1,13.3,Rent,Medical,0
CUST_09227,66,54947.05,9,712,0.082,71286.42,60,0,0,15.8,Mortgage,Home Improvement,0
CUST_09228,53,55984.39,27,850,0.352,22908.45,48,1,3,0.5,Own,Debt Consolidation,0
CUST_09229,59,37942.87,28,683,0.064,81026.45,24,1,1,12.0,Rent,Debt Consolidation,0
CUST_09230,60,32389.9,10,604,0.148,59322.32,60,0,1,4.9,Rent,Home Improvement,0
CUST_09231,38,42987.64,20,727,0.205,8413.76,36,5,1,8.1,Mortgage,Debt Consolidation,0
CUST_09232,29,38224.53,25,632,0.301,23185.07,48,0,1,5.6,Mortgage,Debt Consolidation,1
CUST_09233,53,34613.02,17,585,0.273,25242.73,36,2,0,0.5,Mortgage,Vehicle,0
CUST_09234,52,43623.2,3,693,0.295,73201.07,36,0,0,5.8,Mortgage,Medical,1
CUST_09235,37,21312.7,14,773,0.344,47888.64,24,3,3,0.5,Rent,Other,0
CUST_09236,39,41502.33,22,624,0.233,91316.93,12,2,0,10.7,Mortgage,Vehicle,0
CUST_09237,47,34358.34,5,665,0.374,100011.12,60,1,0,6.7,Mortgage,Debt Consolidation,1
CUST_09238,26,25404.76,6,728,0.297,72724.54,12,3,2,10.4,Mortgage,Home Improvement,1
CUST_09239,55,50026.77,14,752,0.311,35573.65,36,0,2,9.4,Rent,Debt Consolidation,0
CUST_09240,57,89106.84,8,780,0.457,38596.76,84,0,3,7.1,Rent,Debt Consolidation,0
CUST_09241,54,68805.22,29,631,0.374,48961.83,60,3,0,0.5,Own,Home Improvement,0
CUST_09242,40,31529.93,27,671,0.248,30311.69,48,0,2,8.4,Mortgage,Education,0
CUST_09243,45,50624.9,29,528,0.307,5545.77,60,0,0,7.5,Mortgage,Other,0
CUST_09244,24,55364.47,7,652,0.186,58982.07,72,1,0,5.7,Mortgage,Debt Consolidation,0
CUST_09245,30,38545.16,34,607,0.166,47571.07,72,1,1,11.1,Mortgage,Debt Consolidation,1
CUST_09246,30,35882.41,34,690,0.361,86712.32,48,1,0,5.9,Rent,Home Improvement,0
CUST_09247,44,43125.93,25,742,0.189,16811.62,36,2,2,0.5,Mortgage,Vehicle,0
CUST_09248,41,127553.28,29,728,0.098,18952.2,60,2,0,0.5,Mortgage,Debt Consolidation,0
CUST_09249,31,41301.69,34,599,0.196,132665.19,48,4,0,3.0,Mortgage,Debt Consolidation,0
CUST_09250,47,19269.71,10,652,0.185,11301.92,36,0,2,8.0,Rent,Debt Consolidation,0
CUST_09251,36,21522.48,19,712,0.206,16693.03,36,1,0,6.3,Own,Vehicle,0
CUST_09252,46,33336.37,30,689,0.099,51635.1,48,0,1,9.6,Rent,Home Improvement,0
CUST_09253,50,19468.6,33,631,0.47,10754.83,48,2,0,11.5,Mortgage,Debt Consolidation,1
CUST_09254,69,33987.26,11,706,0.46,15857.26,48,1,0,5.9,Rent,Home Improvement,0
CUST_09255,36,110481.72,27,734,0.313,48653.46,36,1,1,6.5,Mortgage,Other,0
CUST_09256,27,28121.33,2,667,0.385,23303.53,36,1,1,15.0,Mortgage,Debt Consolidation,0
CUST_09257,36,21085.87,4,611,0.147,28142.48,36,1,0,4.2,Mortgage,Debt Consolidation,0
CUST_09258,55,32735.35,12,706,0.131,43749.65,60,3,2,7.3,Own,Debt Consolidation,0
CUST_09259,36,34476.24,11,620,0.647,60311.9,48,0,1,10.9,Mortgage,Debt Consolidation,1
CUST_09260,60,22149.86,0,773,0.124,62906.92,36,1,2,8.2,Rent,Other,0
CUST_09261,32,19551.7,18,495,0.117,39051.22,60,1,3,16.2,Rent,Vehicle,0
CUST_09262,55,71548.12,28,657,0.211,41599.33,60,2,0,20.1,Rent,Home Improvement,0
CUST_09263,69,46647.85,24,618,0.066,100226.15,60,0,1,12.8,Mortgage,Other,0
CUST_09264,41,28527.67,15,730,0.362,61008.75,60,1,2,3.3,Rent,Debt Consolidation,0
CUST_09265,63,20379.76,16,780,0.06,65193.85,60,4,2,3.2,Mortgage,Home Improvement,0
CUST_09266,56,28036.97,27,634,0.228,41418.17,48,1,2,0.5,Own,Education,1
CUST_09267,68,19672.6,4,614,0.323,57683.09,36,1,0,15.1,Own,Debt Consolidation,0
CUST_09268,37,27180.6,0,725,0.146,61184.2,36,0,0,13.3,Rent,Debt Consolidation,0
CUST_09269,52,102074.07,2,555,0.185,19315.27,72,1,1,2.2,Rent,Education,0
CUST_09270,61,40922.17,23,697,0.116,35493.3,36,5,1,6.2,Mortgage,Debt Consolidation,0
CUST_09271,26,26661.93,28,678,0.092,13012.27,60,3,0,2.9,Rent,Vehicle,0
CUST_09272,44,51009.53,14,665,0.215,82552.48,36,1,1,6.1,Mortgage,Home Improvement,0
CUST_09273,47,22810.55,3,621,0.507,8685.64,72,0,1,7.9,Own,Other,0
CUST_09274,40,29649.12,0,532,0.273,50391.79,36,1,0,13.9,Own,Home Improvement,1
CUST_09275,45,15000.0,14,748,0.617,76726.44,72,1,1,5.7,Rent,Education,1
CUST_09276,22,68667.72,23,724,0.747,13827.68,72,3,3,10.7,Rent,Home Improvement,0
CUST_09277,29,32831.22,30,676,0.445,15562.93,36,0,0,5.2,Own,Debt Consolidation,0
CUST_09278,48,24115.69,19,696,0.171,38368.84,72,0,2,4.4,Own,Vehicle,0
CUST_09279,58,50248.97,9,669,0.191,12959.71,24,0,2,11.7,Own,Medical,0
CUST_09280,23,21507.12,10,749,0.252,37957.94,60,1,4,0.5,Mortgage,Education,0
CUST_09281,40,22170.83,17,666,0.197,134319.52,48,0,0,10.5,Rent,Medical,0
CUST_09282,26,30045.74,33,678,0.225,37207.68,84,1,0,3.7,Mortgage,Home Improvement,0
CUST_09283,59,19955.12,27,690,0.433,80930.52,48,0,0,6.2,Own,Home Improvement,0
CUST_09284,53,26193.74,15,653,0.039,46518.88,24,3,0,6.9,Rent,Debt Consolidation,0
CUST_09285,21,32889.91,23,674,0.157,53739.65,24,0,1,10.1,Mortgage,Education,0
CUST_09286,57,34408.63,11,671,0.378,9611.6,36,1,2,8.0,Mortgage,Vehicle,0
CUST_09287,26,18726.27,6,632,0.134,33016.69,48,0,2,3.5,Rent,Home Improvement,0
CUST_09288,65,32139.31,16,613,0.157,59313.48,84,1,3,6.3,Own,Medical,0
CUST_09289,54,48549.23,3,666,0.106,76254.58,48,4,1,9.4,Mortgage,Education,0
CUST_09290,67,52771.06,32,659,0.369,111604.45,72,0,0,13.2,Mortgage,Other,0
CUST_09291,35,28317.54,18,754,0.24,22931.16,72,1,3,13.6,Mortgage,Debt Consolidation,0
CUST_09292,65,33043.51,25,613,0.148,28136.61,36,0,1,0.5,Mortgage,Debt Consolidation,1
CUST_09293,46,32083.27,10,641,0.175,25211.68,72,6,1,10.0,Mortgage,Debt Consolidation,1
CUST_09294,34,18108.78,30,693,0.126,22884.26,36,3,1,12.5,Mortgage,Other,0
CUST_09295,27,27720.31,0,708,0.179,47668.32,60,1,2,6.1,Mortgage,Medical,0
CUST_09296,66,54074.29,28,670,0.587,41719.21,84,1,0,0.6,Mortgage,Other,1
CUST_09297,51,54505.53,24,737,0.417,64691.7,24,1,2,2.0,Mortgage,Vehicle,0
CUST_09298,44,44620.38,17,673,0.052,10548.15,60,0,2,10.7,Mortgage,Debt Consolidation,0
CUST_09299,51,15000.0,2,619,0.303,24856.54,48,2,0,8.7,Rent,Vehicle,0
CUST_09300,49,24569.07,17,677,0.11,114273.7,48,0,1,7.7,Mortgage,Debt Consolidation,0
CUST_09301,62,45880.58,6,732,0.575,41903.28,60,0,1,5.7,Mortgage,Home Improvement,1
CUST_09302,52,85493.56,27,748,0.355,30184.36,72,1,2,0.5,Mortgage,Debt Consolidation,0
CUST_09303,37,36052.08,16,746,0.271,55444.55,60,3,1,0.5,Mortgage,Home Improvement,1
CUST_09304,34,38098.74,24,694,0.114,17407.76,84,5,2,17.4,Own,Home Improvement,0
CUST_09305,60,34317.96,17,698,0.247,89337.97,84,0,1,3.5,Rent,Medical,0
CUST_09306,56,18896.6,2,721,0.108,28881.61,72,2,3,16.2,Rent,Education,0
CUST_09307,68,43302.39,24,566,0.437,9879.56,60,1,4,10.5,Own,Other,1
CUST_09308,44,16972.1,6,630,0.359,92970.8,36,2,4,11.0,Rent,Debt Consolidation,0
CUST_09309,65,34800.23,9,701,0.197,79206.91,60,1,1,11.1,Rent,Vehicle,0
CUST_09310,47,37968.98,18,611,0.364,27044.69,36,0,1,3.4,Mortgage,Home Improvement,1
CUST_09311,45,37221.77,14,761,0.168,81250.49,84,1,1,14.6,Own,Home Improvement,0
CUST_09312,52,18973.46,20,755,0.665,65278.95,84,2,0,6.9,Rent,Debt Consolidation,0
CUST_09313,38,25475.86,20,642,0.092,104436.93,36,0,3,1.0,Own,Medical,0
CUST_09314,66,51244.73,27,617,0.298,34078.18,12,0,0,6.9,Mortgage,Vehicle,0
CUST_09315,38,37662.83,31,710,0.62,41382.72,60,0,1,2.9,Own,Medical,0
CUST_09316,57,25559.47,26,591,0.325,116311.67,36,2,2,6.1,Mortgage,Home Improvement,0
CUST_09317,46,21256.83,22,690,0.525,6331.73,36,4,1,12.5,Rent,Debt Consolidation,1
CUST_09318,29,54252.54,9,850,0.308,30568.12,60,0,1,11.6,Own,Debt Consolidation,0
CUST_09319,55,36944.85,5,609,0.449,80554.75,12,2,1,12.2,Mortgage,Debt Consolidation,0
CUST_09320,28,20632.46,23,625,0.179,16842.46,36,0,1,5.4,Mortgage,Other,0
CUST_09321,40,33046.62,17,637,0.106,40983.51,48,3,3,9.2,Rent,Debt Consolidation,0
CUST_09322,62,24268.78,9,617,0.188,26743.38,84,2,2,6.7,Rent,Medical,0
CUST_09323,42,42221.71,14,621,0.509,15340.04,36,1,0,3.0,Mortgage,Medical,1
CUST_09324,39,67969.16,33,800,0.188,27302.12,36,1,0,5.6,Mortgage,Education,0
CUST_09325,50,21153.91,7,684,0.307,41598.08,60,1,2,9.9,Rent,Debt Consolidation,0
CUST_09326,48,39284.57,34,744,0.263,67776.28,24,0,0,16.1,Mortgage,Other,0
CUST_09327,55,38928.9,26,764,0.208,146417.86,60,0,2,12.2,Own,Debt Consolidation,0
CUST_09328,63,15000.0,24,554,0.506,25121.89,48,2,3,14.8,Mortgage,Debt Consolidation,1
CUST_09329,31,55067.13,2,626,0.409,53854.58,12,1,3,10.8,Own,Medical,0
CUST_09330,51,103722.44,20,617,0.287,89244.68,48,2,0,11.3,Mortgage,Vehicle,0
CUST_09331,69,38910.45,31,496,0.36,47172.34,60,5,2,6.2,Mortgage,Debt Consolidation,1
CUST_09332,68,71668.74,20,710,0.628,18537.08,24,0,0,0.5,Rent,Debt Consolidation,0
CUST_09333,59,19394.01,8,701,0.096,81494.84,36,3,2,0.5,Mortgage,Other,0
CUST_09334,56,25352.13,0,773,0.834,99615.33,36,0,1,10.5,Rent,Debt Consolidation,0
CUST_09335,50,37632.44,3,713,0.305,60668.2,36,1,1,9.9,Mortgage,Vehicle,0
CUST_09336,43,23698.33,3,497,0.301,27602.15,72,1,0,2.7,Mortgage,Debt Consolidation,1
CUST_09337,39,37013.91,25,631,0.316,34246.13,24,0,0,6.5,Rent,Vehicle,0
CUST_09338,32,59975.26,33,636,0.065,8925.31,60,0,2,4.2,Mortgage,Other,0
CUST_09339,35,23352.69,26,716,0.3,43674.67,60,1,4,14.3,Rent,Debt Consolidation,0
CUST_09340,51,61313.77,14,494,0.357,76658.03,48,3,2,0.7,Rent,Home Improvement,1
CUST_09341,63,15000.0,31,718,0.173,16209.32,24,0,0,9.1,Rent,Debt Consolidation,0
CUST_09342,57,27326.64,6,735,0.574,37697.21,60,0,1,10.8,Mortgage,Debt Consolidation,0
CUST_09343,57,32910.07,13,662,0.721,24087.37,60,1,0,7.1,Rent,Vehicle,1
CUST_09344,35,22845.76,22,624,0.25,95116.98,36,2,2,8.9,Mortgage,Home Improvement,0
CUST_09345,49,27517.94,0,762,0.457,64461.42,60,2,1,19.7,Mortgage,Education,1
CUST_09346,63,72989.61,31,583,0.042,76914.06,72,0,1,15.8,Mortgage,Debt Consolidation,0
CUST_09347,46,67505.61,25,760,0.135,38071.88,36,1,0,14.2,Rent,Vehicle,0
CUST_09348,64,52052.97,8,744,0.386,51716.43,24,6,1,6.7,Rent,Debt Consolidation,0
CUST_09349,22,61120.72,15,719,0.262,16336.44,60,2,1,11.1,Mortgage,Other,0
CUST_09350,40,26630.56,30,807,0.082,37244.55,48,3,5,15.3,Rent,Medical,0
CUST_09351,35,19704.06,1,681,0.165,20727.25,72,3,1,6.6,Mortgage,Medical,0
CUST_09352,24,24250.67,31,723,0.065,20364.32,48,1,0,3.0,Rent,Debt Consolidation,0
CUST_09353,42,26120.9,9,677,0.47,16912.97,60,0,1,11.0,Rent,Debt Consolidation,1
CUST_09354,58,26775.5,24,658,0.154,14623.9,36,0,2,12.8,Rent,Medical,0
CUST_09355,43,47290.72,17,717,0.091,23309.39,36,1,2,8.9,Mortgage,Education,0
CUST_09356,46,42684.41,33,659,0.256,45733.0,36,0,3,7.5,Mortgage,Medical,0
CUST_09357,31,33261.94,28,684,0.575,35119.59,36,1,0,0.5,Rent,Debt Consolidation,0
CUST_09358,48,34302.08,23,685,0.241,126625.64,36,2,0,9.3,Rent,Debt Consolidation,0
CUST_09359,22,62784.35,2,652,0.157,83757.91,36,2,2,8.5,Own,Other,0
CUST_09360,28,19036.03,14,731,0.152,57014.32,36,2,0,12.9,Own,Education,1
CUST_09361,49,53897.35,2,556,0.12,48125.13,84,0,0,4.5,Mortgage,Other,0
CUST_09362,31,15000.0,30,631,0.053,26127.37,48,0,3,15.2,Mortgage,Education,0
CUST_09363,57,27365.88,9,612,0.118,78907.96,24,2,1,12.7,Own,Vehicle,1
CUST_09364,38,77287.95,21,702,0.142,26792.02,36,2,1,9.3,Rent,Education,0
CUST_09365,34,42210.36,13,663,0.084,51415.42,36,1,0,9.4,Mortgage,Home Improvement,0
CUST_09366,30,28758.23,8,581,0.225,119060.07,36,0,0,0.5,Mortgage,Debt Consolidation,1
CUST_09367,55,57392.0,17,713,0.108,18517.82,60,1,1,13.9,Mortgage,Home Improvement,0
CUST_09368,29,48900.95,7,696,0.626,21921.2,60,1,2,10.2,Rent,Vehicle,1
CUST_09369,55,47920.92,14,683,0.169,14954.45,60,0,2,6.3,Rent,Debt Consolidation,0
CUST_09370,31,32837.3,14,735,0.312,11683.74,72,0,1,5.4,Rent,Debt Consolidation,0
CUST_09371,64,58686.94,5,717,0.102,38344.33,72,2,1,11.9,Mortgage,Vehicle,0
CUST_09372,32,26319.07,11,664,0.367,63473.29,60,0,0,7.8,Rent,Vehicle,0
CUST_09373,23,25704.16,18,709,0.323,68680.79,48,2,2,13.1,Mortgage,Home Improvement,0
CUST_09374,59,92701.49,4,776,0.579,24695.38,60,2,4,10.8,Mortgage,Debt Consolidation,0
CUST_09375,34,28283.72,26,669,0.403,60712.27,84,1,0,10.4,Rent,Vehicle,1
CUST_09376,48,15000.0,9,767,0.395,91229.97,12,1,2,14.1,Mortgage,Vehicle,0
CUST_09377,31,61774.6,13,813,0.083,83380.46,36,3,0,6.2,Own,Home Improvement,0
CUST_09378,59,71729.05,33,703,0.379,14939.98,60,2,1,4.4,Mortgage,Debt Consolidation,0
CUST_09379,45,32277.47,14,610,0.121,25708.56,36,2,0,10.5,Mortgage,Home Improvement,1
CUST_09380,41,15000.0,28,659,0.241,38501.99,60,2,1,10.5,Rent,Education,0
CUST_09381,30,35326.58,25,691,0.388,25814.34,60,3,0,11.9,Own,Debt Consolidation,0
CUST_09382,63,102349.69,26,681,0.535,19342.01,60,2,0,10.0,Rent,Education,1
CUST_09383,35,40186.23,2,689,0.217,101105.73,36,0,1,11.3,Own,Debt Consolidation,0
CUST_09384,39,53352.65,2,765,0.107,26748.43,72,1,3,2.6,Own,Home Improvement,0
CUST_09385,68,54907.54,34,620,0.183,27446.0,36,1,0,16.1,Own,Debt Consolidation,0
CUST_09386,42,59020.89,34,706,0.371,64601.11,84,2,0,2.2,Own,Vehicle,0
CUST_09387,41,92158.48,5,744,0.462,23151.4,36,0,3,5.1,Mortgage,Debt Consolidation,0
CUST_09388,64,62321.42,13,662,0.159,31214.41,36,3,0,4.6,Mortgage,Vehicle,0
CUST_09389,52,34879.05,25,608,0.131,16221.42,36,2,2,10.8,Rent,Debt Consolidation,0
CUST_09390,43,20786.58,2,666,0.348,71347.07,60,0,0,0.5,Own,Home Improvement,0
CUST_09391,33,45019.78,32,607,0.654,48775.52,36,1,1,11.3,Mortgage,Debt Consolidation,1
CUST_09392,25,32967.38,12,631,0.377,148658.43,60,2,2,16.4,Mortgage,Home Improvement,0
CUST_09393,24,51968.51,28,721,0.279,39884.86,60,3,0,9.1,Own,Home Improvement,0
CUST_09394,48,23589.69,8,699,0.243,113446.25,36,0,1,5.7,Mortgage,Debt Consolidation,0
CUST_09395,34,31247.48,31,730,0.228,38054.37,60,4,0,11.6,Own,Vehicle,0
CUST_09396,28,36518.7,21,714,0.195,57632.44,36,1,2,9.4,Mortgage,Medical,0
CUST_09397,29,22706.26,21,666,0.187,58023.34,60,2,0,5.9,Own,Education,0
CUST_09398,55,37046.54,33,609,0.227,63479.48,60,0,1,14.9,Rent,Home Improvement,0
CUST_09399,57,53821.48,9,703,0.281,55623.36,12,0,3,10.0,Mortgage,Education,0
CUST_09400,41,94378.56,24,643,0.107,47066.42,36,4,0,12.2,Rent,Debt Consolidation,0
CUST_09401,38,25143.26,11,670,0.024,45003.14,12,2,1,11.4,Rent,Vehicle,0
CUST_09402,53,57120.19,2,630,0.212,73000.09,60,3,0,3.3,Rent,Vehicle,1
CUST_09403,28,15000.0,18,743,0.277,34223.93,48,1,0,13.0,Mortgage,Other,0
CUST_09404,69,36178.86,32,523,0.459,31361.91,48,2,3,12.0,Own,Debt Consolidation,1
CUST_09405,37,37621.26,25,716,0.178,23458.33,48,1,1,2.2,Rent,Medical,0
CUST_09406,63,54562.1,12,690,0.225,32678.19,48,4,0,15.9,Rent,Home Improvement,0
CUST_09407,51,28005.6,6,742,0.488,61262.56,36,0,2,3.4,Rent,Other,0
CUST_09408,54,41043.14,33,594,0.154,40672.09,60,1,1,12.7,Mortgage,Vehicle,0
CUST_09409,26,63209.42,21,677,0.424,78214.64,72,3,1,6.1,Rent,Home Improvement,1
CUST_09410,42,20668.91,19,650,0.5,26899.24,84,2,1,7.8,Rent,Medical,0
CUST_09411,34,15000.0,22,669,0.549,30310.03,60,5,1,14.8,Own,Home Improvement,1
CUST_09412,23,62302.63,13,681,0.042,17858.81,36,3,1,14.8,Own,Other,0
CUST_09413,32,22053.89,29,646,0.539,60267.03,60,0,0,9.1,Mortgage,Home Improvement,0
CUST_09414,56,45637.06,22,672,0.339,9759.76,12,2,2,13.1,Rent,Debt Consolidation,1
CUST_09415,32,96282.7,18,767,0.106,93063.03,36,1,0,10.3,Rent,Vehicle,0
CUST_09416,65,55170.9,5,781,0.211,77725.23,60,1,1,14.0,Mortgage,Home Improvement,0
CUST_09417,22,22344.4,22,697,0.092,105037.54,72,0,1,7.3,Rent,Home Improvement,0
CUST_09418,22,17481.16,9,783,0.201,46587.18,24,1,1,5.8,Rent,Home Improvement,1
CUST_09419,35,24606.47,34,579,0.315,200000.0,24,2,0,11.0,Own,Debt Consolidation,1
CUST_09420,43,39593.28,20,736,0.153,79674.97,36,0,1,7.2,Own,Debt Consolidation,1
CUST_09421,49,32049.66,31,695,0.051,72689.56,24,0,0,11.1,Rent,Debt Consolidation,0
CUST_09422,37,71748.99,29,654,0.083,49525.33,60,1,4,7.9,Own,Home Improvement,1
CUST_09423,52,50694.04,32,723,0.162,14263.67,60,1,5,12.8,Rent,Debt Consolidation,0
CUST_09424,27,25202.08,5,691,0.341,36596.38,72,2,0,6.4,Rent,Debt Consolidation,0
CUST_09425,50,55438.74,4,638,0.303,28957.29,36,2,2,6.7,Mortgage,Debt Consolidation,0
CUST_09426,48,77127.03,14,729,0.6,32473.61,60,3,3,8.6,Mortgage,Vehicle,0
CUST_09427,34,31022.19,24,677,0.377,34795.75,36,3,0,11.6,Rent,Debt Consolidation,0
CUST_09428,64,46156.4,12,630,0.155,61842.2,24,0,0,1.2,Mortgage,Vehicle,0
CUST_09429,50,23452.08,5,737,0.516,39418.14,60,1,2,6.0,Mortgage,Debt Consolidation,0
CUST_09430,37,33830.79,1,561,0.405,16847.45,60,1,1,12.3,Own,Vehicle,1
CUST_09431,52,23248.53,16,795,0.067,13311.49,60,2,3,7.9,Mortgage,Vehicle,0
CUST_09432,66,67483.95,23,743,0.132,58973.28,36,4,0,5.5,Mortgage,Debt Consolidation,0
CUST_09433,26,28257.44,11,548,0.368,20165.59,60,0,1,3.3,Rent,Debt Consolidation,0
CUST_09434,44,45252.72,13,765,0.372,10348.36,36,0,1,4.0,Own,Vehicle,0
CUST_09435,26,49892.37,6,686,0.135,37588.62,36,1,1,3.3,Mortgage,Debt Consolidation,0
CUST_09436,47,171877.76,25,536,0.154,53332.13,60,1,2,5.0,Mortgage,Other,0
CUST_09437,38,31797.18,31,550,0.265,38238.07,12,1,2,0.5,Rent,Debt Consolidation,0
CUST_09438,44,24622.78,28,720,0.23,23464.18,72,2,0,14.4,Own,Vehicle,0
CUST_09439,57,35027.55,8,604,0.167,124856.82,36,1,2,1.2,Rent,Education,1
CUST_09440,44,23735.86,13,619,0.317,16003.77,48,2,3,15.9,Mortgage,Home Improvement,0
CUST_09441,58,28460.31,16,687,0.351,50136.57,48,1,3,8.0,Rent,Vehicle,1
CUST_09442,54,52245.26,24,715,0.304,53381.13,60,1,0,10.7,Mortgage,Education,0
CUST_09443,60,25955.95,29,695,0.085,43114.79,36,0,0,9.5,Rent,Education,0
CUST_09444,67,48097.5,28,617,0.172,49985.32,72,1,0,4.9,Rent,Vehicle,0
CUST_09445,35,48933.82,28,628,0.634,73515.66,36,2,0,11.0,Mortgage,Vehicle,1
CUST_09446,31,41137.96,17,606,0.322,23831.58,48,3,0,0.5,Own,Debt Consolidation,1
CUST_09447,42,50754.44,30,696,0.344,51355.39,36,1,1,1.4,Rent,Education,0
CUST_09448,44,31344.67,18,693,0.574,32764.14,60,0,2,12.6,Rent,Vehicle,0
CUST_09449,21,15000.0,16,708,0.211,20768.2,36,1,2,18.8,Mortgage,Vehicle,1
CUST_09450,38,37407.69,5,693,0.232,17326.17,24,3,0,0.5,Own,Debt Consolidation,0
CUST_09451,64,37765.31,11,688,0.296,29592.17,48,2,0,6.6,Rent,Home Improvement,0
CUST_09452,32,30179.61,2,743,0.395,48719.93,60,2,1,5.0,Own,Medical,0
CUST_09453,63,50208.47,34,687,0.439,31363.37,36,3,0,10.6,Rent,Vehicle,0
CUST_09454,48,53218.05,32,742,0.42,54180.0,24,4,0,0.5,Rent,Debt Consolidation,0
CUST_09455,60,40500.87,28,653,0.313,57551.46,12,4,2,0.7,Mortgage,Vehicle,1
CUST_09456,27,38151.46,2,625,0.149,32001.42,12,4,1,7.8,Rent,Debt Consolidation,0
CUST_09457,43,66795.43,4,764,0.407,51381.43,36,1,1,3.8,Own,Debt Consolidation,0
CUST_09458,41,21226.29,13,647,0.26,189096.15,72,2,3,7.5,Rent,Debt Consolidation,0
CUST_09459,54,30770.51,27,672,0.233,74762.77,48,1,0,2.2,Own,Education,1
CUST_09460,31,59808.89,31,622,0.293,11050.4,72,2,3,11.5,Mortgage,Home Improvement,0
CUST_09461,42,47471.63,17,819,0.336,134456.12,36,2,2,0.5,Own,Other,1
CUST_09462,62,32289.11,12,573,0.205,60303.39,84,3,0,6.1,Mortgage,Debt Consolidation,1
CUST_09463,55,44147.28,1,749,0.081,20072.14,60,0,1,4.2,Mortgage,Vehicle,0
CUST_09464,49,27608.97,24,550,0.316,26117.81,60,1,2,11.8,Mortgage,Education,0
CUST_09465,62,39365.31,19,654,0.179,85534.95,60,1,1,12.6,Rent,Education,0
CUST_09466,48,51227.3,6,732,0.345,54209.69,36,3,0,3.8,Mortgage,Home Improvement,0
CUST_09467,38,69281.57,10,798,0.301,58656.56,84,1,1,3.4,Mortgage,Other,0
CUST_09468,34,50536.59,4,663,0.643,19615.21,60,4,1,8.3,Rent,Vehicle,1
CUST_09469,38,71812.6,28,642,0.377,31205.95,60,3,0,13.3,Rent,Other,1
CUST_09470,48,17653.35,17,694,0.354,26607.23,72,1,3,8.4,Rent,Vehicle,0
CUST_09471,44,15000.0,7,796,0.354,63985.56,36,0,2,3.1,Own,Home Improvement,0
CUST_09472,28,15000.0,26,692,0.251,38263.42,72,2,3,7.9,Rent,Education,0
CUST_09473,62,63451.32,1,716,0.247,39603.93,48,1,3,6.1,Mortgage,Home Improvement,0
CUST_09474,65,49111.27,34,635,0.102,40368.18,60,2,2,0.5,Mortgage,Home Improvement,0
CUST_09475,28,25357.83,25,744,0.518,29577.24,84,0,1,2.1,Own,Education,1
CUST_09476,24,29958.04,22,570,0.132,15605.26,72,4,0,14.3,Own,Home Improvement,0
CUST_09477,47,42969.19,4,768,0.215,62024.54,36,3,2,8.5,Mortgage,Education,0
CUST_09478,56,25294.63,15,773,0.629,52481.05,60,2,2,14.7,Rent,Debt Consolidation,1
CUST_09479,25,24134.57,10,821,0.444,35148.03,60,1,1,14.1,Rent,Other,0
CUST_09480,53,26178.98,18,773,0.205,35728.09,48,2,2,3.3,Mortgage,Vehicle,0
CUST_09481,69,25078.04,15,642,0.467,28081.03,24,1,1,15.4,Mortgage,Medical,0
CUST_09482,54,37126.84,31,783,0.417,74840.19,36,3,1,9.7,Own,Debt Consolidation,1
CUST_09483,50,83409.78,11,759,0.348,42817.67,60,1,1,14.8,Mortgage,Home Improvement,0
CUST_09484,28,21948.29,1,629,0.524,24180.5,60,3,1,4.6,Own,Education,1
CUST_09485,59,35009.92,21,695,0.255,44744.69,60,1,2,5.9,Rent,Debt Consolidation,1
CUST_09486,67,45720.77,25,476,0.436,19023.53,72,2,2,11.3,Rent,Medical,0
CUST_09487,46,47466.39,32,583,0.186,29403.59,36,2,2,13.8,Rent,Vehicle,0
CUST_09488,57,28199.56,23,737,0.529,41675.7,60,1,1,0.5,Mortgage,Home Improvement,0
CUST_09489,54,49481.28,4,794,0.288,49518.06,24,1,2,14.4,Own,Debt Consolidation,0
CUST_09490,27,44802.29,20,738,0.184,23835.62,60,1,1,8.3,Own,Education,0
CUST_09491,60,28980.27,17,684,0.313,27078.96,12,2,2,7.1,Own,Vehicle,0
CUST_09492,48,18465.1,4,608,0.372,37159.45,36,0,3,14.9,Own,Debt Consolidation,1
CUST_09493,59,20503.32,7,725,0.244,17230.66,48,0,0,1.0,Rent,Debt Consolidation,1
CUST_09494,59,52729.36,20,546,0.361,18886.91,60,1,1,0.5,Own,Medical,0
CUST_09495,48,74126.77,4,716,0.187,29973.32,24,1,1,1.5,Own,Debt Consolidation,0
CUST_09496,34,36329.22,12,617,0.363,16254.9,60,1,1,10.4,Mortgage,Debt Consolidation,0
CUST_09497,58,73200.15,18,733,0.092,32284.66,60,0,0,11.4,Own,Other,0
CUST_09498,24,35376.74,28,736,0.135,40540.81,48,1,2,6.3,Rent,Vehicle,0
CUST_09499,62,20491.36,1,640,0.392,16744.88,60,0,0,3.1,Own,Debt Consolidation,0
CUST_09500,38,32704.45,25,745,0.26,38584.12,36,2,0,8.3,Mortgage,Vehicle,0
CUST_09501,64,76567.54,28,557,0.392,11972.27,84,1,1,15.0,Mortgage,Medical,0
CUST_09502,68,26856.61,4,670,0.265,35373.08,24,0,3,9.7,Own,Vehicle,1
CUST_09503,45,33928.95,31,735,0.282,34663.71,24,2,1,10.2,Mortgage,Vehicle,0
CUST_09504,27,65697.58,1,724,0.215,33166.9,72,2,0,4.0,Mortgage,Debt Consolidation,1
CUST_09505,58,63474.65,4,641,0.191,95891.53,36,0,2,2.8,Own,Vehicle,0
CUST_09506,48,42317.8,32,742,0.31,86833.15,24,2,2,9.0,Rent,Other,0
CUST_09507,25,47444.88,34,744,0.263,14855.08,72,2,1,14.8,Rent,Vehicle,0
CUST_09508,23,61785.55,18,598,0.34,44409.1,24,2,1,3.4,Rent,Debt Consolidation,1
CUST_09509,64,42373.55,14,672,0.216,24025.32,72,2,0,9.1,Mortgage,Debt Consolidation,0
CUST_09510,51,68889.23,34,694,0.066,63342.41,48,2,1,5.2,Rent,Vehicle,0
CUST_09511,67,50816.17,7,693,0.395,26748.27,48,2,2,6.5,Own,Vehicle,0
CUST_09512,62,33726.92,0,737,0.492,56024.16,24,1,0,0.5,Rent,Other,0
CUST_09513,40,45128.09,21,651,0.264,46978.34,60,1,2,3.4,Rent,Other,0
CUST_09514,39,29949.84,16,795,0.137,28307.83,36,2,2,4.4,Mortgage,Debt Consolidation,0
CUST_09515,68,22409.25,15,652,0.302,29047.22,36,1,1,5.1,Rent,Debt Consolidation,0
CUST_09516,31,20522.54,0,601,0.401,49257.03,60,2,1,5.0,Own,Home Improvement,0
CUST_09517,60,32751.63,2,664,0.271,42319.88,72,1,0,2.6,Rent,Medical,0
CUST_09518,23,42467.32,5,698,0.135,15384.83,60,2,2,0.5,Mortgage,Home Improvement,0
CUST_09519,43,89368.67,2,597,0.087,135673.08,60,1,2,7.0,Own,Home Improvement,0
CUST_09520,27,44713.91,29,658,0.571,56391.95,72,1,2,10.3,Rent,Home Improvement,1
CUST_09521,43,39964.47,10,593,0.302,41524.44,72,2,3,2.3,Mortgage,Home Improvement,1
CUST_09522,27,34550.63,26,729,0.447,60508.67,60,5,3,0.5,Rent,Debt Consolidation,0
CUST_09523,66,30373.19,21,668,0.513,16935.05,60,0,2,9.4,Own,Home Improvement,0
CUST_09524,54,38769.11,5,513,0.085,15564.93,36,2,2,7.4,Own,Debt Consolidation,0
CUST_09525,62,31638.15,30,753,0.227,13011.3,60,1,1,5.4,Own,Debt Consolidation,0
CUST_09526,39,30871.07,5,598,0.377,9449.95,48,1,1,0.5,Rent,Debt Consolidation,0
CUST_09527,29,54742.05,19,850,0.194,40235.61,60,1,1,2.1,Own,Home Improvement,0
CUST_09528,68,23069.47,10,632,0.211,28265.75,84,3,0,10.5,Rent,Debt Consolidation,1
CUST_09529,38,32049.59,1,640,0.559,41759.01,36,2,1,10.4,Rent,Other,0
CUST_09530,61,25750.05,30,691,0.49,34426.25,60,0,1,7.6,Mortgage,Debt Consolidation,0
CUST_09531,68,38514.97,25,511,0.453,82347.39,72,3,1,3.4,Mortgage,Debt Consolidation,0
CUST_09532,65,55652.37,26,711,0.467,35053.67,60,1,1,14.3,Rent,Medical,0
CUST_09533,62,43260.47,30,729,0.087,12370.97,60,0,1,10.3,Own,Other,0
CUST_09534,45,32518.02,23,743,0.375,24114.58,60,2,2,12.0,Mortgage,Vehicle,0
CUST_09535,34,58115.68,12,700,0.371,195444.77,60,0,3,16.5,Mortgage,Debt Consolidation,1
CUST_09536,64,56463.72,24,686,0.07,19493.64,60,2,2,15.5,Mortgage,Debt Consolidation,0
CUST_09537,45,37039.85,24,574,0.466,52919.1,84,3,0,13.0,Mortgage,Debt Consolidation,0
CUST_09538,39,80539.14,28,715,0.045,77816.81,48,1,5,8.0,Own,Medical,0
CUST_09539,59,44787.96,30,677,0.681,44697.64,60,2,3,0.5,Own,Vehicle,0
CUST_09540,35,44188.2,1,650,0.141,13810.13,60,0,0,0.5,Own,Debt Consolidation,0
CUST_09541,36,19903.71,11,608,0.248,33535.48,36,1,2,3.5,Mortgage,Home Improvement,0
CUST_09542,47,15648.85,4,714,0.192,12174.92,60,0,0,5.7,Rent,Vehicle,0
CUST_09543,60,37485.83,26,657,0.271,65625.04,36,0,1,7.9,Own,Home Improvement,1
CUST_09544,30,59792.01,33,548,0.133,36730.04,84,3,1,10.2,Mortgage,Home Improvement,0
CUST_09545,24,42798.28,13,664,0.266,131608.93,60,2,0,15.8,Own,Medical,0
CUST_09546,39,58421.72,6,626,0.531,54837.35,36,2,0,7.9,Mortgage,Debt Consolidation,0
CUST_09547,48,29532.31,9,741,0.438,6754.5,24,0,0,12.2,Own,Vehicle,0
CUST_09548,41,37844.76,28,668,0.352,28001.1,24,0,2,0.8,Mortgage,Debt Consolidation,0
CUST_09549,67,36619.81,15,662,0.143,9698.58,60,1,1,9.0,Mortgage,Debt Consolidation,0
CUST_09550,34,15000.0,20,702,0.033,102892.28,60,1,0,8.5,Mortgage,Education,0
CUST_09551,53,88828.22,32,797,0.355,15004.61,60,1,1,3.6,Own,Vehicle,1
CUST_09552,68,66090.53,28,708,0.289,69433.15,36,1,1,5.0,Rent,Home Improvement,0
CUST_09553,30,57769.54,16,625,0.139,62064.85,48,4,0,7.5,Own,Debt Consolidation,1
CUST_09554,39,69041.53,12,571,0.248,23768.31,48,3,0,4.9,Rent,Home Improvement,0
CUST_09555,50,28754.14,5,773,0.112,83147.19,84,0,1,6.9,Mortgage,Other,0
CUST_09556,42,54062.03,1,508,0.149,39824.68,36,1,0,15.8,Mortgage,Education,0
CUST_09557,23,28721.08,7,678,0.165,197188.68,36,4,3,14.7,Mortgage,Home Improvement,1
CUST_09558,57,39104.78,31,844,0.195,13891.82,60,2,0,14.9,Own,Debt Consolidation,0
CUST_09559,61,15197.45,8,556,0.202,91284.33,36,2,2,0.5,Own,Debt Consolidation,1
CUST_09560,38,33711.92,22,602,0.092,55714.68,36,0,0,12.3,Own,Vehicle,1
CUST_09561,31,16896.68,6,694,0.525,20239.72,48,0,0,7.1,Mortgage,Vehicle,0
CUST_09562,68,19398.11,30,624,0.063,98385.41,48,1,1,6.0,Own,Debt Consolidation,0
CUST_09563,22,35353.37,20,672,0.297,21510.35,60,0,0,8.2,Mortgage,Other,0
CUST_09564,32,25492.36,0,710,0.414,98982.18,60,1,1,4.9,Rent,Education,0
CUST_09565,26,43022.49,1,720,0.437,17379.68,72,2,4,7.6,Mortgage,Education,0
CUST_09566,63,83908.02,10,758,0.164,47273.57,36,1,2,8.3,Rent,Medical,0
CUST_09567,60,26612.71,17,569,0.114,40788.72,48,1,1,6.6,Rent,Home Improvement,0
CUST_09568,64,31812.52,23,769,0.395,158695.52,72,7,2,13.8,Mortgage,Vehicle,1
CUST_09569,49,50627.76,18,774,0.228,35944.47,48,3,0,7.6,Rent,Vehicle,0
CUST_09570,50,25979.08,4,739,0.388,11383.81,24,2,1,15.8,Own,Home Improvement,0
CUST_09571,22,25394.87,28,601,0.475,29888.14,48,4,1,9.6,Mortgage,Home Improvement,1
CUST_09572,29,29079.17,1,597,0.051,15132.06,60,1,0,4.1,Own,Debt Consolidation,0
CUST_09573,67,56412.17,16,701,0.428,147274.01,48,5,3,9.6,Mortgage,Vehicle,1
CUST_09574,22,15001.31,10,725,0.386,33358.45,36,0,1,9.3,Rent,Home Improvement,1
CUST_09575,49,23771.86,12,762,0.117,19239.79,72,0,0,4.5,Own,Home Improvement,0
CUST_09576,53,78076.47,28,646,0.343,27533.6,36,1,1,9.3,Own,Debt Consolidation,0
CUST_09577,30,15000.0,31,724,0.15,135401.74,48,3,2,0.5,Mortgage,Home Improvement,0
CUST_09578,54,34074.86,7,720,0.296,120034.41,36,2,2,9.6,Own,Debt Consolidation,1
CUST_09579,64,78039.2,9,634,0.26,54585.38,48,1,1,1.9,Mortgage,Debt Consolidation,0
CUST_09580,28,94371.4,24,649,0.517,18984.44,60,1,0,0.5,Rent,Debt Consolidation,1
CUST_09581,57,54158.9,10,568,0.057,36774.58,48,2,1,0.6,Own,Debt Consolidation,0
CUST_09582,53,65245.94,27,606,0.323,18470.86,24,1,2,10.2,Own,Debt Consolidation,0
CUST_09583,67,22599.74,32,636,0.314,55535.53,48,1,0,15.1,Mortgage,Home Improvement,0
CUST_09584,26,23547.43,25,717,0.29,18223.29,36,1,2,11.2,Mortgage,Home Improvement,0
CUST_09585,64,85569.32,7,838,0.407,78483.68,60,5,0,14.4,Own,Debt Consolidation,0
CUST_09586,60,31827.3,25,714,0.357,21782.28,36,1,0,8.5,Rent,Home Improvement,1
CUST_09587,65,15000.0,31,593,0.156,37922.39,60,2,1,0.5,Rent,Debt Consolidation,0
CUST_09588,39,44766.1,27,647,0.201,48032.02,48,0,1,12.5,Mortgage,Vehicle,0
CUST_09589,52,33007.87,6,754,0.159,31540.23,60,1,1,10.5,Own,Other,0
CUST_09590,47,37818.96,34,624,0.23,68065.65,36,1,2,5.5,Mortgage,Debt Consolidation,0
CUST_09591,21,15000.0,1,785,0.128,37745.76,24,3,0,0.5,Rent,Education,0
CUST_09592,63,15000.0,21,728,0.308,33708.8,24,1,1,5.2,Rent,Other,0
CUST_09593,53,42246.62,21,662,0.596,42062.12,48,2,0,15.8,Mortgage,Medical,1
CUST_09594,60,31208.16,2,546,0.135,43842.91,48,2,3,9.6,Rent,Debt Consolidation,0
CUST_09595,52,28899.19,7,751,0.319,59005.58,36,2,0,4.2,Own,Vehicle,0
CUST_09596,25,44145.3,3,725,0.1,7422.49,60,2,2,14.4,Rent,Other,0
CUST_09597,37,24601.43,14,713,0.423,76072.17,60,3,1,7.4,Rent,Home Improvement,0
CUST_09598,28,31801.85,11,850,0.191,23926.08,60,1,2,9.1,Rent,Medical,1
CUST_09599,62,29016.55,28,614,0.144,13021.03,60,3,2,10.1,Mortgage,Education,0
CUST_09600,54,56541.09,8,787,0.168,15102.01,60,0,2,0.8,Mortgage,Vehicle,0
CUST_09601,29,15000.0,19,667,0.427,97158.13,60,0,0,14.5,Rent,Debt Consolidation,1
CUST_09602,43,26273.69,33,698,0.251,56155.49,36,2,0,4.1,Own,Home Improvement,0
CUST_09603,55,62622.56,25,702,0.118,8473.26,48,1,0,8.3,Rent,Debt Consolidation,0
CUST_09604,27,23895.14,20,738,0.293,39561.68,24,4,0,0.7,Mortgage,Education,0
CUST_09605,35,38560.22,22,630,0.433,25641.23,72,0,1,10.0,Mortgage,Debt Consolidation,0
CUST_09606,40,83677.08,17,848,0.407,34538.12,36,0,1,17.7,Own,Other,0
CUST_09607,45,39308.48,23,603,0.144,9783.74,60,2,2,6.4,Rent,Medical,1
CUST_09608,23,105900.1,28,655,0.343,50588.66,24,3,0,10.3,Rent,Vehicle,1
CUST_09609,66,73126.51,12,809,0.3,52747.09,36,1,1,6.8,Mortgage,Education,0
CUST_09610,44,26217.12,31,763,0.338,32226.17,72,0,1,1.5,Rent,Vehicle,0
CUST_09611,54,19302.5,18,655,0.114,34360.51,60,1,0,4.7,Rent,Debt Consolidation,0
CUST_09612,66,26850.54,16,728,0.643,19442.55,24,0,2,11.4,Rent,Vehicle,0
CUST_09613,42,43915.69,1,605,0.21,29776.57,60,5,2,12.0,Rent,Education,0
CUST_09614,31,43179.89,17,623,0.039,86508.75,36,2,3,9.7,Rent,Home Improvement,1
CUST_09615,68,50628.26,26,655,0.146,30346.14,24,5,2,8.6,Rent,Other,0
CUST_09616,28,22863.53,13,780,0.073,73327.85,60,1,2,10.0,Rent,Home Improvement,0
CUST_09617,59,24608.66,14,533,0.116,24442.27,72,3,1,6.8,Mortgage,Debt Consolidation,0
CUST_09618,63,48014.9,7,742,0.564,41826.77,48,1,0,6.4,Rent,Debt Consolidation,0
CUST_09619,55,98267.66,8,652,0.376,41948.99,36,0,0,4.2,Rent,Debt Consolidation,1
CUST_09620,69,20984.18,20,723,0.048,29221.17,48,0,0,17.3,Own,Debt Consolidation,0
CUST_09621,66,35023.79,34,721,0.364,104304.69,12,0,1,9.7,Rent,Home Improvement,0
CUST_09622,58,30336.1,13,678,0.079,49519.88,60,2,2,6.5,Rent,Vehicle,0
CUST_09623,28,39053.45,26,627,0.368,69822.5,72,0,3,4.5,Rent,Other,1
CUST_09624,57,19957.97,7,633,0.385,20185.47,12,3,3,0.6,Mortgage,Other,0
CUST_09625,47,37951.41,34,658,0.677,117963.63,60,2,2,9.3,Rent,Vehicle,0
CUST_09626,48,66862.37,17,566,0.533,29844.18,24,1,1,7.3,Rent,Vehicle,0
CUST_09627,60,16123.05,13,686,0.037,67648.01,36,3,1,13.6,Mortgage,Education,0
CUST_09628,54,59755.48,7,631,0.503,26661.04,48,1,0,12.3,Own,Education,0
CUST_09629,52,19981.19,7,648,0.113,20173.38,36,2,2,11.4,Mortgage,Home Improvement,0
CUST_09630,35,41318.74,1,666,0.104,100727.35,12,0,0,9.9,Mortgage,Vehicle,0
CUST_09631,64,46369.89,16,733,0.061,24379.94,84,0,0,7.4,Own,Vehicle,0
CUST_09632,37,43808.72,12,767,0.482,43286.0,36,3,0,14.9,Mortgage,Debt Consolidation,0
CUST_09633,53,30738.16,13,776,0.149,22979.67,48,3,2,13.6,Own,Other,0
CUST_09634,67,50576.65,8,709,0.38,8983.98,48,1,0,17.2,Mortgage,Education,0
CUST_09635,66,19368.1,26,653,0.435,39848.25,72,6,1,10.3,Rent,Home Improvement,0
CUST_09636,36,57370.58,19,588,0.254,109893.76,60,0,0,12.2,Mortgage,Medical,1
CUST_09637,49,28781.37,11,850,0.572,20198.34,60,0,2,5.0,Mortgage,Education,0
CUST_09638,29,42659.26,21,805,0.546,22352.85,60,0,1,5.6,Mortgage,Other,0
CUST_09639,53,30463.59,30,742,0.206,40728.81,60,1,2,11.5,Mortgage,Debt Consolidation,0
CUST_09640,69,78123.99,12,726,0.267,44670.44,36,1,3,9.0,Mortgage,Debt Consolidation,0
CUST_09641,49,45221.05,0,655,0.282,24134.63,24,2,1,6.1,Rent,Debt Consolidation,0
CUST_09642,33,50330.37,8,689,0.288,14416.19,60,1,4,9.4,Mortgage,Debt Consolidation,0
CUST_09643,41,53840.49,9,744,0.12,48989.6,36,1,0,0.5,Own,Other,0
CUST_09644,41,32193.04,28,548,0.405,24213.36,36,2,1,7.9,Mortgage,Vehicle,0
CUST_09645,25,41966.9,29,637,0.291,66875.07,72,1,2,4.5,Mortgage,Education,0
CUST_09646,30,39444.2,1,681,0.423,19209.34,60,2,0,9.7,Mortgage,Debt Consolidation,0
CUST_09647,26,50133.78,17,545,0.28,27158.96,24,2,1,0.5,Mortgage,Debt Consolidation,1
CUST_09648,33,29062.34,27,576,0.567,19006.57,36,1,1,16.5,Own,Home Improvement,0
CUST_09649,21,25507.16,31,634,0.072,35763.86,36,3,1,4.5,Mortgage,Debt Consolidation,0
CUST_09650,40,65572.27,23,686,0.381,20822.13,12,3,2,6.4,Mortgage,Education,1
CUST_09651,67,53817.6,13,786,0.268,55049.88,36,3,2,7.6,Own,Home Improvement,0
CUST_09652,66,23868.66,24,649,0.334,32322.89,60,0,1,9.2,Own,Vehicle,0
CUST_09653,28,94006.31,24,812,0.326,42968.5,12,0,5,8.1,Mortgage,Medical,0
CUST_09654,30,27290.48,31,629,0.245,41591.38,84,4,1,11.4,Rent,Home Improvement,0
CUST_09655,29,38534.59,26,671,0.056,17757.93,36,0,4,8.8,Mortgage,Medical,0
CUST_09656,69,65143.21,31,576,0.239,120572.47,36,2,1,12.2,Mortgage,Debt Consolidation,0
CUST_09657,61,64833.45,30,649,0.11,88541.61,12,4,1,7.8,Own,Other,0
CUST_09658,23,25521.31,23,547,0.192,20916.0,24,0,0,6.6,Own,Vehicle,1
CUST_09659,31,47033.77,34,850,0.701,13632.16,84,1,0,10.2,Rent,Home Improvement,0
CUST_09660,32,31097.8,29,607,0.363,32297.64,36,2,2,7.7,Mortgage,Debt Consolidation,0
CUST_09661,30,44791.83,32,705,0.323,19289.52,60,1,3,7.8,Own,Debt Consolidation,0
CUST_09662,45,34103.92,32,647,0.23,27742.23,60,2,0,10.3,Mortgage,Debt Consolidation,1
CUST_09663,69,29691.66,26,664,0.185,28648.18,48,0,1,10.7,Mortgage,Debt Consolidation,0
CUST_09664,69,22444.79,32,675,0.257,12282.2,48,2,1,0.5,Own,Education,0
CUST_09665,45,65682.36,32,746,0.247,16057.57,36,3,1,13.5,Mortgage,Debt Consolidation,0
CUST_09666,31,25037.0,3,716,0.174,14573.86,60,2,1,13.1,Own,Education,1
CUST_09667,56,75673.62,29,697,0.251,57890.04,48,0,1,9.5,Mortgage,Home Improvement,0
CUST_09668,59,31354.07,14,721,0.165,26788.92,48,2,1,0.5,Own,Home Improvement,0
CUST_09669,46,46273.56,28,706,0.399,64154.17,36,3,1,4.2,Rent,Vehicle,0
CUST_09670,34,78403.6,27,591,0.374,12770.3,60,3,0,3.8,Own,Debt Consolidation,0
CUST_09671,59,29281.29,31,663,0.539,42998.86,48,1,1,11.9,Mortgage,Other,0
CUST_09672,60,45978.23,29,728,0.231,46125.38,24,1,1,7.1,Rent,Vehicle,0
CUST_09673,21,46491.13,11,638,0.404,39912.33,36,0,2,15.0,Own,Vehicle,0
CUST_09674,24,26022.4,2,705,0.107,56742.68,12,2,2,12.7,Mortgage,Other,0
CUST_09675,50,40584.01,14,757,0.15,21205.66,24,1,2,6.7,Own,Vehicle,0
CUST_09676,32,52701.19,9,631,0.204,60432.7,84,0,2,10.4,Mortgage,Debt Consolidation,1
CUST_09677,55,85005.75,21,751,0.176,20639.29,60,0,1,3.2,Rent,Other,0
CUST_09678,33,29511.93,22,673,0.189,25973.64,84,2,3,11.1,Mortgage,Medical,0
CUST_09679,51,43171.6,10,685,0.189,53463.03,72,1,1,4.1,Own,Home Improvement,0
CUST_09680,58,34080.0,15,739,0.331,89572.04,84,3,1,0.5,Own,Debt Consolidation,0
CUST_09681,63,40001.84,15,722,0.329,11611.76,48,2,4,5.9,Mortgage,Vehicle,1
CUST_09682,43,27013.81,13,490,0.431,16858.48,60,2,3,1.7,Mortgage,Vehicle,1
CUST_09683,24,33372.23,5,552,0.219,41072.81,12,3,0,12.5,Rent,Education,1
CUST_09684,36,77583.18,16,717,0.201,78593.17,36,2,1,12.8,Own,Debt Consolidation,0
CUST_09685,27,38704.62,30,670,0.49,6558.19,60,0,0,14.6,Mortgage,Education,0
CUST_09686,42,37724.04,9,568,0.052,9138.97,36,3,1,11.0,Rent,Home Improvement,1
CUST_09687,49,23713.53,19,634,0.111,119705.32,72,1,1,11.5,Mortgage,Education,0
CUST_09688,31,62661.19,8,561,0.648,200000.0,24,2,3,8.2,Own,Debt Consolidation,0
CUST_09689,53,55463.49,14,673,0.176,41437.43,60,3,3,2.6,Own,Home Improvement,0
CUST_09690,49,38701.4,1,768,0.59,25806.47,60,2,2,15.8,Mortgage,Vehicle,1
CUST_09691,59,93954.12,3,630,0.503,32176.73,72,0,1,7.4,Mortgage,Home Improvement,0
CUST_09692,32,27825.36,23,697,0.5,11026.47,36,0,2,14.9,Rent,Vehicle,0
CUST_09693,27,21565.49,17,673,0.424,35477.86,60,1,0,11.2,Mortgage,Home Improvement,1
CUST_09694,59,34632.14,10,792,0.277,10834.21,36,3,1,6.3,Mortgage,Debt Consolidation,0
CUST_09695,62,23774.99,25,769,0.272,19023.7,36,0,0,10.3,Mortgage,Education,0
CUST_09696,68,40959.23,7,569,0.283,30157.28,24,0,1,8.0,Mortgage,Other,0
CUST_09697,46,37669.19,21,667,0.016,42540.74,72,3,1,17.0,Mortgage,Education,0
CUST_09698,60,64631.0,4,618,0.203,74579.18,60,2,4,2.1,Mortgage,Home Improvement,0
CUST_09699,29,28915.73,1,638,0.26,11663.72,36,0,1,5.9,Own,Home Improvement,0
CUST_09700,61,42873.53,4,735,0.459,200000.0,36,1,2,10.3,Rent,Vehicle,1
CUST_09701,54,39839.62,34,694,0.333,36481.48,60,3,1,6.6,Mortgage,Education,0
CUST_09702,65,55064.86,31,734,0.492,12963.03,48,3,0,10.4,Mortgage,Vehicle,0
CUST_09703,33,20635.99,18,520,0.283,72098.1,36,2,2,7.4,Rent,Debt Consolidation,0
CUST_09704,56,23181.53,3,745,0.114,51175.51,60,1,3,13.6,Rent,Vehicle,1
CUST_09705,45,27188.22,22,710,0.585,17098.79,36,0,1,7.1,Mortgage,Other,0
CUST_09706,44,21116.8,18,792,0.09,17941.31,60,1,2,9.2,Mortgage,Home Improvement,0
CUST_09707,64,49323.94,25,637,0.226,64550.29,36,1,3,8.9,Rent,Education,1
CUST_09708,37,49560.38,25,755,0.278,23304.82,60,4,0,11.4,Mortgage,Debt Consolidation,1
CUST_09709,22,62694.68,6,700,0.597,18396.68,72,1,3,10.9,Mortgage,Other,0
CUST_09710,33,33763.43,31,689,0.271,38799.43,60,3,3,6.0,Rent,Medical,0
CUST_09711,51,28819.38,32,646,0.359,14820.6,72,2,2,1.1,Rent,Debt Consolidation,0
CUST_09712,49,22616.14,25,673,0.185,118070.24,12,1,2,0.5,Mortgage,Home Improvement,0
CUST_09713,48,69687.83,23,611,0.459,43085.3,72,1,0,5.2,Mortgage,Home Improvement,1
CUST_09714,47,32496.14,22,652,0.556,43438.16,36,4,0,10.0,Own,Home Improvement,0
CUST_09715,35,25262.66,25,639,0.457,13896.35,72,2,0,14.8,Mortgage,Debt Consolidation,1
CUST_09716,51,52849.96,30,660,0.162,22233.9,36,0,0,9.2,Rent,Vehicle,1
CUST_09717,60,30650.12,5,667,0.226,77941.09,36,0,1,8.8,Rent,Debt Consolidation,0
CUST_09718,35,21301.14,30,669,0.186,22650.34,60,0,2,2.0,Mortgage,Debt Consolidation,0
CUST_09719,53,23536.71,11,679,0.61,18845.33,60,3,3,4.3,Own,Vehicle,0
CUST_09720,40,37996.95,16,679,0.287,18596.83,84,0,1,9.0,Rent,Debt Consolidation,0
CUST_09721,62,21244.28,25,688,0.46,18898.41,36,1,0,4.8,Rent,Other,0
CUST_09722,32,34794.21,2,678,0.123,36261.78,48,0,1,10.2,Rent,Other,0
CUST_09723,57,23567.13,14,661,0.314,21593.96,60,0,0,4.2,Rent,Debt Consolidation,0
CUST_09724,29,22629.4,23,710,0.275,28611.94,60,1,4,1.3,Mortgage,Other,0
CUST_09725,43,28453.48,29,765,0.343,67502.01,60,3,2,4.1,Rent,Vehicle,0
CUST_09726,28,39325.99,26,657,0.531,36075.13,72,0,4,9.3,Mortgage,Medical,0
CUST_09727,52,42605.91,21,643,0.029,107843.88,48,3,1,13.8,Rent,Debt Consolidation,0
CUST_09728,68,57651.01,1,706,0.226,21487.93,60,1,1,6.6,Mortgage,Vehicle,0
CUST_09729,34,24550.13,6,688,0.498,14414.75,60,1,1,6.7,Own,Home Improvement,1
CUST_09730,47,72820.62,15,612,0.583,81575.71,36,1,0,7.0,Rent,Vehicle,0
CUST_09731,45,141559.54,23,627,0.018,42970.29,36,1,0,9.7,Mortgage,Other,0
CUST_09732,33,29437.56,29,638,0.214,35518.71,36,2,1,6.5,Rent,Debt Consolidation,0
CUST_09733,41,15009.06,0,607,0.213,30233.39,12,1,2,13.6,Own,Medical,0
CUST_09734,65,15202.43,26,711,0.076,19180.11,72,1,0,2.3,Rent,Education,0
CUST_09735,51,28327.63,8,734,0.407,6771.6,72,2,1,6.4,Rent,Vehicle,0
CUST_09736,57,25666.48,6,623,0.087,67306.02,48,1,1,5.6,Mortgage,Education,0
CUST_09737,68,36408.93,4,585,0.663,68804.63,36,0,1,4.5,Rent,Home Improvement,0
CUST_09738,63,46823.6,29,692,0.133,17811.41,48,2,0,6.3,Mortgage,Debt Consolidation,0
CUST_09739,25,19090.77,26,682,0.339,13286.21,60,2,0,8.1,Rent,Education,1
CUST_09740,33,33330.84,9,841,0.062,22927.23,84,1,0,12.0,Own,Vehicle,0
CUST_09741,48,28198.12,24,727,0.23,13097.54,72,2,1,11.4,Mortgage,Vehicle,0
CUST_09742,63,100486.18,17,601,0.189,87757.51,36,0,1,10.7,Own,Education,0
CUST_09743,45,18200.58,6,613,0.276,15347.71,72,0,3,13.4,Own,Home Improvement,1
CUST_09744,55,24849.43,30,702,0.159,64729.24,48,1,1,8.3,Mortgage,Debt Consolidation,0
CUST_09745,67,36929.5,31,676,0.275,19307.09,60,3,2,2.6,Mortgage,Vehicle,0
CUST_09746,59,24933.12,10,672,0.447,62868.72,60,1,3,6.3,Mortgage,Vehicle,0
CUST_09747,27,63994.84,9,685,0.271,51970.98,36,1,1,14.8,Mortgage,Home Improvement,0
CUST_09748,58,21808.66,21,734,0.398,110353.74,12,1,2,10.3,Rent,Other,0
CUST_09749,52,22972.63,30,810,0.136,15667.0,36,2,0,12.5,Rent,Education,0
CUST_09750,23,66814.46,13,773,0.352,14878.3,12,2,2,7.3,Mortgage,Debt Consolidation,0
CUST_09751,65,20021.19,2,609,0.394,22904.27,48,0,1,0.5,Rent,Home Improvement,1
CUST_09752,59,55121.48,23,643,0.545,183026.44,72,1,0,8.8,Rent,Vehicle,0
CUST_09753,57,28961.28,13,515,0.276,21250.33,72,2,1,9.7,Mortgage,Debt Consolidation,1
CUST_09754,42,26657.61,15,695,0.433,34748.29,36,0,4,10.5,Mortgage,Education,0
CUST_09755,28,28171.84,27,643,0.353,41424.23,60,2,0,6.7,Mortgage,Debt Consolidation,0
CUST_09756,37,20738.08,34,679,0.257,28636.73,60,1,1,13.2,Rent,Education,0
CUST_09757,47,57155.58,1,622,0.273,79246.51,60,2,1,0.5,Rent,Debt Consolidation,1
CUST_09758,53,38872.16,33,622,0.261,35347.32,60,0,0,2.7,Mortgage,Home Improvement,1
CUST_09759,66,56697.28,17,572,0.447,77395.75,72,1,0,7.3,Rent,Home Improvement,0
CUST_09760,37,65393.23,6,658,0.157,112258.79,36,2,2,3.0,Rent,Debt Consolidation,0
CUST_09761,62,47596.45,6,720,0.116,41938.88,36,2,2,14.4,Mortgage,Home Improvement,0
CUST_09762,32,17564.1,3,633,0.263,28463.16,36,2,2,8.7,Mortgage,Debt Consolidation,0
CUST_09763,68,22367.34,15,726,0.064,53939.17,60,1,1,0.5,Mortgage,Other,0
CUST_09764,66,55573.23,5,632,0.28,83305.96,48,1,2,0.5,Own,Debt Consolidation,0
CUST_09765,47,37337.45,19,680,0.309,23816.51,60,2,1,9.8,Mortgage,Vehicle,1
CUST_09766,68,50271.3,30,775,0.101,61742.51,48,1,2,8.5,Mortgage,Vehicle,0
CUST_09767,28,34736.13,18,646,0.102,40422.67,60,2,0,7.3,Mortgage,Medical,0
CUST_09768,43,29294.44,21,696,0.703,37268.25,24,2,0,9.2,Mortgage,Other,0
CUST_09769,62,50303.35,20,698,0.158,3796.59,48,0,0,9.6,Rent,Debt Consolidation,0
CUST_09770,69,15310.4,17,699,0.278,66941.31,60,1,2,12.8,Own,Debt Consolidation,0
CUST_09771,49,30950.14,31,717,0.097,39755.63,36,4,0,8.7,Mortgage,Debt Consolidation,0
CUST_09772,40,37542.85,33,697,0.573,36762.73,36,4,2,2.4,Mortgage,Home Improvement,1
CUST_09773,36,40309.65,26,608,0.095,22084.48,12,0,0,9.5,Mortgage,Other,0
CUST_09774,37,19010.59,29,651,0.565,12827.71,60,2,0,18.0,Mortgage,Education,0
CUST_09775,36,19408.05,32,720,0.181,18702.89,48,0,1,0.6,Own,Home Improvement,0
CUST_09776,39,29834.6,26,729,0.15,18794.13,36,1,2,14.1,Rent,Home Improvement,0
CUST_09777,28,35193.56,22,628,0.095,87437.97,60,0,0,11.9,Rent,Debt Consolidation,1
CUST_09778,58,79025.77,18,748,0.327,19703.35,24,4,0,3.6,Rent,Vehicle,0
CUST_09779,58,23412.14,30,647,0.308,24347.47,48,1,2,15.4,Mortgage,Vehicle,0
CUST_09780,49,28379.75,3,703,0.528,53740.46,24,0,5,6.6,Mortgage,Debt Consolidation,0
CUST_09781,61,80478.91,18,694,0.477,96469.01,60,0,1,5.2,Rent,Vehicle,1
CUST_09782,56,61823.81,21,616,0.142,48426.92,36,2,3,15.0,Mortgage,Debt Consolidation,1
CUST_09783,46,20806.09,8,661,0.461,136744.45,84,1,2,3.5,Mortgage,Home Improvement,0
CUST_09784,51,50905.35,30,537,0.512,81477.25,60,3,0,14.1,Rent,Debt Consolidation,1
CUST_09785,64,55061.25,9,652,0.522,72010.82,12,1,0,10.2,Mortgage,Debt Consolidation,0
CUST_09786,32,40049.72,9,766,0.253,62036.97,48,6,0,12.1,Rent,Home Improvement,0
CUST_09787,37,20199.29,29,547,0.119,59907.49,36,0,1,8.0,Mortgage,Education,0
CUST_09788,35,26963.73,9,619,0.19,19004.39,60,2,4,10.0,Own,Vehicle,0
CUST_09789,29,26529.67,17,648,0.474,20670.6,60,2,1,7.2,Own,Vehicle,0
CUST_09790,59,47308.94,18,531,0.191,37549.96,36,0,4,16.1,Mortgage,Vehicle,0
CUST_09791,62,29298.21,22,539,0.347,126889.41,60,1,0,0.5,Mortgage,Home Improvement,1
CUST_09792,68,31812.04,3,824,0.214,21382.21,72,1,3,0.5,Mortgage,Vehicle,0
CUST_09793,32,26876.37,11,721,0.199,27432.8,72,1,1,9.8,Own,Medical,1
CUST_09794,52,16660.14,23,750,0.384,20882.03,24,3,2,9.8,Mortgage,Home Improvement,0
CUST_09795,45,132926.05,12,705,0.466,40497.72,36,5,4,9.2,Own,Vehicle,1
CUST_09796,59,44417.81,3,721,0.438,47461.49,36,0,1,0.5,Mortgage,Medical,0
CUST_09797,38,75811.6,26,658,0.481,24896.26,60,1,2,6.6,Mortgage,Home Improvement,1
CUST_09798,35,20789.38,7,753,0.15,55311.75,60,4,2,1.2,Own,Home Improvement,0
CUST_09799,52,77602.68,25,780,0.223,45768.32,60,2,1,11.5,Rent,Vehicle,0
CUST_09800,26,29785.09,33,633,0.263,19808.77,84,2,1,17.3,Mortgage,Debt Consolidation,1
CUST_09801,64,47341.25,8,663,0.389,96630.66,12,2,1,13.1,Mortgage,Debt Consolidation,0
CUST_09802,63,59627.68,9,639,0.16,42352.39,36,2,1,5.6,Rent,Debt Consolidation,1
CUST_09803,55,77301.75,0,674,0.245,200000.0,72,2,0,10.0,Rent,Other,0
CUST_09804,54,35483.05,7,732,0.176,90462.01,36,5,0,8.1,Own,Debt Consolidation,0
CUST_09805,58,21978.66,9,667,0.182,38491.84,60,1,0,3.0,Rent,Education,0
CUST_09806,25,36048.23,24,558,0.554,30296.41,84,0,3,0.5,Mortgage,Vehicle,0
CUST_09807,38,48801.87,30,748,0.46,110304.35,60,2,1,5.2,Rent,Education,0
CUST_09808,36,27779.67,2,627,0.58,23341.68,60,1,2,7.4,Own,Debt Consolidation,0
CUST_09809,28,29391.04,34,708,0.355,14257.31,36,0,0,14.2,Rent,Home Improvement,0
CUST_09810,45,16745.14,7,715,0.086,33204.2,72,0,1,5.4,Mortgage,Vehicle,0
CUST_09811,52,22268.26,0,650,0.226,8815.64,60,0,1,14.2,Own,Vehicle,0
CUST_09812,46,45349.27,4,616,0.316,43572.8,60,3,0,18.4,Rent,Vehicle,1
CUST_09813,42,56442.14,26,647,0.33,39555.11,12,0,1,9.0,Rent,Education,0
CUST_09814,51,62999.25,25,792,0.162,16492.29,48,2,1,1.2,Rent,Home Improvement,0
CUST_09815,63,113320.72,25,614,0.112,61151.39,84,3,0,16.7,Rent,Home Improvement,0
CUST_09816,30,76426.25,10,603,0.056,64731.6,48,2,3,14.2,Rent,Debt Consolidation,0
CUST_09817,32,33657.44,33,693,0.06,12149.38,84,0,0,16.5,Mortgage,Debt Consolidation,0
CUST_09818,48,22746.38,1,665,0.748,72792.63,84,1,0,10.0,Rent,Debt Consolidation,1
CUST_09819,26,31949.99,20,651,0.622,66796.89,60,2,3,0.5,Mortgage,Debt Consolidation,1
CUST_09820,40,27568.26,25,617,0.386,40096.36,36,1,0,9.2,Own,Vehicle,0
CUST_09821,25,39456.01,11,679,0.44,21283.9,36,2,2,2.2,Mortgage,Vehicle,0
CUST_09822,43,56696.71,8,669,0.252,26068.24,48,1,1,7.7,Own,Home Improvement,0
CUST_09823,29,46160.65,22,774,0.321,51216.79,24,1,0,8.1,Mortgage,Home Improvement,0
CUST_09824,49,79855.79,4,618,0.201,22136.75,48,2,0,7.7,Rent,Vehicle,1
CUST_09825,36,44256.74,8,646,0.628,115192.44,60,3,2,3.0,Mortgage,Vehicle,0
CUST_09826,66,19191.08,9,770,0.25,61415.91,48,2,1,9.0,Rent,Home Improvement,0
CUST_09827,42,27309.88,9,644,0.115,142717.54,36,3,0,0.5,Rent,Education,0
CUST_09828,28,44413.0,13,629,0.14,24376.69,60,2,0,0.5,Own,Debt Consolidation,0
CUST_09829,40,40714.31,9,711,0.304,25451.27,48,0,3,11.7,Rent,Debt Consolidation,0
CUST_09830,34,69851.46,21,691,0.536,19205.54,36,1,1,9.7,Mortgage,Debt Consolidation,0
CUST_09831,59,36443.52,22,658,0.642,54459.09,12,2,2,4.9,Own,Education,0
CUST_09832,57,33249.62,15,685,0.2,70527.71,48,2,0,7.1,Mortgage,Debt Consolidation,0
CUST_09833,54,16531.26,10,713,0.141,31387.55,60,5,2,0.5,Own,Debt Consolidation,0
CUST_09834,31,24261.32,34,691,0.636,21774.5,36,1,3,6.4,Own,Home Improvement,0
CUST_09835,60,42378.06,19,720,0.167,26265.01,60,1,1,9.1,Own,Vehicle,0
CUST_09836,53,40329.03,4,667,0.145,157244.51,60,0,0,5.2,Rent,Debt Consolidation,0
CUST_09837,51,48895.63,12,608,0.249,49675.94,48,1,7,2.5,Rent,Debt Consolidation,1
CUST_09838,64,45491.92,16,720,0.307,200000.0,36,6,1,11.3,Own,Debt Consolidation,0
CUST_09839,54,34314.22,25,661,0.333,30489.43,48,0,2,7.5,Mortgage,Home Improvement,0
CUST_09840,27,22007.81,19,659,0.337,23674.32,60,1,1,8.7,Rent,Medical,0
CUST_09841,69,36325.89,32,732,0.404,19142.25,36,1,2,7.0,Mortgage,Vehicle,0
CUST_09842,43,35520.93,29,796,0.48,77305.93,36,3,0,14.1,Rent,Debt Consolidation,0
CUST_09843,66,72107.32,15,562,0.287,53754.57,36,1,2,5.7,Mortgage,Vehicle,1
CUST_09844,27,70551.16,6,658,0.294,95465.66,60,2,3,0.5,Own,Education,0
CUST_09845,45,28584.23,29,675,0.568,19096.61,36,3,0,5.5,Mortgage,Other,1
CUST_09846,23,26609.91,1,688,0.568,23409.51,48,2,2,5.7,Rent,Home Improvement,1
CUST_09847,58,18456.24,11,667,0.376,18858.06,60,1,2,5.7,Rent,Home Improvement,0
CUST_09848,40,33441.6,0,674,0.064,30903.61,48,2,1,4.2,Mortgage,Home Improvement,0
CUST_09849,54,28649.65,2,706,0.677,40206.09,12,0,3,10.4,Mortgage,Medical,0
CUST_09850,69,133741.39,7,666,0.422,42219.7,48,3,1,4.8,Mortgage,Debt Consolidation,0
CUST_09851,64,20791.72,25,643,0.516,23011.4,36,1,0,9.9,Rent,Debt Consolidation,0
CUST_09852,64,37394.93,10,641,0.334,107357.16,12,1,2,11.4,Rent,Home Improvement,0
CUST_09853,50,26332.78,20,773,0.536,36357.66,72,1,0,9.4,Mortgage,Home Improvement,0
CUST_09854,37,36765.26,4,819,0.47,82003.75,60,3,1,0.5,Own,Debt Consolidation,0
CUST_09855,30,30739.44,25,656,0.49,8685.59,72,1,0,10.5,Rent,Debt Consolidation,0
CUST_09856,55,54488.69,20,658,0.2,25657.54,36,5,2,11.2,Rent,Debt Consolidation,1
CUST_09857,40,45259.1,8,707,0.309,200000.0,72,1,2,10.3,Rent,Debt Consolidation,0
CUST_09858,38,53585.43,16,689,0.12,37306.79,48,2,0,6.6,Rent,Vehicle,0
CUST_09859,65,24934.27,1,670,0.185,23325.93,36,2,1,12.6,Mortgage,Debt Consolidation,1
CUST_09860,64,62295.94,27,592,0.104,62140.29,60,2,1,11.9,Mortgage,Debt Consolidation,0
CUST_09861,47,28542.51,26,623,0.167,34922.72,12,1,2,2.5,Rent,Debt Consolidation,0
CUST_09862,69,17977.5,0,728,0.381,120140.97,60,3,1,11.8,Mortgage,Debt Consolidation,0
CUST_09863,56,33158.51,10,660,0.403,14270.22,72,1,0,1.1,Mortgage,Debt Consolidation,0
CUST_09864,43,38433.42,17,818,0.14,12938.85,72,1,1,7.9,Mortgage,Home Improvement,0
CUST_09865,52,19440.8,26,815,0.14,14084.32,12,1,3,10.2,Rent,Debt Consolidation,0
CUST_09866,30,56207.07,9,616,0.348,59533.96,72,0,0,16.8,Own,Debt Consolidation,0
CUST_09867,31,24207.55,20,773,0.386,27033.66,60,4,0,14.0,Mortgage,Vehicle,0
CUST_09868,58,23695.04,27,671,0.393,38613.58,60,1,0,7.7,Rent,Home Improvement,0
CUST_09869,26,36314.76,0,690,0.247,38219.47,60,0,1,5.3,Own,Home Improvement,1
CUST_09870,61,55751.07,13,729,0.296,78234.75,60,1,0,11.4,Rent,Education,0
CUST_09871,67,19773.31,19,750,0.442,110823.17,60,1,1,3.9,Own,Debt Consolidation,0
CUST_09872,54,58122.85,8,630,0.544,98208.26,48,1,1,9.2,Rent,Vehicle,0
CUST_09873,56,15000.0,26,833,0.293,33636.66,72,1,3,4.5,Mortgage,Home Improvement,0
CUST_09874,57,42844.56,3,700,0.14,41653.53,24,3,1,6.2,Mortgage,Other,0
CUST_09875,37,20643.44,17,542,0.087,126383.63,24,0,5,6.1,Own,Debt Consolidation,0
CUST_09876,60,24360.66,30,662,0.163,100136.42,60,0,1,0.5,Mortgage,Debt Consolidation,0
CUST_09877,60,86590.36,9,828,0.064,30076.53,60,4,2,0.5,Own,Debt Consolidation,0
CUST_09878,32,22157.22,8,639,0.489,79269.08,60,1,0,8.4,Rent,Debt Consolidation,0
CUST_09879,41,35308.47,27,840,0.177,19291.21,60,1,3,12.5,Mortgage,Home Improvement,0
CUST_09880,60,21303.88,27,689,0.245,11055.05,24,3,3,7.9,Mortgage,Home Improvement,0
CUST_09881,39,53348.14,12,680,0.13,11804.05,72,0,1,7.6,Rent,Debt Consolidation,0
CUST_09882,23,44554.63,17,607,0.392,22489.71,24,3,1,13.3,Rent,Home Improvement,0
CUST_09883,38,47805.74,11,723,0.455,33808.18,48,1,1,11.4,Mortgage,Education,0
CUST_09884,39,63923.01,7,657,0.135,64810.25,60,2,2,8.5,Rent,Other,0
CUST_09885,67,30671.68,22,679,0.291,99374.27,60,1,1,10.4,Mortgage,Other,0
CUST_09886,26,62146.75,4,665,0.214,13486.63,48,0,0,0.5,Rent,Vehicle,0
CUST_09887,36,76492.89,6,739,0.588,40147.7,36,0,2,14.9,Mortgage,Other,0
CUST_09888,28,41865.72,14,666,0.221,76745.77,36,1,0,6.5,Rent,Vehicle,0
CUST_09889,68,20886.5,2,504,0.121,58251.83,84,1,0,9.1,Rent,Home Improvement,0
CUST_09890,38,19881.03,17,621,0.161,13241.87,36,0,0,10.5,Mortgage,Debt Consolidation,0
CUST_09891,68,45303.38,25,588,0.464,33665.59,60,1,1,12.1,Rent,Vehicle,0
CUST_09892,63,20879.8,32,784,0.293,17786.58,60,0,1,12.2,Own,Home Improvement,0
CUST_09893,59,18551.42,20,722,0.353,45231.37,60,1,2,10.9,Own,Home Improvement,0
CUST_09894,69,56492.94,16,683,0.17,96963.33,60,2,1,14.5,Rent,Medical,0
CUST_09895,69,28871.24,1,666,0.316,12477.48,36,1,0,0.5,Mortgage,Other,0
CUST_09896,32,121746.96,24,581,0.704,40714.65,36,1,0,10.3,Mortgage,Home Improvement,1
CUST_09897,65,26141.18,18,664,0.58,49474.95,24,2,0,13.7,Rent,Other,1
CUST_09898,30,28319.92,24,747,0.207,95537.48,60,2,1,5.2,Mortgage,Vehicle,1
CUST_09899,27,43460.42,3,737,0.272,64739.06,36,2,3,6.1,Rent,Vehicle,0
CUST_09900,66,40226.55,2,710,0.275,52675.73,36,0,3,5.8,Own,Vehicle,1
CUST_09901,21,34818.61,33,583,0.32,21559.92,60,4,5,11.0,Own,Home Improvement,1
CUST_09902,69,34407.11,9,629,0.258,63929.71,60,1,1,11.5,Mortgage,Medical,1
CUST_09903,56,183765.55,26,706,0.231,19959.69,60,2,3,9.8,Mortgage,Other,0
CUST_09904,41,83315.13,25,600,0.463,37234.8,36,3,1,10.9,Own,Vehicle,1
CUST_09905,57,55368.27,26,731,0.131,72214.8,48,1,0,11.2,Mortgage,Debt Consolidation,0
CUST_09906,44,19678.66,0,587,0.474,36554.25,60,3,0,7.1,Mortgage,Other,1
CUST_09907,45,34997.95,19,603,0.139,35165.89,48,1,1,10.6,Mortgage,Other,0
CUST_09908,27,50527.46,24,587,0.22,57370.01,48,2,2,8.2,Rent,Vehicle,0
CUST_09909,62,52791.72,9,645,0.271,8878.46,12,3,6,4.7,Own,Other,1
CUST_09910,37,68789.31,0,574,0.221,127689.02,36,3,2,2.9,Mortgage,Vehicle,0
CUST_09911,49,26355.27,15,646,0.252,19179.54,36,0,2,7.1,Rent,Home Improvement,0
CUST_09912,50,35622.47,10,616,0.374,18019.45,36,3,0,1.5,Mortgage,Debt Consolidation,0
CUST_09913,27,24896.75,3,632,0.287,12705.12,72,1,0,8.6,Mortgage,Education,1
CUST_09914,53,70782.95,34,727,0.402,60354.94,48,1,2,12.9,Own,Home Improvement,0
CUST_09915,27,51503.94,12,679,0.515,14304.64,36,0,2,5.5,Mortgage,Debt Consolidation,0
CUST_09916,44,28178.9,20,727,0.424,55040.06,60,0,0,0.6,Own,Home Improvement,0
CUST_09917,31,40637.19,14,835,0.411,23435.0,36,5,0,1.8,Rent,Debt Consolidation,0
CUST_09918,29,37240.59,9,562,0.127,41834.41,36,3,0,9.6,Rent,Medical,1
CUST_09919,32,23389.3,10,642,0.051,33844.0,36,2,0,6.3,Rent,Home Improvement,0
CUST_09920,55,57819.6,31,608,0.471,14509.03,36,1,1,2.6,Mortgage,Medical,0
CUST_09921,24,37740.45,32,631,0.11,38408.46,48,1,2,18.0,Mortgage,Medical,0
CUST_09922,56,27870.94,19,706,0.45,20500.44,60,2,0,5.1,Mortgage,Debt Consolidation,0
CUST_09923,48,23189.28,29,804,0.069,50916.43,60,0,0,1.5,Mortgage,Home Improvement,0
CUST_09924,33,55675.65,9,725,0.437,32257.2,48,1,1,4.1,Mortgage,Debt Consolidation,0
CUST_09925,43,41525.82,14,714,0.042,48025.89,72,3,0,10.3,Mortgage,Home Improvement,0
CUST_09926,39,25659.6,28,753,0.38,20438.19,12,1,1,7.8,Rent,Other,0
CUST_09927,62,28313.17,0,784,0.482,28452.18,48,3,4,20.2,Mortgage,Vehicle,1
CUST_09928,57,36415.87,20,806,0.527,56079.28,60,1,2,6.8,Rent,Debt Consolidation,0
CUST_09929,59,37492.84,14,714,0.155,95359.59,36,1,2,5.8,Rent,Home Improvement,0
CUST_09930,44,39975.71,2,613,0.529,26437.64,48,0,0,12.9,Own,Debt Consolidation,1
CUST_09931,36,15000.0,32,656,0.462,47795.48,12,2,1,2.7,Own,Debt Consolidation,1
CUST_09932,53,38569.08,18,536,0.322,15012.69,36,0,3,12.6,Rent,Education,0
CUST_09933,32,19740.44,3,734,0.486,24891.82,24,2,3,8.5,Rent,Debt Consolidation,0
CUST_09934,54,73828.65,11,620,0.176,14634.67,84,1,0,0.5,Rent,Debt Consolidation,0
CUST_09935,27,61173.12,24,630,0.112,32820.54,60,0,2,6.2,Mortgage,Education,0
CUST_09936,31,64754.94,33,705,0.451,51837.98,60,2,2,1.1,Rent,Vehicle,0
CUST_09937,51,15000.0,16,544,0.416,52806.8,12,3,3,11.9,Rent,Vehicle,1
CUST_09938,49,31269.83,5,752,0.493,96467.06,48,2,2,19.2,Rent,Vehicle,0
CUST_09939,33,34926.33,11,719,0.594,20380.42,60,0,1,13.3,Own,Home Improvement,1
CUST_09940,51,48411.77,14,650,0.544,11237.63,60,1,1,2.7,Mortgage,Other,0
CUST_09941,22,56978.96,16,677,0.537,24175.26,48,2,1,11.2,Mortgage,Vehicle,0
CUST_09942,59,69031.13,0,633,0.375,34398.27,60,2,0,12.2,Own,Debt Consolidation,0
CUST_09943,35,15000.0,13,850,0.583,10394.95,36,1,1,15.8,Own,Vehicle,0
CUST_09944,31,24327.19,1,616,0.279,17825.89,60,2,3,7.6,Mortgage,Other,1
CUST_09945,54,37380.31,3,703,0.517,29193.69,36,2,1,14.5,Own,Vehicle,0
CUST_09946,59,54981.36,1,662,0.512,91114.43,60,3,1,9.4,Mortgage,Education,1
CUST_09947,24,54225.46,25,684,0.106,59173.8,48,0,0,9.2,Mortgage,Home Improvement,0
CUST_09948,31,46048.54,32,716,0.067,110526.94,48,3,1,11.5,Own,Education,0
CUST_09949,49,26409.25,5,719,0.07,15772.72,36,3,1,10.5,Rent,Vehicle,0
CUST_09950,22,28144.29,29,655,0.18,47365.1,48,0,2,7.8,Mortgage,Medical,0
CUST_09951,36,26509.95,21,599,0.172,37995.31,24,2,2,4.8,Mortgage,Medical,1
CUST_09952,59,22236.12,26,629,0.236,9189.51,36,1,0,12.8,Mortgage,Debt Consolidation,0
CUST_09953,33,22080.96,18,648,0.39,20774.59,60,5,1,4.3,Rent,Education,0
CUST_09954,57,21049.95,9,638,0.338,31481.9,24,0,2,9.3,Rent,Medical,0
CUST_09955,37,42957.87,5,607,0.469,68668.66,60,1,0,15.9,Rent,Debt Consolidation,0
CUST_09956,41,38644.71,25,711,0.212,18278.91,60,0,1,6.7,Rent,Debt Consolidation,0
CUST_09957,64,22847.72,2,585,0.401,46766.06,84,4,0,0.5,Mortgage,Medical,1
CUST_09958,39,15432.93,2,676,0.443,19051.3,24,1,1,12.8,Own,Debt Consolidation,0
CUST_09959,27,30192.03,5,566,0.228,91555.06,36,1,3,2.2,Mortgage,Debt Consolidation,0
CUST_09960,58,76117.06,9,756,0.101,26133.17,48,4,3,5.8,Mortgage,Vehicle,0
CUST_09961,28,36425.4,12,637,0.27,28272.66,48,3,2,9.0,Own,Home Improvement,0
CUST_09962,33,54178.44,11,629,0.152,38238.69,48,1,3,1.1,Mortgage,Home Improvement,0
CUST_09963,57,39736.4,26,617,0.178,11040.66,36,0,2,13.5,Rent,Debt Consolidation,0
CUST_09964,22,35275.1,7,799,0.11,29637.84,72,2,1,3.7,Mortgage,Vehicle,0
CUST_09965,61,17386.93,4,773,0.265,50825.6,24,1,1,5.7,Mortgage,Vehicle,1
CUST_09966,31,29633.4,29,684,0.167,27565.33,72,2,2,12.1,Own,Education,0
CUST_09967,44,27794.85,28,645,0.608,28077.88,60,2,0,15.3,Mortgage,Medical,0
CUST_09968,26,76161.34,21,825,0.24,11611.27,60,0,2,8.4,Rent,Debt Consolidation,0
CUST_09969,46,39799.53,13,715,0.393,30480.21,72,0,1,4.6,Own,Other,0
CUST_09970,27,68786.85,9,662,0.569,57892.13,60,0,0,9.1,Own,Vehicle,0
CUST_09971,59,63813.7,10,641,0.42,96806.96,72,1,0,8.3,Mortgage,Other,0
CUST_09972,39,23790.53,34,737,0.303,17573.72,48,2,3,2.9,Rent,Medical,0
CUST_09973,26,36336.56,22,665,0.287,104731.93,60,1,1,8.8,Own,Education,1
CUST_09974,63,84325.48,7,586,0.12,150108.72,36,1,0,0.5,Mortgage,Home Improvement,1
CUST_09975,49,48126.57,20,692,0.429,36035.61,60,2,0,3.8,Mortgage,Vehicle,0
CUST_09976,63,46693.46,27,697,0.108,20710.86,12,1,3,10.6,Mortgage,Debt Consolidation,0
CUST_09977,59,57342.11,30,683,0.302,37655.42,60,1,1,2.7,Mortgage,Vehicle,0
CUST_09978,22,46174.85,27,715,0.336,43572.33,24,4,1,6.0,Rent,Home Improvement,1
CUST_09979,39,47723.42,26,657,0.688,34432.5,36,1,1,17.4,Rent,Education,0
CUST_09980,24,42237.14,20,680,0.453,5790.58,60,5,4,10.7,Mortgage,Home Improvement,0
CUST_09981,26,30641.83,8,679,0.618,37362.58,36,2,2,12.5,Rent,Medical,1
CUST_09982,69,21395.9,28,586,0.366,45380.23,48,1,1,11.1,Mortgage,Vehicle,1
CUST_09983,57,15000.0,14,729,0.334,61694.49,48,1,1,8.6,Own,Debt Consolidation,0
CUST_09984,48,30801.31,32,719,0.264,136126.47,36,1,2,6.9,Rent,Debt Consolidation,1
CUST_09985,50,45175.14,27,749,0.192,13027.01,72,3,4,6.8,Mortgage,Vehicle,0
CUST_09986,27,40916.37,9,609,0.521,77064.01,60,0,1,4.5,Rent,Education,1
CUST_09987,29,49908.95,22,650,0.345,24226.93,60,0,1,7.9,Own,Education,0
CUST_09988,45,34097.46,27,758,0.66,19013.75,72,2,2,8.6,Mortgage,Education,0
CUST_09989,53,141633.79,33,640,0.285,59649.14,60,0,1,9.3,Mortgage,Home Improvement,0
CUST_09990,21,100070.34,4,806,0.679,81303.34,60,0,1,3.7,Mortgage,Debt Consolidation,0
CUST_09991,26,17003.97,17,571,0.189,42965.26,48,5,1,0.8,Own,Debt Consolidation,1
CUST_09992,38,50425.61,5,640,0.487,27999.55,84,0,0,6.3,Own,Debt Consolidation,1
CUST_09993,30,58946.63,22,647,0.377,28758.42,60,1,0,6.2,Rent,Vehicle,0
CUST_09994,48,15000.0,27,733,0.293,171866.22,84,4,2,9.5,Mortgage,Other,0
CUST_09995,31,39475.76,12,797,0.077,28839.09,24,0,1,6.8,Rent,Home Improvement,0
CUST_09996,53,47026.08,24,701,0.148,60653.4,12,2,0,17.1,Mortgage,Other,0
CUST_09997,21,36213.57,6,497,0.424,32904.41,48,2,2,8.2,Rent,Debt Consolidation,0
CUST_09998,33,44045.87,1,674,0.192,37684.49,60,1,2,8.2,Rent,Vehicle,1
CUST_09999,57,37779.87,15,689,0.151,87832.43,60,1,1,11.3,Rent,Education,0
CUST_10000,40,51600.66,1,708,0.494,134175.34,60,0,2,12.5,Own,Vehicle,1
